{"type":"FeatureCollection","features":[{"type":"Feature","properties":{"name":"Unincorporated Miami-dade"},"geometry":{"type":"Polygon","coordinates":[[[-80.26098,25.75807],[-80.26095,25.75713],[-80.2609,25.75623],[-80.26295,25.7562],[-80.26295,25.7562],[-80.26295,25.7562],[-80.26299,25.75716],[-80.26299,25.75716],[-80.26299,25.75716],[-80.26474,25.7571],[-80.26677,25.75703],[-80.26711,25.75702],[-80.27122,25.75688],[-80.27123,25.75725],[-80.27131,25.75952],[-80.2714,25.76236],[-80.27038,25.7624],[-80.27045,25.76421],[-80.26341,25.76443],[-80.26329,25.76444],[-80.26127,25.7645],[-80.26117,25.76231],[-80.26115,25.76217],[-80.26112,25.76133],[-80.2611,25.76117],[-80.26101,25.7591],[-80.26097,25.75824],[-80.26098,25.75807]]]}},{"type":"Feature","properties":{"name":"Unincorporated Miami-dade"},"geometry":{"type":"Polygon","coordinates":[[[-80.25809,25.9113],[-80.25809,25.9113],[-80.25813,25.9113],[-80.26013,25.91122],[-80.27618,25.91067],[-80.27596,25.90622],[-80.27545,25.89622],[-80.27503,25.88165],[-80.28108,25.88149],[-80.28302,25.88145],[-80.28319,25.88144],[-80.28469,25.8814],[-80.28724,25.88133],[-80.28726,25.88133],[-80.28726,25.88139],[-80.28729,25.88217],[-80.28737,25.88413],[-80.28738,25.88435],[-80.28739,25.88466],[-80.28743,25.88552],[-80.2875,25.88718],[-80.28755,25.88851],[-80.28761,25.88989],[-80.28766,25.89093],[-80.28766,25.89104],[-80.28769,25.89171],[-80.28786,25.89579],[-80.28786,25.89585],[-80.28786,25.89585],[-80.28788,25.89585],[-80.28862,25.89583],[-80.28863,25.89583],[-80.28988,25.89579],[-80.29156,25.89458],[-80.29161,25.89431],[-80.29161,25.89426],[-80.29161,25.89421],[-80.29194,25.8942],[-80.29201,25.89574],[-80.29212,25.89801],[-80.29216,25.89883],[-80.29216,25.89884],[-80.29204,25.89884],[-80.29197,25.89884],[-80.29197,25.89896],[-80.29201,25.89932],[-80.29203,25.90005],[-80.29213,25.90187],[-80.29216,25.90248],[-80.29221,25.90379],[-80.29229,25.90535],[-80.29249,25.90919],[-80.2927,25.91324],[-80.29264,25.91325],[-80.28244,25.91384],[-80.27922,25.914],[-80.27628,25.91411],[-80.27177,25.91427],[-80.26384,25.91466],[-80.26384,25.91456],[-80.25973,25.91473],[-80.25837,25.91479],[-80.25829,25.91479],[-80.25826,25.91417],[-80.25825,25.91401],[-80.25822,25.91355],[-80.25822,25.91352],[-80.25819,25.91334],[-80.25818,25.91327],[-80.25817,25.91321],[-80.25815,25.91309],[-80.25815,25.91305],[-80.25813,25.91279],[-80.2581,25.91158],[-80.25809,25.9113]]]}},{"type":"Feature","properties":{"name":"Unincorporated Miami-dade"},"geometry":{"type":"Polygon","coordinates":[[[-80.14153,25.76164],[-80.1419,25.76163],[-80.14213,25.76162],[-80.14212,25.76147],[-80.14212,25.76134],[-80.14211,25.76119],[-80.14189,25.76121],[-80.14151,25.76122],[-80.14151,25.76108],[-80.1415,25.76095],[-80.14149,25.76082],[-80.14188,25.7608],[-80.14208,25.76079],[-80.14209,25.76092],[-80.1421,25.76105],[-80.14273,25.76103],[-80.14278,25.76185],[-80.14278,25.76199],[-80.14282,25.76255],[-80.14282,25.76256],[-80.14281,25.76257],[-80.14281,25.76259],[-80.1428,25.76259],[-80.14279,25.7626],[-80.14278,25.76261],[-80.14277,25.76262],[-80.14276,25.76262],[-80.14275,25.76262],[-80.1422,25.76265],[-80.14193,25.76267],[-80.14166,25.76268],[-80.14164,25.76268],[-80.14163,25.76268],[-80.14162,25.76267],[-80.14161,25.76267],[-80.1416,25.76266],[-80.14159,25.76265],[-80.14159,25.76264],[-80.14158,25.76263],[-80.14158,25.76262],[-80.14158,25.76261],[-80.14157,25.76246],[-80.14156,25.76233],[-80.14156,25.76219],[-80.14155,25.76205],[-80.14154,25.76191],[-80.14154,25.76177],[-80.14153,25.76164]]]}},{"type":"Feature","properties":{"name":"Unincorporated Miami-dade"},"geometry":{"type":"Polygon","coordinates":[[[-80.19648,25.93191],[-80.19852,25.93182],[-80.19859,25.93365],[-80.19866,25.93551],[-80.19866,25.93551],[-80.1981,25.93553],[-80.19664,25.93558],[-80.19648,25.93191]]]}},{"type":"Feature","properties":{"name":"Unincorporated Miami-dade"},"geometry":{"type":"Polygon","coordinates":[[[-80.19059,25.93585],[-80.19463,25.93566],[-80.19466,25.93635],[-80.19467,25.93657],[-80.1939,25.93661],[-80.19264,25.93666],[-80.19267,25.93759],[-80.19067,25.93768],[-80.19063,25.93678],[-80.19062,25.93657],[-80.19059,25.93585]]]}},{"type":"Feature","properties":{"name":"Unincorporated Miami-dade"},"geometry":{"type":"Polygon","coordinates":[[[-80.28687,25.73211],[-80.28701,25.73211],[-80.28702,25.73243],[-80.28646,25.73244],[-80.28645,25.73216],[-80.28645,25.73216],[-80.28645,25.73216],[-80.28647,25.73216],[-80.28684,25.73215],[-80.28686,25.73213],[-80.28687,25.73211]]]}},{"type":"Feature","properties":{"name":"Unincorporated Miami-dade"},"geometry":{"type":"Polygon","coordinates":[[[-80.22139,25.89787],[-80.2212,25.89424],[-80.22522,25.89409],[-80.22538,25.8977],[-80.22538,25.89772],[-80.22139,25.89788],[-80.22139,25.89787]]]}},{"type":"Feature","properties":{"name":"Unincorporated Miami-dade"},"geometry":{"type":"Polygon","coordinates":[[[-80.18424,25.92859],[-80.1839,25.92139],[-80.18375,25.91862],[-80.18276,25.91865],[-80.1827,25.91774],[-80.18172,25.91778],[-80.18167,25.91686],[-80.17966,25.91694],[-80.17966,25.91685],[-80.17953,25.91416],[-80.17953,25.91416],[-80.17953,25.91416],[-80.1795,25.91416],[-80.17368,25.91439],[-80.17225,25.91445],[-80.16761,25.91464],[-80.16739,25.91465],[-80.16347,25.91481],[-80.16347,25.91476],[-80.16311,25.9076],[-80.17111,25.90735],[-80.17114,25.90735],[-80.17513,25.9072],[-80.17542,25.91252],[-80.17643,25.91249],[-80.17638,25.91159],[-80.17646,25.91158],[-80.17651,25.91241],[-80.17743,25.91237],[-80.17733,25.91069],[-80.17833,25.91065],[-80.17842,25.91241],[-80.17944,25.91237],[-80.17936,25.91061],[-80.17957,25.91061],[-80.18124,25.91055],[-80.18155,25.91055],[-80.18242,25.91052],[-80.18286,25.91051],[-80.18354,25.91049],[-80.18726,25.91032],[-80.18739,25.91031],[-80.18751,25.91029],[-80.18841,25.91027],[-80.18841,25.9102],[-80.18827,25.9084],[-80.18817,25.90679],[-80.18817,25.90668],[-80.19123,25.90654],[-80.19118,25.9054],[-80.1911,25.9039],[-80.19103,25.9029],[-80.192,25.90285],[-80.19217,25.90284],[-80.19316,25.90281],[-80.19313,25.90232],[-80.19382,25.90229],[-80.19376,25.90092],[-80.19307,25.90096],[-80.19307,25.90096],[-80.19298,25.89934],[-80.19298,25.89912],[-80.19494,25.89903],[-80.19512,25.89903],[-80.19726,25.89893],[-80.19904,25.89884],[-80.19904,25.89846],[-80.19892,25.89565],[-80.19824,25.89568],[-80.19821,25.89528],[-80.19821,25.89521],[-80.19829,25.89521],[-80.1989,25.89518],[-80.19879,25.89244],[-80.20083,25.89235],[-80.20289,25.89225],[-80.20317,25.89865],[-80.20336,25.90228],[-80.20736,25.90211],[-80.20753,25.90576],[-80.21002,25.90565],[-80.21163,25.90557],[-80.21127,25.89828],[-80.21528,25.89812],[-80.21912,25.89797],[-80.21932,25.89796],[-80.21938,25.89933],[-80.22743,25.89901],[-80.22745,25.89951],[-80.22746,25.89986],[-80.22746,25.89986],[-80.22735,25.89986],[-80.22547,25.89993],[-80.22553,25.90138],[-80.22751,25.90131],[-80.22752,25.90131],[-80.22761,25.90339],[-80.22779,25.90722],[-80.22791,25.91057],[-80.22798,25.91225],[-80.22798,25.91249],[-80.22363,25.91607],[-80.22347,25.9162],[-80.21226,25.92561],[-80.2097,25.92775],[-80.2096,25.92783],[-80.20931,25.92808],[-80.20883,25.92848],[-80.20864,25.92864],[-80.20864,25.92865],[-80.20863,25.92865],[-80.20863,25.92865],[-80.20844,25.92881],[-80.20842,25.92882],[-80.20841,25.92858],[-80.2084,25.92847],[-80.20838,25.92807],[-80.20837,25.92795],[-80.20836,25.9278],[-80.20836,25.9278],[-80.20836,25.9278],[-80.20561,25.92791],[-80.20436,25.92795],[-80.19633,25.92826],[-80.19254,25.92842],[-80.19193,25.92844],[-80.18996,25.92853],[-80.18425,25.92877],[-80.18425,25.92876],[-80.18425,25.92876],[-80.18424,25.92859]]]}},{"type":"Feature","properties":{"name":"Unincorporated Miami-dade"},"geometry":{"type":"Polygon","coordinates":[[[-80.14648,25.86088],[-80.14731,25.85631],[-80.14834,25.85255],[-80.1524,25.85618],[-80.1606,25.85597],[-80.16136,25.85595],[-80.17079,25.85563],[-80.17128,25.85561],[-80.1721,25.85558],[-80.17237,25.85558],[-80.17674,25.85543],[-80.17678,25.85543],[-80.17752,25.85541],[-80.18445,25.85521],[-80.18445,25.85523],[-80.18445,25.85565],[-80.18447,25.85612],[-80.18448,25.85642],[-80.18433,25.85643],[-80.18419,25.85643],[-80.18397,25.85643],[-80.18398,25.85704],[-80.18399,25.85724],[-80.18401,25.85779],[-80.18374,25.85779],[-80.18344,25.8578],[-80.18311,25.85781],[-80.18282,25.85782],[-80.18252,25.85782],[-80.18221,25.85783],[-80.18193,25.85784],[-80.18103,25.85787],[-80.18104,25.85818],[-80.18106,25.85848],[-80.18107,25.85875],[-80.18108,25.85907],[-80.18092,25.85907],[-80.18085,25.85907],[-80.1807,25.85908],[-80.18064,25.85908],[-80.18056,25.85908],[-80.18042,25.85908],[-80.18025,25.85909],[-80.18011,25.85909],[-80.17992,25.8591],[-80.17981,25.8591],[-80.17947,25.85911],[-80.17936,25.85912],[-80.17926,25.85912],[-80.17895,25.85914],[-80.17887,25.85914],[-80.17863,25.85915],[-80.17844,25.85915],[-80.17841,25.85915],[-80.17825,25.85916],[-80.17819,25.85916],[-80.17808,25.85917],[-80.17796,25.85917],[-80.17791,25.85917],[-80.17775,25.85918],[-80.17774,25.85918],[-80.17758,25.85918],[-80.17752,25.85919],[-80.17742,25.85919],[-80.17729,25.85919],[-80.17704,25.8592],[-80.17685,25.85916],[-80.17668,25.85917],[-80.17653,25.85918],[-80.17641,25.85918],[-80.17637,25.85918],[-80.17622,25.85919],[-80.17607,25.8592],[-80.17594,25.8592],[-80.17564,25.85921],[-80.17549,25.85922],[-80.17533,25.85922],[-80.17518,25.85923],[-80.17502,25.85923],[-80.17487,25.85924],[-80.17473,25.85924],[-80.17458,25.85924],[-80.17443,25.85925],[-80.17427,25.85925],[-80.17414,25.85926],[-80.17399,25.85926],[-80.17383,25.85927],[-80.17368,25.85927],[-80.17353,25.85928],[-80.17338,25.85928],[-80.17323,25.85929],[-80.17307,25.85929],[-80.1729,25.8593],[-80.17276,25.8593],[-80.17261,25.85931],[-80.17245,25.85931],[-80.1723,25.85932],[-80.17215,25.85932],[-80.172,25.85933],[-80.17166,25.85934],[-80.17119,25.85935],[-80.17119,25.85935],[-80.17119,25.85935],[-80.17119,25.85941],[-80.17122,25.86017],[-80.17068,25.86019],[-80.16129,25.86047],[-80.16081,25.86049],[-80.14648,25.86088]]]}},{"type":"Feature","properties":{"name":"Unincorporated Miami-dade"},"geometry":{"type":"Polygon","coordinates":[[[-80.13861,25.76097],[-80.13861,25.76083],[-80.13861,25.76071],[-80.13813,25.76073],[-80.13812,25.76059],[-80.13812,25.76046],[-80.13811,25.76032],[-80.13811,25.76019],[-80.1381,25.76005],[-80.1381,25.75992],[-80.13809,25.75978],[-80.13901,25.75973],[-80.13902,25.75987],[-80.13902,25.76001],[-80.13903,25.76015],[-80.13904,25.76028],[-80.13904,25.76041],[-80.13905,25.76054],[-80.13905,25.76069],[-80.13906,25.76081],[-80.13906,25.76088],[-80.13906,25.76089],[-80.13906,25.7609],[-80.13905,25.76092],[-80.13904,25.76093],[-80.13903,25.76094],[-80.13902,25.76094],[-80.13901,25.76095],[-80.139,25.76095],[-80.13898,25.76095],[-80.13861,25.76097]]]}},{"type":"Feature","properties":{"name":"Unincorporated Miami-dade"},"geometry":{"type":"Polygon","coordinates":[[[-80.11175,25.40088],[-80.1112,25.3976],[-80.11056,25.39375],[-80.11048,25.3925],[-80.11015,25.38745],[-80.11062,25.38257],[-80.11111,25.38048],[-80.11262,25.3754],[-80.1128,25.37492],[-80.11365,25.37276],[-80.11482,25.3704],[-80.11589,25.36815],[-80.11646,25.36695],[-80.11787,25.36486],[-80.11877,25.3635],[-80.1192,25.36284],[-80.12061,25.36063],[-80.12155,25.35935],[-80.12267,25.35782],[-80.12477,25.35583],[-80.12501,25.3556],[-80.12601,25.35462],[-80.12746,25.35347],[-80.12873,25.35259],[-80.12874,25.35259],[-80.13111,25.35114],[-80.13139,25.34839],[-80.13155,25.34676],[-80.13185,25.3453],[-80.13237,25.34281],[-80.13336,25.3393],[-80.13525,25.33577],[-80.13727,25.33201],[-80.14042,25.32654],[-80.14195,25.32492],[-80.14347,25.3233],[-80.145,25.32195],[-80.14685,25.32032],[-80.1476,25.31966],[-80.15002,25.31443],[-80.15025,25.31416],[-80.15025,25.31416],[-80.15042,25.3142],[-80.15042,25.3142],[-80.15068,25.31426],[-80.17411,25.32091],[-80.19025,25.32548],[-80.22425,25.33513],[-80.23464,25.33761],[-80.24275,25.33955],[-80.24374,25.33989],[-80.24606,25.3407],[-80.24678,25.34095],[-80.24765,25.34125],[-80.24978,25.34177],[-80.25088,25.342],[-80.25098,25.3421],[-80.25111,25.34216],[-80.25138,25.3423],[-80.25211,25.34298],[-80.25288,25.3437],[-80.25295,25.34381],[-80.25308,25.344],[-80.25328,25.3443],[-80.25346,25.34448],[-80.25358,25.3446],[-80.25378,25.345],[-80.25386,25.3452],[-80.25398,25.3455],[-80.25444,25.34627],[-80.25458,25.3465],[-80.25468,25.3469],[-80.25488,25.3474],[-80.25493,25.34766],[-80.25498,25.3479],[-80.25538,25.3489],[-80.25541,25.34896],[-80.25568,25.3494],[-80.25577,25.34958],[-80.25588,25.3498],[-80.25618,25.3502],[-80.2563,25.35041],[-80.25648,25.3507],[-80.25656,25.35076],[-80.25688,25.351],[-80.25718,25.35123],[-80.25728,25.3513],[-80.25908,25.3522],[-80.25941,25.35244],[-80.25988,25.3528],[-80.26072,25.35313],[-80.26088,25.3532],[-80.26138,25.35348],[-80.26175,25.35368],[-80.26204,25.35384],[-80.2622,25.35391],[-80.26242,25.35399],[-80.26265,25.35406],[-80.26278,25.35408],[-80.2629,25.3541],[-80.26305,25.35414],[-80.26324,25.35419],[-80.26327,25.3542],[-80.26328,25.3542],[-80.2635,25.35421],[-80.26383,25.35429],[-80.26385,25.35429],[-80.26396,25.3543],[-80.26402,25.35431],[-80.26408,25.35431],[-80.26446,25.35432],[-80.26465,25.35432],[-80.26474,25.35432],[-80.26486,25.35431],[-80.26523,25.3543],[-80.26522,25.35431],[-80.25961,25.37514],[-80.25763,25.3825],[-80.24813,25.38982],[-80.25275,25.39306],[-80.25384,25.39383],[-80.25153,25.39533],[-80.24769,25.39782],[-80.24164,25.40174],[-80.241,25.40093],[-80.23896,25.39836],[-80.23589,25.40325],[-80.23081,25.40537],[-80.22472,25.40626],[-80.22187,25.40983],[-80.21462,25.41889],[-80.21349,25.42031],[-80.21396,25.42262],[-80.21513,25.42829],[-80.20901,25.43408],[-80.18803,25.49041],[-80.19137,25.49564],[-80.19142,25.49618],[-80.19171,25.49949],[-80.192,25.5027],[-80.19027,25.50851],[-80.17619,25.54156],[-80.11568,25.54119],[-80.11597,25.53363],[-80.118,25.52575],[-80.11686,25.51918],[-80.11707,25.51641],[-80.11735,25.51277],[-80.11892,25.50586],[-80.1192,25.50462],[-80.11977,25.50296],[-80.12064,25.50039],[-80.12064,25.50039],[-80.12242,25.50039],[-80.12253,25.50002],[-80.12271,25.49942],[-80.123,25.49874],[-80.12365,25.49736],[-80.12387,25.49688],[-80.12477,25.4955],[-80.12479,25.49544],[-80.12504,25.49473],[-80.12737,25.49283],[-80.12477,25.48759],[-80.12477,25.48759],[-80.12477,25.48757],[-80.12485,25.48501],[-80.12487,25.48398],[-80.1249,25.48238],[-80.12524,25.47988],[-80.12542,25.47858],[-80.12635,25.47456],[-80.12947,25.46599],[-80.13151,25.46219],[-80.13569,25.45437],[-80.13707,25.45179],[-80.13756,25.45087],[-80.1386,25.44291],[-80.14115,25.43742],[-80.14146,25.43603],[-80.14176,25.43472],[-80.13828,25.4326],[-80.13707,25.43188],[-80.13622,25.43136],[-80.13587,25.43117],[-80.13386,25.43003],[-80.13241,25.42908],[-80.13112,25.42824],[-80.12991,25.42714],[-80.12879,25.42613],[-80.12762,25.42504],[-80.12714,25.42458],[-80.12596,25.42386],[-80.12477,25.42312],[-80.1241,25.42238],[-80.12138,25.41937],[-80.12049,25.41814],[-80.11858,25.41551],[-80.11641,25.41161],[-80.11426,25.40703],[-80.1139,25.40626],[-80.11321,25.40454],[-80.11175,25.40088]]]}},{"type":"Feature","properties":{"name":"Unincorporated Miami-dade"},"geometry":{"type":"Polygon","coordinates":[[[-80.83617,25.9793],[-80.8358,25.9793],[-80.83565,25.9793],[-80.83538,25.97929],[-80.8026,25.97906],[-80.78133,25.97908],[-80.7777,25.979],[-80.77659,25.97897],[-80.77648,25.97897],[-80.74979,25.97887],[-80.69376,25.97878],[-80.68004,25.97875],[-80.68002,25.95686],[-80.67694,25.95687],[-80.66398,25.95689],[-80.64789,25.95692],[-80.64146,25.95693],[-80.63191,25.95694],[-80.6164,25.95697],[-80.61587,25.95697],[-80.59983,25.95699],[-80.58436,25.95701],[-80.58379,25.95701],[-80.56775,25.95699],[-80.55171,25.95698],[-80.55131,25.95698],[-80.53568,25.95696],[-80.51963,25.95695],[-80.50359,25.95693],[-80.49844,25.95692],[-80.48726,25.9569],[-80.47555,25.95687],[-80.47123,25.95686],[-80.469,25.95686],[-80.46689,25.95686],[-80.45566,25.95686],[-80.45551,25.95686],[-80.45528,25.95686],[-80.45526,25.95686],[-80.45525,25.95686],[-80.45468,25.95686],[-80.45201,25.95687],[-80.45183,25.95687],[-80.45168,25.95688],[-80.45168,25.95688],[-80.45167,25.95688],[-80.45161,25.95688],[-80.45161,25.95688],[-80.4516,25.95688],[-80.45149,25.95688],[-80.44611,25.9569],[-80.44352,25.95692],[-80.44067,25.95693],[-80.44055,25.95693],[-80.43943,25.95694],[-80.43271,25.95689],[-80.43155,25.95688],[-80.43066,25.95688],[-80.42451,25.95683],[-80.42322,25.95682],[-80.40843,25.9568],[-80.40723,25.9568],[-80.39118,25.95678],[-80.38671,25.95679],[-80.38316,25.9568],[-80.37513,25.95681],[-80.36709,25.95682],[-80.36415,25.95682],[-80.35905,25.95683],[-80.3547,25.95684],[-80.35118,25.95684],[-80.35114,25.95684],[-80.35111,25.95684],[-80.35101,25.95684],[-80.34334,25.95685],[-80.34315,25.95685],[-80.34311,25.95685],[-80.34307,25.95685],[-80.34297,25.95685],[-80.34165,25.95686],[-80.33493,25.95686],[-80.33198,25.95687],[-80.3269,25.95687],[-80.32676,25.95687],[-80.32565,25.95688],[-80.31886,25.95688],[-80.31719,25.95689],[-80.31328,25.95689],[-80.31089,25.95689],[-80.31086,25.95689],[-80.31082,25.95689],[-80.31075,25.95689],[-80.30279,25.9569],[-80.29905,25.95691],[-80.2974,25.95691],[-80.29628,25.95691],[-80.29486,25.95691],[-80.29481,25.95691],[-80.29479,25.95691],[-80.29476,25.95691],[-80.29491,25.96189],[-80.29498,25.96406],[-80.29499,25.96427],[-80.29499,25.96441],[-80.29518,25.97032],[-80.2869,25.97057],[-80.27905,25.97081],[-80.27875,25.97082],[-80.27874,25.97082],[-80.27874,25.97082],[-80.27869,25.97082],[-80.27865,25.97082],[-80.27863,25.97082],[-80.27861,25.97082],[-80.27844,25.96516],[-80.27843,25.96477],[-80.27841,25.96431],[-80.27839,25.96361],[-80.27836,25.96247],[-80.27811,25.95412],[-80.27779,25.94698],[-80.27746,25.93978],[-80.27746,25.93978],[-80.27746,25.93978],[-80.27745,25.9397],[-80.27745,25.93968],[-80.27736,25.93792],[-80.27727,25.93608],[-80.27721,25.9349],[-80.2772,25.93466],[-80.27709,25.93243],[-80.27701,25.93088],[-80.27687,25.92809],[-80.27684,25.92758],[-80.27673,25.92542],[-80.27672,25.92518],[-80.27672,25.92516],[-80.27671,25.92494],[-80.27671,25.92491],[-80.27754,25.92495],[-80.27762,25.92496],[-80.27771,25.92496],[-80.27779,25.92496],[-80.27788,25.92496],[-80.27797,25.92497],[-80.27805,25.92497],[-80.27814,25.92497],[-80.27823,25.92497],[-80.27831,25.92498],[-80.2784,25.92498],[-80.27848,25.92498],[-80.27857,25.92499],[-80.27866,25.92499],[-80.27874,25.92499],[-80.27883,25.925],[-80.27892,25.925],[-80.279,25.925],[-80.27909,25.925],[-80.27917,25.92501],[-80.27926,25.92501],[-80.27935,25.92502],[-80.27943,25.92502],[-80.27952,25.92503],[-80.27961,25.92503],[-80.27969,25.92504],[-80.27978,25.92505],[-80.27987,25.92505],[-80.27996,25.92506],[-80.28004,25.92507],[-80.28013,25.92507],[-80.28022,25.92508],[-80.2803,25.92508],[-80.28035,25.92508],[-80.28039,25.92509],[-80.28047,25.92509],[-80.28052,25.92509],[-80.28052,25.92509],[-80.28052,25.92509],[-80.28056,25.92509],[-80.28065,25.92509],[-80.28069,25.92509],[-80.28069,25.92509],[-80.28069,25.92509],[-80.28073,25.92509],[-80.28082,25.9251],[-80.28086,25.9251],[-80.2809,25.9251],[-80.28099,25.9251],[-80.28108,25.9251],[-80.28112,25.9251],[-80.28116,25.9251],[-80.28125,25.9251],[-80.28129,25.9251],[-80.28133,25.9251],[-80.28142,25.9251],[-80.28146,25.9251],[-80.28146,25.9251],[-80.28146,25.9251],[-80.28151,25.9251],[-80.2932,25.92483],[-80.29332,25.92482],[-80.29383,25.92479],[-80.29458,25.92475],[-80.29532,25.92468],[-80.29603,25.9246],[-80.29673,25.92455],[-80.29735,25.92454],[-80.30939,25.92454],[-80.31962,25.92441],[-80.31967,25.92441],[-80.31967,25.92441],[-80.31971,25.92441],[-80.31979,25.9244],[-80.31984,25.9244],[-80.31988,25.9244],[-80.31996,25.92439],[-80.32,25.92438],[-80.32,25.92438],[-80.32005,25.92438],[-80.32013,25.92437],[-80.32022,25.92436],[-80.32026,25.92436],[-80.3203,25.92435],[-80.32038,25.92434],[-80.32043,25.92433],[-80.32047,25.92433],[-80.32055,25.92431],[-80.32063,25.9243],[-80.32068,25.92429],[-80.32072,25.92428],[-80.3208,25.92427],[-80.32084,25.92426],[-80.32088,25.92425],[-80.32097,25.92423],[-80.32101,25.92422],[-80.32105,25.92421],[-80.32113,25.92418],[-80.32121,25.92415],[-80.32129,25.92412],[-80.32137,25.92409],[-80.32145,25.92406],[-80.32153,25.92403],[-80.32161,25.924],[-80.32168,25.92397],[-80.32176,25.92393],[-80.32184,25.9239],[-80.32192,25.92386],[-80.32199,25.92382],[-80.32207,25.92379],[-80.32214,25.92375],[-80.32222,25.92371],[-80.32229,25.92367],[-80.32237,25.92363],[-80.32244,25.92359],[-80.32251,25.92355],[-80.32258,25.9235],[-80.32266,25.92346],[-80.32273,25.92342],[-80.3228,25.92337],[-80.32286,25.92332],[-80.32293,25.92327],[-80.32296,25.92325],[-80.32296,25.92325],[-80.323,25.92322],[-80.32306,25.92317],[-80.32312,25.92312],[-80.32316,25.92309],[-80.32319,25.92306],[-80.32325,25.92301],[-80.32331,25.92295],[-80.32337,25.9229],[-80.32343,25.92284],[-80.32349,25.92278],[-80.32354,25.92272],[-80.3236,25.92266],[-80.32366,25.9226],[-80.32371,25.92254],[-80.32377,25.92248],[-80.32382,25.92241],[-80.32387,25.92235],[-80.32389,25.92232],[-80.32392,25.92229],[-80.32427,25.92229],[-80.32525,25.92228],[-80.32546,25.92686],[-80.32546,25.92694],[-80.32539,25.9274],[-80.32561,25.92766],[-80.32561,25.92767],[-80.32561,25.92767],[-80.32586,25.92798],[-80.32591,25.92802],[-80.32593,25.92803],[-80.32595,25.92804],[-80.32601,25.92804],[-80.32602,25.92803],[-80.32602,25.92803],[-80.32604,25.92803],[-80.32661,25.92789],[-80.32678,25.92785],[-80.32694,25.92782],[-80.32711,25.92781],[-80.32729,25.9278],[-80.34165,25.92796],[-80.34166,25.92796],[-80.34166,25.92796],[-80.34167,25.92796],[-80.34367,25.92795],[-80.34485,25.92795],[-80.34565,25.92794],[-80.34606,25.92794],[-80.34691,25.92794],[-80.34701,25.92794],[-80.34971,25.92793],[-80.34971,25.92786],[-80.34971,25.92784],[-80.34971,25.92782],[-80.35041,25.92781],[-80.35056,25.92781],[-80.35082,25.92781],[-80.35475,25.9278],[-80.35773,25.92779],[-80.36177,25.92778],[-80.36577,25.92778],[-80.36978,25.92778],[-80.37377,25.92778],[-80.37381,25.92778],[-80.37535,25.92778],[-80.37535,25.92778],[-80.37548,25.92778],[-80.37788,25.92121],[-80.38104,25.91257],[-80.38543,25.90052],[-80.38547,25.90043],[-80.38547,25.90043],[-80.38547,25.90043],[-80.3855,25.90033],[-80.38531,25.90017],[-80.38507,25.9],[-80.38523,25.89957],[-80.38537,25.8992],[-80.38555,25.89874],[-80.38558,25.89867],[-80.38644,25.89627],[-80.38655,25.89598],[-80.38656,25.89595],[-80.38657,25.89592],[-80.38672,25.89551],[-80.38686,25.89511],[-80.38701,25.89469],[-80.38712,25.89439],[-80.38749,25.89336],[-80.38753,25.89326],[-80.38754,25.89323],[-80.38754,25.89323],[-80.38755,25.89319],[-80.38758,25.89312],[-80.38759,25.89308],[-80.38759,25.89308],[-80.3876,25.89305],[-80.38763,25.89298],[-80.38765,25.8929],[-80.38766,25.89287],[-80.38766,25.89287],[-80.38767,25.89283],[-80.38769,25.89276],[-80.3877,25.89272],[-80.3877,25.89272],[-80.38771,25.89268],[-80.38774,25.89261],[-80.38775,25.89254],[-80.38776,25.8925],[-80.38776,25.8925],[-80.38777,25.89246],[-80.38779,25.89238],[-80.38781,25.89231],[-80.38783,25.89223],[-80.38785,25.89215],[-80.38786,25.89207],[-80.38788,25.89199],[-80.38789,25.89192],[-80.38791,25.89184],[-80.38792,25.89176],[-80.38794,25.89168],[-80.38795,25.8916],[-80.38796,25.89152],[-80.38796,25.89149],[-80.38797,25.89147],[-80.38798,25.89139],[-80.38813,25.89061],[-80.38816,25.89044],[-80.38818,25.89036],[-80.3882,25.89029],[-80.38821,25.89021],[-80.38823,25.89013],[-80.38825,25.89005],[-80.38826,25.88997],[-80.38827,25.88989],[-80.38829,25.88981],[-80.3883,25.88974],[-80.38831,25.88966],[-80.38832,25.88958],[-80.38832,25.8895],[-80.38833,25.88942],[-80.38834,25.88934],[-80.38834,25.88926],[-80.38835,25.88918],[-80.38835,25.8891],[-80.38835,25.88902],[-80.38835,25.88894],[-80.38835,25.88886],[-80.38835,25.88878],[-80.38835,25.8887],[-80.38835,25.88862],[-80.38834,25.8885],[-80.3883,25.88758],[-80.38814,25.88416],[-80.38805,25.88416],[-80.38787,25.88417],[-80.38787,25.88416],[-80.38754,25.87692],[-80.38721,25.86967],[-80.37918,25.8697],[-80.37115,25.86972],[-80.37115,25.86972],[-80.37075,25.85522],[-80.37074,25.85518],[-80.37275,25.85518],[-80.37476,25.85518],[-80.37676,25.85517],[-80.37877,25.85517],[-80.38078,25.85516],[-80.38278,25.85516],[-80.38479,25.85516],[-80.3868,25.85515],[-80.38708,25.85515],[-80.38662,25.84063],[-80.38626,25.8261],[-80.38573,25.81159],[-80.38532,25.79722],[-80.38532,25.79707],[-80.38532,25.79707],[-80.38532,25.79707],[-80.38532,25.79706],[-80.38513,25.79706],[-80.38513,25.79706],[-80.38513,25.7969],[-80.38513,25.7968],[-80.39244,25.79684],[-80.40103,25.79681],[-80.40519,25.79675],[-80.41022,25.7967],[-80.41726,25.79679],[-80.41715,25.78982],[-80.41696,25.78751],[-80.41696,25.78642],[-80.41692,25.78482],[-80.41716,25.78353],[-80.41717,25.78241],[-80.41387,25.7824],[-80.41153,25.78243],[-80.41078,25.78241],[-80.40077,25.7824],[-80.3995,25.78227],[-80.39626,25.78225],[-80.39555,25.78222],[-80.39483,25.78262],[-80.39454,25.78269],[-80.39098,25.7827],[-80.38816,25.78274],[-80.38668,25.78271],[-80.38522,25.78281],[-80.38473,25.78254],[-80.38433,25.78254],[-80.3849,25.77533],[-80.38348,25.77536],[-80.38359,25.77527],[-80.3837,25.77518],[-80.3838,25.77508],[-80.38389,25.77498],[-80.38398,25.77488],[-80.38407,25.77477],[-80.38414,25.77465],[-80.38421,25.77454],[-80.38428,25.77442],[-80.38433,25.77429],[-80.38438,25.77417],[-80.38443,25.77404],[-80.38446,25.77391],[-80.38449,25.77378],[-80.38451,25.77365],[-80.38454,25.77352],[-80.38456,25.7734],[-80.38458,25.77328],[-80.38459,25.77316],[-80.3846,25.77303],[-80.38455,25.77094],[-80.38479,25.77094],[-80.38497,25.77094],[-80.38496,25.77081],[-80.38492,25.76999],[-80.38491,25.76965],[-80.38485,25.76863],[-80.38482,25.7682],[-80.38499,25.7682],[-80.38491,25.76631],[-80.3847,25.76143],[-80.38468,25.76141],[-80.38467,25.76139],[-80.38404,25.76139],[-80.38377,25.76141],[-80.38338,25.76138],[-80.38294,25.76141],[-80.38283,25.76139],[-80.38228,25.76141],[-80.38188,25.76141],[-80.38162,25.76141],[-80.38138,25.7614],[-80.38112,25.76142],[-80.38082,25.76142],[-80.38062,25.76144],[-80.38038,25.76143],[-80.38016,25.76145],[-80.37981,25.76142],[-80.37955,25.76145],[-80.37919,25.76145],[-80.37898,25.76146],[-80.37868,25.76144],[-80.37838,25.76146],[-80.37809,25.76146],[-80.37768,25.76147],[-80.37745,25.76148],[-80.37718,25.76145],[-80.37689,25.76147],[-80.37654,25.76147],[-80.37605,25.76149],[-80.37573,25.76148],[-80.37545,25.76149],[-80.3746,25.76151],[-80.3742,25.76151],[-80.37387,25.76154],[-80.37357,25.76155],[-80.37323,25.76155],[-80.37291,25.76156],[-80.37248,25.76155],[-80.37175,25.76157],[-80.37133,25.7616],[-80.37048,25.76163],[-80.37006,25.76161],[-80.36971,25.76163],[-80.36931,25.76166],[-80.36891,25.76167],[-80.36844,25.76166],[-80.36844,25.76166],[-80.36844,25.76166],[-80.36043,25.76186],[-80.36048,25.76258],[-80.36049,25.76267],[-80.3605,25.76281],[-80.36057,25.76367],[-80.36062,25.76422],[-80.35981,25.76424],[-80.35935,25.76426],[-80.35901,25.76427],[-80.35877,25.76428],[-80.35863,25.76429],[-80.35864,25.76438],[-80.3587,25.76518],[-80.35883,25.76517],[-80.36069,25.76512],[-80.36091,25.76776],[-80.36095,25.76818],[-80.36099,25.76875],[-80.36142,25.76874],[-80.36204,25.76872],[-80.36268,25.7687],[-80.36345,25.76868],[-80.36399,25.76866],[-80.36449,25.76864],[-80.3651,25.76863],[-80.36549,25.76861],[-80.36649,25.76858],[-80.36899,25.7685],[-80.371,25.76847],[-80.37143,25.76846],[-80.37222,25.76844],[-80.373,25.76843],[-80.37393,25.76841],[-80.37467,25.7684],[-80.375,25.76839],[-80.37516,25.7702],[-80.37526,25.7719],[-80.37544,25.77371],[-80.37559,25.77548],[-80.37579,25.77548],[-80.37588,25.7781],[-80.37343,25.77872],[-80.37329,25.77874],[-80.37316,25.77877],[-80.37302,25.77878],[-80.37288,25.77879],[-80.37274,25.7788],[-80.37261,25.77879],[-80.37247,25.77878],[-80.37233,25.77876],[-80.3722,25.77874],[-80.37206,25.77871],[-80.37193,25.77867],[-80.3718,25.77863],[-80.37055,25.77817],[-80.36927,25.77803],[-80.36895,25.78073],[-80.36875,25.78226],[-80.36875,25.78226],[-80.35897,25.78226],[-80.35889,25.78226],[-80.35885,25.78227],[-80.3588,25.78227],[-80.35872,25.78227],[-80.35863,25.78228],[-80.35859,25.78228],[-80.35855,25.78228],[-80.35846,25.78229],[-80.35842,25.7823],[-80.35838,25.7823],[-80.35829,25.78231],[-80.35821,25.78232],[-80.35817,25.78233],[-80.35813,25.78234],[-80.35804,25.78235],[-80.35796,25.78237],[-80.35792,25.78238],[-80.35788,25.78239],[-80.35779,25.78241],[-80.35775,25.78242],[-80.35771,25.78243],[-80.35731,25.78251],[-80.3569,25.78257],[-80.35258,25.78257],[-80.35218,25.78253],[-80.35201,25.78252],[-80.35175,25.78248],[-80.35149,25.78244],[-80.35124,25.7824],[-80.35098,25.78235],[-80.35071,25.78232],[-80.35053,25.7823],[-80.35027,25.7823],[-80.34063,25.78233],[-80.34058,25.78233],[-80.34054,25.78233],[-80.34029,25.78235],[-80.34004,25.78238],[-80.33987,25.78242],[-80.33971,25.78247],[-80.33955,25.78252],[-80.3394,25.78258],[-80.33902,25.78275],[-80.33873,25.7829],[-80.33814,25.78325],[-80.33789,25.78327],[-80.33788,25.78327],[-80.33786,25.78327],[-80.3373,25.78332],[-80.33664,25.78332],[-80.336,25.78331],[-80.33565,25.78329],[-80.33538,25.78328],[-80.33511,25.78326],[-80.33485,25.78323],[-80.3345,25.78318],[-80.33423,25.78314],[-80.33388,25.78308],[-80.33371,25.78304],[-80.33264,25.78282],[-80.33239,25.78278],[-80.33214,25.78274],[-80.3318,25.78269],[-80.33146,25.78265],[-80.33132,25.78263],[-80.33045,25.78249],[-80.32334,25.78249],[-80.32335,25.78263],[-80.32191,25.78262],[-80.3219,25.78301],[-80.32165,25.78324],[-80.32145,25.78378],[-80.32146,25.78386],[-80.32146,25.78416],[-80.32147,25.7843],[-80.32164,25.7843],[-80.32164,25.78445],[-80.32164,25.78506],[-80.32145,25.78636],[-80.32144,25.78703],[-80.32147,25.78812],[-80.32152,25.78991],[-80.32158,25.79173],[-80.32171,25.79173],[-80.32192,25.7951],[-80.32193,25.79626],[-80.32193,25.79667],[-80.32193,25.79674],[-80.32172,25.79674],[-80.32173,25.79716],[-80.32179,25.79739],[-80.32175,25.79806],[-80.32167,25.79941],[-80.32155,25.80063],[-80.32139,25.80063],[-80.32146,25.80345],[-80.32147,25.8041],[-80.32155,25.80581],[-80.32162,25.80707],[-80.32304,25.80883],[-80.32315,25.80991],[-80.3218,25.81146],[-80.32172,25.81248],[-80.32167,25.81313],[-80.3217,25.8142],[-80.32171,25.81472],[-80.32173,25.81533],[-80.32201,25.82433],[-80.32234,25.82485],[-80.32273,25.82517],[-80.32283,25.82524],[-80.32363,25.82574],[-80.32372,25.82574],[-80.32443,25.82574],[-80.32445,25.8262],[-80.33062,25.8262],[-80.33062,25.8262],[-80.33062,25.8262],[-80.3347,25.8262],[-80.33783,25.8262],[-80.34526,25.8262],[-80.34789,25.8262],[-80.35392,25.8262],[-80.35392,25.82622],[-80.35397,25.82797],[-80.35402,25.82979],[-80.35407,25.8316],[-80.35412,25.83342],[-80.35412,25.83351],[-80.35417,25.83523],[-80.35422,25.83705],[-80.35426,25.8385],[-80.35427,25.83886],[-80.35433,25.84068],[-80.34624,25.8407],[-80.34227,25.8407],[-80.33825,25.84071],[-80.33825,25.84071],[-80.33804,25.83346],[-80.33799,25.83164],[-80.32995,25.83165],[-80.32221,25.83166],[-80.32233,25.83593],[-80.3224,25.83839],[-80.3224,25.83844],[-80.32241,25.83849],[-80.32241,25.83854],[-80.32242,25.83858],[-80.32243,25.83863],[-80.32244,25.83868],[-80.32245,25.83873],[-80.32247,25.83877],[-80.32248,25.83882],[-80.3225,25.83886],[-80.32252,25.83891],[-80.32254,25.83895],[-80.32257,25.839],[-80.32302,25.83983],[-80.32303,25.83985],[-80.32218,25.83986],[-80.32214,25.83986],[-80.32214,25.83986],[-80.32215,25.83997],[-80.32216,25.8407],[-80.32216,25.84074],[-80.32216,25.84077],[-80.32197,25.84077],[-80.31952,25.84077],[-80.31917,25.84077],[-80.31915,25.84077],[-80.31895,25.84074],[-80.31874,25.8407],[-80.31852,25.84065],[-80.31824,25.84065],[-80.31792,25.84055],[-80.31765,25.84049],[-80.3175,25.84042],[-80.31716,25.84034],[-80.31687,25.84028],[-80.31657,25.84023],[-80.31628,25.84019],[-80.31598,25.84015],[-80.31569,25.84013],[-80.31539,25.84012],[-80.31509,25.84011],[-80.3144,25.84011],[-80.31442,25.84011],[-80.31412,25.84011],[-80.31414,25.84081],[-80.31414,25.84081],[-80.314,25.84082],[-80.31364,25.84082],[-80.31352,25.84082],[-80.3134,25.84082],[-80.31328,25.84082],[-80.31316,25.84082],[-80.31304,25.84082],[-80.31291,25.84082],[-80.31279,25.84082],[-80.31267,25.84082],[-80.31256,25.84082],[-80.31215,25.84082],[-80.31165,25.84081],[-80.31154,25.84081],[-80.31141,25.84081],[-80.31128,25.84081],[-80.31115,25.84081],[-80.31104,25.84081],[-80.31103,25.84081],[-80.31071,25.84081],[-80.31036,25.84081],[-80.31014,25.84081],[-80.30999,25.84081],[-80.3061,25.8408],[-80.30612,25.84141],[-80.30517,25.84071],[-80.30514,25.84068],[-80.30415,25.83994],[-80.30416,25.83994],[-80.30428,25.83986],[-80.305,25.83942],[-80.305,25.83942],[-80.30604,25.83877],[-80.30604,25.83877],[-80.30618,25.83868],[-80.30618,25.83868],[-80.30617,25.83827],[-80.30589,25.82622],[-80.30588,25.82494],[-80.30578,25.82062],[-80.30573,25.81936],[-80.30554,25.81168],[-80.30544,25.81168],[-80.30529,25.81168],[-80.30516,25.80763],[-80.30512,25.80636],[-80.30502,25.80636],[-80.30501,25.80645],[-80.30498,25.80656],[-80.30494,25.80666],[-80.30489,25.80674],[-80.30484,25.8068],[-80.30476,25.80688],[-80.30468,25.80695],[-80.30457,25.80701],[-80.30449,25.80705],[-80.3044,25.80708],[-80.30431,25.80709],[-80.30422,25.8071],[-80.30314,25.80711],[-80.30315,25.80732],[-80.30269,25.80732],[-80.30114,25.80731],[-80.30113,25.80731],[-80.30112,25.80731],[-80.30111,25.80731],[-80.30087,25.80731],[-80.30078,25.80732],[-80.30075,25.80732],[-80.3007,25.80732],[-80.30061,25.80733],[-80.30036,25.80736],[-80.30013,25.80739],[-80.30011,25.80739],[-80.30009,25.80739],[-80.29986,25.80744],[-80.29986,25.80744],[-80.29985,25.80744],[-80.2997,25.80747],[-80.29951,25.80751],[-80.29944,25.80753],[-80.29932,25.80755],[-80.29923,25.80756],[-80.29919,25.80757],[-80.29912,25.80758],[-80.29886,25.80761],[-80.29863,25.80763],[-80.29859,25.80763],[-80.29852,25.80763],[-80.29824,25.80763],[-80.29783,25.80764],[-80.28918,25.80768],[-80.28918,25.80758],[-80.28814,25.80762],[-80.27273,25.80817],[-80.27269,25.80817],[-80.27011,25.80824],[-80.26691,25.80832],[-80.26459,25.80839],[-80.26459,25.80837],[-80.26459,25.80747],[-80.26451,25.80541],[-80.26451,25.80511],[-80.2645,25.80474],[-80.26291,25.8048],[-80.26286,25.80347],[-80.2643,25.80342],[-80.26428,25.80289],[-80.26096,25.80322],[-80.2607,25.80328],[-80.26054,25.80333],[-80.26038,25.80339],[-80.26022,25.80346],[-80.25999,25.80358],[-80.25985,25.80367],[-80.25971,25.80377],[-80.25952,25.80393],[-80.25934,25.80411],[-80.25918,25.8043],[-80.25905,25.80451],[-80.25897,25.80465],[-80.2589,25.80479],[-80.25881,25.80502],[-80.25877,25.80517],[-80.26197,25.80754],[-80.26186,25.80758],[-80.26301,25.80842],[-80.26302,25.80843],[-80.26181,25.80846],[-80.26181,25.80845],[-80.25844,25.80594],[-80.25844,25.80609],[-80.25845,25.80706],[-80.25847,25.8077],[-80.25837,25.80753],[-80.25796,25.80699],[-80.25771,25.80682],[-80.25657,25.80684],[-80.25661,25.80814],[-80.25648,25.80814],[-80.25453,25.8082],[-80.25433,25.80821],[-80.25229,25.80826],[-80.25047,25.80833],[-80.24846,25.80837],[-80.2464,25.80844],[-80.24575,25.80844],[-80.24326,25.80852],[-80.24233,25.80855],[-80.24215,25.80856],[-80.24024,25.80863],[-80.24022,25.80863],[-80.24007,25.80314],[-80.24,25.80084],[-80.23992,25.79789],[-80.23982,25.79429],[-80.24187,25.79423],[-80.24231,25.79422],[-80.24271,25.79421],[-80.24884,25.79405],[-80.25295,25.79394],[-80.2561,25.79386],[-80.26422,25.79357],[-80.26457,25.79349],[-80.26463,25.79349],[-80.26469,25.79349],[-80.26484,25.79343],[-80.26493,25.79338],[-80.26496,25.79336],[-80.26496,25.79335],[-80.26512,25.79327],[-80.26525,25.79316],[-80.26528,25.79312],[-80.26528,25.79312],[-80.26529,25.79312],[-80.26538,25.79307],[-80.26554,25.79294],[-80.26564,25.79286],[-80.26586,25.79268],[-80.26639,25.79218],[-80.26667,25.79196],[-80.26968,25.78902],[-80.2702,25.78838],[-80.27162,25.78669],[-80.27214,25.78601],[-80.27233,25.78577],[-80.27443,25.78356],[-80.27606,25.78173],[-80.27626,25.78148],[-80.27694,25.78073],[-80.27706,25.78065],[-80.27748,25.78034],[-80.27753,25.7803],[-80.27753,25.7803],[-80.27775,25.78017],[-80.27813,25.77994],[-80.27835,25.77987],[-80.27846,25.77984],[-80.27877,25.77974],[-80.27909,25.77968],[-80.27939,25.77962],[-80.27949,25.77961],[-80.28063,25.77956],[-80.28186,25.77966],[-80.28278,25.77982],[-80.28309,25.77987],[-80.28314,25.77988],[-80.28481,25.78013],[-80.28543,25.78025],[-80.28656,25.78045],[-80.28694,25.78051],[-80.28771,25.7807],[-80.28837,25.78081],[-80.28846,25.78083],[-80.28847,25.78096],[-80.29062,25.7806],[-80.29277,25.77967],[-80.29625,25.77773],[-80.29606,25.77773],[-80.29642,25.77749],[-80.29747,25.77695],[-80.30159,25.77513],[-80.30433,25.77393],[-80.30433,25.77399],[-80.30837,25.77217],[-80.30849,25.77731],[-80.30936,25.77496],[-80.30941,25.77482],[-80.30945,25.77467],[-80.30949,25.77452],[-80.30952,25.77437],[-80.30954,25.77422],[-80.30956,25.77406],[-80.30957,25.77391],[-80.30958,25.77376],[-80.30953,25.77165],[-80.31015,25.77137],[-80.31163,25.7707],[-80.31202,25.77051],[-80.31286,25.77016],[-80.31287,25.77015],[-80.31288,25.77015],[-80.31319,25.76997],[-80.31362,25.76976],[-80.31402,25.76952],[-80.31421,25.76941],[-80.31448,25.76923],[-80.31469,25.76909],[-80.31499,25.76885],[-80.31521,25.76867],[-80.31548,25.76843],[-80.31576,25.76815],[-80.31602,25.76788],[-80.31626,25.76761],[-80.31639,25.76745],[-80.31655,25.76724],[-80.31672,25.767],[-80.31697,25.76663],[-80.31708,25.76645],[-80.31724,25.76616],[-80.31738,25.76587],[-80.31751,25.76558],[-80.31762,25.76528],[-80.3177,25.76505],[-80.31779,25.76475],[-80.31785,25.76452],[-80.31791,25.76429],[-80.31814,25.76346],[-80.31817,25.76339],[-80.3182,25.76331],[-80.31824,25.76324],[-80.31829,25.76317],[-80.31831,25.76314],[-80.31834,25.76311],[-80.31839,25.76305],[-80.31842,25.76302],[-80.31845,25.76299],[-80.31852,25.76294],[-80.31855,25.76292],[-80.31859,25.7629],[-80.31866,25.76286],[-80.31874,25.76282],[-80.31878,25.76281],[-80.31882,25.76279],[-80.3189,25.76277],[-80.31894,25.76276],[-80.31898,25.76275],[-80.31973,25.76273],[-80.31972,25.76259],[-80.31972,25.76258],[-80.31972,25.76258],[-80.31972,25.76203],[-80.31959,25.76223],[-80.31958,25.76224],[-80.31956,25.76225],[-80.3195,25.76229],[-80.31947,25.7623],[-80.31944,25.7623],[-80.31893,25.76239],[-80.31841,25.76246],[-80.31813,25.76245],[-80.31755,25.76249],[-80.31729,25.7625],[-80.31676,25.76254],[-80.31649,25.76256],[-80.31595,25.76259],[-80.31523,25.76262],[-80.31344,25.76268],[-80.31167,25.76275],[-80.31114,25.76275],[-80.31086,25.76277],[-80.31003,25.76279],[-80.30889,25.76283],[-80.30867,25.76283],[-80.30759,25.76287],[-80.30732,25.76289],[-80.3068,25.76291],[-80.30589,25.76295],[-80.30508,25.76298],[-80.3039,25.763],[-80.30389,25.763],[-80.30389,25.763],[-80.30381,25.75969],[-80.30369,25.75467],[-80.30363,25.75213],[-80.30354,25.74802],[-80.30149,25.74807],[-80.30152,25.74908],[-80.30154,25.7499],[-80.30155,25.75002],[-80.30074,25.75006],[-80.29953,25.75008],[-80.29957,25.75204],[-80.29756,25.75208],[-80.29757,25.75307],[-80.29557,25.75313],[-80.29554,25.75213],[-80.29487,25.75214],[-80.29426,25.75216],[-80.29432,25.75346],[-80.29558,25.75343],[-80.2956,25.7541],[-80.29361,25.75415],[-80.29363,25.7548],[-80.29562,25.75474],[-80.29563,25.75509],[-80.29187,25.7552],[-80.2919,25.75616],[-80.28758,25.7563],[-80.28758,25.7563],[-80.28758,25.7563],[-80.28727,25.74844],[-80.28725,25.74799],[-80.28652,25.73404],[-80.29061,25.73389],[-80.29059,25.73313],[-80.28859,25.73321],[-80.28858,25.73283],[-80.2884,25.73284],[-80.28811,25.73284],[-80.28812,25.73315],[-80.28758,25.73317],[-80.28721,25.73318],[-80.28719,25.73257],[-80.28718,25.73242],[-80.28733,25.73242],[-80.28731,25.7321],[-80.28762,25.73209],[-80.28761,25.7317],[-80.28806,25.73168],[-80.28804,25.73154],[-80.28802,25.73115],[-80.28711,25.73119],[-80.28713,25.73158],[-80.28698,25.73158],[-80.28696,25.7312],[-80.28641,25.73122],[-80.28626,25.72738],[-80.28622,25.7265],[-80.28826,25.72643],[-80.28859,25.72642],[-80.28858,25.72606],[-80.28824,25.72606],[-80.28817,25.72469],[-80.28615,25.72476],[-80.28615,25.72476],[-80.28615,25.72476],[-80.28607,25.72278],[-80.28811,25.72271],[-80.28803,25.72077],[-80.28601,25.72085],[-80.286,25.72085],[-80.286,25.72085],[-80.28592,25.71894],[-80.28569,25.71262],[-80.28567,25.71174],[-80.28644,25.71166],[-80.28694,25.71165],[-80.28869,25.71157],[-80.28875,25.71294],[-80.28873,25.71309],[-80.28874,25.7134],[-80.2897,25.71336],[-80.28972,25.71371],[-80.29082,25.71365],[-80.29083,25.71373],[-80.29094,25.71588],[-80.29098,25.71646],[-80.29099,25.71691],[-80.2879,25.71703],[-80.28797,25.71873],[-80.28812,25.71872],[-80.28995,25.71866],[-80.29206,25.71857],[-80.29206,25.71873],[-80.29403,25.71866],[-80.29518,25.71862],[-80.29529,25.72144],[-80.29627,25.72141],[-80.2963,25.72237],[-80.29735,25.72232],[-80.29717,25.71855],[-80.29821,25.71852],[-80.29829,25.72041],[-80.29929,25.72037],[-80.29937,25.72226],[-80.30042,25.72223],[-80.30048,25.72407],[-80.29964,25.72411],[-80.29972,25.72602],[-80.30258,25.72591],[-80.30228,25.71838],[-80.30211,25.71466],[-80.30677,25.7145],[-80.30667,25.71079],[-80.30594,25.71082],[-80.30578,25.70714],[-80.3056,25.70379],[-80.30559,25.70358],[-80.30559,25.70358],[-80.30558,25.70357],[-80.30549,25.70357],[-80.3055,25.70342],[-80.30546,25.70269],[-80.3054,25.70109],[-80.30541,25.70094],[-80.30538,25.70035],[-80.30537,25.69985],[-80.30528,25.69715],[-80.30524,25.69624],[-80.30217,25.69636],[-80.30112,25.69644],[-80.29914,25.6965],[-80.29913,25.6965],[-80.29913,25.69648],[-80.29908,25.69554],[-80.29709,25.69562],[-80.29714,25.69657],[-80.29316,25.69672],[-80.29301,25.69306],[-80.29298,25.69213],[-80.29289,25.6906],[-80.29289,25.69057],[-80.29289,25.69054],[-80.29289,25.69054],[-80.29497,25.6907],[-80.29889,25.6911],[-80.30134,25.69134],[-80.30473,25.69163],[-80.30501,25.69165],[-80.3051,25.69158],[-80.30637,25.69054],[-80.30663,25.69033],[-80.30847,25.68882],[-80.30847,25.68882],[-80.30847,25.68882],[-80.30936,25.68807],[-80.30976,25.68773],[-80.31114,25.68652],[-80.31123,25.68643],[-80.31161,25.68607],[-80.31196,25.68574],[-80.3124,25.68532],[-80.31266,25.68507],[-80.31291,25.68481],[-80.31378,25.68379],[-80.31397,25.68357],[-80.31412,25.68339],[-80.31444,25.68302],[-80.31474,25.68266],[-80.31487,25.6825],[-80.3149,25.68246],[-80.3149,25.68245],[-80.31491,25.68244],[-80.31504,25.68227],[-80.3151,25.6822],[-80.31512,25.68218],[-80.31514,25.68215],[-80.31518,25.68209],[-80.31523,25.68203],[-80.31528,25.68197],[-80.31529,25.68195],[-80.31529,25.68195],[-80.31531,25.68193],[-80.31548,25.6817],[-80.3155,25.68167],[-80.31552,25.68165],[-80.31556,25.68159],[-80.31558,25.68156],[-80.31561,25.68153],[-80.31565,25.68146],[-80.31579,25.68128],[-80.31595,25.68105],[-80.31612,25.68081],[-80.31629,25.68057],[-80.31657,25.68018],[-80.31666,25.68005],[-80.31675,25.67992],[-80.31685,25.67979],[-80.31692,25.67969],[-80.317,25.67957],[-80.31706,25.67949],[-80.31716,25.67934],[-80.31735,25.67907],[-80.31759,25.67873],[-80.31791,25.67825],[-80.31825,25.67769],[-80.31853,25.67719],[-80.31879,25.67669],[-80.31894,25.67642],[-80.31908,25.67617],[-80.3193,25.67575],[-80.31936,25.67562],[-80.32017,25.67387],[-80.32019,25.67384],[-80.3202,25.6738],[-80.32049,25.67318],[-80.32153,25.67096],[-80.32154,25.67092],[-80.32155,25.67089],[-80.32356,25.66657],[-80.32363,25.66642],[-80.32647,25.66033],[-80.3271,25.65898],[-80.32837,25.65625],[-80.32887,25.65516],[-80.33063,25.65139],[-80.33116,25.65025],[-80.33153,25.64946],[-80.33238,25.64763],[-80.33271,25.64691],[-80.33413,25.64385],[-80.33413,25.64385],[-80.33413,25.64384],[-80.33532,25.64131],[-80.33535,25.64123],[-80.33557,25.64076],[-80.33577,25.64033],[-80.33633,25.63913],[-80.33763,25.63634],[-80.33803,25.63545],[-80.33836,25.63473],[-80.3385,25.63439],[-80.33892,25.63354],[-80.33937,25.63262],[-80.34109,25.62893],[-80.34109,25.62893],[-80.34109,25.62892],[-80.34109,25.62892],[-80.34109,25.62892],[-80.3411,25.62891],[-80.34257,25.62568],[-80.3426,25.62562],[-80.3426,25.62561],[-80.34261,25.6256],[-80.3429,25.62501],[-80.34343,25.62386],[-80.34344,25.62385],[-80.34344,25.62385],[-80.34349,25.62374],[-80.34376,25.62316],[-80.34478,25.62096],[-80.34528,25.61985],[-80.3456,25.61913],[-80.34604,25.61795],[-80.34611,25.61777],[-80.34638,25.61646],[-80.3465,25.61594],[-80.34676,25.61488],[-80.34686,25.61467],[-80.34717,25.61394],[-80.34717,25.61394],[-80.34717,25.61394],[-80.3472,25.61388],[-80.34769,25.61281],[-80.34781,25.61254],[-80.34805,25.61204],[-80.34806,25.61203],[-80.34885,25.6103],[-80.34964,25.60858],[-80.35003,25.60774],[-80.35019,25.60739],[-80.3504,25.60691],[-80.35072,25.60625],[-80.35079,25.60609],[-80.35086,25.60595],[-80.35118,25.60523],[-80.35146,25.60464],[-80.35157,25.60442],[-80.35199,25.60357],[-80.35231,25.60283],[-80.35253,25.6023],[-80.35317,25.60087],[-80.35318,25.60067],[-80.35331,25.60049],[-80.35331,25.60048],[-80.35332,25.60047],[-80.35406,25.59886],[-80.35419,25.59859],[-80.35419,25.59858],[-80.35531,25.59617],[-80.35532,25.59617],[-80.35661,25.59618],[-80.35745,25.59431],[-80.35735,25.59428],[-80.35735,25.59428],[-80.35744,25.59408],[-80.35768,25.59355],[-80.35781,25.59329],[-80.35793,25.59303],[-80.35807,25.59272],[-80.35819,25.59246],[-80.35823,25.59239],[-80.35826,25.59232],[-80.3583,25.59225],[-80.35834,25.59218],[-80.35837,25.59211],[-80.35841,25.59204],[-80.35846,25.59198],[-80.3585,25.59191],[-80.35854,25.59184],[-80.35858,25.59178],[-80.35862,25.59173],[-80.35866,25.59167],[-80.35871,25.59161],[-80.35875,25.59156],[-80.35879,25.5915],[-80.35883,25.59145],[-80.35887,25.59141],[-80.35909,25.59119],[-80.3594,25.5909],[-80.35972,25.59058],[-80.35995,25.59036],[-80.36008,25.59023],[-80.36046,25.58987],[-80.3607,25.58965],[-80.36174,25.58872],[-80.36175,25.5887],[-80.36179,25.58866],[-80.3619,25.58857],[-80.36191,25.58856],[-80.36223,25.58828],[-80.3624,25.58812],[-80.3633,25.5873],[-80.36362,25.587],[-80.36413,25.58651],[-80.36423,25.58639],[-80.36425,25.58636],[-80.3643,25.58628],[-80.36437,25.58618],[-80.36447,25.58603],[-80.3645,25.58598],[-80.36455,25.58591],[-80.36459,25.58584],[-80.36463,25.58577],[-80.36467,25.58571],[-80.36471,25.58564],[-80.36475,25.58557],[-80.36479,25.5855],[-80.36483,25.58543],[-80.36487,25.58536],[-80.3649,25.58528],[-80.36494,25.58521],[-80.36497,25.58514],[-80.365,25.58507],[-80.36503,25.58499],[-80.36506,25.58492],[-80.36509,25.58485],[-80.36512,25.58477],[-80.36515,25.5847],[-80.36517,25.58463],[-80.36518,25.58456],[-80.3652,25.58449],[-80.36521,25.58442],[-80.36523,25.58434],[-80.36525,25.58426],[-80.36526,25.58419],[-80.36527,25.58418],[-80.36529,25.5841],[-80.36531,25.58402],[-80.36533,25.58394],[-80.36536,25.58387],[-80.36539,25.58379],[-80.36542,25.58371],[-80.36543,25.58369],[-80.36544,25.58367],[-80.36552,25.5835],[-80.36565,25.58324],[-80.3657,25.58314],[-80.36573,25.5831],[-80.36576,25.58305],[-80.36579,25.58301],[-80.36579,25.58301],[-80.3659,25.58289],[-80.36587,25.58284],[-80.36587,25.58283],[-80.36587,25.58283],[-80.36629,25.58235],[-80.36672,25.58186],[-80.36676,25.58195],[-80.36678,25.58193],[-80.36696,25.58175],[-80.36719,25.58153],[-80.36741,25.58132],[-80.36768,25.58106],[-80.3677,25.58103],[-80.36866,25.58005],[-80.36885,25.57985],[-80.37233,25.57628],[-80.37233,25.57583],[-80.3723,25.57117],[-80.3723,25.57117],[-80.37229,25.57059],[-80.37229,25.57005],[-80.37229,25.56996],[-80.37229,25.56996],[-80.37218,25.56997],[-80.37202,25.56998],[-80.37102,25.56982],[-80.36994,25.56966],[-80.36875,25.56947],[-80.36839,25.56942],[-80.36824,25.5694],[-80.36755,25.56928],[-80.36673,25.56915],[-80.36654,25.56911],[-80.36541,25.56885],[-80.36487,25.56873],[-80.36486,25.56872],[-80.36426,25.56849],[-80.36423,25.56849],[-80.36411,25.56846],[-80.36383,25.56844],[-80.36373,25.56844],[-80.36342,25.56844],[-80.36342,25.56845],[-80.36342,25.56857],[-80.36342,25.56899],[-80.36342,25.56946],[-80.36346,25.57002],[-80.36361,25.57128],[-80.3635,25.5713],[-80.36387,25.57269],[-80.36393,25.57291],[-80.36424,25.57381],[-80.3638,25.57387],[-80.36345,25.57393],[-80.36319,25.57396],[-80.36204,25.57413],[-80.36187,25.57315],[-80.36185,25.57301],[-80.3619,25.57295],[-80.36196,25.57285],[-80.36202,25.57272],[-80.36206,25.57262],[-80.3621,25.57245],[-80.36212,25.5723],[-80.36213,25.57155],[-80.36211,25.57067],[-80.36212,25.57051],[-80.3616,25.57051],[-80.36014,25.57052],[-80.36005,25.57052],[-80.36005,25.57045],[-80.36006,25.5703],[-80.36006,25.57021],[-80.36006,25.57015],[-80.35991,25.57015],[-80.35846,25.57017],[-80.35752,25.57018],[-80.35752,25.57009],[-80.35751,25.56982],[-80.35751,25.56954],[-80.35751,25.5694],[-80.3576,25.56941],[-80.3576,25.56915],[-80.35759,25.56895],[-80.35759,25.56874],[-80.35759,25.56853],[-80.35758,25.56833],[-80.35758,25.56812],[-80.35758,25.56791],[-80.35758,25.5677],[-80.35757,25.56746],[-80.35753,25.56746],[-80.35753,25.56648],[-80.35605,25.56649],[-80.35601,25.56649],[-80.35334,25.56652],[-80.35198,25.56653],[-80.35183,25.56653],[-80.35198,25.56638],[-80.35351,25.56488],[-80.35404,25.56439],[-80.35406,25.56436],[-80.35433,25.56408],[-80.3545,25.56389],[-80.35466,25.56369],[-80.35479,25.56352],[-80.35493,25.56331],[-80.35509,25.56304],[-80.35522,25.56284],[-80.35522,25.56283],[-80.35547,25.56241],[-80.35554,25.56229],[-80.35559,25.56221],[-80.35581,25.56185],[-80.35601,25.56153],[-80.35605,25.56146],[-80.35615,25.56131],[-80.35622,25.5612],[-80.35626,25.56113],[-80.35665,25.56054],[-80.35663,25.56051],[-80.35657,25.56042],[-80.35648,25.56032],[-80.35643,25.56025],[-80.35643,25.56025],[-80.35643,25.56025],[-80.35625,25.56001],[-80.35612,25.55986],[-80.35607,25.5598],[-80.35602,25.55973],[-80.35596,25.55968],[-80.3559,25.55962],[-80.35584,25.55957],[-80.35584,25.55957],[-80.35577,25.55952],[-80.3557,25.55947],[-80.35563,25.55943],[-80.35556,25.55939],[-80.35548,25.55935],[-80.3554,25.55932],[-80.35538,25.55931],[-80.35532,25.55929],[-80.35524,25.55926],[-80.35516,25.55924],[-80.35508,25.55922],[-80.35499,25.5592],[-80.35491,25.55919],[-80.35482,25.55918],[-80.35474,25.55917],[-80.35465,25.55917],[-80.35334,25.55919],[-80.35196,25.5592],[-80.3519,25.5592],[-80.3519,25.5592],[-80.35189,25.55794],[-80.35188,25.5568],[-80.35187,25.55478],[-80.35186,25.55455],[-80.35183,25.55455],[-80.3512,25.55455],[-80.34791,25.55457],[-80.34786,25.55457],[-80.34782,25.55457],[-80.34781,25.55457],[-80.34781,25.55457],[-80.34781,25.55456],[-80.34781,25.55396],[-80.34781,25.55338],[-80.34781,25.55291],[-80.34781,25.55213],[-80.34781,25.55197],[-80.34781,25.55197],[-80.3478,25.55185],[-80.3478,25.55185],[-80.34466,25.55188],[-80.33965,25.55194],[-80.3318,25.55202],[-80.33157,25.55202],[-80.33157,25.55202],[-80.33156,25.55202],[-80.3315,25.55202],[-80.33141,25.55202],[-80.33109,25.55203],[-80.32333,25.55211],[-80.31516,25.55219],[-80.31386,25.55219],[-80.31147,25.55881],[-80.31123,25.55948],[-80.31122,25.5595],[-80.31124,25.5595],[-80.31124,25.5595],[-80.31051,25.56308],[-80.31037,25.56695],[-80.31038,25.56695],[-80.30723,25.57243],[-80.30726,25.57432],[-80.3073,25.57607],[-80.30733,25.57782],[-80.30733,25.57796],[-80.30838,25.57971],[-80.30942,25.58146],[-80.30942,25.5816],[-80.30944,25.58338],[-80.30946,25.58425],[-80.30946,25.58425],[-80.30946,25.58425],[-80.30946,25.58434],[-80.30947,25.58521],[-80.30947,25.58528],[-80.31076,25.58644],[-80.31077,25.5871],[-80.3108,25.589],[-80.31082,25.59075],[-80.31085,25.59256],[-80.31088,25.59426],[-80.31079,25.59426],[-80.30864,25.59429],[-80.30873,25.59454],[-80.30877,25.59479],[-80.30884,25.59506],[-80.30895,25.59563],[-80.30898,25.59589],[-80.30899,25.59605],[-80.309,25.59615],[-80.30902,25.5966],[-80.30904,25.59708],[-80.30903,25.59758],[-80.30904,25.59783],[-80.30907,25.59816],[-80.30908,25.59851],[-80.30906,25.59882],[-80.30905,25.59907],[-80.30906,25.5992],[-80.30907,25.59973],[-80.30907,25.59973],[-80.30907,25.59973],[-80.30968,25.59971],[-80.31001,25.59971],[-80.31011,25.5997],[-80.31006,25.59997],[-80.30992,25.60141],[-80.3098,25.60141],[-80.30975,25.60193],[-80.30971,25.60228],[-80.30967,25.60249],[-80.30952,25.60292],[-80.30949,25.60351],[-80.30953,25.60359],[-80.30951,25.60376],[-80.30931,25.60567],[-80.30926,25.60567],[-80.30922,25.60568],[-80.30918,25.6057],[-80.30914,25.60572],[-80.30911,25.60575],[-80.30908,25.60578],[-80.30906,25.60582],[-80.30905,25.60586],[-80.30905,25.6059],[-80.30905,25.60594],[-80.30906,25.60598],[-80.30908,25.60602],[-80.3091,25.60605],[-80.30913,25.60608],[-80.30916,25.60611],[-80.3092,25.60613],[-80.30924,25.60614],[-80.30947,25.60616],[-80.3094,25.60678],[-80.3088,25.6068],[-80.30856,25.60723],[-80.30858,25.60724],[-80.3086,25.60727],[-80.30859,25.60732],[-80.30857,25.60735],[-80.30856,25.60737],[-80.30854,25.60739],[-80.30847,25.60745],[-80.30845,25.60746],[-80.30844,25.60746],[-80.30833,25.60746],[-80.30832,25.60746],[-80.3082,25.60748],[-80.30815,25.60748],[-80.30814,25.60748],[-80.30813,25.6075],[-80.30813,25.60751],[-80.30813,25.60752],[-80.30813,25.60753],[-80.30813,25.60754],[-80.30814,25.60755],[-80.30814,25.60756],[-80.30817,25.60756],[-80.30817,25.60755],[-80.30818,25.60755],[-80.30817,25.60754],[-80.30842,25.60754],[-80.30843,25.60755],[-80.30845,25.60755],[-80.30848,25.60756],[-80.30852,25.60756],[-80.30853,25.60756],[-80.30858,25.60756],[-80.30859,25.60758],[-80.3086,25.60765],[-80.3086,25.60765],[-80.3086,25.60765],[-80.30667,25.60771],[-80.30629,25.60772],[-80.30637,25.60955],[-80.30639,25.61023],[-80.30639,25.61023],[-80.30641,25.61055],[-80.30641,25.61058],[-80.30643,25.61092],[-80.3066,25.61091],[-80.30686,25.61091],[-80.30685,25.61095],[-80.30684,25.61101],[-80.30685,25.61105],[-80.30685,25.61109],[-80.30686,25.61119],[-80.30687,25.61126],[-80.30687,25.6113],[-80.30687,25.61135],[-80.30688,25.6114],[-80.30689,25.61145],[-80.30688,25.6118],[-80.30688,25.61191],[-80.30686,25.61212],[-80.30685,25.61218],[-80.30684,25.61223],[-80.30683,25.61233],[-80.30682,25.61238],[-80.3068,25.61244],[-80.30678,25.61249],[-80.30676,25.61255],[-80.30673,25.61259],[-80.30671,25.61267],[-80.3067,25.61274],[-80.30668,25.61279],[-80.30667,25.61288],[-80.30666,25.61292],[-80.30657,25.6131],[-80.30652,25.6132],[-80.30643,25.61337],[-80.3064,25.61342],[-80.30639,25.61356],[-80.30638,25.61378],[-80.30638,25.61386],[-80.30638,25.61387],[-80.30638,25.6139],[-80.30636,25.61399],[-80.30636,25.61403],[-80.30633,25.61412],[-80.30632,25.61415],[-80.30632,25.61418],[-80.30632,25.61419],[-80.30628,25.61422],[-80.30628,25.61423],[-80.30624,25.61423],[-80.3058,25.61424],[-80.30581,25.61431],[-80.30581,25.61431],[-80.30612,25.61431],[-80.30615,25.61437],[-80.30617,25.61442],[-80.30617,25.61449],[-80.30616,25.61452],[-80.30612,25.6146],[-80.30609,25.61464],[-80.30606,25.6147],[-80.30604,25.61471],[-80.30603,25.61471],[-80.306,25.61469],[-80.30599,25.61468],[-80.30595,25.61468],[-80.30592,25.6147],[-80.30583,25.61476],[-80.30573,25.61481],[-80.30568,25.61481],[-80.30562,25.6148],[-80.30561,25.6148],[-80.30556,25.61481],[-80.30556,25.61481],[-80.30546,25.61487],[-80.30541,25.61491],[-80.30541,25.61494],[-80.30541,25.61496],[-80.30541,25.61498],[-80.30542,25.615],[-80.30545,25.61502],[-80.30548,25.61503],[-80.30551,25.61503],[-80.30555,25.61503],[-80.30555,25.61503],[-80.30556,25.61503],[-80.30558,25.61505],[-80.30558,25.61506],[-80.30558,25.61508],[-80.30556,25.61509],[-80.30555,25.6151],[-80.30552,25.61512],[-80.30545,25.61515],[-80.30539,25.61518],[-80.30536,25.61519],[-80.30531,25.61521],[-80.30523,25.61524],[-80.30517,25.61527],[-80.30508,25.6153],[-80.30507,25.61531],[-80.30507,25.61531],[-80.30502,25.61532],[-80.30498,25.61533],[-80.30488,25.61533],[-80.30481,25.61533],[-80.30472,25.61534],[-80.3046,25.61534],[-80.30452,25.61535],[-80.30451,25.61535],[-80.30451,25.61535],[-80.30451,25.61535],[-80.3045,25.61535],[-80.30448,25.61536],[-80.30447,25.61536],[-80.30446,25.61539],[-80.30446,25.6154],[-80.30447,25.61542],[-80.30444,25.6157],[-80.30444,25.61572],[-80.30446,25.61575],[-80.30447,25.61576],[-80.30448,25.61576],[-80.3045,25.61576],[-80.30451,25.61577],[-80.30454,25.61577],[-80.30454,25.61577],[-80.30456,25.61576],[-80.30482,25.61576],[-80.30498,25.61576],[-80.30508,25.61578],[-80.30516,25.6158],[-80.30521,25.61582],[-80.30532,25.61587],[-80.30538,25.6159],[-80.3054,25.61591],[-80.3054,25.61592],[-80.30539,25.61603],[-80.30538,25.6161],[-80.30535,25.6162],[-80.30534,25.61627],[-80.30533,25.61628],[-80.30533,25.61631],[-80.30533,25.61633],[-80.30534,25.61636],[-80.30534,25.61637],[-80.30534,25.61638],[-80.30533,25.6164],[-80.30529,25.61647],[-80.30525,25.61652],[-80.30521,25.61655],[-80.3052,25.61655],[-80.30518,25.61654],[-80.30518,25.61654],[-80.30516,25.61653],[-80.30516,25.61653],[-80.30513,25.61652],[-80.3051,25.61653],[-80.30507,25.61656],[-80.30503,25.61659],[-80.30489,25.61665],[-80.30486,25.61667],[-80.30484,25.61669],[-80.30483,25.6167],[-80.30483,25.61673],[-80.30482,25.61674],[-80.30481,25.61674],[-80.30478,25.61676],[-80.30476,25.61676],[-80.30475,25.61675],[-80.30475,25.61674],[-80.30474,25.61672],[-80.30467,25.61672],[-80.30464,25.61673],[-80.3046,25.61675],[-80.30457,25.61681],[-80.30455,25.61684],[-80.30453,25.61687],[-80.30451,25.61688],[-80.30446,25.61692],[-80.30445,25.61694],[-80.30444,25.61695],[-80.30442,25.61699],[-80.30435,25.61706],[-80.30427,25.61712],[-80.30424,25.61714],[-80.30423,25.61715],[-80.30421,25.61717],[-80.30421,25.61717],[-80.30419,25.61725],[-80.30419,25.61734],[-80.30418,25.61736],[-80.30409,25.6174],[-80.30406,25.6174],[-80.30405,25.61741],[-80.304,25.61743],[-80.304,25.61741],[-80.304,25.6174],[-80.30398,25.61738],[-80.30395,25.61735],[-80.30394,25.61735],[-80.30392,25.61734],[-80.30387,25.61735],[-80.30383,25.61737],[-80.3038,25.61739],[-80.30376,25.6174],[-80.30374,25.61742],[-80.30374,25.61742],[-80.30373,25.61744],[-80.30373,25.61746],[-80.30374,25.61747],[-80.30377,25.6175],[-80.30377,25.61753],[-80.30376,25.61756],[-80.30374,25.61758],[-80.30369,25.6176],[-80.30364,25.61761],[-80.30362,25.61761],[-80.3036,25.61761],[-80.30357,25.61762],[-80.30344,25.61768],[-80.30342,25.61769],[-80.3034,25.6177],[-80.30328,25.61772],[-80.30323,25.61773],[-80.30312,25.61773],[-80.30304,25.61775],[-80.30295,25.61776],[-80.3028,25.61775],[-80.30268,25.61774],[-80.30265,25.61774],[-80.30259,25.61773],[-80.30255,25.61772],[-80.3025,25.61772],[-80.30243,25.61773],[-80.30241,25.61773],[-80.30239,25.6177],[-80.30238,25.61769],[-80.30237,25.61768],[-80.30235,25.61768],[-80.30232,25.61767],[-80.30217,25.61767],[-80.30212,25.61767],[-80.30201,25.61768],[-80.30196,25.61769],[-80.30194,25.6177],[-80.30193,25.61771],[-80.30191,25.61771],[-80.3019,25.61771],[-80.30188,25.61769],[-80.30185,25.61764],[-80.30184,25.61763],[-80.30174,25.61759],[-80.30171,25.61758],[-80.30167,25.61758],[-80.3016,25.61757],[-80.30159,25.61757],[-80.30156,25.61758],[-80.30153,25.61759],[-80.30152,25.61759],[-80.30151,25.6176],[-80.3015,25.61762],[-80.30142,25.61768],[-80.3014,25.61767],[-80.30138,25.61768],[-80.30135,25.61769],[-80.30131,25.61772],[-80.30129,25.61778],[-80.30128,25.6178],[-80.30122,25.61792],[-80.3012,25.61797],[-80.3011,25.6181],[-80.30108,25.61814],[-80.30107,25.61817],[-80.30103,25.61823],[-80.30102,25.61824],[-80.30096,25.61827],[-80.30094,25.6183],[-80.30094,25.61832],[-80.30091,25.61839],[-80.30089,25.61842],[-80.30087,25.61843],[-80.30085,25.61845],[-80.30085,25.61845],[-80.30082,25.61851],[-80.3008,25.61853],[-80.30079,25.61854],[-80.30078,25.61856],[-80.30076,25.61857],[-80.30075,25.61858],[-80.30074,25.61858],[-80.30068,25.61858],[-80.30068,25.61859],[-80.30065,25.61859],[-80.30064,25.61862],[-80.30064,25.61863],[-80.30064,25.61865],[-80.30064,25.61866],[-80.30056,25.61871],[-80.30055,25.61872],[-80.30053,25.61875],[-80.30053,25.61875],[-80.30051,25.61878],[-80.30049,25.6188],[-80.30048,25.6188],[-80.30047,25.6188],[-80.30045,25.61882],[-80.3004,25.61887],[-80.30035,25.6189],[-80.30032,25.61894],[-80.3003,25.61895],[-80.30028,25.61897],[-80.30027,25.61897],[-80.30021,25.61901],[-80.3001,25.61907],[-80.30007,25.61908],[-80.29999,25.61909],[-80.29995,25.6191],[-80.2999,25.61911],[-80.2999,25.61912],[-80.29985,25.61914],[-80.29979,25.61914],[-80.29975,25.61914],[-80.29973,25.61914],[-80.29972,25.61913],[-80.29963,25.61905],[-80.29959,25.61904],[-80.29953,25.61902],[-80.29944,25.61899],[-80.29937,25.61899],[-80.29934,25.619],[-80.29932,25.61901],[-80.29928,25.61903],[-80.29927,25.61903],[-80.29927,25.61902],[-80.29925,25.61901],[-80.29921,25.619],[-80.29918,25.61902],[-80.29916,25.61908],[-80.29916,25.61908],[-80.29914,25.61908],[-80.29914,25.61908],[-80.29912,25.61908],[-80.29912,25.61907],[-80.29908,25.61909],[-80.29904,25.61911],[-80.29902,25.61912],[-80.299,25.61912],[-80.29893,25.61917],[-80.29888,25.6192],[-80.29888,25.6192],[-80.29886,25.61922],[-80.2988,25.61928],[-80.29878,25.61931],[-80.29877,25.61933],[-80.29877,25.61936],[-80.29877,25.61938],[-80.29875,25.61943],[-80.29874,25.61945],[-80.2987,25.61947],[-80.29869,25.6195],[-80.2987,25.61951],[-80.29873,25.6195],[-80.29876,25.61948],[-80.29876,25.61948],[-80.29877,25.61949],[-80.29877,25.61953],[-80.29876,25.61956],[-80.29876,25.61957],[-80.29874,25.61962],[-80.29874,25.61966],[-80.29875,25.61968],[-80.29877,25.61971],[-80.29876,25.61973],[-80.29875,25.61974],[-80.29874,25.61974],[-80.29872,25.61975],[-80.29869,25.61977],[-80.29867,25.61978],[-80.29865,25.61985],[-80.29864,25.6199],[-80.29866,25.61994],[-80.29867,25.61996],[-80.29865,25.61999],[-80.29864,25.62003],[-80.29863,25.62009],[-80.29863,25.6201],[-80.29862,25.62012],[-80.2986,25.62015],[-80.29859,25.62018],[-80.29857,25.62023],[-80.29854,25.62029],[-80.29851,25.62035],[-80.29848,25.62037],[-80.29837,25.62045],[-80.29831,25.62051],[-80.29831,25.62052],[-80.29827,25.62053],[-80.29826,25.62055],[-80.29826,25.62057],[-80.29827,25.62059],[-80.29829,25.6206],[-80.29831,25.62061],[-80.29833,25.62062],[-80.29833,25.62063],[-80.29828,25.62063],[-80.29826,25.62064],[-80.29825,25.62067],[-80.29825,25.62069],[-80.29825,25.6207],[-80.29831,25.62077],[-80.29835,25.62084],[-80.29836,25.62084],[-80.29837,25.62087],[-80.2984,25.62095],[-80.29841,25.62098],[-80.29841,25.6211],[-80.2984,25.62118],[-80.29838,25.62129],[-80.29838,25.62131],[-80.29837,25.62138],[-80.29836,25.62143],[-80.29836,25.62148],[-80.29835,25.6215],[-80.2983,25.62159],[-80.29828,25.62162],[-80.29823,25.62166],[-80.29817,25.62171],[-80.29812,25.62175],[-80.29798,25.62181],[-80.29794,25.62183],[-80.29784,25.62187],[-80.2978,25.62189],[-80.29777,25.62191],[-80.29775,25.62193],[-80.29773,25.62195],[-80.29772,25.622],[-80.29772,25.62203],[-80.29773,25.62209],[-80.29774,25.62212],[-80.29776,25.62214],[-80.29779,25.62216],[-80.29779,25.62216],[-80.29782,25.62217],[-80.29786,25.62218],[-80.29789,25.62219],[-80.29795,25.62221],[-80.29798,25.62222],[-80.298,25.62222],[-80.29801,25.62222],[-80.29805,25.62223],[-80.29807,25.62224],[-80.29814,25.62228],[-80.29817,25.62229],[-80.29821,25.62231],[-80.29824,25.62232],[-80.29824,25.62232],[-80.29826,25.62233],[-80.29827,25.62233],[-80.29828,25.62232],[-80.2983,25.62232],[-80.2984,25.62234],[-80.2984,25.62235],[-80.2984,25.62237],[-80.29843,25.62239],[-80.29846,25.6224],[-80.29847,25.62239],[-80.29849,25.62239],[-80.29856,25.62238],[-80.29857,25.62239],[-80.2986,25.62239],[-80.29865,25.62241],[-80.29866,25.62242],[-80.29869,25.62247],[-80.29872,25.62249],[-80.29875,25.6225],[-80.29883,25.6225],[-80.29884,25.62249],[-80.29887,25.62247],[-80.29887,25.62247],[-80.29888,25.62246],[-80.29889,25.62245],[-80.29895,25.62247],[-80.29897,25.6225],[-80.29899,25.62252],[-80.29901,25.62254],[-80.29903,25.62254],[-80.29906,25.62255],[-80.29907,25.62256],[-80.29907,25.62258],[-80.29906,25.62261],[-80.29906,25.62262],[-80.29906,25.62264],[-80.29905,25.62267],[-80.29904,25.62269],[-80.29903,25.62273],[-80.29904,25.62276],[-80.29906,25.62279],[-80.29912,25.62284],[-80.29914,25.62286],[-80.29917,25.62288],[-80.29924,25.62293],[-80.29926,25.62297],[-80.29927,25.623],[-80.29929,25.62306],[-80.29929,25.62308],[-80.29929,25.62315],[-80.29929,25.6232],[-80.2993,25.62325],[-80.29931,25.62329],[-80.29932,25.62331],[-80.29933,25.62335],[-80.29934,25.62338],[-80.29936,25.62341],[-80.2994,25.62349],[-80.2994,25.62359],[-80.29938,25.6237],[-80.29937,25.6237],[-80.29934,25.6237],[-80.29933,25.62371],[-80.29933,25.62372],[-80.29932,25.62374],[-80.29932,25.62378],[-80.29932,25.6238],[-80.29933,25.62381],[-80.29935,25.62382],[-80.29936,25.62382],[-80.29939,25.62382],[-80.29939,25.62382],[-80.29941,25.62384],[-80.29942,25.62386],[-80.29943,25.62394],[-80.29943,25.62396],[-80.29941,25.62399],[-80.29939,25.62401],[-80.29936,25.62401],[-80.29934,25.62401],[-80.29933,25.62401],[-80.29932,25.62402],[-80.29932,25.62409],[-80.29933,25.6241],[-80.29934,25.6241],[-80.29935,25.6241],[-80.29937,25.6241],[-80.29938,25.6241],[-80.29939,25.6241],[-80.29939,25.62411],[-80.29938,25.62413],[-80.29938,25.62416],[-80.29938,25.62416],[-80.29938,25.62419],[-80.29937,25.62421],[-80.29937,25.62421],[-80.29935,25.62423],[-80.29935,25.62423],[-80.29932,25.62426],[-80.29932,25.62427],[-80.29933,25.62429],[-80.29933,25.62431],[-80.29933,25.62434],[-80.29933,25.62434],[-80.29936,25.6244],[-80.29934,25.62443],[-80.29934,25.62446],[-80.29934,25.62448],[-80.29937,25.62449],[-80.29939,25.6245],[-80.29939,25.62451],[-80.2994,25.62452],[-80.29939,25.62455],[-80.29939,25.62462],[-80.29939,25.62464],[-80.29941,25.62465],[-80.29942,25.62466],[-80.29942,25.6247],[-80.29941,25.62481],[-80.29941,25.62483],[-80.2994,25.62485],[-80.29939,25.6249],[-80.29939,25.62493],[-80.29941,25.62495],[-80.2994,25.62498],[-80.2994,25.62498],[-80.2994,25.62505],[-80.2994,25.62507],[-80.29939,25.62514],[-80.29938,25.62517],[-80.29937,25.62523],[-80.29937,25.62525],[-80.29936,25.62527],[-80.29934,25.62529],[-80.29932,25.6253],[-80.29932,25.6253],[-80.29927,25.6253],[-80.29925,25.62531],[-80.29924,25.62532],[-80.29925,25.62535],[-80.29926,25.62537],[-80.29928,25.62538],[-80.29928,25.62539],[-80.29928,25.62542],[-80.29929,25.62545],[-80.29929,25.62545],[-80.2993,25.62546],[-80.29934,25.62548],[-80.29938,25.6255],[-80.29941,25.62555],[-80.2994,25.62557],[-80.2994,25.6256],[-80.29942,25.62563],[-80.29943,25.62564],[-80.29943,25.62566],[-80.29943,25.62569],[-80.29943,25.6257],[-80.29943,25.62575],[-80.29942,25.62577],[-80.2994,25.62579],[-80.29936,25.62589],[-80.29932,25.62602],[-80.2993,25.62607],[-80.29927,25.62615],[-80.29925,25.62618],[-80.29925,25.62621],[-80.29925,25.62621],[-80.29925,25.62622],[-80.29928,25.62628],[-80.29928,25.62629],[-80.29927,25.6263],[-80.29925,25.6263],[-80.29923,25.6263],[-80.29919,25.6263],[-80.29918,25.62632],[-80.29916,25.62634],[-80.29916,25.62636],[-80.29917,25.62638],[-80.29919,25.62639],[-80.29919,25.6264],[-80.29915,25.62648],[-80.29916,25.62651],[-80.29917,25.62652],[-80.29916,25.62654],[-80.29915,25.62658],[-80.29914,25.62663],[-80.29913,25.62665],[-80.29911,25.62664],[-80.29911,25.62664],[-80.29908,25.62662],[-80.29904,25.62661],[-80.29901,25.62662],[-80.29899,25.62664],[-80.29897,25.62667],[-80.29897,25.6267],[-80.29897,25.62674],[-80.29896,25.62676],[-80.29894,25.62678],[-80.29892,25.62679],[-80.29889,25.62681],[-80.29888,25.62683],[-80.29889,25.62684],[-80.29889,25.62686],[-80.29889,25.62687],[-80.29888,25.62688],[-80.29884,25.62687],[-80.29884,25.62687],[-80.29881,25.62685],[-80.29877,25.62685],[-80.29874,25.62685],[-80.29872,25.62684],[-80.29867,25.6268],[-80.29865,25.6268],[-80.29864,25.62681],[-80.29862,25.62683],[-80.29862,25.62686],[-80.29863,25.62688],[-80.29863,25.62689],[-80.2986,25.62692],[-80.29859,25.62694],[-80.29858,25.62695],[-80.29854,25.62696],[-80.29851,25.62699],[-80.2985,25.62702],[-80.29849,25.62703],[-80.29848,25.62704],[-80.29845,25.6271],[-80.29842,25.62712],[-80.29836,25.62715],[-80.29829,25.6272],[-80.29826,25.62721],[-80.29822,25.62724],[-80.29818,25.62728],[-80.29817,25.62732],[-80.29816,25.62733],[-80.29813,25.62734],[-80.29805,25.62734],[-80.29797,25.62736],[-80.29792,25.62739],[-80.29789,25.62742],[-80.29787,25.62743],[-80.29783,25.62744],[-80.2978,25.62744],[-80.29774,25.62745],[-80.29768,25.62748],[-80.29763,25.62753],[-80.29756,25.62766],[-80.29754,25.6277],[-80.2975,25.62772],[-80.29744,25.62773],[-80.29738,25.62775],[-80.29733,25.62775],[-80.29727,25.62776],[-80.29723,25.62778],[-80.29718,25.62788],[-80.29713,25.62798],[-80.29711,25.62801],[-80.29708,25.62801],[-80.29702,25.628],[-80.29694,25.62801],[-80.29689,25.62802],[-80.29684,25.62803],[-80.2968,25.62804],[-80.29669,25.62803],[-80.29663,25.62801],[-80.29654,25.62798],[-80.29624,25.62789],[-80.29619,25.62788],[-80.29613,25.62788],[-80.29603,25.62789],[-80.29599,25.62788],[-80.29594,25.62785],[-80.2959,25.62781],[-80.29587,25.62778],[-80.29586,25.62777],[-80.2958,25.62773],[-80.29574,25.62771],[-80.29569,25.62769],[-80.29567,25.62768],[-80.29564,25.62768],[-80.29559,25.62767],[-80.29553,25.62767],[-80.29547,25.62768],[-80.29498,25.62764],[-80.29497,25.62763],[-80.29496,25.62762],[-80.29493,25.6276],[-80.29491,25.6276],[-80.2949,25.62759],[-80.29486,25.62759],[-80.29482,25.6276],[-80.29478,25.62761],[-80.29475,25.62762],[-80.2947,25.62763],[-80.29467,25.62764],[-80.29463,25.62765],[-80.2946,25.62769],[-80.29455,25.62779],[-80.29455,25.6278],[-80.29453,25.62787],[-80.29451,25.62791],[-80.29449,25.62796],[-80.29438,25.62807],[-80.29427,25.62818],[-80.29421,25.62824],[-80.29415,25.6283],[-80.29408,25.62834],[-80.29403,25.62838],[-80.29398,25.62842],[-80.29393,25.62846],[-80.29383,25.62853],[-80.29374,25.62859],[-80.29348,25.62872],[-80.29345,25.62874],[-80.29336,25.62876],[-80.29317,25.6288],[-80.29312,25.62881],[-80.29304,25.62883],[-80.29299,25.62885],[-80.29295,25.62886],[-80.29292,25.62887],[-80.29282,25.62891],[-80.29279,25.62893],[-80.29273,25.62895],[-80.29254,25.62901],[-80.29243,25.62903],[-80.29239,25.62904],[-80.29235,25.62906],[-80.29232,25.62909],[-80.29224,25.62913],[-80.29221,25.62915],[-80.29218,25.62915],[-80.29216,25.62914],[-80.29214,25.62913],[-80.29211,25.62912],[-80.29207,25.62912],[-80.29196,25.62914],[-80.29189,25.62916],[-80.29183,25.62916],[-80.2918,25.62916],[-80.29176,25.62917],[-80.29171,25.6292],[-80.29168,25.62921],[-80.29159,25.62922],[-80.29151,25.62921],[-80.29137,25.6292],[-80.29119,25.62918],[-80.29104,25.62917],[-80.29094,25.62917],[-80.29068,25.62916],[-80.29061,25.62916],[-80.29054,25.62918],[-80.29051,25.62919],[-80.29047,25.6292],[-80.2904,25.62921],[-80.29037,25.62921],[-80.2903,25.62921],[-80.2903,25.62921],[-80.29021,25.6292],[-80.29019,25.6292],[-80.29003,25.62918],[-80.28987,25.62916],[-80.28973,25.62914],[-80.28967,25.62913],[-80.2896,25.62913],[-80.28953,25.62913],[-80.28945,25.62914],[-80.28931,25.62917],[-80.28926,25.62918],[-80.28918,25.6292],[-80.28909,25.62922],[-80.28899,25.62925],[-80.28894,25.62926],[-80.28885,25.62929],[-80.28876,25.62932],[-80.28868,25.62936],[-80.28857,25.62938],[-80.2885,25.6294],[-80.28844,25.62941],[-80.28838,25.62943],[-80.28834,25.62946],[-80.28822,25.62952],[-80.28818,25.62954],[-80.28796,25.6296],[-80.28782,25.62962],[-80.28776,25.62963],[-80.28773,25.62965],[-80.28771,25.62966],[-80.28767,25.62969],[-80.28765,25.62972],[-80.28764,25.62975],[-80.28766,25.62983],[-80.28767,25.62987],[-80.2877,25.62991],[-80.28773,25.62995],[-80.28776,25.62999],[-80.28782,25.63003],[-80.28787,25.63009],[-80.28784,25.63016],[-80.28779,25.63033],[-80.28711,25.63034],[-80.28684,25.63035],[-80.28342,25.63044],[-80.28335,25.63045],[-80.28339,25.62764],[-80.28346,25.62277],[-80.26667,25.62017],[-80.24127,25.61633],[-80.22129,25.6133],[-80.21871,25.62541],[-80.21193,25.65717],[-80.20042,25.71105],[-80.19254,25.71103],[-80.19253,25.71103],[-80.18937,25.71112],[-80.18303,25.73053],[-80.17373,25.73048],[-80.17373,25.73668],[-80.17373,25.73784],[-80.17373,25.74127],[-80.17373,25.74331],[-80.17373,25.74331],[-80.17373,25.74332],[-80.17373,25.74332],[-80.17373,25.74459],[-80.16809,25.73955],[-80.16711,25.74045],[-80.16463,25.73823],[-80.1637,25.73741],[-80.16331,25.73705],[-80.16329,25.73704],[-80.16327,25.73702],[-80.15769,25.73942],[-80.15769,25.73745],[-80.15772,25.73737],[-80.15808,25.73664],[-80.15857,25.73599],[-80.15859,25.73596],[-80.15861,25.73594],[-80.159,25.7354],[-80.15902,25.73537],[-80.15903,25.73534],[-80.1593,25.73474],[-80.15931,25.73472],[-80.15931,25.7347],[-80.15935,25.73453],[-80.15934,25.73437],[-80.15931,25.7342],[-80.15925,25.73404],[-80.15915,25.7339],[-80.15903,25.73377],[-80.15858,25.73336],[-80.15857,25.73336],[-80.15857,25.73336],[-80.15729,25.73222],[-80.15518,25.73241],[-80.15272,25.73263],[-80.14818,25.73374],[-80.14663,25.73432],[-80.14537,25.73489],[-80.14458,25.73531],[-80.14266,25.73674],[-80.14163,25.73674],[-80.14021,25.73736],[-80.13814,25.73834],[-80.13554,25.74045],[-80.13387,25.74262],[-80.13218,25.74993],[-80.13975,25.75552],[-80.13982,25.75557],[-80.13983,25.75558],[-80.13985,25.75559],[-80.14034,25.75595],[-80.14034,25.75595],[-80.14034,25.75595],[-80.14047,25.75605],[-80.14272,25.75771],[-80.1461,25.76026],[-80.14891,25.76232],[-80.1492,25.76401],[-80.14911,25.76415],[-80.14899,25.76425],[-80.14194,25.76443],[-80.14135,25.76447],[-80.13951,25.76452],[-80.13861,25.76453],[-80.13861,25.76453],[-80.13861,25.76451],[-80.13862,25.7645],[-80.13863,25.76447],[-80.13862,25.76447],[-80.13861,25.76446],[-80.13913,25.76349],[-80.13606,25.76225],[-80.13576,25.76212],[-80.13569,25.76216],[-80.13532,25.7621],[-80.1352,25.76189],[-80.13464,25.76166],[-80.13464,25.76166],[-80.13446,25.76159],[-80.13361,25.76234],[-80.13361,25.76234],[-80.13358,25.76233],[-80.13358,25.76233],[-80.13356,25.76232],[-80.1335,25.76229],[-80.13336,25.76224],[-80.13333,25.76223],[-80.13331,25.76222],[-80.13279,25.76197],[-80.13262,25.76189],[-80.132,25.76165],[-80.13187,25.76159],[-80.13137,25.76139],[-80.13085,25.76117],[-80.13084,25.76117],[-80.13084,25.76116],[-80.13082,25.76116],[-80.13079,25.76114],[-80.13075,25.76114],[-80.13074,25.76114],[-80.13072,25.76113],[-80.13069,25.76113],[-80.13067,25.76112],[-80.13064,25.76111],[-80.13063,25.7611],[-80.13059,25.76108],[-80.13058,25.76107],[-80.13056,25.76106],[-80.13056,25.76106],[-80.12996,25.76081],[-80.12994,25.7608],[-80.12993,25.7608],[-80.12946,25.7606],[-80.1289,25.76036],[-80.1288,25.76032],[-80.12871,25.76028],[-80.12815,25.76004],[-80.12813,25.76004],[-80.12811,25.76003],[-80.12805,25.76002],[-80.12804,25.76002],[-80.12804,25.76002],[-80.12804,25.76002],[-80.12756,25.75977],[-80.12494,25.76177],[-80.12492,25.76178],[-80.12492,25.76179],[-80.12492,25.7618],[-80.12493,25.76181],[-80.12494,25.76183],[-80.12497,25.76187],[-80.12589,25.76225],[-80.12589,25.76222],[-80.12591,25.76223],[-80.12598,25.76224],[-80.126,25.76225],[-80.12605,25.76225],[-80.12609,25.76226],[-80.12611,25.76226],[-80.12614,25.76227],[-80.12618,25.76229],[-80.12626,25.76235],[-80.12631,25.76238],[-80.12634,25.76239],[-80.12637,25.76241],[-80.12641,25.76244],[-80.12644,25.76245],[-80.12647,25.76246],[-80.12659,25.76251],[-80.12709,25.7627],[-80.12731,25.76279],[-80.12732,25.7628],[-80.12735,25.76282],[-80.1274,25.76284],[-80.12745,25.76286],[-80.12748,25.76286],[-80.12838,25.76326],[-80.1287,25.7634],[-80.12913,25.76359],[-80.12941,25.76372],[-80.12969,25.76384],[-80.1299,25.76393],[-80.12993,25.76394],[-80.12996,25.76394],[-80.12998,25.76394],[-80.13005,25.76398],[-80.13007,25.76398],[-80.13009,25.76399],[-80.13034,25.76411],[-80.13061,25.76423],[-80.13063,25.76423],[-80.13065,25.76423],[-80.13068,25.76425],[-80.1307,25.76427],[-80.13071,25.7643],[-80.13074,25.76437],[-80.13075,25.76438],[-80.13077,25.76445],[-80.13079,25.76452],[-80.13079,25.7646],[-80.1308,25.76492],[-80.1308,25.76499],[-80.13081,25.76521],[-80.13082,25.76527],[-80.13084,25.76538],[-80.13089,25.76555],[-80.1309,25.76563],[-80.13091,25.76579],[-80.13091,25.76596],[-80.13091,25.7661],[-80.13092,25.76644],[-80.13091,25.76666],[-80.13091,25.76694],[-80.13091,25.76722],[-80.13091,25.76756],[-80.1309,25.76782],[-80.13089,25.76812],[-80.13089,25.76836],[-80.13088,25.76853],[-80.13087,25.76865],[-80.13086,25.76875],[-80.13086,25.76882],[-80.13083,25.76898],[-80.13082,25.76914],[-80.13081,25.76943],[-80.1308,25.76962],[-80.13079,25.76969],[-80.13079,25.76982],[-80.13079,25.76984],[-80.13071,25.77037],[-80.13056,25.77112],[-80.13056,25.77121],[-80.13056,25.77142],[-80.13057,25.77167],[-80.13057,25.77175],[-80.13056,25.77181],[-80.13052,25.77197],[-80.13052,25.772],[-80.1303,25.77277],[-80.13028,25.77285],[-80.13027,25.77291],[-80.13025,25.77321],[-80.13024,25.77326],[-80.13023,25.77335],[-80.1299,25.77422],[-80.12989,25.77424],[-80.12986,25.77434],[-80.12985,25.77438],[-80.12984,25.77442],[-80.12981,25.7745],[-80.12981,25.77454],[-80.1298,25.77465],[-80.12979,25.77481],[-80.12978,25.77486],[-80.12975,25.77499],[-80.12972,25.7751],[-80.12971,25.77519],[-80.12968,25.77531],[-80.12968,25.77531],[-80.12965,25.77539],[-80.12964,25.77544],[-80.12959,25.77556],[-80.12955,25.77566],[-80.12953,25.77571],[-80.12945,25.77593],[-80.12939,25.77606],[-80.12934,25.77619],[-80.12932,25.77624],[-80.1293,25.77632],[-80.1293,25.77636],[-80.1293,25.77636],[-80.12912,25.77696],[-80.12911,25.77697],[-80.12887,25.77795],[-80.12866,25.77887],[-80.12851,25.77953],[-80.12851,25.77957],[-80.1285,25.77966],[-80.12848,25.77973],[-80.12848,25.77977],[-80.12847,25.77988],[-80.12843,25.78002],[-80.12841,25.78016],[-80.12839,25.78024],[-80.12836,25.78039],[-80.12833,25.78049],[-80.12831,25.78085],[-80.12822,25.78144],[-80.12818,25.78202],[-80.12804,25.78272],[-80.12802,25.78295],[-80.12793,25.7839],[-80.1279,25.78403],[-80.1278,25.78437],[-80.12768,25.78495],[-80.12757,25.78555],[-80.12752,25.78611],[-80.12749,25.78638],[-80.12744,25.78671],[-80.12739,25.78723],[-80.12737,25.78734],[-80.12729,25.78759],[-80.12728,25.78771],[-80.12724,25.78867],[-80.12721,25.78882],[-80.12713,25.78913],[-80.12692,25.79009],[-80.12685,25.79049],[-80.12673,25.79089],[-80.12668,25.79128],[-80.12647,25.79189],[-80.12642,25.79211],[-80.12595,25.79354],[-80.12582,25.79398],[-80.12573,25.79438],[-80.12539,25.79611],[-80.12531,25.79682],[-80.12518,25.7974],[-80.12517,25.79748],[-80.12508,25.79827],[-80.12502,25.79869],[-80.12495,25.79898],[-80.12461,25.80035],[-80.12389,25.80203],[-80.12367,25.80266],[-80.1236,25.80287],[-80.12335,25.8036],[-80.12311,25.80438],[-80.12293,25.80509],[-80.12279,25.80575],[-80.12263,25.80642],[-80.12246,25.80693],[-80.12245,25.80694],[-80.12243,25.80702],[-80.1224,25.80708],[-80.12239,25.80711],[-80.12239,25.80714],[-80.12238,25.80727],[-80.12238,25.80731],[-80.12237,25.80735],[-80.12236,25.80738],[-80.12232,25.80747],[-80.12228,25.80753],[-80.12223,25.80763],[-80.12221,25.80769],[-80.12219,25.80772],[-80.12218,25.80775],[-80.12211,25.80791],[-80.1221,25.80793],[-80.12207,25.80805],[-80.12206,25.80813],[-80.12206,25.80816],[-80.12205,25.80818],[-80.12204,25.8082],[-80.12202,25.80822],[-80.122,25.80823],[-80.12199,25.80825],[-80.12198,25.80827],[-80.12198,25.80829],[-80.12198,25.80831],[-80.12198,25.80834],[-80.12198,25.80836],[-80.12199,25.80838],[-80.12199,25.8084],[-80.12199,25.80842],[-80.12199,25.80845],[-80.12199,25.80847],[-80.12199,25.80849],[-80.12199,25.80851],[-80.12198,25.80853],[-80.12198,25.80856],[-80.12198,25.80858],[-80.12198,25.8086],[-80.12197,25.80862],[-80.12197,25.80864],[-80.12197,25.80867],[-80.12196,25.80869],[-80.12196,25.80871],[-80.12196,25.80873],[-80.12195,25.80875],[-80.12195,25.80877],[-80.12194,25.8088],[-80.12194,25.80882],[-80.12193,25.80884],[-80.12193,25.80886],[-80.12192,25.80888],[-80.12192,25.8089],[-80.12191,25.80892],[-80.12191,25.80895],[-80.1219,25.80897],[-80.1219,25.80899],[-80.1219,25.80901],[-80.12189,25.80903],[-80.12189,25.80905],[-80.12188,25.80908],[-80.12188,25.8091],[-80.12187,25.80912],[-80.12187,25.80914],[-80.12186,25.80916],[-80.12186,25.80918],[-80.12185,25.80921],[-80.12185,25.80923],[-80.12184,25.80925],[-80.12184,25.80927],[-80.12183,25.80929],[-80.12183,25.80929],[-80.12183,25.80931],[-80.12182,25.80933],[-80.12182,25.80936],[-80.12181,25.80938],[-80.12181,25.8094],[-80.1218,25.80942],[-80.1218,25.80944],[-80.12179,25.80946],[-80.12179,25.80949],[-80.12178,25.80951],[-80.12178,25.80953],[-80.12177,25.80955],[-80.12177,25.80957],[-80.12177,25.80959],[-80.12176,25.80962],[-80.12176,25.80964],[-80.12175,25.80966],[-80.12175,25.80968],[-80.12174,25.8097],[-80.12174,25.80972],[-80.12173,25.80975],[-80.12173,25.80977],[-80.12172,25.80979],[-80.12172,25.80981],[-80.12172,25.80983],[-80.12171,25.80985],[-80.12171,25.80987],[-80.1217,25.8099],[-80.1217,25.80992],[-80.12169,25.80994],[-80.12169,25.80996],[-80.12169,25.80998],[-80.12168,25.81],[-80.12168,25.81003],[-80.12167,25.81005],[-80.12167,25.81007],[-80.12167,25.81009],[-80.12166,25.81011],[-80.12166,25.81014],[-80.12166,25.81016],[-80.12165,25.81018],[-80.12165,25.8102],[-80.12165,25.81022],[-80.12164,25.81024],[-80.12164,25.81027],[-80.12164,25.81029],[-80.12163,25.81031],[-80.12163,25.81033],[-80.12163,25.81035],[-80.12162,25.81038],[-80.12162,25.8104],[-80.12162,25.81042],[-80.12161,25.81044],[-80.12161,25.81046],[-80.12161,25.81048],[-80.12161,25.81051],[-80.1216,25.81053],[-80.1216,25.81055],[-80.1216,25.81057],[-80.1216,25.81059],[-80.12159,25.81062],[-80.12159,25.81064],[-80.12159,25.81066],[-80.12159,25.81068],[-80.12159,25.8107],[-80.12158,25.81073],[-80.12158,25.81075],[-80.12158,25.81077],[-80.12158,25.81079],[-80.12158,25.81081],[-80.12158,25.81084],[-80.12158,25.81086],[-80.12158,25.81088],[-80.12158,25.8109],[-80.12158,25.81092],[-80.12158,25.81095],[-80.12158,25.81097],[-80.12158,25.81099],[-80.12157,25.81101],[-80.12157,25.81103],[-80.12157,25.81106],[-80.12157,25.81108],[-80.12157,25.8111],[-80.12156,25.81112],[-80.12155,25.81114],[-80.12155,25.81116],[-80.12154,25.81118],[-80.12153,25.8112],[-80.12153,25.81123],[-80.12152,25.81125],[-80.12151,25.81127],[-80.12151,25.81129],[-80.1215,25.81131],[-80.12149,25.81133],[-80.12148,25.81135],[-80.12147,25.81137],[-80.12146,25.81139],[-80.12145,25.81141],[-80.12144,25.81143],[-80.12144,25.81145],[-80.12144,25.81148],[-80.12144,25.8115],[-80.12144,25.81152],[-80.12144,25.81154],[-80.12144,25.81156],[-80.12144,25.81159],[-80.12144,25.81161],[-80.12144,25.81163],[-80.12144,25.81165],[-80.12144,25.81167],[-80.12144,25.8117],[-80.12144,25.81172],[-80.12144,25.81174],[-80.12143,25.81176],[-80.12143,25.81178],[-80.12143,25.81181],[-80.12142,25.81183],[-80.12142,25.81185],[-80.12141,25.81187],[-80.12141,25.81189],[-80.1214,25.81191],[-80.12139,25.81193],[-80.12138,25.81195],[-80.12138,25.81198],[-80.12137,25.812],[-80.12136,25.81202],[-80.12136,25.81204],[-80.12135,25.81206],[-80.12134,25.81208],[-80.12134,25.8121],[-80.12133,25.81212],[-80.12133,25.81215],[-80.12132,25.81217],[-80.12131,25.81219],[-80.12131,25.81221],[-80.1213,25.81223],[-80.1213,25.81225],[-80.12129,25.81227],[-80.12128,25.81229],[-80.12128,25.81232],[-80.12127,25.81234],[-80.12126,25.81236],[-80.12126,25.81238],[-80.12125,25.8124],[-80.12125,25.81242],[-80.12124,25.81244],[-80.12123,25.81247],[-80.12123,25.81249],[-80.12122,25.81251],[-80.12122,25.81253],[-80.12121,25.81255],[-80.1212,25.81257],[-80.1212,25.81259],[-80.1212,25.81262],[-80.12119,25.81264],[-80.12119,25.81266],[-80.12118,25.81268],[-80.12118,25.8127],[-80.12117,25.81272],[-80.12116,25.81274],[-80.12115,25.81276],[-80.12114,25.81278],[-80.12113,25.8128],[-80.12112,25.81282],[-80.12111,25.81284],[-80.1211,25.81286],[-80.1211,25.81289],[-80.12109,25.81291],[-80.12108,25.81293],[-80.12107,25.81295],[-80.12106,25.81297],[-80.12105,25.81299],[-80.12105,25.81301],[-80.12105,25.81303],[-80.12104,25.81305],[-80.12104,25.81307],[-80.12103,25.8131],[-80.12102,25.81312],[-80.12102,25.81314],[-80.12102,25.81316],[-80.12101,25.81318],[-80.12101,25.8132],[-80.12101,25.81323],[-80.12101,25.81325],[-80.12101,25.81327],[-80.12101,25.81329],[-80.12101,25.81331],[-80.12101,25.81334],[-80.12101,25.81336],[-80.12101,25.81338],[-80.12101,25.8134],[-80.12101,25.81342],[-80.12101,25.81345],[-80.12101,25.81347],[-80.12101,25.81349],[-80.12101,25.81351],[-80.12101,25.81353],[-80.12101,25.81356],[-80.12101,25.81358],[-80.12101,25.8136],[-80.12101,25.81362],[-80.12101,25.81364],[-80.12101,25.81367],[-80.12101,25.81369],[-80.12101,25.81371],[-80.12101,25.81373],[-80.12101,25.81375],[-80.12101,25.81378],[-80.12101,25.8138],[-80.12101,25.81382],[-80.12101,25.81384],[-80.121,25.81386],[-80.121,25.81389],[-80.121,25.81391],[-80.12099,25.81393],[-80.12099,25.81395],[-80.12099,25.81397],[-80.12098,25.81399],[-80.12098,25.81402],[-80.12097,25.81404],[-80.12097,25.81406],[-80.12097,25.81408],[-80.12096,25.8141],[-80.12096,25.81412],[-80.12095,25.81415],[-80.12095,25.81417],[-80.12095,25.81419],[-80.12095,25.81421],[-80.12094,25.81423],[-80.12094,25.81426],[-80.12093,25.81428],[-80.12093,25.8143],[-80.12092,25.81432],[-80.12092,25.81434],[-80.12091,25.81436],[-80.12091,25.81439],[-80.1209,25.81441],[-80.1209,25.81443],[-80.1209,25.81445],[-80.12089,25.81447],[-80.12089,25.81449],[-80.12088,25.81451],[-80.12088,25.81454],[-80.12087,25.81456],[-80.12087,25.81458],[-80.12086,25.8146],[-80.12086,25.81462],[-80.12086,25.81464],[-80.12085,25.81467],[-80.12085,25.81469],[-80.12084,25.81471],[-80.12084,25.81473],[-80.12084,25.81475],[-80.12083,25.81478],[-80.12083,25.8148],[-80.12083,25.81482],[-80.12082,25.81484],[-80.12082,25.81486],[-80.12082,25.81488],[-80.12081,25.81491],[-80.12081,25.81493],[-80.12081,25.81495],[-80.1208,25.81497],[-80.1208,25.81499],[-80.1208,25.81502],[-80.12079,25.81504],[-80.12079,25.81506],[-80.12079,25.81508],[-80.12078,25.8151],[-80.12078,25.81512],[-80.12078,25.81515],[-80.12078,25.81517],[-80.12077,25.81519],[-80.12077,25.81521],[-80.12077,25.81523],[-80.12077,25.81526],[-80.12076,25.81528],[-80.12076,25.8153],[-80.12076,25.81532],[-80.12076,25.81534],[-80.12076,25.81537],[-80.12076,25.81539],[-80.12076,25.81541],[-80.12076,25.81543],[-80.12076,25.81545],[-80.12076,25.81548],[-80.12076,25.8155],[-80.12076,25.81552],[-80.12076,25.81554],[-80.12076,25.81556],[-80.12076,25.81559],[-80.12076,25.81561],[-80.12076,25.81563],[-80.12076,25.81565],[-80.12076,25.81567],[-80.12076,25.8157],[-80.12076,25.81572],[-80.12076,25.81574],[-80.12076,25.81576],[-80.12076,25.81578],[-80.12076,25.81581],[-80.12076,25.81583],[-80.12076,25.81585],[-80.12075,25.81587],[-80.12075,25.81589],[-80.12074,25.81591],[-80.12074,25.81594],[-80.12073,25.81596],[-80.12073,25.81598],[-80.12072,25.816],[-80.12071,25.81602],[-80.12071,25.81604],[-80.1207,25.81606],[-80.12069,25.81608],[-80.12069,25.81611],[-80.12068,25.81613],[-80.12067,25.81615],[-80.12067,25.81617],[-80.12066,25.81619],[-80.12066,25.81621],[-80.12065,25.81623],[-80.12065,25.81626],[-80.12064,25.81628],[-80.12064,25.8163],[-80.12063,25.81632],[-80.12063,25.81634],[-80.12063,25.81636],[-80.12062,25.81639],[-80.12062,25.81641],[-80.12062,25.81643],[-80.12061,25.81645],[-80.12061,25.81647],[-80.1206,25.81649],[-80.1206,25.81652],[-80.1206,25.81654],[-80.12059,25.81656],[-80.12059,25.81658],[-80.12059,25.8166],[-80.12058,25.81664],[-80.12057,25.81667],[-80.12057,25.8167],[-80.12056,25.81673],[-80.12055,25.81677],[-80.12055,25.8168],[-80.12054,25.81683],[-80.12054,25.81686],[-80.12053,25.8169],[-80.12052,25.81693],[-80.12052,25.81696],[-80.12051,25.81699],[-80.12051,25.81703],[-80.12051,25.81706],[-80.12051,25.81709],[-80.12051,25.81713],[-80.12051,25.81716],[-80.12051,25.81719],[-80.12051,25.81723],[-80.12051,25.81726],[-80.12051,25.81729],[-80.1205,25.81732],[-80.1205,25.81736],[-80.1205,25.81739],[-80.12049,25.81742],[-80.12049,25.81745],[-80.12048,25.81749],[-80.12047,25.81752],[-80.12046,25.81755],[-80.12045,25.81758],[-80.12044,25.81762],[-80.12044,25.81765],[-80.12043,25.81768],[-80.12042,25.81771],[-80.12042,25.81771],[-80.12041,25.81774],[-80.1204,25.81778],[-80.12039,25.81781],[-80.12038,25.81784],[-80.12038,25.81787],[-80.12037,25.8179],[-80.12036,25.81794],[-80.12035,25.81797],[-80.12034,25.818],[-80.12033,25.81803],[-80.12032,25.81807],[-80.12032,25.8181],[-80.12031,25.81813],[-80.1203,25.81816],[-80.12029,25.81819],[-80.12028,25.81823],[-80.12027,25.81826],[-80.12026,25.81829],[-80.12026,25.81832],[-80.12025,25.81835],[-80.12024,25.81839],[-80.12024,25.81842],[-80.12023,25.81845],[-80.12023,25.81848],[-80.12022,25.81852],[-80.12022,25.81855],[-80.12021,25.81858],[-80.12021,25.81862],[-80.12021,25.81865],[-80.1202,25.81868],[-80.1202,25.81871],[-80.12021,25.81875],[-80.12021,25.81878],[-80.12021,25.81881],[-80.12022,25.81885],[-80.12022,25.81888],[-80.12022,25.81891],[-80.12022,25.81895],[-80.12022,25.81898],[-80.12022,25.81901],[-80.12021,25.81904],[-80.12021,25.81908],[-80.12021,25.81911],[-80.1202,25.81914],[-80.1202,25.81918],[-80.12019,25.81921],[-80.12019,25.81924],[-80.12018,25.81927],[-80.12018,25.81931],[-80.12018,25.81934],[-80.12018,25.81937],[-80.12018,25.81941],[-80.12018,25.81944],[-80.12018,25.81947],[-80.12018,25.8195],[-80.12018,25.81954],[-80.12017,25.81957],[-80.12017,25.8196],[-80.12016,25.81964],[-80.12015,25.81967],[-80.12014,25.8197],[-80.12013,25.81973],[-80.12012,25.81976],[-80.12011,25.81979],[-80.1201,25.81983],[-80.12009,25.81986],[-80.12008,25.81989],[-80.12008,25.81992],[-80.12007,25.81995],[-80.12006,25.81999],[-80.12006,25.82002],[-80.12005,25.82005],[-80.12005,25.82009],[-80.12005,25.82012],[-80.12005,25.82015],[-80.12005,25.82018],[-80.12005,25.82022],[-80.12005,25.82025],[-80.12005,25.82028],[-80.12005,25.82032],[-80.12005,25.82035],[-80.12005,25.82038],[-80.12005,25.82042],[-80.12004,25.82045],[-80.12004,25.82048],[-80.12004,25.82051],[-80.12004,25.82055],[-80.12004,25.82058],[-80.12004,25.82061],[-80.12004,25.82065],[-80.12004,25.82068],[-80.12004,25.82071],[-80.12005,25.82075],[-80.12005,25.82078],[-80.12005,25.82081],[-80.12005,25.82085],[-80.12005,25.82088],[-80.12004,25.82091],[-80.12004,25.82094],[-80.12004,25.82098],[-80.12004,25.82101],[-80.12004,25.82104],[-80.12004,25.82108],[-80.12004,25.82111],[-80.12004,25.82114],[-80.12004,25.82117],[-80.12003,25.82121],[-80.12003,25.82124],[-80.12002,25.82127],[-80.12002,25.82131],[-80.12002,25.82134],[-80.12002,25.82137],[-80.12002,25.82141],[-80.12002,25.82144],[-80.12002,25.82147],[-80.12001,25.8215],[-80.12001,25.82154],[-80.12001,25.82157],[-80.12001,25.8216],[-80.12001,25.82164],[-80.12001,25.82167],[-80.12001,25.8217],[-80.12001,25.82174],[-80.12,25.82177],[-80.12,25.8218],[-80.12,25.82183],[-80.12,25.82187],[-80.12,25.8219],[-80.12,25.82193],[-80.12,25.82197],[-80.11999,25.822],[-80.11999,25.82203],[-80.11999,25.82207],[-80.11999,25.8221],[-80.11999,25.82213],[-80.11999,25.82216],[-80.11999,25.8222],[-80.11998,25.82223],[-80.11998,25.82226],[-80.11998,25.8223],[-80.11998,25.82233],[-80.11998,25.82236],[-80.11998,25.82239],[-80.11998,25.82243],[-80.11998,25.82246],[-80.11997,25.82249],[-80.11997,25.82253],[-80.11997,25.82256],[-80.11997,25.82259],[-80.11997,25.82263],[-80.11997,25.82266],[-80.11997,25.82269],[-80.11997,25.82272],[-80.11997,25.82275],[-80.11997,25.82276],[-80.11997,25.82279],[-80.11998,25.82282],[-80.11998,25.82286],[-80.11998,25.82289],[-80.11998,25.82292],[-80.11999,25.82296],[-80.11999,25.82299],[-80.12,25.82302],[-80.12,25.82305],[-80.12,25.82309],[-80.12,25.82312],[-80.12,25.82315],[-80.11999,25.82318],[-80.11998,25.82322],[-80.11997,25.82325],[-80.11996,25.82328],[-80.11995,25.82331],[-80.11994,25.82334],[-80.11994,25.82338],[-80.11993,25.82341],[-80.11992,25.82344],[-80.11991,25.82347],[-80.11989,25.8235],[-80.11988,25.82353],[-80.11987,25.82355],[-80.11986,25.82356],[-80.11985,25.8236],[-80.11985,25.82363],[-80.11984,25.82366],[-80.11984,25.82369],[-80.11983,25.82373],[-80.11983,25.82376],[-80.11982,25.82379],[-80.11982,25.82382],[-80.11981,25.82386],[-80.11981,25.82389],[-80.1198,25.82392],[-80.1198,25.82395],[-80.11979,25.82399],[-80.11979,25.82402],[-80.11978,25.82405],[-80.11978,25.82409],[-80.11977,25.82412],[-80.11977,25.82415],[-80.11977,25.82418],[-80.11976,25.82422],[-80.11976,25.82425],[-80.11976,25.82426],[-80.11975,25.82428],[-80.11975,25.82432],[-80.11975,25.82435],[-80.11974,25.82438],[-80.11974,25.82441],[-80.11973,25.82445],[-80.11973,25.82448],[-80.11973,25.82451],[-80.11972,25.82455],[-80.11972,25.82458],[-80.11971,25.82461],[-80.11971,25.82464],[-80.11971,25.82468],[-80.1197,25.82471],[-80.1197,25.82474],[-80.1197,25.82478],[-80.11969,25.82481],[-80.11969,25.82484],[-80.11969,25.82487],[-80.11968,25.82491],[-80.11968,25.82494],[-80.11968,25.82497],[-80.11967,25.82501],[-80.11967,25.82504],[-80.11967,25.82507],[-80.11966,25.8251],[-80.11966,25.82514],[-80.11966,25.82517],[-80.11965,25.8252],[-80.11965,25.82524],[-80.11965,25.82527],[-80.11965,25.8253],[-80.11964,25.82533],[-80.11964,25.82537],[-80.11964,25.8254],[-80.11964,25.82543],[-80.11964,25.82547],[-80.11963,25.8255],[-80.11963,25.82553],[-80.11963,25.82557],[-80.11963,25.8256],[-80.11963,25.82563],[-80.11962,25.82566],[-80.11962,25.8257],[-80.11962,25.82573],[-80.11962,25.82576],[-80.11962,25.8258],[-80.11961,25.82583],[-80.11961,25.82586],[-80.11961,25.82589],[-80.11961,25.82593],[-80.11961,25.82596],[-80.1196,25.82599],[-80.1196,25.82603],[-80.1196,25.82606],[-80.11959,25.82609],[-80.11959,25.82613],[-80.11959,25.82616],[-80.11958,25.82619],[-80.11958,25.82622],[-80.11958,25.82626],[-80.11957,25.82629],[-80.11957,25.82632],[-80.11957,25.82635],[-80.11956,25.82639],[-80.11956,25.82642],[-80.11955,25.82645],[-80.11955,25.82649],[-80.11955,25.82652],[-80.11954,25.82655],[-80.11954,25.82658],[-80.11954,25.82662],[-80.11954,25.82665],[-80.11954,25.82668],[-80.11954,25.82672],[-80.11954,25.82675],[-80.11953,25.82678],[-80.11953,25.82682],[-80.11953,25.82685],[-80.11953,25.82688],[-80.11953,25.82691],[-80.11953,25.82695],[-80.11953,25.82698],[-80.11953,25.82701],[-80.11952,25.82705],[-80.11952,25.82708],[-80.11952,25.82711],[-80.11952,25.82715],[-80.11951,25.82718],[-80.11949,25.82721],[-80.11948,25.82724],[-80.11948,25.82727],[-80.11948,25.8273],[-80.11948,25.82734],[-80.11948,25.82737],[-80.11949,25.8274],[-80.11949,25.82744],[-80.11949,25.82744],[-80.11949,25.82747],[-80.11949,25.8275],[-80.11949,25.82754],[-80.11949,25.82757],[-80.1195,25.8276],[-80.1195,25.82763],[-80.1195,25.82767],[-80.11949,25.8277],[-80.11949,25.82773],[-80.11949,25.82777],[-80.11949,25.8278],[-80.11949,25.82783],[-80.11948,25.82786],[-80.11948,25.8279],[-80.11947,25.82793],[-80.11945,25.82796],[-80.11944,25.82799],[-80.11943,25.82802],[-80.11943,25.82806],[-80.11943,25.82809],[-80.11942,25.82812],[-80.11942,25.82816],[-80.11942,25.82819],[-80.11942,25.82822],[-80.11941,25.82825],[-80.11941,25.82829],[-80.1194,25.82832],[-80.1194,25.82835],[-80.1194,25.82839],[-80.1194,25.82842],[-80.1194,25.82845],[-80.1194,25.82848],[-80.1194,25.82852],[-80.1194,25.82855],[-80.1194,25.82858],[-80.1194,25.82862],[-80.11939,25.82865],[-80.11939,25.82868],[-80.11939,25.82871],[-80.11939,25.82875],[-80.11939,25.82878],[-80.11939,25.82881],[-80.11939,25.82885],[-80.11939,25.82888],[-80.11939,25.82891],[-80.11939,25.82895],[-80.11939,25.82898],[-80.11938,25.82901],[-80.11938,25.82905],[-80.11938,25.82908],[-80.11938,25.82911],[-80.11938,25.82914],[-80.11938,25.82918],[-80.11938,25.82921],[-80.11938,25.82924],[-80.11937,25.82928],[-80.11937,25.82931],[-80.11937,25.82934],[-80.11937,25.82937],[-80.11937,25.82941],[-80.11937,25.82944],[-80.11937,25.82947],[-80.11937,25.82951],[-80.11937,25.82954],[-80.11937,25.82957],[-80.11937,25.82961],[-80.11937,25.82964],[-80.11938,25.82967],[-80.11938,25.82971],[-80.11938,25.82974],[-80.11938,25.82977],[-80.11938,25.8298],[-80.11938,25.82984],[-80.11938,25.82987],[-80.11938,25.8299],[-80.11938,25.82994],[-80.11938,25.82997],[-80.11938,25.83],[-80.11938,25.83004],[-80.11938,25.83007],[-80.11938,25.8301],[-80.11938,25.83013],[-80.11938,25.83017],[-80.11938,25.8302],[-80.11938,25.83023],[-80.11938,25.83027],[-80.11938,25.8303],[-80.11938,25.83035],[-80.11939,25.83042],[-80.1194,25.83058],[-80.11941,25.8308],[-80.11941,25.83096],[-80.11941,25.831],[-80.11939,25.83104],[-80.11935,25.83114],[-80.11935,25.83116],[-80.11934,25.83117],[-80.11926,25.83148],[-80.11925,25.83154],[-80.11925,25.83172],[-80.11925,25.83189],[-80.11926,25.83195],[-80.11927,25.83201],[-80.11931,25.83213],[-80.11933,25.83224],[-80.11934,25.83229],[-80.11935,25.83234],[-80.11931,25.83318],[-80.11932,25.83403],[-80.11932,25.83403],[-80.11932,25.83427],[-80.11931,25.83444],[-80.1193,25.83452],[-80.11929,25.83459],[-80.11928,25.83467],[-80.11924,25.83481],[-80.11919,25.83498],[-80.11918,25.83503],[-80.11917,25.83526],[-80.11917,25.83554],[-80.11917,25.83566],[-80.11914,25.83668],[-80.11915,25.83787],[-80.11915,25.83824],[-80.11915,25.83841],[-80.11914,25.83849],[-80.11913,25.83856],[-80.11907,25.83869],[-80.11905,25.83874],[-80.11901,25.8389],[-80.11901,25.83895],[-80.11899,25.83915],[-80.11898,25.83945],[-80.11898,25.8396],[-80.11897,25.83965],[-80.11895,25.83973],[-80.11893,25.83983],[-80.11893,25.83986],[-80.11891,25.8399],[-80.1189,25.84005],[-80.1189,25.84024],[-80.1189,25.8403],[-80.11891,25.84042],[-80.11894,25.84061],[-80.11895,25.84066],[-80.11897,25.84077],[-80.11898,25.841],[-80.11898,25.84106],[-80.11898,25.84134],[-80.11897,25.84144],[-80.11896,25.8416],[-80.11895,25.84166],[-80.11894,25.8419],[-80.11894,25.84215],[-80.11894,25.84223],[-80.11894,25.84239],[-80.11894,25.84244],[-80.11898,25.84259],[-80.11898,25.84263],[-80.11899,25.84293],[-80.11899,25.84307],[-80.11899,25.84324],[-80.11899,25.84329],[-80.11896,25.84348],[-80.11892,25.84379],[-80.1189,25.84396],[-80.11887,25.84409],[-80.11887,25.84411],[-80.11886,25.84415],[-80.11885,25.84425],[-80.11884,25.84445],[-80.11883,25.84456],[-80.11882,25.84483],[-80.11881,25.84506],[-80.1188,25.84538],[-80.11879,25.8457],[-80.11878,25.84603],[-80.11878,25.84635],[-80.11877,25.84669],[-80.11876,25.84699],[-80.11876,25.8473],[-80.11875,25.84762],[-80.11875,25.8479],[-80.11875,25.84819],[-80.11876,25.84847],[-80.11876,25.84853],[-80.11878,25.84863],[-80.1188,25.84873],[-80.11881,25.84882],[-80.11881,25.84899],[-80.11879,25.84925],[-80.11877,25.84939],[-80.11876,25.84967],[-80.11876,25.84991],[-80.11876,25.84997],[-80.11876,25.85002],[-80.11881,25.85021],[-80.11882,25.85028],[-80.11882,25.85038],[-80.11887,25.85056],[-80.11889,25.85062],[-80.11891,25.85071],[-80.11891,25.85076],[-80.11892,25.8509],[-80.11893,25.851],[-80.11894,25.85105],[-80.11894,25.8511],[-80.11895,25.8512],[-80.11896,25.85137],[-80.11896,25.85154],[-80.11895,25.85158],[-80.11895,25.85166],[-80.11894,25.85169],[-80.11889,25.8518],[-80.11888,25.85185],[-80.11885,25.852],[-80.11882,25.85213],[-80.11881,25.85226],[-80.11881,25.85256],[-80.11881,25.85274],[-80.11881,25.85285],[-80.11882,25.85296],[-80.11885,25.85309],[-80.11886,25.85313],[-80.11888,25.85318],[-80.11888,25.85318],[-80.1189,25.85327],[-80.11892,25.85344],[-80.11892,25.85361],[-80.11891,25.8538],[-80.11891,25.85389],[-80.11888,25.85405],[-80.11887,25.85414],[-80.11886,25.85419],[-80.11883,25.85429],[-80.11881,25.85439],[-80.1188,25.85443],[-80.11879,25.85448],[-80.11879,25.85465],[-80.11879,25.85488],[-80.11879,25.85499],[-80.1188,25.85504],[-80.11881,25.85514],[-80.11886,25.85528],[-80.11891,25.85552],[-80.11892,25.85581],[-80.11891,25.85594],[-80.1189,25.85676],[-80.11889,25.85681],[-80.11888,25.85702],[-80.11888,25.85732],[-80.11887,25.85761],[-80.11886,25.85774],[-80.11884,25.85786],[-80.11884,25.8579],[-80.11883,25.85793],[-80.11883,25.85797],[-80.11882,25.858],[-80.11881,25.85803],[-80.1188,25.85806],[-80.11879,25.85809],[-80.11878,25.85813],[-80.11877,25.85816],[-80.11877,25.85819],[-80.11877,25.85822],[-80.11877,25.85826],[-80.11877,25.85829],[-80.11876,25.85832],[-80.11876,25.85836],[-80.11875,25.85839],[-80.11875,25.85842],[-80.11875,25.85845],[-80.11875,25.85849],[-80.11875,25.85852],[-80.11874,25.85855],[-80.11874,25.85859],[-80.11874,25.85862],[-80.11874,25.85865],[-80.11874,25.85868],[-80.11874,25.85872],[-80.11875,25.85875],[-80.11875,25.85878],[-80.11875,25.85882],[-80.11875,25.85885],[-80.11875,25.85888],[-80.11876,25.85892],[-80.11876,25.85895],[-80.11876,25.85898],[-80.11877,25.85901],[-80.11878,25.85905],[-80.11878,25.85908],[-80.11879,25.85911],[-80.11879,25.85914],[-80.1188,25.85918],[-80.1188,25.85921],[-80.1188,25.85924],[-80.1188,25.85928],[-80.1188,25.85931],[-80.11881,25.85934],[-80.11881,25.85937],[-80.11881,25.85941],[-80.11881,25.85944],[-80.11881,25.85947],[-80.11881,25.85951],[-80.11881,25.85954],[-80.11882,25.85957],[-80.11882,25.85961],[-80.11882,25.85964],[-80.11882,25.85967],[-80.11883,25.8597],[-80.11883,25.85974],[-80.11884,25.85977],[-80.11884,25.8598],[-80.11884,25.85984],[-80.11884,25.85987],[-80.11884,25.8599],[-80.11884,25.85993],[-80.11884,25.85997],[-80.11884,25.86],[-80.11885,25.86003],[-80.11885,25.86007],[-80.11885,25.8601],[-80.11886,25.86013],[-80.11887,25.86016],[-80.11888,25.8602],[-80.11888,25.86023],[-80.11889,25.86026],[-80.1189,25.86029],[-80.11891,25.86032],[-80.11892,25.86036],[-80.11893,25.86039],[-80.11894,25.86042],[-80.11894,25.86045],[-80.11894,25.86049],[-80.11894,25.86052],[-80.11895,25.86055],[-80.11895,25.86059],[-80.11895,25.86062],[-80.11895,25.86065],[-80.11895,25.86068],[-80.11895,25.86072],[-80.11895,25.86075],[-80.11895,25.86078],[-80.11895,25.86082],[-80.11895,25.86085],[-80.11895,25.86088],[-80.11895,25.86092],[-80.11895,25.86095],[-80.11895,25.86098],[-80.11895,25.86101],[-80.11895,25.86105],[-80.11895,25.86108],[-80.11895,25.86111],[-80.11895,25.86115],[-80.11895,25.86118],[-80.11895,25.86121],[-80.11895,25.86125],[-80.11895,25.86128],[-80.11896,25.86131],[-80.11896,25.86134],[-80.11896,25.86138],[-80.11896,25.86141],[-80.11896,25.86144],[-80.11896,25.86148],[-80.11896,25.86151],[-80.11896,25.86154],[-80.11896,25.86158],[-80.11896,25.86161],[-80.11896,25.86164],[-80.11896,25.86167],[-80.11896,25.86171],[-80.11896,25.86174],[-80.11896,25.86177],[-80.11896,25.86181],[-80.11896,25.86184],[-80.11896,25.86187],[-80.11896,25.86191],[-80.11896,25.86194],[-80.11895,25.86197],[-80.11895,25.862],[-80.11895,25.86204],[-80.11895,25.86207],[-80.11895,25.8621],[-80.11895,25.86214],[-80.11895,25.86217],[-80.11895,25.8622],[-80.11895,25.86224],[-80.11895,25.86227],[-80.11895,25.8623],[-80.11895,25.86233],[-80.11895,25.86237],[-80.11895,25.8624],[-80.11895,25.86243],[-80.11895,25.86247],[-80.11895,25.8625],[-80.11895,25.86253],[-80.11895,25.86257],[-80.11895,25.8626],[-80.11895,25.86263],[-80.11895,25.86266],[-80.11895,25.8627],[-80.11895,25.86273],[-80.11895,25.86276],[-80.11895,25.8628],[-80.11895,25.86283],[-80.11895,25.86286],[-80.11895,25.8629],[-80.11895,25.86293],[-80.11895,25.86296],[-80.11895,25.86299],[-80.11895,25.86303],[-80.11895,25.86306],[-80.11895,25.86309],[-80.11895,25.86313],[-80.11895,25.86316],[-80.11895,25.86319],[-80.11895,25.86323],[-80.11895,25.86326],[-80.11895,25.86329],[-80.11895,25.86332],[-80.11895,25.86336],[-80.11895,25.86339],[-80.11895,25.86342],[-80.11895,25.86346],[-80.11895,25.86349],[-80.11895,25.86352],[-80.11895,25.86356],[-80.11895,25.86359],[-80.11895,25.86362],[-80.11895,25.86365],[-80.11895,25.86369],[-80.11895,25.86372],[-80.11896,25.86375],[-80.11896,25.86379],[-80.11896,25.86382],[-80.11896,25.86385],[-80.11896,25.86389],[-80.11896,25.86392],[-80.11896,25.86395],[-80.11896,25.86398],[-80.11896,25.86402],[-80.11896,25.86405],[-80.11896,25.86408],[-80.11896,25.86412],[-80.11896,25.86415],[-80.11896,25.86418],[-80.11897,25.86422],[-80.11897,25.86425],[-80.11897,25.86428],[-80.11897,25.86431],[-80.11897,25.86435],[-80.11897,25.86438],[-80.11897,25.86441],[-80.11897,25.86445],[-80.11897,25.86448],[-80.11897,25.86451],[-80.11897,25.86455],[-80.11897,25.86458],[-80.11898,25.86461],[-80.11898,25.86464],[-80.11898,25.86468],[-80.11899,25.86471],[-80.11899,25.86474],[-80.119,25.86477],[-80.11901,25.86481],[-80.11902,25.86484],[-80.11902,25.86487],[-80.11903,25.86491],[-80.11903,25.86494],[-80.11903,25.86497],[-80.11903,25.865],[-80.11903,25.86504],[-80.11903,25.86507],[-80.11903,25.8651],[-80.11903,25.86514],[-80.11903,25.86517],[-80.11903,25.8652],[-80.11903,25.86524],[-80.11903,25.86527],[-80.11903,25.8653],[-80.11903,25.86533],[-80.11902,25.86537],[-80.11902,25.8654],[-80.11902,25.86543],[-80.11902,25.86547],[-80.11902,25.8655],[-80.11902,25.86553],[-80.11902,25.86557],[-80.11902,25.8656],[-80.11902,25.86563],[-80.11902,25.86566],[-80.11902,25.8657],[-80.11902,25.86573],[-80.11902,25.86576],[-80.11902,25.8658],[-80.11902,25.86583],[-80.11902,25.86586],[-80.11902,25.8659],[-80.11902,25.86593],[-80.11902,25.86596],[-80.11902,25.86599],[-80.11902,25.86603],[-80.11902,25.86606],[-80.11902,25.86609],[-80.11902,25.86613],[-80.11902,25.86616],[-80.11903,25.86619],[-80.11903,25.86623],[-80.11903,25.86626],[-80.11903,25.86629],[-80.11903,25.86632],[-80.11903,25.86636],[-80.11903,25.86639],[-80.11903,25.86642],[-80.11903,25.86646],[-80.11903,25.86649],[-80.11903,25.86652],[-80.11903,25.86656],[-80.11903,25.86659],[-80.11903,25.86662],[-80.11903,25.86665],[-80.11903,25.86669],[-80.11903,25.86672],[-80.11903,25.86675],[-80.11903,25.86679],[-80.11903,25.86682],[-80.11903,25.86685],[-80.11903,25.86689],[-80.11903,25.86692],[-80.11903,25.86695],[-80.11903,25.86698],[-80.11903,25.86702],[-80.11903,25.86705],[-80.11903,25.86708],[-80.11903,25.86712],[-80.11903,25.86715],[-80.11903,25.86718],[-80.11903,25.86722],[-80.11904,25.86725],[-80.11904,25.86728],[-80.11905,25.86731],[-80.11906,25.86735],[-80.11907,25.86738],[-80.11908,25.86741],[-80.11908,25.86744],[-80.11909,25.86747],[-80.1191,25.86751],[-80.11911,25.86754],[-80.11912,25.86757],[-80.11913,25.8676],[-80.11914,25.86763],[-80.11914,25.86767],[-80.11915,25.8677],[-80.11916,25.86773],[-80.11917,25.86776],[-80.11918,25.8678],[-80.11918,25.86783],[-80.11918,25.86786],[-80.11919,25.86789],[-80.11919,25.86793],[-80.11919,25.86796],[-80.11919,25.86799],[-80.11919,25.86803],[-80.11919,25.86806],[-80.11919,25.86809],[-80.11919,25.86812],[-80.11919,25.86816],[-80.11919,25.86819],[-80.11919,25.86822],[-80.11919,25.86826],[-80.11919,25.86829],[-80.11919,25.86832],[-80.1192,25.86836],[-80.1192,25.86839],[-80.1192,25.86842],[-80.11921,25.86845],[-80.11921,25.86849],[-80.11921,25.86852],[-80.11921,25.86855],[-80.11921,25.86859],[-80.11922,25.86862],[-80.11922,25.86865],[-80.11922,25.86869],[-80.11922,25.86872],[-80.11923,25.86875],[-80.11924,25.86878],[-80.11924,25.86882],[-80.11925,25.86885],[-80.11926,25.86888],[-80.11926,25.86891],[-80.11927,25.86895],[-80.11927,25.86898],[-80.11928,25.86901],[-80.11928,25.86904],[-80.11929,25.86908],[-80.11929,25.86911],[-80.11929,25.86914],[-80.1193,25.86918],[-80.1193,25.86921],[-80.1193,25.86924],[-80.1193,25.86927],[-80.1193,25.86931],[-80.1193,25.86934],[-80.1193,25.86937],[-80.11931,25.86941],[-80.11931,25.86944],[-80.11931,25.86947],[-80.11931,25.86951],[-80.11931,25.86954],[-80.11931,25.86957],[-80.11931,25.8696],[-80.11931,25.86964],[-80.11931,25.86967],[-80.11931,25.8697],[-80.11931,25.86974],[-80.11931,25.86977],[-80.11931,25.8698],[-80.11931,25.86983],[-80.11931,25.86987],[-80.11931,25.8699],[-80.1193,25.86993],[-80.1193,25.86997],[-80.1193,25.87],[-80.1193,25.87003],[-80.1193,25.87007],[-80.1193,25.8701],[-80.1193,25.87013],[-80.1193,25.87016],[-80.1193,25.8702],[-80.1193,25.87023],[-80.1193,25.87026],[-80.1193,25.8703],[-80.1193,25.87033],[-80.1193,25.87036],[-80.11931,25.8704],[-80.11931,25.87043],[-80.11931,25.87046],[-80.11932,25.87049],[-80.11932,25.87053],[-80.11933,25.87056],[-80.11933,25.87059],[-80.11933,25.87063],[-80.11934,25.87066],[-80.11935,25.87069],[-80.11935,25.87072],[-80.11936,25.87075],[-80.11937,25.87079],[-80.11938,25.87082],[-80.11939,25.87085],[-80.11939,25.87088],[-80.1194,25.87092],[-80.1194,25.87095],[-80.11941,25.87098],[-80.11942,25.87101],[-80.11942,25.87105],[-80.11943,25.87108],[-80.11944,25.87111],[-80.11945,25.87114],[-80.11945,25.87118],[-80.11946,25.87121],[-80.11947,25.87124],[-80.11948,25.87127],[-80.11949,25.8713],[-80.1195,25.87134],[-80.11951,25.87137],[-80.11952,25.8714],[-80.11953,25.87143],[-80.11954,25.87146],[-80.11955,25.87149],[-80.11956,25.87152],[-80.11957,25.87156],[-80.11958,25.87159],[-80.11958,25.87162],[-80.1196,25.87168],[-80.11961,25.87171],[-80.11961,25.87175],[-80.11961,25.87178],[-80.11962,25.87181],[-80.11962,25.87184],[-80.11962,25.87188],[-80.11962,25.87191],[-80.11962,25.87194],[-80.11962,25.87198],[-80.11962,25.87201],[-80.11962,25.87204],[-80.11962,25.87208],[-80.11962,25.87211],[-80.11962,25.87214],[-80.11962,25.87217],[-80.11962,25.87221],[-80.11962,25.87224],[-80.11962,25.87227],[-80.11962,25.87231],[-80.11962,25.87234],[-80.11962,25.87237],[-80.11962,25.87241],[-80.11962,25.87244],[-80.11962,25.87247],[-80.11962,25.8725],[-80.11962,25.87254],[-80.11962,25.87257],[-80.11963,25.8726],[-80.11963,25.87264],[-80.11963,25.87267],[-80.11963,25.87269],[-80.11963,25.8727],[-80.11963,25.87274],[-80.11963,25.87277],[-80.11964,25.8728],[-80.11965,25.87283],[-80.11965,25.87287],[-80.11966,25.8729],[-80.11967,25.87293],[-80.11968,25.87296],[-80.11969,25.87299],[-80.11969,25.87303],[-80.11969,25.87306],[-80.1197,25.87309],[-80.1197,25.87313],[-80.1197,25.87316],[-80.1197,25.87319],[-80.11971,25.87321],[-80.11971,25.87322],[-80.11971,25.87326],[-80.11972,25.87329],[-80.11972,25.87332],[-80.11973,25.87336],[-80.11973,25.87339],[-80.11973,25.87342],[-80.11974,25.87345],[-80.11974,25.87349],[-80.11975,25.87352],[-80.11975,25.87355],[-80.11976,25.87359],[-80.11976,25.87362],[-80.11977,25.87365],[-80.11977,25.87368],[-80.11978,25.87372],[-80.11978,25.87375],[-80.11979,25.87378],[-80.1198,25.87381],[-80.1198,25.87385],[-80.11981,25.87388],[-80.11982,25.87391],[-80.11982,25.87394],[-80.11983,25.87398],[-80.11984,25.87401],[-80.11984,25.87404],[-80.11985,25.87407],[-80.11985,25.87411],[-80.11985,25.87414],[-80.11986,25.87417],[-80.11986,25.87421],[-80.11986,25.87424],[-80.11987,25.87427],[-80.11987,25.8743],[-80.11988,25.87434],[-80.11988,25.87437],[-80.11989,25.8744],[-80.11989,25.87443],[-80.1199,25.87447],[-80.1199,25.87449],[-80.1199,25.8745],[-80.11991,25.87453],[-80.11991,25.87457],[-80.11992,25.8746],[-80.11992,25.87463],[-80.11992,25.87466],[-80.11993,25.8747],[-80.11993,25.87473],[-80.11993,25.87476],[-80.11993,25.8748],[-80.11993,25.87483],[-80.11993,25.87486],[-80.11994,25.87489],[-80.11994,25.87493],[-80.11994,25.87496],[-80.11994,25.87499],[-80.11994,25.87503],[-80.11994,25.87506],[-80.11994,25.87509],[-80.11994,25.87513],[-80.11994,25.87516],[-80.11994,25.87519],[-80.11994,25.87522],[-80.11994,25.87526],[-80.11994,25.87529],[-80.11994,25.87532],[-80.11994,25.87536],[-80.11995,25.87539],[-80.11995,25.87542],[-80.11995,25.87546],[-80.11995,25.87549],[-80.11995,25.87552],[-80.11996,25.87555],[-80.11996,25.87559],[-80.11997,25.87562],[-80.11997,25.87565],[-80.11997,25.87569],[-80.11998,25.87572],[-80.11998,25.87575],[-80.11999,25.87578],[-80.11999,25.87582],[-80.12,25.87585],[-80.12,25.87588],[-80.12,25.87592],[-80.12001,25.87595],[-80.12001,25.87598],[-80.12002,25.87601],[-80.12002,25.87605],[-80.12002,25.87608],[-80.12002,25.87611],[-80.12003,25.87614],[-80.12004,25.87618],[-80.12004,25.87621],[-80.12005,25.87624],[-80.12006,25.87627],[-80.12007,25.87631],[-80.12008,25.87634],[-80.12009,25.87637],[-80.1201,25.8764],[-80.12011,25.87643],[-80.12012,25.87646],[-80.12013,25.8765],[-80.12014,25.87653],[-80.12015,25.87656],[-80.12017,25.87659],[-80.12017,25.87662],[-80.12018,25.87665],[-80.12019,25.87669],[-80.1202,25.87672],[-80.1202,25.87675],[-80.12021,25.87678],[-80.12021,25.87682],[-80.12021,25.87685],[-80.12021,25.87688],[-80.12021,25.87692],[-80.12022,25.87695],[-80.12022,25.87698],[-80.12022,25.87702],[-80.12022,25.87705],[-80.12023,25.87708],[-80.12023,25.87711],[-80.12023,25.87715],[-80.12023,25.87718],[-80.12023,25.87721],[-80.12023,25.87725],[-80.12023,25.87728],[-80.12023,25.87731],[-80.12023,25.87735],[-80.12023,25.87738],[-80.12023,25.87741],[-80.12023,25.87744],[-80.12023,25.87748],[-80.12023,25.87751],[-80.12024,25.87754],[-80.12024,25.87758],[-80.12024,25.87761],[-80.12025,25.87764],[-80.12025,25.87767],[-80.12026,25.87771],[-80.12027,25.87774],[-80.12028,25.87777],[-80.12029,25.8778],[-80.12029,25.87784],[-80.1203,25.87787],[-80.1203,25.8779],[-80.1203,25.87793],[-80.12031,25.87797],[-80.12031,25.878],[-80.12032,25.87803],[-80.12032,25.87807],[-80.12032,25.8781],[-80.12033,25.87813],[-80.12033,25.87816],[-80.12033,25.8782],[-80.12033,25.87823],[-80.12033,25.87826],[-80.12033,25.8783],[-80.12033,25.87833],[-80.12033,25.87836],[-80.12033,25.87839],[-80.12033,25.87843],[-80.12033,25.87846],[-80.12033,25.87849],[-80.12032,25.87853],[-80.12032,25.87856],[-80.12032,25.87859],[-80.12032,25.87863],[-80.12032,25.87866],[-80.12032,25.87869],[-80.12032,25.87872],[-80.12032,25.87876],[-80.12032,25.87879],[-80.12031,25.87882],[-80.12031,25.87886],[-80.12031,25.87889],[-80.12031,25.87892],[-80.12031,25.87896],[-80.12031,25.87899],[-80.12031,25.87902],[-80.12031,25.87905],[-80.12031,25.87909],[-80.12031,25.87912],[-80.12031,25.87915],[-80.1203,25.87919],[-80.1203,25.87922],[-80.1203,25.87925],[-80.1203,25.87929],[-80.1203,25.87932],[-80.1203,25.87935],[-80.1203,25.87938],[-80.1203,25.87942],[-80.1203,25.87945],[-80.12029,25.87948],[-80.12029,25.87952],[-80.12028,25.87955],[-80.12027,25.87958],[-80.12026,25.87961],[-80.12025,25.87964],[-80.12024,25.87968],[-80.12024,25.87971],[-80.12023,25.87974],[-80.12023,25.87977],[-80.12022,25.87981],[-80.12021,25.87984],[-80.1202,25.87987],[-80.12019,25.8799],[-80.12019,25.87991],[-80.12018,25.87993],[-80.12018,25.87993],[-80.12017,25.87997],[-80.12016,25.88],[-80.12015,25.88003],[-80.12014,25.88006],[-80.12014,25.88009],[-80.12013,25.88013],[-80.12012,25.88016],[-80.12011,25.88019],[-80.1201,25.88022],[-80.12009,25.88025],[-80.12009,25.88029],[-80.12008,25.88032],[-80.12007,25.88035],[-80.12006,25.88038],[-80.12005,25.88042],[-80.12004,25.88045],[-80.12004,25.88048],[-80.12003,25.88051],[-80.12002,25.88054],[-80.12001,25.88058],[-80.12,25.88061],[-80.11999,25.88064],[-80.11999,25.88067],[-80.11998,25.8807],[-80.11997,25.88074],[-80.11996,25.88077],[-80.11995,25.8808],[-80.11995,25.88083],[-80.11994,25.88087],[-80.11993,25.8809],[-80.11992,25.88093],[-80.11991,25.88096],[-80.1199,25.88099],[-80.11989,25.88102],[-80.11988,25.88106],[-80.11987,25.88109],[-80.11986,25.88112],[-80.11985,25.88115],[-80.11984,25.88118],[-80.11983,25.88121],[-80.11982,25.88125],[-80.11982,25.88128],[-80.11982,25.88131],[-80.11982,25.88135],[-80.11982,25.88138],[-80.11982,25.88141],[-80.11981,25.88145],[-80.11981,25.88148],[-80.11981,25.88151],[-80.11981,25.88154],[-80.11981,25.88158],[-80.11981,25.88161],[-80.11981,25.88164],[-80.11981,25.88168],[-80.11981,25.88171],[-80.11981,25.88174],[-80.11981,25.88178],[-80.11981,25.88181],[-80.11981,25.88184],[-80.11981,25.88187],[-80.11981,25.88191],[-80.11981,25.88194],[-80.11982,25.88197],[-80.11982,25.88201],[-80.11982,25.88204],[-80.11982,25.88207],[-80.11983,25.88211],[-80.11983,25.88214],[-80.11983,25.88217],[-80.11983,25.8822],[-80.11984,25.88224],[-80.11984,25.88227],[-80.11984,25.8823],[-80.11984,25.88234],[-80.11985,25.88237],[-80.11985,25.8824],[-80.11985,25.88243],[-80.11986,25.88247],[-80.11986,25.8825],[-80.11986,25.88253],[-80.11987,25.88257],[-80.11987,25.8826],[-80.11987,25.88263],[-80.11988,25.88266],[-80.11988,25.8827],[-80.11988,25.88273],[-80.11989,25.88276],[-80.11989,25.8828],[-80.1199,25.88283],[-80.1199,25.88286],[-80.11991,25.88289],[-80.11991,25.88293],[-80.11992,25.88296],[-80.11992,25.88299],[-80.11993,25.88302],[-80.11993,25.88306],[-80.11994,25.88309],[-80.11994,25.88312],[-80.11995,25.88316],[-80.11995,25.88319],[-80.11996,25.88322],[-80.11996,25.88325],[-80.11997,25.88329],[-80.11997,25.88332],[-80.11998,25.88335],[-80.11998,25.88338],[-80.11998,25.88342],[-80.11999,25.88345],[-80.11999,25.88348],[-80.12,25.88352],[-80.12,25.88355],[-80.12,25.88358],[-80.12,25.88361],[-80.12001,25.88365],[-80.12001,25.88368],[-80.12001,25.88371],[-80.12001,25.88375],[-80.12002,25.88378],[-80.12002,25.88381],[-80.12002,25.88385],[-80.12002,25.88388],[-80.12003,25.88391],[-80.12003,25.88394],[-80.12004,25.88398],[-80.12004,25.88401],[-80.12005,25.88404],[-80.12005,25.88407],[-80.12006,25.88411],[-80.12006,25.88414],[-80.12007,25.88417],[-80.12007,25.8842],[-80.12008,25.88424],[-80.12008,25.88427],[-80.12009,25.8843],[-80.12009,25.88434],[-80.1201,25.88437],[-80.1201,25.8844],[-80.12011,25.88443],[-80.12011,25.88447],[-80.12011,25.8845],[-80.12012,25.88453],[-80.12012,25.88456],[-80.12013,25.8846],[-80.12013,25.88463],[-80.12014,25.88466],[-80.12014,25.8847],[-80.12015,25.88473],[-80.12015,25.88476],[-80.12016,25.88479],[-80.12016,25.88483],[-80.12017,25.88486],[-80.12017,25.88489],[-80.12018,25.88492],[-80.12018,25.88496],[-80.12019,25.88499],[-80.12019,25.88502],[-80.1202,25.88506],[-80.1202,25.88509],[-80.12021,25.88512],[-80.12022,25.88515],[-80.12022,25.88519],[-80.12023,25.88522],[-80.12023,25.88525],[-80.12024,25.88528],[-80.12024,25.88532],[-80.12025,25.88535],[-80.12026,25.88538],[-80.12026,25.88539],[-80.12026,25.8854],[-80.12026,25.88541],[-80.12026,25.88543],[-80.12026,25.88544],[-80.12027,25.88545],[-80.12027,25.88546],[-80.12027,25.88547],[-80.12027,25.88548],[-80.12027,25.88549],[-80.12028,25.8855],[-80.12028,25.88551],[-80.12028,25.88552],[-80.12028,25.88553],[-80.12028,25.88555],[-80.12028,25.88556],[-80.12029,25.88557],[-80.12029,25.88558],[-80.12029,25.88559],[-80.12029,25.8856],[-80.12029,25.88561],[-80.1203,25.88562],[-80.1203,25.88563],[-80.1203,25.88564],[-80.1203,25.88565],[-80.1203,25.88566],[-80.12031,25.88568],[-80.12031,25.88569],[-80.12031,25.8857],[-80.12031,25.88571],[-80.12031,25.88572],[-80.12031,25.88573],[-80.12032,25.88574],[-80.12032,25.88575],[-80.12032,25.88576],[-80.12032,25.88577],[-80.12032,25.88578],[-80.12033,25.8858],[-80.12033,25.88581],[-80.12033,25.88582],[-80.12033,25.88583],[-80.12033,25.88584],[-80.12033,25.88585],[-80.12034,25.88586],[-80.12034,25.88587],[-80.12034,25.88588],[-80.12034,25.88589],[-80.12034,25.8859],[-80.12035,25.88591],[-80.12035,25.88593],[-80.12035,25.88594],[-80.12035,25.88595],[-80.12035,25.88596],[-80.12035,25.88597],[-80.12036,25.88598],[-80.12036,25.88599],[-80.12036,25.886],[-80.12035,25.88601],[-80.12035,25.88602],[-80.12036,25.88603],[-80.12036,25.88605],[-80.12036,25.88606],[-80.12036,25.88607],[-80.12037,25.88608],[-80.12037,25.88609],[-80.12037,25.8861],[-80.12038,25.88611],[-80.12038,25.88612],[-80.12039,25.88613],[-80.12039,25.88614],[-80.12039,25.88615],[-80.1204,25.88616],[-80.1204,25.88617],[-80.12041,25.88618],[-80.12041,25.88619],[-80.12041,25.8862],[-80.12042,25.88621],[-80.12042,25.88622],[-80.12043,25.88623],[-80.12043,25.88624],[-80.12043,25.88625],[-80.12044,25.88627],[-80.12044,25.88628],[-80.12044,25.88629],[-80.12045,25.8863],[-80.12045,25.88631],[-80.12045,25.88632],[-80.12046,25.88633],[-80.12046,25.88634],[-80.12046,25.88635],[-80.12047,25.88636],[-80.12047,25.88637],[-80.12047,25.88638],[-80.12047,25.88639],[-80.12047,25.8864],[-80.12047,25.88642],[-80.12047,25.88643],[-80.12047,25.88644],[-80.12048,25.88645],[-80.12048,25.88646],[-80.12048,25.88647],[-80.12048,25.88648],[-80.12048,25.88649],[-80.12048,25.8865],[-80.12048,25.88651],[-80.12048,25.88652],[-80.12048,25.88654],[-80.12049,25.88655],[-80.12049,25.88656],[-80.12049,25.88657],[-80.12049,25.88658],[-80.12049,25.88659],[-80.12049,25.8866],[-80.12049,25.88661],[-80.12049,25.88662],[-80.1205,25.88663],[-80.1205,25.88665],[-80.1205,25.88666],[-80.1205,25.88667],[-80.1205,25.88668],[-80.1205,25.88669],[-80.1205,25.8867],[-80.1205,25.88671],[-80.1205,25.88672],[-80.12051,25.88673],[-80.12051,25.88674],[-80.12051,25.88675],[-80.12051,25.88677],[-80.12051,25.88678],[-80.12051,25.88679],[-80.12051,25.8868],[-80.12051,25.88681],[-80.12051,25.88682],[-80.12052,25.88683],[-80.12052,25.88684],[-80.12052,25.88685],[-80.12052,25.88686],[-80.12052,25.88688],[-80.12052,25.88689],[-80.12052,25.8869],[-80.12052,25.88691],[-80.12052,25.88692],[-80.12052,25.88693],[-80.12052,25.88694],[-80.12052,25.88695],[-80.12052,25.88696],[-80.12052,25.88697],[-80.12052,25.88699],[-80.12053,25.887],[-80.12053,25.88701],[-80.12053,25.88702],[-80.12053,25.88703],[-80.12053,25.88704],[-80.12053,25.88705],[-80.12053,25.88706],[-80.12053,25.88707],[-80.12054,25.88708],[-80.12054,25.88709],[-80.12054,25.88711],[-80.12054,25.88712],[-80.12054,25.88713],[-80.12054,25.88714],[-80.12055,25.88715],[-80.12055,25.88716],[-80.12055,25.88717],[-80.12055,25.88718],[-80.12055,25.88719],[-80.12056,25.88719],[-80.12056,25.8872],[-80.12056,25.88721],[-80.12056,25.88722],[-80.12056,25.88724],[-80.12057,25.88725],[-80.12057,25.88726],[-80.12057,25.88727],[-80.12057,25.88728],[-80.12057,25.88729],[-80.12057,25.8873],[-80.12057,25.88731],[-80.12058,25.88732],[-80.12058,25.88733],[-80.12058,25.88735],[-80.12058,25.88736],[-80.12058,25.88737],[-80.12058,25.88738],[-80.12058,25.88739],[-80.12058,25.8874],[-80.12058,25.88741],[-80.12058,25.88742],[-80.12058,25.88743],[-80.12059,25.88744],[-80.12059,25.88745],[-80.12059,25.88747],[-80.1206,25.88748],[-80.1206,25.88749],[-80.1206,25.8875],[-80.1206,25.88751],[-80.12061,25.88752],[-80.12061,25.88753],[-80.12061,25.88754],[-80.12062,25.88755],[-80.12062,25.88756],[-80.12062,25.88757],[-80.12063,25.88758],[-80.12063,25.88759],[-80.12063,25.8876],[-80.12064,25.88761],[-80.12064,25.88762],[-80.12064,25.88763],[-80.12065,25.88765],[-80.12065,25.88766],[-80.12066,25.88767],[-80.12066,25.88768],[-80.12066,25.88769],[-80.12067,25.8877],[-80.12067,25.88771],[-80.12067,25.88772],[-80.12068,25.88773],[-80.12068,25.88774],[-80.12069,25.88775],[-80.12069,25.88776],[-80.1207,25.88777],[-80.1207,25.88778],[-80.12071,25.88779],[-80.12071,25.8878],[-80.12071,25.8878],[-80.12072,25.88781],[-80.12072,25.88782],[-80.12073,25.88783],[-80.12073,25.88784],[-80.12074,25.88785],[-80.12074,25.88786],[-80.12075,25.88787],[-80.12075,25.88788],[-80.12076,25.88789],[-80.12076,25.8879],[-80.12077,25.88791],[-80.12077,25.88792],[-80.12078,25.88793],[-80.12078,25.88794],[-80.12079,25.88795],[-80.12079,25.88796],[-80.1208,25.88797],[-80.1208,25.88798],[-80.12081,25.88799],[-80.12081,25.888],[-80.12082,25.88801],[-80.12082,25.88802],[-80.12083,25.88803],[-80.12083,25.88804],[-80.12084,25.88805],[-80.12084,25.88806],[-80.12085,25.88807],[-80.12085,25.88808],[-80.12086,25.88809],[-80.12086,25.8881],[-80.12087,25.88812],[-80.12088,25.88814],[-80.12088,25.88816],[-80.12089,25.88818],[-80.1209,25.88821],[-80.1209,25.88823],[-80.12091,25.88825],[-80.12092,25.88827],[-80.12092,25.88829],[-80.12093,25.88831],[-80.12094,25.88833],[-80.12094,25.88835],[-80.12095,25.88838],[-80.12095,25.8884],[-80.12096,25.88842],[-80.12096,25.88844],[-80.12097,25.88846],[-80.12097,25.88848],[-80.12098,25.8885],[-80.12098,25.88853],[-80.12099,25.88855],[-80.12099,25.88857],[-80.121,25.88859],[-80.121,25.88861],[-80.121,25.88863],[-80.12101,25.88866],[-80.12101,25.88868],[-80.12102,25.8887],[-80.12102,25.88872],[-80.12102,25.88874],[-80.12103,25.88876],[-80.12103,25.88879],[-80.12104,25.88881],[-80.12104,25.88883],[-80.12104,25.88885],[-80.12105,25.88887],[-80.12105,25.8889],[-80.12105,25.88892],[-80.12106,25.88894],[-80.12106,25.88896],[-80.12106,25.88898],[-80.12107,25.889],[-80.12107,25.88903],[-80.12107,25.88905],[-80.12108,25.88907],[-80.12108,25.88909],[-80.12108,25.88911],[-80.12108,25.88914],[-80.12109,25.88916],[-80.12109,25.88918],[-80.12109,25.8892],[-80.12109,25.88922],[-80.1211,25.88925],[-80.1211,25.88927],[-80.1211,25.88929],[-80.1211,25.88931],[-80.1211,25.88933],[-80.12111,25.88935],[-80.12111,25.88938],[-80.12111,25.8894],[-80.12111,25.88942],[-80.12111,25.88944],[-80.12111,25.88946],[-80.12111,25.88949],[-80.12111,25.88951],[-80.12112,25.88953],[-80.12112,25.88955],[-80.12112,25.88957],[-80.12112,25.8896],[-80.12112,25.88962],[-80.12112,25.88964],[-80.12112,25.88966],[-80.12112,25.88968],[-80.12112,25.88971],[-80.12112,25.88973],[-80.12112,25.88975],[-80.12112,25.88977],[-80.12112,25.88979],[-80.12112,25.88982],[-80.12112,25.88984],[-80.12113,25.88986],[-80.12113,25.88988],[-80.12113,25.8899],[-80.12114,25.88993],[-80.12114,25.88995],[-80.12114,25.88997],[-80.12115,25.88999],[-80.12115,25.89001],[-80.12116,25.89003],[-80.12116,25.89006],[-80.12116,25.89008],[-80.12117,25.8901],[-80.12118,25.89012],[-80.12118,25.89014],[-80.12119,25.89016],[-80.12119,25.89018],[-80.12119,25.89021],[-80.1212,25.89023],[-80.1212,25.89025],[-80.12121,25.89027],[-80.12121,25.89029],[-80.12121,25.89032],[-80.12121,25.89034],[-80.12122,25.89036],[-80.12122,25.89038],[-80.12123,25.8904],[-80.12123,25.89042],[-80.12124,25.89045],[-80.12124,25.89047],[-80.12124,25.89049],[-80.12125,25.89051],[-80.12125,25.89053],[-80.12126,25.89055],[-80.12126,25.89057],[-80.12127,25.8906],[-80.12127,25.89062],[-80.12127,25.89064],[-80.12128,25.89066],[-80.12128,25.89068],[-80.12128,25.89071],[-80.12128,25.89073],[-80.12129,25.89075],[-80.12129,25.89077],[-80.12129,25.89079],[-80.1213,25.89081],[-80.1213,25.89084],[-80.1213,25.89086],[-80.1213,25.89088],[-80.1213,25.8909],[-80.1213,25.89092],[-80.1213,25.89095],[-80.1213,25.89097],[-80.1213,25.89099],[-80.1213,25.89101],[-80.1213,25.89103],[-80.1213,25.89106],[-80.12129,25.89108],[-80.12129,25.8911],[-80.12129,25.89112],[-80.12129,25.89114],[-80.12129,25.89117],[-80.12129,25.89119],[-80.12129,25.89121],[-80.12129,25.89123],[-80.12129,25.89125],[-80.12129,25.89128],[-80.12129,25.8913],[-80.12129,25.89132],[-80.12129,25.89134],[-80.12129,25.89136],[-80.12129,25.89139],[-80.12129,25.89141],[-80.12129,25.89143],[-80.12129,25.89145],[-80.12129,25.89147],[-80.12129,25.8915],[-80.12129,25.89152],[-80.12129,25.89154],[-80.1213,25.89156],[-80.1213,25.89158],[-80.1213,25.89161],[-80.1213,25.89163],[-80.1213,25.89165],[-80.1213,25.89167],[-80.12131,25.89169],[-80.12131,25.89172],[-80.12131,25.89174],[-80.12131,25.89176],[-80.12131,25.89178],[-80.12132,25.8918],[-80.12132,25.89182],[-80.12133,25.89185],[-80.12133,25.89187],[-80.12133,25.89189],[-80.12134,25.89191],[-80.12134,25.89193],[-80.12134,25.89196],[-80.12135,25.89198],[-80.12135,25.892],[-80.12135,25.89202],[-80.12136,25.89204],[-80.12136,25.89206],[-80.12137,25.89209],[-80.12137,25.89211],[-80.12137,25.89213],[-80.12137,25.89215],[-80.12137,25.89217],[-80.12137,25.8922],[-80.12137,25.89222],[-80.12137,25.89224],[-80.12137,25.89226],[-80.12137,25.89228],[-80.12137,25.89231],[-80.12137,25.89233],[-80.12137,25.89235],[-80.12137,25.89237],[-80.12137,25.89239],[-80.12137,25.89242],[-80.12137,25.89244],[-80.12137,25.89246],[-80.12137,25.89248],[-80.12137,25.8925],[-80.12137,25.89253],[-80.12137,25.89255],[-80.12136,25.89257],[-80.12136,25.89259],[-80.12136,25.89261],[-80.12136,25.89264],[-80.12136,25.89266],[-80.12136,25.89268],[-80.12136,25.8927],[-80.12136,25.89272],[-80.12136,25.89275],[-80.12137,25.89277],[-80.12137,25.89279],[-80.12137,25.89281],[-80.12137,25.89283],[-80.12137,25.89286],[-80.12137,25.89288],[-80.12137,25.8929],[-80.12137,25.89292],[-80.12137,25.89294],[-80.12137,25.89297],[-80.12137,25.89299],[-80.12137,25.89301],[-80.12137,25.89303],[-80.12137,25.89305],[-80.12137,25.89308],[-80.12137,25.8931],[-80.12137,25.89312],[-80.12137,25.89314],[-80.12138,25.89316],[-80.12138,25.89319],[-80.12138,25.89321],[-80.12139,25.89323],[-80.12139,25.89325],[-80.12139,25.89327],[-80.12139,25.8933],[-80.12139,25.89332],[-80.12139,25.89334],[-80.12139,25.89336],[-80.1214,25.89338],[-80.1214,25.8934],[-80.12141,25.89343],[-80.12141,25.89345],[-80.12141,25.89347],[-80.12142,25.89349],[-80.12142,25.89351],[-80.12143,25.89353],[-80.12143,25.89356],[-80.12146,25.89367],[-80.12155,25.8942],[-80.12162,25.89453],[-80.12162,25.89458],[-80.12163,25.89462],[-80.12165,25.89472],[-80.12167,25.89481],[-80.12167,25.89512],[-80.12169,25.89531],[-80.12169,25.89561],[-80.12169,25.89593],[-80.12168,25.89623],[-80.12168,25.8964],[-80.12168,25.89652],[-80.12168,25.89684],[-80.12168,25.89711],[-80.12169,25.89719],[-80.12169,25.89751],[-80.12169,25.8978],[-80.12169,25.89796],[-80.12169,25.898],[-80.12168,25.89804],[-80.12168,25.89808],[-80.12168,25.89814],[-80.12167,25.8982],[-80.12166,25.89826],[-80.12165,25.89835],[-80.12162,25.89847],[-80.12158,25.8986],[-80.12158,25.89863],[-80.12154,25.89875],[-80.12149,25.89884],[-80.12145,25.89891],[-80.12143,25.89898],[-80.12142,25.89899],[-80.1214,25.89904],[-80.12139,25.89905],[-80.12139,25.89905],[-80.12139,25.89906],[-80.12139,25.89906],[-80.12139,25.89906],[-80.12138,25.89906],[-80.12138,25.89907],[-80.12138,25.89907],[-80.12138,25.89907],[-80.12138,25.89907],[-80.12137,25.89907],[-80.12137,25.89908],[-80.12137,25.89908],[-80.12137,25.89908],[-80.12137,25.89908],[-80.12137,25.89908],[-80.12136,25.89909],[-80.12136,25.89909],[-80.12136,25.89909],[-80.12136,25.89909],[-80.12136,25.8991],[-80.12135,25.8991],[-80.12135,25.8991],[-80.12135,25.8991],[-80.12135,25.8991],[-80.12135,25.89911],[-80.12134,25.89911],[-80.12134,25.89911],[-80.12134,25.89911],[-80.12134,25.89911],[-80.12134,25.89912],[-80.12133,25.89912],[-80.12133,25.89912],[-80.12133,25.89912],[-80.12133,25.89912],[-80.12133,25.89913],[-80.12132,25.89913],[-80.12132,25.89913],[-80.12132,25.89913],[-80.12132,25.89913],[-80.12132,25.89914],[-80.12131,25.89914],[-80.12131,25.89914],[-80.12131,25.89914],[-80.12131,25.89915],[-80.1213,25.89915],[-80.1213,25.89915],[-80.1213,25.89915],[-80.1213,25.89916],[-80.1213,25.89916],[-80.1213,25.89916],[-80.12129,25.89916],[-80.12129,25.89916],[-80.12129,25.89917],[-80.12129,25.89917],[-80.12129,25.89917],[-80.12128,25.89917],[-80.12128,25.89917],[-80.12128,25.89918],[-80.12128,25.89918],[-80.12128,25.89918],[-80.12127,25.89918],[-80.12127,25.89918],[-80.12127,25.89919],[-80.12127,25.89919],[-80.12127,25.89919],[-80.12126,25.89919],[-80.12126,25.89919],[-80.12126,25.8992],[-80.12126,25.8992],[-80.12126,25.8992],[-80.12125,25.8992],[-80.12125,25.8992],[-80.12125,25.89921],[-80.12125,25.89921],[-80.12125,25.89921],[-80.12124,25.89921],[-80.12124,25.89922],[-80.12124,25.89922],[-80.12124,25.89922],[-80.12124,25.89922],[-80.12123,25.89922],[-80.12123,25.89923],[-80.12123,25.89923],[-80.12123,25.89923],[-80.12123,25.89923],[-80.12123,25.89924],[-80.12122,25.89924],[-80.12122,25.89924],[-80.12122,25.89924],[-80.12122,25.89924],[-80.12122,25.89925],[-80.12121,25.89925],[-80.12121,25.89925],[-80.12121,25.89925],[-80.12121,25.89926],[-80.12121,25.89926],[-80.12121,25.89926],[-80.1212,25.89926],[-80.1212,25.89926],[-80.1212,25.89927],[-80.1212,25.89927],[-80.1212,25.89927],[-80.1212,25.89927],[-80.12119,25.89928],[-80.12119,25.89928],[-80.12119,25.89928],[-80.12119,25.89928],[-80.12119,25.89928],[-80.12118,25.89929],[-80.12118,25.89929],[-80.12118,25.89929],[-80.12118,25.89929],[-80.12118,25.89929],[-80.12117,25.8993],[-80.12117,25.8993],[-80.12117,25.8993],[-80.12117,25.8993],[-80.12117,25.8993],[-80.12116,25.89931],[-80.12116,25.89931],[-80.12116,25.89931],[-80.12116,25.89931],[-80.12115,25.89931],[-80.12115,25.89932],[-80.12115,25.89932],[-80.12115,25.89932],[-80.12115,25.89932],[-80.12114,25.89932],[-80.12114,25.89933],[-80.12114,25.89933],[-80.12114,25.89933],[-80.12114,25.89933],[-80.12113,25.89934],[-80.12113,25.89934],[-80.12113,25.89934],[-80.12113,25.89934],[-80.12113,25.89934],[-80.12112,25.89935],[-80.12112,25.89935],[-80.12112,25.89935],[-80.12112,25.89935],[-80.12112,25.89935],[-80.12111,25.89936],[-80.12111,25.89936],[-80.12111,25.89936],[-80.12111,25.89936],[-80.12111,25.89936],[-80.1211,25.89937],[-80.1211,25.89937],[-80.1211,25.89937],[-80.1211,25.89937],[-80.1211,25.89937],[-80.12109,25.89938],[-80.12109,25.89938],[-80.12109,25.89938],[-80.12109,25.89938],[-80.12109,25.89939],[-80.12109,25.89939],[-80.12108,25.89939],[-80.12108,25.89939],[-80.12108,25.8994],[-80.12108,25.8994],[-80.12108,25.8994],[-80.12108,25.8994],[-80.12108,25.8994],[-80.12107,25.89941],[-80.12107,25.89941],[-80.12107,25.89941],[-80.12107,25.89941],[-80.12107,25.89942],[-80.12107,25.89942],[-80.12107,25.89942],[-80.12107,25.89942],[-80.12106,25.89942],[-80.12106,25.89943],[-80.12106,25.89943],[-80.12106,25.89943],[-80.12106,25.89943],[-80.12106,25.89944],[-80.12106,25.89944],[-80.12105,25.89944],[-80.12105,25.89944],[-80.12105,25.89945],[-80.12105,25.89945],[-80.12105,25.89945],[-80.12105,25.89945],[-80.12104,25.89945],[-80.12104,25.89945],[-80.12104,25.89945],[-80.12104,25.89945],[-80.12103,25.89945],[-80.12103,25.89945],[-80.12103,25.89945],[-80.12102,25.89945],[-80.12102,25.89945],[-80.12102,25.89945],[-80.12101,25.89945],[-80.12101,25.89945],[-80.12101,25.89945],[-80.121,25.89945],[-80.121,25.89945],[-80.121,25.89945],[-80.121,25.89945],[-80.12099,25.89945],[-80.12099,25.89945],[-80.12099,25.89945],[-80.12099,25.89945],[-80.12098,25.89945],[-80.12098,25.89945],[-80.12098,25.89945],[-80.12097,25.89945],[-80.12097,25.89945],[-80.12097,25.89945],[-80.12097,25.89945],[-80.12096,25.89945],[-80.12096,25.89945],[-80.12096,25.89945],[-80.12096,25.89945],[-80.12095,25.89945],[-80.12095,25.89945],[-80.12095,25.89945],[-80.12094,25.89945],[-80.12094,25.89945],[-80.12094,25.89945],[-80.12093,25.89945],[-80.12093,25.89945],[-80.12093,25.89945],[-80.12093,25.89945],[-80.12092,25.89945],[-80.12092,25.89945],[-80.12092,25.89945],[-80.12091,25.89945],[-80.12091,25.89946],[-80.12091,25.89946],[-80.1209,25.89945],[-80.1209,25.89946],[-80.1209,25.89946],[-80.1209,25.89946],[-80.12089,25.89946],[-80.12089,25.89946],[-80.12089,25.89946],[-80.12088,25.89946],[-80.12088,25.89946],[-80.12088,25.89946],[-80.12087,25.89946],[-80.12087,25.89946],[-80.12087,25.89945],[-80.12087,25.89945],[-80.12086,25.89945],[-80.12086,25.89945],[-80.12086,25.89945],[-80.12085,25.89945],[-80.12085,25.89945],[-80.12085,25.89945],[-80.12084,25.89945],[-80.12084,25.89945],[-80.12084,25.89945],[-80.12083,25.89945],[-80.12083,25.89945],[-80.12083,25.89945],[-80.12083,25.89945],[-80.12082,25.89945],[-80.12082,25.89945],[-80.12082,25.89945],[-80.12081,25.89944],[-80.12081,25.89944],[-80.12081,25.89944],[-80.12081,25.89944],[-80.1208,25.89944],[-80.1208,25.89944],[-80.1208,25.89944],[-80.12079,25.89944],[-80.12079,25.89944],[-80.12079,25.89944],[-80.12079,25.89943],[-80.12078,25.89943],[-80.12078,25.89943],[-80.12078,25.89943],[-80.12078,25.89943],[-80.12077,25.89943],[-80.12077,25.89943],[-80.12077,25.89943],[-80.12076,25.89943],[-80.12076,25.89942],[-80.12076,25.89942],[-80.12076,25.89942],[-80.12075,25.89942],[-80.12075,25.89942],[-80.12075,25.89942],[-80.12075,25.89942],[-80.12074,25.89941],[-80.12074,25.89941],[-80.12074,25.89941],[-80.12074,25.89941],[-80.12073,25.89941],[-80.12073,25.89941],[-80.12073,25.8994],[-80.12073,25.8994],[-80.12072,25.8994],[-80.12072,25.8994],[-80.12072,25.8994],[-80.12072,25.8994],[-80.12071,25.89939],[-80.12071,25.89939],[-80.12071,25.89939],[-80.12071,25.89939],[-80.12071,25.89939],[-80.1207,25.89938],[-80.1207,25.89938],[-80.1207,25.89938],[-80.1207,25.89938],[-80.12069,25.89938],[-80.12069,25.89938],[-80.12069,25.89937],[-80.12069,25.89937],[-80.12068,25.89937],[-80.12068,25.89937],[-80.12068,25.89937],[-80.12068,25.89937],[-80.12067,25.89936],[-80.12067,25.89936],[-80.12067,25.89936],[-80.12067,25.89936],[-80.12067,25.89936],[-80.12066,25.89935],[-80.12066,25.89935],[-80.12066,25.89935],[-80.12066,25.89935],[-80.12065,25.89935],[-80.12065,25.89935],[-80.12065,25.89934],[-80.12065,25.89934],[-80.12065,25.89934],[-80.12064,25.89934],[-80.12064,25.89934],[-80.12064,25.89933],[-80.12064,25.89933],[-80.12063,25.89933],[-80.12063,25.89933],[-80.12063,25.89933],[-80.12063,25.89932],[-80.12063,25.89932],[-80.12062,25.89932],[-80.12062,25.89932],[-80.12062,25.89932],[-80.12062,25.89932],[-80.12061,25.89931],[-80.12061,25.89931],[-80.12061,25.89931],[-80.12061,25.89931],[-80.12061,25.89931],[-80.1206,25.8993],[-80.1206,25.8993],[-80.1206,25.8993],[-80.1206,25.8993],[-80.1206,25.8993],[-80.12059,25.89929],[-80.12059,25.89929],[-80.12059,25.89929],[-80.12059,25.89929],[-80.12059,25.89929],[-80.12058,25.89928],[-80.12058,25.89928],[-80.12058,25.89928],[-80.12058,25.89928],[-80.12058,25.89928],[-80.12058,25.89927],[-80.12058,25.89927],[-80.12057,25.89927],[-80.12057,25.89927],[-80.12057,25.89926],[-80.12057,25.89926],[-80.12057,25.89926],[-80.12057,25.89926],[-80.12057,25.89925],[-80.12056,25.89925],[-80.12056,25.89925],[-80.12056,25.89925],[-80.12056,25.89924],[-80.12056,25.89924],[-80.12056,25.89924],[-80.12056,25.89924],[-80.12056,25.89923],[-80.12055,25.89923],[-80.12055,25.89923],[-80.12055,25.89923],[-80.12055,25.89922],[-80.12055,25.89922],[-80.12055,25.89922],[-80.12055,25.89922],[-80.12055,25.89921],[-80.12055,25.89921],[-80.12054,25.89921],[-80.12054,25.89921],[-80.12054,25.8992],[-80.12054,25.8992],[-80.12054,25.8992],[-80.12054,25.89919],[-80.12054,25.89919],[-80.12054,25.89919],[-80.12054,25.89919],[-80.12054,25.89918],[-80.12054,25.89918],[-80.12054,25.89918],[-80.12054,25.89918],[-80.12054,25.89917],[-80.12054,25.89917],[-80.12054,25.89917],[-80.12054,25.89916],[-80.12054,25.89916],[-80.12054,25.89916],[-80.12054,25.89916],[-80.12054,25.89915],[-80.12054,25.89915],[-80.12054,25.89915],[-80.12054,25.89915],[-80.12054,25.89914],[-80.12054,25.89914],[-80.12054,25.89914],[-80.12054,25.89913],[-80.12054,25.89913],[-80.12054,25.89913],[-80.12054,25.89913],[-80.12054,25.89912],[-80.12054,25.89912],[-80.12054,25.89912],[-80.12054,25.89911],[-80.12054,25.89911],[-80.12054,25.89911],[-80.12054,25.89911],[-80.12054,25.8991],[-80.12054,25.8991],[-80.12054,25.8991],[-80.12054,25.8991],[-80.12054,25.89909],[-80.12054,25.89909],[-80.12054,25.89909],[-80.12054,25.89908],[-80.12054,25.89908],[-80.12054,25.89908],[-80.12054,25.89908],[-80.12054,25.89907],[-80.12054,25.89907],[-80.12053,25.89907],[-80.12053,25.89907],[-80.12053,25.89906],[-80.12053,25.89906],[-80.12053,25.89906],[-80.12053,25.89905],[-80.12053,25.89905],[-80.12053,25.89905],[-80.12053,25.89905],[-80.12053,25.89904],[-80.12053,25.89904],[-80.12053,25.89904],[-80.12053,25.89904],[-80.12053,25.89903],[-80.12053,25.89903],[-80.12053,25.89903],[-80.12053,25.89903],[-80.12052,25.89902],[-80.12052,25.89902],[-80.12052,25.89902],[-80.12052,25.89902],[-80.12052,25.89901],[-80.12052,25.89901],[-80.12051,25.89901],[-80.12051,25.89901],[-80.12051,25.89901],[-80.12051,25.899],[-80.1205,25.899],[-80.1205,25.899],[-80.1205,25.899],[-80.1205,25.899],[-80.12049,25.899],[-80.12049,25.899],[-80.12049,25.89899],[-80.12049,25.89899],[-80.12048,25.89899],[-80.12048,25.89899],[-80.12048,25.89899],[-80.12047,25.89899],[-80.12047,25.89899],[-80.12047,25.89899],[-80.12047,25.89898],[-80.12046,25.89898],[-80.12046,25.89898],[-80.12046,25.89898],[-80.12045,25.89898],[-80.12045,25.89898],[-80.12045,25.89898],[-80.12044,25.89898],[-80.12044,25.89898],[-80.12044,25.89899],[-80.12044,25.89899],[-80.12043,25.89899],[-80.12043,25.89899],[-80.12043,25.89899],[-80.12043,25.89899],[-80.12042,25.899],[-80.12042,25.899],[-80.12042,25.899],[-80.12042,25.899],[-80.12042,25.899],[-80.12041,25.89901],[-80.12041,25.89901],[-80.12041,25.89901],[-80.12041,25.89901],[-80.12041,25.89902],[-80.12041,25.89902],[-80.12041,25.89902],[-80.1204,25.89902],[-80.1204,25.89903],[-80.1204,25.89903],[-80.1204,25.89903],[-80.1204,25.89903],[-80.1204,25.89904],[-80.1204,25.89904],[-80.1204,25.89904],[-80.1204,25.89904],[-80.1204,25.89905],[-80.1204,25.89905],[-80.1204,25.89905],[-80.1204,25.89906],[-80.1204,25.89906],[-80.1204,25.89906],[-80.1204,25.89906],[-80.1204,25.89907],[-80.1204,25.89907],[-80.1204,25.89907],[-80.1204,25.89907],[-80.1204,25.89908],[-80.1204,25.89908],[-80.1204,25.89908],[-80.1204,25.89909],[-80.1204,25.89909],[-80.1204,25.89909],[-80.1204,25.89909],[-80.1204,25.8991],[-80.1204,25.8991],[-80.1204,25.8991],[-80.1204,25.8991],[-80.1204,25.89911],[-80.1204,25.89911],[-80.1204,25.89911],[-80.1204,25.89912],[-80.1204,25.89912],[-80.1204,25.89912],[-80.1204,25.89912],[-80.1204,25.89913],[-80.1204,25.89913],[-80.1204,25.89913],[-80.1204,25.89913],[-80.1204,25.89914],[-80.1204,25.89914],[-80.1204,25.89914],[-80.12041,25.89915],[-80.12041,25.89915],[-80.12041,25.89915],[-80.12041,25.89915],[-80.12041,25.89915],[-80.12042,25.89915],[-80.12042,25.89914],[-80.12042,25.89914],[-80.12042,25.89915],[-80.12042,25.89915],[-80.12043,25.89915],[-80.12043,25.89915],[-80.12043,25.89915],[-80.12043,25.89916],[-80.12043,25.89916],[-80.12043,25.89916],[-80.12043,25.89916],[-80.12043,25.89917],[-80.12043,25.89917],[-80.12043,25.89917],[-80.12043,25.89918],[-80.12043,25.89918],[-80.12043,25.89918],[-80.12044,25.89918],[-80.12044,25.89919],[-80.12044,25.89919],[-80.12044,25.89919],[-80.12044,25.8992],[-80.12044,25.8992],[-80.12044,25.8992],[-80.12044,25.8992],[-80.12044,25.89921],[-80.12044,25.89921],[-80.12044,25.89921],[-80.12044,25.89922],[-80.12044,25.89922],[-80.12044,25.89922],[-80.12044,25.89922],[-80.12045,25.89923],[-80.12045,25.89923],[-80.12045,25.89923],[-80.12045,25.89923],[-80.12045,25.89924],[-80.12045,25.89924],[-80.12045,25.89924],[-80.12045,25.89924],[-80.12045,25.89925],[-80.12045,25.89925],[-80.12045,25.89925],[-80.12045,25.89926],[-80.12046,25.89926],[-80.12046,25.89926],[-80.12046,25.89926],[-80.12046,25.89927],[-80.12046,25.89927],[-80.12046,25.89927],[-80.12046,25.89927],[-80.12046,25.89928],[-80.12046,25.89928],[-80.12046,25.89928],[-80.12047,25.89928],[-80.12047,25.89929],[-80.12047,25.89929],[-80.12047,25.89929],[-80.12047,25.89929],[-80.12047,25.8993],[-80.12047,25.8993],[-80.12047,25.8993],[-80.12047,25.8993],[-80.12048,25.89931],[-80.12048,25.89931],[-80.12048,25.89931],[-80.12048,25.89931],[-80.12048,25.89932],[-80.12048,25.89932],[-80.12048,25.89932],[-80.12049,25.89932],[-80.12049,25.89933],[-80.12049,25.89933],[-80.12049,25.89933],[-80.12049,25.89933],[-80.12049,25.89933],[-80.1205,25.89934],[-80.1205,25.89934],[-80.1205,25.89934],[-80.1205,25.89934],[-80.1205,25.89935],[-80.12051,25.89935],[-80.12051,25.89935],[-80.12051,25.89935],[-80.12051,25.89935],[-80.12051,25.89936],[-80.12052,25.89936],[-80.12052,25.89936],[-80.12052,25.89936],[-80.12052,25.89936],[-80.12052,25.89937],[-80.12053,25.89937],[-80.12053,25.89937],[-80.12053,25.89937],[-80.12053,25.89937],[-80.12053,25.89938],[-80.12054,25.89938],[-80.12054,25.89938],[-80.12054,25.89938],[-80.12054,25.89939],[-80.12054,25.89939],[-80.12055,25.89939],[-80.12055,25.89939],[-80.12055,25.89939],[-80.12055,25.8994],[-80.12055,25.8994],[-80.12056,25.8994],[-80.12056,25.8994],[-80.12056,25.8994],[-80.12056,25.89941],[-80.12057,25.89941],[-80.12057,25.89941],[-80.12057,25.89941],[-80.12057,25.89941],[-80.12057,25.89942],[-80.12058,25.89942],[-80.12058,25.89942],[-80.12058,25.89942],[-80.12058,25.89942],[-80.12058,25.89943],[-80.12059,25.89943],[-80.12059,25.89943],[-80.12059,25.89943],[-80.12059,25.89943],[-80.1206,25.89943],[-80.1206,25.89944],[-80.1206,25.89944],[-80.1206,25.89944],[-80.12061,25.89944],[-80.12061,25.89944],[-80.12061,25.89944],[-80.12061,25.89945],[-80.12062,25.89945],[-80.12062,25.89945],[-80.12062,25.89945],[-80.12062,25.89945],[-80.12063,25.89945],[-80.12063,25.89946],[-80.12063,25.89946],[-80.12063,25.89946],[-80.12064,25.89946],[-80.12064,25.89946],[-80.12064,25.89946],[-80.12064,25.89947],[-80.12065,25.89947],[-80.12065,25.89947],[-80.12065,25.89947],[-80.12065,25.89947],[-80.12066,25.89947],[-80.12066,25.89947],[-80.12066,25.89948],[-80.12066,25.89948],[-80.12067,25.89948],[-80.12067,25.89948],[-80.12067,25.89948],[-80.12067,25.89948],[-80.12068,25.89948],[-80.12068,25.89949],[-80.12068,25.89949],[-80.12068,25.89949],[-80.12069,25.89949],[-80.12069,25.89949],[-80.12069,25.89949],[-80.12069,25.89949],[-80.1207,25.8995],[-80.1207,25.8995],[-80.1207,25.8995],[-80.1207,25.8995],[-80.12071,25.8995],[-80.12071,25.8995],[-80.12071,25.8995],[-80.12072,25.8995],[-80.12072,25.89951],[-80.12072,25.89951],[-80.12072,25.89951],[-80.12073,25.89951],[-80.12073,25.89951],[-80.12073,25.89951],[-80.12074,25.89951],[-80.12074,25.89951],[-80.12074,25.89951],[-80.12074,25.89951],[-80.12075,25.89951],[-80.12075,25.89951],[-80.12075,25.89952],[-80.12076,25.89952],[-80.12076,25.89952],[-80.12076,25.89952],[-80.12076,25.89952],[-80.12077,25.89952],[-80.12077,25.89952],[-80.12077,25.89952],[-80.12078,25.89952],[-80.12078,25.89952],[-80.12078,25.89952],[-80.12079,25.89952],[-80.12079,25.89953],[-80.12079,25.89953],[-80.12079,25.89953],[-80.1208,25.89953],[-80.1208,25.89953],[-80.1208,25.89953],[-80.12081,25.89953],[-80.12081,25.89953],[-80.12081,25.89953],[-80.12081,25.89953],[-80.12082,25.89953],[-80.12082,25.89953],[-80.12082,25.89953],[-80.12083,25.89953],[-80.12083,25.89953],[-80.12083,25.89953],[-80.12084,25.89953],[-80.12084,25.89954],[-80.12084,25.89954],[-80.12084,25.89954],[-80.12085,25.89954],[-80.12085,25.89954],[-80.12085,25.89954],[-80.12086,25.89954],[-80.12086,25.89954],[-80.12086,25.89954],[-80.12087,25.89954],[-80.12087,25.89954],[-80.12087,25.89954],[-80.12088,25.89954],[-80.12088,25.89954],[-80.12088,25.89954],[-80.12088,25.89954],[-80.12089,25.89954],[-80.12089,25.89954],[-80.12089,25.89954],[-80.1209,25.89954],[-80.1209,25.89954],[-80.1209,25.89954],[-80.12091,25.89954],[-80.12091,25.89954],[-80.12091,25.89954],[-80.12091,25.89954],[-80.12092,25.89954],[-80.12092,25.89954],[-80.12092,25.89954],[-80.12093,25.89954],[-80.12093,25.89954],[-80.12093,25.89954],[-80.12093,25.89954],[-80.12094,25.89954],[-80.12094,25.89954],[-80.12094,25.89954],[-80.12094,25.89954],[-80.12095,25.89954],[-80.12095,25.89954],[-80.12095,25.89954],[-80.12096,25.89954],[-80.12096,25.89954],[-80.12096,25.89954],[-80.12097,25.89954],[-80.12097,25.89954],[-80.12097,25.89954],[-80.12098,25.89954],[-80.12098,25.89954],[-80.12098,25.89954],[-80.12098,25.89954],[-80.12099,25.89954],[-80.12099,25.89954],[-80.12099,25.89954],[-80.121,25.89954],[-80.121,25.89954],[-80.121,25.89954],[-80.12101,25.89954],[-80.12101,25.89954],[-80.12101,25.89954],[-80.12101,25.89954],[-80.12102,25.89954],[-80.12102,25.89954],[-80.12102,25.89954],[-80.12103,25.89954],[-80.12103,25.89954],[-80.12103,25.89954],[-80.12104,25.89954],[-80.12104,25.89954],[-80.12104,25.89954],[-80.12105,25.89954],[-80.12105,25.89954],[-80.12105,25.89954],[-80.12105,25.89954],[-80.12106,25.89954],[-80.12106,25.89954],[-80.12106,25.89954],[-80.12107,25.89954],[-80.12107,25.89954],[-80.12107,25.89954],[-80.12108,25.89954],[-80.12108,25.89954],[-80.12108,25.89953],[-80.12108,25.89953],[-80.12109,25.89953],[-80.12109,25.89953],[-80.12109,25.89953],[-80.1211,25.89953],[-80.1211,25.89953],[-80.1211,25.89953],[-80.12111,25.89953],[-80.12111,25.89953],[-80.12111,25.89953],[-80.12112,25.89953],[-80.12112,25.89953],[-80.12112,25.89953],[-80.12112,25.89953],[-80.12113,25.89953],[-80.12113,25.89953],[-80.12113,25.89953],[-80.12114,25.89953],[-80.12114,25.89953],[-80.12114,25.89953],[-80.12114,25.89953],[-80.12115,25.89953],[-80.12115,25.89953],[-80.12115,25.89953],[-80.12115,25.89953],[-80.12116,25.89953],[-80.12116,25.89953],[-80.12116,25.89953],[-80.12117,25.89953],[-80.12117,25.89953],[-80.12117,25.89953],[-80.12118,25.89953],[-80.12118,25.89953],[-80.12118,25.89953],[-80.12118,25.89953],[-80.12119,25.89953],[-80.12119,25.89953],[-80.12119,25.89953],[-80.1212,25.89953],[-80.1212,25.89953],[-80.1212,25.89953],[-80.12121,25.89953],[-80.12121,25.89953],[-80.12121,25.89953],[-80.12122,25.89953],[-80.12122,25.89953],[-80.12122,25.89953],[-80.12122,25.89953],[-80.12123,25.89953],[-80.12123,25.89953],[-80.12123,25.89953],[-80.12124,25.89953],[-80.12124,25.89953],[-80.12124,25.89953],[-80.12125,25.89953],[-80.12125,25.89953],[-80.12125,25.89953],[-80.12125,25.89953],[-80.12125,25.89953],[-80.12126,25.89953],[-80.12126,25.89953],[-80.12126,25.89952],[-80.12127,25.89952],[-80.12127,25.89952],[-80.12127,25.89952],[-80.12127,25.89952],[-80.12127,25.89952],[-80.12128,25.89952],[-80.12128,25.89952],[-80.12128,25.89952],[-80.12128,25.89952],[-80.12128,25.89952],[-80.12129,25.89952],[-80.12129,25.89952],[-80.12129,25.89952],[-80.12129,25.89952],[-80.1213,25.89952],[-80.1213,25.89952],[-80.1213,25.89952],[-80.12131,25.89952],[-80.12131,25.89952],[-80.12131,25.89952],[-80.12132,25.89952],[-80.12132,25.89952],[-80.12132,25.89952],[-80.12132,25.89952],[-80.12133,25.89952],[-80.12133,25.89952],[-80.12133,25.89952],[-80.12134,25.89952],[-80.12134,25.89952],[-80.12134,25.89952],[-80.12135,25.89952],[-80.12135,25.89952],[-80.12135,25.89952],[-80.12136,25.89952],[-80.12136,25.89952],[-80.12136,25.89952],[-80.12136,25.89952],[-80.12137,25.89952],[-80.12137,25.89952],[-80.12137,25.89952],[-80.12138,25.89952],[-80.12138,25.89952],[-80.12138,25.89952],[-80.12139,25.89952],[-80.12146,25.89952],[-80.12168,25.89951],[-80.12202,25.8995],[-80.12213,25.8995],[-80.12224,25.89949],[-80.12236,25.89948],[-80.12243,25.89948],[-80.12245,25.89948],[-80.12245,25.89948],[-80.12245,25.89948],[-80.12246,25.89948],[-80.12246,25.89948],[-80.12247,25.89948],[-80.12248,25.89948],[-80.12249,25.89947],[-80.12249,25.89947],[-80.12252,25.89945],[-80.12278,25.89943],[-80.12316,25.89941],[-80.12369,25.89938],[-80.12414,25.89937],[-80.12414,25.89937],[-80.12415,25.89937],[-80.1242,25.89937],[-80.12423,25.89937],[-80.12447,25.89936],[-80.1245,25.89936],[-80.12467,25.89935],[-80.12468,25.89935],[-80.12476,25.89935],[-80.12485,25.89934],[-80.12534,25.89933],[-80.12588,25.8993],[-80.12588,25.8993],[-80.12595,25.8993],[-80.12655,25.89927],[-80.12689,25.89926],[-80.12693,25.89926],[-80.12693,25.89926],[-80.12699,25.89925],[-80.12703,25.89924],[-80.12704,25.89924],[-80.12706,25.89924],[-80.12713,25.89923],[-80.12714,25.89922],[-80.12715,25.89922],[-80.12715,25.89922],[-80.12718,25.89922],[-80.12779,25.8992],[-80.12826,25.89918],[-80.12836,25.89918],[-80.12869,25.89917],[-80.12957,25.89914],[-80.12979,25.89914],[-80.1299,25.89914],[-80.13009,25.89914],[-80.13139,25.89912],[-80.13201,25.89911],[-80.13201,25.89911],[-80.1309,25.89564],[-80.12946,25.89112],[-80.12938,25.89089],[-80.12812,25.88684],[-80.12801,25.88685],[-80.12782,25.88685],[-80.12768,25.88686],[-80.12767,25.88676],[-80.12764,25.88639],[-80.12761,25.8861],[-80.1276,25.88593],[-80.12756,25.88556],[-80.12755,25.8855],[-80.12755,25.88543],[-80.12752,25.88519],[-80.12752,25.88517],[-80.1275,25.88497],[-80.12744,25.88434],[-80.12739,25.88386],[-80.12738,25.88379],[-80.12738,25.88375],[-80.12735,25.88348],[-80.12734,25.88335],[-80.12734,25.88325],[-80.12733,25.88318],[-80.12733,25.88318],[-80.12734,25.88299],[-80.12734,25.88293],[-80.12736,25.88285],[-80.12738,25.8828],[-80.12739,25.88274],[-80.12744,25.88262],[-80.12746,25.88258],[-80.12754,25.88241],[-80.12759,25.88231],[-80.12762,25.88227],[-80.12775,25.882],[-80.12776,25.88197],[-80.12793,25.88166],[-80.12806,25.88142],[-80.12828,25.88105],[-80.12866,25.88048],[-80.12886,25.88017],[-80.12898,25.88001],[-80.12914,25.87978],[-80.12928,25.87957],[-80.12929,25.87956],[-80.1293,25.87953],[-80.12937,25.87943],[-80.12952,25.8792],[-80.12958,25.8791],[-80.12964,25.87901],[-80.12969,25.87889],[-80.1297,25.87888],[-80.12973,25.87881],[-80.12977,25.87868],[-80.12979,25.87865],[-80.12984,25.87847],[-80.12988,25.8783],[-80.1299,25.87819],[-80.12996,25.87793],[-80.12997,25.87788],[-80.13055,25.87798],[-80.13103,25.87807],[-80.13103,25.87808],[-80.13103,25.87813],[-80.13103,25.87814],[-80.13101,25.87823],[-80.131,25.87829],[-80.13099,25.87832],[-80.13095,25.87847],[-80.13092,25.87857],[-80.1309,25.87862],[-80.13088,25.87867],[-80.13085,25.87875],[-80.13082,25.87882],[-80.13079,25.8789],[-80.13073,25.87903],[-80.13065,25.87919],[-80.13062,25.87925],[-80.13056,25.87935],[-80.13048,25.87948],[-80.13039,25.87961],[-80.1303,25.87973],[-80.13026,25.87978],[-80.13024,25.8798],[-80.13022,25.87983],[-80.13004,25.88009],[-80.13062,25.88053],[-80.13108,25.88081],[-80.1321,25.88156],[-80.1323,25.8817],[-80.1325,25.88184],[-80.13272,25.88198],[-80.13292,25.8821],[-80.1332,25.88225],[-80.13335,25.88234],[-80.13377,25.88255],[-80.134,25.88265],[-80.13411,25.8827],[-80.13423,25.88275],[-80.13467,25.88292],[-80.13513,25.88308],[-80.13557,25.88321],[-80.13667,25.88345],[-80.14088,25.88474],[-80.14099,25.88434],[-80.141,25.88432],[-80.14105,25.88422],[-80.14107,25.88411],[-80.14112,25.88394],[-80.14115,25.88384],[-80.14121,25.88363],[-80.14123,25.88354],[-80.14124,25.88352],[-80.14125,25.88348],[-80.14125,25.88348],[-80.14136,25.88315],[-80.14137,25.88303],[-80.14145,25.88271],[-80.14146,25.88268],[-80.14147,25.88263],[-80.14152,25.88245],[-80.14155,25.88234],[-80.14157,25.88225],[-80.14163,25.88202],[-80.14164,25.88195],[-80.14171,25.88164],[-80.14173,25.88154],[-80.14174,25.88149],[-80.14176,25.88138],[-80.14181,25.88114],[-80.14187,25.88084],[-80.14187,25.88083],[-80.14188,25.88076],[-80.14192,25.88057],[-80.14194,25.88048],[-80.14195,25.88045],[-80.14195,25.88039],[-80.14201,25.88003],[-80.14203,25.87992],[-80.14207,25.87965],[-80.14208,25.87961],[-80.14208,25.87957],[-80.14211,25.87939],[-80.14214,25.87919],[-80.14215,25.87907],[-80.14215,25.87905],[-80.1422,25.87861],[-80.14221,25.87852],[-80.14222,25.87851],[-80.14222,25.87851],[-80.14225,25.87822],[-80.14225,25.87815],[-80.14227,25.87796],[-80.14229,25.8778],[-80.14229,25.87774],[-80.14232,25.87732],[-80.14235,25.87691],[-80.14235,25.87687],[-80.14236,25.87653],[-80.14237,25.87647],[-80.14237,25.87645],[-80.14237,25.87644],[-80.14237,25.87641],[-80.14238,25.87577],[-80.1424,25.87577],[-80.14243,25.87577],[-80.14246,25.87577],[-80.14254,25.87577],[-80.14254,25.87577],[-80.14254,25.87576],[-80.14254,25.87541],[-80.14254,25.87541],[-80.14254,25.87541],[-80.14249,25.87541],[-80.14246,25.87541],[-80.1424,25.87541],[-80.14239,25.87541],[-80.14239,25.87519],[-80.14239,25.8751],[-80.14239,25.8748],[-80.14239,25.87476],[-80.14239,25.87475],[-80.14238,25.87458],[-80.14236,25.87446],[-80.14235,25.87439],[-80.14235,25.87438],[-80.14235,25.87436],[-80.14234,25.87432],[-80.14232,25.87425],[-80.14232,25.87422],[-80.1423,25.87417],[-80.14228,25.8741],[-80.14227,25.87406],[-80.14222,25.87394],[-80.14221,25.87392],[-80.14221,25.87391],[-80.14214,25.87376],[-80.14213,25.87373],[-80.14211,25.87368],[-80.14209,25.87365],[-80.14207,25.87362],[-80.142,25.87351],[-80.14191,25.87338],[-80.14181,25.87326],[-80.14177,25.8732],[-80.1417,25.87314],[-80.14157,25.873],[-80.1415,25.87294],[-80.14145,25.87291],[-80.14134,25.87283],[-80.14133,25.87283],[-80.14126,25.87278],[-80.14119,25.87273],[-80.14112,25.87269],[-80.14111,25.87268],[-80.14105,25.87264],[-80.14087,25.87255],[-80.14074,25.8725],[-80.14069,25.87248],[-80.14061,25.87245],[-80.14051,25.87242],[-80.14047,25.87241],[-80.14044,25.87241],[-80.14035,25.87238],[-80.14021,25.87235],[-80.14017,25.87234],[-80.14013,25.87232],[-80.14007,25.87232],[-80.13998,25.87231],[-80.13983,25.87229],[-80.13979,25.87229],[-80.13977,25.87229],[-80.13977,25.87229],[-80.13954,25.87224],[-80.13909,25.87231],[-80.13906,25.87231],[-80.13892,25.87232],[-80.1388,25.87233],[-80.13869,25.87234],[-80.13861,25.87234],[-80.13849,25.87236],[-80.13839,25.87237],[-80.1383,25.87238],[-80.1382,25.87239],[-80.13793,25.87243],[-80.13785,25.87245],[-80.13771,25.87248],[-80.13765,25.87249],[-80.13761,25.8725],[-80.13743,25.87253],[-80.13728,25.87257],[-80.13726,25.87257],[-80.13715,25.8726],[-80.137,25.87264],[-80.13679,25.87269],[-80.13676,25.8727],[-80.13671,25.87272],[-80.13652,25.87277],[-80.13646,25.87279],[-80.1363,25.87285],[-80.13617,25.87289],[-80.13581,25.87303],[-80.13564,25.87309],[-80.13544,25.87318],[-80.13516,25.87331],[-80.13507,25.87335],[-80.1349,25.87343],[-80.13479,25.87349],[-80.13466,25.87356],[-80.13464,25.87357],[-80.13453,25.87363],[-80.1345,25.87364],[-80.13433,25.87374],[-80.13431,25.87376],[-80.1342,25.87383],[-80.1341,25.87389],[-80.13392,25.874],[-80.1338,25.87408],[-80.13372,25.87414],[-80.13352,25.87429],[-80.13335,25.87441],[-80.13318,25.87455],[-80.1331,25.87461],[-80.13301,25.87469],[-80.13295,25.87473],[-80.13286,25.87482],[-80.13276,25.87491],[-80.13272,25.87494],[-80.13257,25.87509],[-80.13243,25.87524],[-80.13232,25.87537],[-80.13224,25.87547],[-80.1322,25.87551],[-80.13219,25.87552],[-80.13204,25.8757],[-80.13192,25.87588],[-80.13179,25.87609],[-80.13173,25.87619],[-80.13164,25.87636],[-80.1316,25.87642],[-80.13158,25.87646],[-80.13154,25.87653],[-80.13148,25.87665],[-80.13146,25.87671],[-80.13141,25.87681],[-80.13133,25.87702],[-80.13125,25.87722],[-80.1312,25.8774],[-80.13114,25.87758],[-80.13113,25.87762],[-80.13113,25.87764],[-80.13111,25.87766],[-80.13109,25.87768],[-80.13107,25.87768],[-80.13105,25.87769],[-80.13104,25.87769],[-80.13105,25.87772],[-80.13105,25.87775],[-80.13105,25.87775],[-80.13104,25.87792],[-80.13103,25.87796],[-80.13057,25.87788],[-80.13,25.87778],[-80.13002,25.87769],[-80.13007,25.87743],[-80.13007,25.8774],[-80.13008,25.87738],[-80.13009,25.87735],[-80.13011,25.87723],[-80.13017,25.87697],[-80.13024,25.87664],[-80.13029,25.87648],[-80.1303,25.87642],[-80.13034,25.87633],[-80.13035,25.87629],[-80.13042,25.87615],[-80.13046,25.87608],[-80.13053,25.87599],[-80.13056,25.87594],[-80.13064,25.87584],[-80.1307,25.87575],[-80.13075,25.8757],[-80.13094,25.87549],[-80.13097,25.87546],[-80.13104,25.87536],[-80.13104,25.87536],[-80.13128,25.87507],[-80.1313,25.87504],[-80.13143,25.87487],[-80.13158,25.87471],[-80.13184,25.87439],[-80.13195,25.87426],[-80.13203,25.87416],[-80.1321,25.87409],[-80.1321,25.87409],[-80.1321,25.87409],[-80.13212,25.87411],[-80.1322,25.87399],[-80.1322,25.87399],[-80.13221,25.87398],[-80.13225,25.87391],[-80.13227,25.87388],[-80.13228,25.87387],[-80.13228,25.87386],[-80.13236,25.87372],[-80.1324,25.87361],[-80.13245,25.87347],[-80.13247,25.87334],[-80.13247,25.87321],[-80.13247,25.87314],[-80.13247,25.87312],[-80.13244,25.87297],[-80.13241,25.87292],[-80.13239,25.87288],[-80.13234,25.87277],[-80.13234,25.87277],[-80.13227,25.87266],[-80.13227,25.87265],[-80.13219,25.87256],[-80.13216,25.87253],[-80.13215,25.87253],[-80.13215,25.87253],[-80.13213,25.87251],[-80.1321,25.87248],[-80.13205,25.87244],[-80.13204,25.87243],[-80.13202,25.87242],[-80.13198,25.87239],[-80.13195,25.87237],[-80.13193,25.87235],[-80.13183,25.8723],[-80.1317,25.87225],[-80.13161,25.87223],[-80.13156,25.87221],[-80.13155,25.87221],[-80.13152,25.87221],[-80.13149,25.8722],[-80.13142,25.87219],[-80.13133,25.87219],[-80.13119,25.87218],[-80.1312,25.87218],[-80.13371,25.87207],[-80.13865,25.87186],[-80.14043,25.87178],[-80.14302,25.87167],[-80.14453,25.87161],[-80.14388,25.8735],[-80.14534,25.87343],[-80.16137,25.87279],[-80.16308,25.87273],[-80.16455,25.87268],[-80.16455,25.87268],[-80.1721,25.87237],[-80.17228,25.87237],[-80.1723,25.87237],[-80.17358,25.87232],[-80.1737,25.87467],[-80.17371,25.87474],[-80.17417,25.87468],[-80.1744,25.87464],[-80.17458,25.87461],[-80.17496,25.87454],[-80.17535,25.87444],[-80.17544,25.87441],[-80.17591,25.87424],[-80.17605,25.87421],[-80.17617,25.87417],[-80.17643,25.87412],[-80.17668,25.87407],[-80.17674,25.87406],[-80.17725,25.87399],[-80.17753,25.87397],[-80.17771,25.87397],[-80.17771,25.87398],[-80.1784,25.87395],[-80.17862,25.87394],[-80.17798,25.87533],[-80.17781,25.87558],[-80.17782,25.8757],[-80.17779,25.87579],[-80.17677,25.878],[-80.17473,25.8824],[-80.17337,25.88531],[-80.17249,25.88718],[-80.17237,25.88718],[-80.17214,25.8872],[-80.17031,25.88728],[-80.16865,25.88734],[-80.16856,25.88735],[-80.16622,25.88746],[-80.16606,25.88747],[-80.1643,25.88753],[-80.16414,25.88754],[-80.16469,25.88569],[-80.16474,25.88569],[-80.16526,25.88418],[-80.16544,25.88377],[-80.16486,25.88381],[-80.16043,25.88139],[-80.16041,25.88138],[-80.16014,25.88124],[-80.15971,25.88101],[-80.1594,25.88103],[-80.15477,25.88116],[-80.1517,25.88124],[-80.14822,25.88432],[-80.14783,25.88467],[-80.14605,25.88624],[-80.14487,25.88746],[-80.14487,25.88746],[-80.14476,25.88744],[-80.14448,25.88737],[-80.14423,25.88731],[-80.14419,25.88731],[-80.14416,25.88731],[-80.14411,25.88733],[-80.14407,25.88736],[-80.14405,25.88739],[-80.14404,25.88743],[-80.14402,25.88746],[-80.14398,25.88762],[-80.13922,25.88652],[-80.13922,25.88651],[-80.1392,25.88648],[-80.1392,25.88647],[-80.13917,25.88639],[-80.13915,25.88635],[-80.13913,25.88629],[-80.13912,25.88626],[-80.13908,25.88619],[-80.13905,25.88613],[-80.139,25.88603],[-80.13897,25.88599],[-80.13894,25.88593],[-80.13894,25.88593],[-80.1389,25.88585],[-80.1389,25.88585],[-80.13877,25.88567],[-80.13875,25.88564],[-80.13865,25.8855],[-80.13865,25.88549],[-80.13857,25.8854],[-80.13844,25.88526],[-80.13835,25.88516],[-80.13823,25.88505],[-80.1382,25.88502],[-80.13815,25.88498],[-80.13809,25.88493],[-80.13806,25.88491],[-80.13795,25.88483],[-80.1379,25.8848],[-80.13775,25.88469],[-80.13766,25.88463],[-80.13757,25.88457],[-80.13756,25.88457],[-80.13754,25.88456],[-80.13745,25.88451],[-80.13742,25.88449],[-80.1373,25.88443],[-80.13727,25.88442],[-80.13719,25.88438],[-80.13698,25.88429],[-80.13688,25.88425],[-80.13684,25.88424],[-80.13671,25.8842],[-80.13669,25.88419],[-80.13662,25.88417],[-80.13655,25.88415],[-80.13648,25.88413],[-80.13596,25.884],[-80.1359,25.88398],[-80.13551,25.88387],[-80.13548,25.88387],[-80.13546,25.88386],[-80.13509,25.88375],[-80.13461,25.88361],[-80.13421,25.88345],[-80.1337,25.88324],[-80.13258,25.88262],[-80.13258,25.88262],[-80.13255,25.8826],[-80.13223,25.8824],[-80.13191,25.88219],[-80.13162,25.88198],[-80.13128,25.88171],[-80.1309,25.88143],[-80.13073,25.88129],[-80.13061,25.8812],[-80.13038,25.88102],[-80.13034,25.88098],[-80.13024,25.88092],[-80.13017,25.88088],[-80.13009,25.88085],[-80.13007,25.88085],[-80.13,25.88084],[-80.12992,25.88083],[-80.12985,25.88083],[-80.12977,25.88085],[-80.12969,25.88087],[-80.12961,25.8809],[-80.12956,25.88092],[-80.12955,25.88094],[-80.12951,25.88097],[-80.1295,25.88098],[-80.12945,25.88102],[-80.12945,25.88103],[-80.12944,25.88103],[-80.12939,25.8811],[-80.12931,25.88122],[-80.1292,25.88142],[-80.12913,25.88153],[-80.12904,25.88167],[-80.12893,25.88184],[-80.12886,25.88195],[-80.12867,25.88227],[-80.12852,25.88251],[-80.12849,25.88256],[-80.12844,25.88267],[-80.12837,25.88286],[-80.12837,25.88287],[-80.12832,25.88301],[-80.12829,25.88311],[-80.12829,25.88313],[-80.12827,25.88325],[-80.12826,25.88337],[-80.12826,25.88345],[-80.12826,25.88348],[-80.12826,25.88357],[-80.12827,25.88373],[-80.12827,25.8838],[-80.12829,25.884],[-80.12834,25.88447],[-80.12839,25.88503],[-80.12843,25.88543],[-80.12844,25.88547],[-80.12848,25.88589],[-80.12851,25.88618],[-80.12851,25.8863],[-80.12852,25.88636],[-80.12852,25.88638],[-80.12853,25.88644],[-80.12853,25.88645],[-80.12858,25.88661],[-80.12863,25.88676],[-80.12863,25.88677],[-80.12865,25.88683],[-80.12866,25.88685],[-80.12868,25.88691],[-80.12871,25.88702],[-80.12877,25.88719],[-80.12884,25.88744],[-80.12891,25.88764],[-80.1289,25.88765],[-80.12889,25.88766],[-80.12899,25.88798],[-80.129,25.88798],[-80.12901,25.88798],[-80.12905,25.88811],[-80.12917,25.88841],[-80.12917,25.88842],[-80.12917,25.88842],[-80.12929,25.88865],[-80.12933,25.88874],[-80.12933,25.88874],[-80.12947,25.88901],[-80.12966,25.88931],[-80.1298,25.8895],[-80.12983,25.88954],[-80.12996,25.88971],[-80.1301,25.8899],[-80.13016,25.89001],[-80.13024,25.89017],[-80.13025,25.89019],[-80.1303,25.8903],[-80.13031,25.89033],[-80.13036,25.89048],[-80.13039,25.89061],[-80.1304,25.89066],[-80.13042,25.89073],[-80.13043,25.89083],[-80.13044,25.89096],[-80.13044,25.89097],[-80.13041,25.89097],[-80.13042,25.89104],[-80.13042,25.8911],[-80.13042,25.89122],[-80.13041,25.89135],[-80.13041,25.89148],[-80.13041,25.89157],[-80.13042,25.89175],[-80.13043,25.89175],[-80.13044,25.89175],[-80.13045,25.89175],[-80.13045,25.89179],[-80.13045,25.8918],[-80.13045,25.89181],[-80.13045,25.89182],[-80.13045,25.89186],[-80.13046,25.89191],[-80.13046,25.89194],[-80.13047,25.89201],[-80.13048,25.89206],[-80.13052,25.8922],[-80.13056,25.89237],[-80.13064,25.89258],[-80.13077,25.89284],[-80.13086,25.89299],[-80.13093,25.89312],[-80.13101,25.89324],[-80.13104,25.89327],[-80.1311,25.89335],[-80.13125,25.89351],[-80.13128,25.89355],[-80.13129,25.89356],[-80.13133,25.8936],[-80.13146,25.89373],[-80.13156,25.89382],[-80.13165,25.89389],[-80.13186,25.89403],[-80.13191,25.89407],[-80.13201,25.89414],[-80.13207,25.89417],[-80.13218,25.89424],[-80.1322,25.89425],[-80.13221,25.89425],[-80.13223,25.89426],[-80.13228,25.89428],[-80.13238,25.89433],[-80.13252,25.89438],[-80.13265,25.89442],[-80.1328,25.89445],[-80.13294,25.89447],[-80.13306,25.89447],[-80.13312,25.89447],[-80.1332,25.89447],[-80.13336,25.89446],[-80.13352,25.89443],[-80.13363,25.8944],[-80.13365,25.89439],[-80.13378,25.89434],[-80.13385,25.89431],[-80.13386,25.8943],[-80.13387,25.8943],[-80.13387,25.89429],[-80.13388,25.89429],[-80.1339,25.89427],[-80.13396,25.89423],[-80.13397,25.89424],[-80.13399,25.89425],[-80.1357,25.8934],[-80.13586,25.89331],[-80.13604,25.89321],[-80.13614,25.89315],[-80.13637,25.89301],[-80.13643,25.89298],[-80.13657,25.8929],[-80.13662,25.89287],[-80.13665,25.89285],[-80.13677,25.89277],[-80.13689,25.89268],[-80.13689,25.89267],[-80.13699,25.8926],[-80.13704,25.89256],[-80.13717,25.89243],[-80.13728,25.89232],[-80.13731,25.89227],[-80.13739,25.89218],[-80.13749,25.89206],[-80.13756,25.89197],[-80.13759,25.89192],[-80.13764,25.89185],[-80.13767,25.89181],[-80.13776,25.89164],[-80.13781,25.89156],[-80.13784,25.8915],[-80.13798,25.89122],[-80.13803,25.89113],[-80.13807,25.89105],[-80.13811,25.89099],[-80.13811,25.89099],[-80.13811,25.89097],[-80.1382,25.89078],[-80.13823,25.89072],[-80.13826,25.89065],[-80.1384,25.89038],[-80.13844,25.89032],[-80.13852,25.89015],[-80.13855,25.89009],[-80.13869,25.88982],[-80.13882,25.88955],[-80.13887,25.88943],[-80.13891,25.88937],[-80.13894,25.88932],[-80.13903,25.88914],[-80.13904,25.88913],[-80.1391,25.889],[-80.13914,25.88891],[-80.1392,25.88878],[-80.13924,25.88866],[-80.13927,25.88852],[-80.13927,25.88852],[-80.1393,25.88842],[-80.13933,25.8883],[-80.13936,25.88815],[-80.13936,25.88815],[-80.13937,25.88806],[-80.13938,25.88793],[-80.13939,25.88785],[-80.13941,25.88767],[-80.1394,25.88738],[-80.13936,25.88709],[-80.13935,25.88702],[-80.13932,25.88686],[-80.1393,25.8868],[-80.13929,25.88671],[-80.13927,25.88667],[-80.13927,25.88666],[-80.14394,25.88775],[-80.14393,25.8878],[-80.14391,25.88787],[-80.14389,25.88796],[-80.14389,25.88802],[-80.14389,25.88804],[-80.14393,25.88808],[-80.14394,25.88809],[-80.14396,25.88811],[-80.14399,25.88812],[-80.14403,25.88813],[-80.14419,25.88816],[-80.13253,25.89911],[-80.13217,25.89945],[-80.13113,25.90042],[-80.13088,25.90067],[-80.13064,25.90089],[-80.13003,25.90146],[-80.13138,25.90142],[-80.13139,25.90142],[-80.13116,25.90172],[-80.13014,25.90308],[-80.12609,25.90854],[-80.12585,25.90886],[-80.12585,25.9089],[-80.12588,25.90954],[-80.12596,25.91159],[-80.12613,25.91609],[-80.12619,25.91793],[-80.12751,25.91963],[-80.12751,25.91963],[-80.12855,25.92096],[-80.1298,25.92257],[-80.1299,25.92289],[-80.13022,25.92544],[-80.13028,25.926],[-80.13034,25.927],[-80.13048,25.92972],[-80.13046,25.9299],[-80.13045,25.92992],[-80.13043,25.92997],[-80.13045,25.92998],[-80.1307,25.93005],[-80.13073,25.93006],[-80.13073,25.93006],[-80.13073,25.93016],[-80.13073,25.93016],[-80.13073,25.93022],[-80.13074,25.93022],[-80.13074,25.93024],[-80.13076,25.93025],[-80.13079,25.93026],[-80.13083,25.93028],[-80.13088,25.93028],[-80.13094,25.9303],[-80.13096,25.9303],[-80.13096,25.93031],[-80.13097,25.93032],[-80.13098,25.93034],[-80.13099,25.93036],[-80.13099,25.9304],[-80.131,25.93067],[-80.131,25.93072],[-80.131,25.93073],[-80.13101,25.93073],[-80.13104,25.93073],[-80.13105,25.93099],[-80.13104,25.93099],[-80.13102,25.93099],[-80.13102,25.93101],[-80.13103,25.93112],[-80.13107,25.93112],[-80.13107,25.93115],[-80.13106,25.93128],[-80.13104,25.93139],[-80.13104,25.93144],[-80.13103,25.93155],[-80.13103,25.9316],[-80.13104,25.93165],[-80.13104,25.93171],[-80.13109,25.93242],[-80.13113,25.93294],[-80.13114,25.93322],[-80.13117,25.9335],[-80.13118,25.93373],[-80.13124,25.93404],[-80.13128,25.93424],[-80.13133,25.93451],[-80.13134,25.93455],[-80.13134,25.93455],[-80.13134,25.93455],[-80.13134,25.93455],[-80.13136,25.93461],[-80.13136,25.93466],[-80.13142,25.93496],[-80.13147,25.93521],[-80.13148,25.93524],[-80.13153,25.93552],[-80.13158,25.93579],[-80.13167,25.93615],[-80.1317,25.93626],[-80.13177,25.93653],[-80.13177,25.93653],[-80.13177,25.93654],[-80.13182,25.93675],[-80.13195,25.93727],[-80.13199,25.93753],[-80.13195,25.93753],[-80.13196,25.93756],[-80.13198,25.93766],[-80.132,25.93772],[-80.13201,25.93773],[-80.13203,25.93833],[-80.13228,25.93847],[-80.13239,25.93853],[-80.13267,25.93858],[-80.13136,25.93858],[-80.13133,25.93858],[-80.13138,25.93818],[-80.13143,25.93774],[-80.1313,25.93675],[-80.13125,25.93657],[-80.13103,25.93558],[-80.13079,25.93467],[-80.13059,25.93376],[-80.13042,25.93276],[-80.13021,25.93072],[-80.13019,25.92898],[-80.13015,25.92774],[-80.13008,25.92676],[-80.13004,25.92613],[-80.1299,25.92467],[-80.12976,25.92368],[-80.12968,25.92282],[-80.12836,25.92102],[-80.12836,25.92102],[-80.12812,25.92104],[-80.1253,25.92121],[-80.1252,25.92121],[-80.12427,25.92125],[-80.12286,25.92132],[-80.12286,25.92132],[-80.12103,25.9214],[-80.12103,25.9214],[-80.12068,25.92142],[-80.12048,25.92143],[-80.12,25.92145],[-80.11858,25.92153],[-80.11854,25.92209],[-80.11843,25.92513],[-80.11829,25.92792],[-80.11798,25.9311],[-80.11782,25.93405],[-80.11753,25.93644],[-80.11713,25.93966],[-80.11694,25.94249],[-80.11678,25.94549],[-80.1166,25.94845],[-80.11645,25.95249],[-80.11625,25.9547],[-80.11615,25.95714],[-80.11833,25.95715],[-80.11863,25.95715],[-80.1187,25.95715],[-80.1187,25.95716],[-80.1187,25.95717],[-80.1187,25.9572],[-80.1187,25.95723],[-80.1187,25.95727],[-80.11869,25.9573],[-80.11869,25.95733],[-80.11869,25.95736],[-80.11869,25.9574],[-80.11869,25.95743],[-80.11869,25.95746],[-80.11869,25.9575],[-80.11869,25.95753],[-80.11869,25.95756],[-80.11868,25.9576],[-80.11868,25.95763],[-80.11868,25.95766],[-80.11868,25.95769],[-80.11868,25.95773],[-80.11867,25.95776],[-80.11867,25.95779],[-80.11867,25.95783],[-80.11867,25.95786],[-80.11867,25.95789],[-80.11867,25.95792],[-80.11867,25.95796],[-80.11867,25.95799],[-80.11867,25.95802],[-80.11866,25.95806],[-80.11866,25.95809],[-80.11866,25.95812],[-80.11866,25.95816],[-80.11866,25.95819],[-80.11866,25.95822],[-80.11866,25.95825],[-80.11866,25.95829],[-80.11866,25.95832],[-80.11865,25.95835],[-80.11865,25.95839],[-80.11865,25.95842],[-80.11865,25.95845],[-80.11865,25.95849],[-80.11865,25.95852],[-80.11864,25.95855],[-80.11864,25.95858],[-80.11864,25.95862],[-80.11864,25.95865],[-80.11864,25.95868],[-80.11863,25.95872],[-80.11863,25.95875],[-80.11863,25.95878],[-80.11863,25.95882],[-80.11863,25.95885],[-80.11863,25.95888],[-80.11862,25.95891],[-80.11862,25.95895],[-80.11862,25.95898],[-80.11862,25.95901],[-80.11862,25.95905],[-80.11862,25.95908],[-80.11861,25.95911],[-80.11861,25.95915],[-80.11861,25.95918],[-80.11861,25.95921],[-80.11861,25.95924],[-80.11861,25.95928],[-80.11861,25.95931],[-80.11861,25.95934],[-80.11861,25.95938],[-80.11861,25.95941],[-80.1186,25.95944],[-80.1186,25.95946],[-80.1186,25.95948],[-80.1186,25.95951],[-80.1186,25.95954],[-80.1186,25.95957],[-80.1186,25.95961],[-80.1186,25.95964],[-80.1186,25.95967],[-80.1186,25.95971],[-80.1186,25.95974],[-80.1186,25.95977],[-80.1186,25.95981],[-80.1186,25.95984],[-80.1186,25.95987],[-80.1186,25.9599],[-80.1186,25.95994],[-80.1186,25.95997],[-80.1186,25.96],[-80.1186,25.96004],[-80.1186,25.96007],[-80.11861,25.9601],[-80.11861,25.96014],[-80.11861,25.96017],[-80.11861,25.9602],[-80.11862,25.96023],[-80.11862,25.96027],[-80.11862,25.96027],[-80.11862,25.9603],[-80.11862,25.96033],[-80.11863,25.96037],[-80.11863,25.9604],[-80.11863,25.96043],[-80.11864,25.96046],[-80.11864,25.9605],[-80.11864,25.96053],[-80.11865,25.96056],[-80.11865,25.9606],[-80.11865,25.96063],[-80.11865,25.96066],[-80.11865,25.9607],[-80.11865,25.96073],[-80.11866,25.96074],[-80.11866,25.96076],[-80.11866,25.96079],[-80.11866,25.96083],[-80.11866,25.96086],[-80.11866,25.96089],[-80.11866,25.96093],[-80.11866,25.96096],[-80.11866,25.96099],[-80.11866,25.96103],[-80.11866,25.96106],[-80.11866,25.96108],[-80.11866,25.96109],[-80.11866,25.96112],[-80.11866,25.96116],[-80.11866,25.96119],[-80.11866,25.96122],[-80.11866,25.96126],[-80.11866,25.96129],[-80.11866,25.96132],[-80.11866,25.96136],[-80.11866,25.96139],[-80.11866,25.96142],[-80.11866,25.96145],[-80.11866,25.96149],[-80.11866,25.96152],[-80.11866,25.96155],[-80.11866,25.96159],[-80.11866,25.96162],[-80.11866,25.96162],[-80.11866,25.96165],[-80.11865,25.96169],[-80.11865,25.96172],[-80.11865,25.96175],[-80.11865,25.96178],[-80.11865,25.96182],[-80.11865,25.96185],[-80.11865,25.96188],[-80.11866,25.96192],[-80.11866,25.96195],[-80.11866,25.96198],[-80.11866,25.96201],[-80.11866,25.96202],[-80.11866,25.96205],[-80.11866,25.96208],[-80.11866,25.96211],[-80.11866,25.96215],[-80.11866,25.96218],[-80.11865,25.96221],[-80.11865,25.96225],[-80.11865,25.96228],[-80.11865,25.96231],[-80.11865,25.96235],[-80.11865,25.96238],[-80.11865,25.96241],[-80.11865,25.96244],[-80.11865,25.96248],[-80.11865,25.96251],[-80.11865,25.96254],[-80.11865,25.96258],[-80.11865,25.96261],[-80.11865,25.96264],[-80.11864,25.96268],[-80.11864,25.96271],[-80.11864,25.96274],[-80.11864,25.96277],[-80.11864,25.96281],[-80.11864,25.96284],[-80.11864,25.96287],[-80.11864,25.96291],[-80.11864,25.96294],[-80.11864,25.96297],[-80.11864,25.96301],[-80.11864,25.96304],[-80.11864,25.96307],[-80.11863,25.9631],[-80.11863,25.96314],[-80.11863,25.96317],[-80.11863,25.9632],[-80.11863,25.96324],[-80.11863,25.96327],[-80.11863,25.9633],[-80.11863,25.96334],[-80.11863,25.96337],[-80.11863,25.9634],[-80.11863,25.96343],[-80.11863,25.96347],[-80.11863,25.9635],[-80.11863,25.96353],[-80.11863,25.96357],[-80.11863,25.9636],[-80.11863,25.96363],[-80.11863,25.96367],[-80.11863,25.9637],[-80.11863,25.96373],[-80.11863,25.96376],[-80.11863,25.9638],[-80.11863,25.96383],[-80.11863,25.96386],[-80.11864,25.9639],[-80.11864,25.96393],[-80.11864,25.96396],[-80.11864,25.964],[-80.11864,25.96403],[-80.11864,25.96406],[-80.11864,25.96409],[-80.11864,25.96413],[-80.11864,25.96416],[-80.11864,25.96419],[-80.11864,25.96423],[-80.11863,25.96426],[-80.11863,25.96429],[-80.11862,25.96432],[-80.11862,25.96436],[-80.11861,25.96439],[-80.11861,25.96442],[-80.11861,25.96446],[-80.11861,25.96449],[-80.11861,25.96452],[-80.11861,25.96456],[-80.11861,25.96459],[-80.1186,25.96462],[-80.1186,25.96465],[-80.1186,25.96469],[-80.1186,25.96472],[-80.1186,25.96475],[-80.1186,25.96479],[-80.1186,25.96482],[-80.1186,25.96485],[-80.11859,25.96489],[-80.11859,25.96492],[-80.11859,25.96495],[-80.11858,25.96498],[-80.11858,25.96502],[-80.11857,25.96505],[-80.11857,25.96508],[-80.11857,25.96511],[-80.11856,25.96515],[-80.11856,25.96518],[-80.11855,25.96521],[-80.11855,25.96525],[-80.11855,25.96528],[-80.11854,25.96531],[-80.11854,25.96534],[-80.11854,25.96538],[-80.11853,25.96541],[-80.11853,25.96544],[-80.11853,25.96547],[-80.11853,25.96548],[-80.11853,25.96551],[-80.11852,25.96554],[-80.11852,25.96558],[-80.11851,25.96561],[-80.11851,25.96564],[-80.1185,25.96567],[-80.1185,25.96571],[-80.11849,25.96574],[-80.11848,25.96577],[-80.11848,25.9658],[-80.11847,25.96584],[-80.11847,25.96587],[-80.11847,25.9659],[-80.11847,25.96593],[-80.11846,25.96597],[-80.11846,25.966],[-80.11846,25.96603],[-80.11846,25.96607],[-80.11845,25.9661],[-80.11845,25.96613],[-80.11845,25.96617],[-80.11845,25.9662],[-80.11844,25.96623],[-80.11844,25.96626],[-80.11843,25.9663],[-80.11843,25.96633],[-80.11842,25.96636],[-80.11842,25.96639],[-80.11841,25.96643],[-80.11841,25.96646],[-80.11841,25.96647],[-80.1184,25.96649],[-80.1184,25.96653],[-80.11839,25.96656],[-80.11839,25.96659],[-80.11838,25.96662],[-80.11838,25.96666],[-80.11837,25.96669],[-80.11837,25.96672],[-80.11837,25.96675],[-80.11836,25.96679],[-80.11836,25.96682],[-80.11835,25.96685],[-80.11835,25.96689],[-80.11835,25.96692],[-80.11835,25.96695],[-80.11834,25.96698],[-80.11834,25.96702],[-80.11834,25.96705],[-80.11833,25.96708],[-80.11833,25.96712],[-80.11833,25.96715],[-80.11832,25.96718],[-80.11832,25.96722],[-80.11832,25.96725],[-80.11832,25.96728],[-80.11831,25.96731],[-80.11831,25.96735],[-80.11831,25.96738],[-80.11831,25.96741],[-80.11831,25.96745],[-80.11831,25.96748],[-80.1183,25.96751],[-80.1183,25.96754],[-80.1183,25.96758],[-80.1183,25.96761],[-80.11829,25.96764],[-80.11829,25.96768],[-80.11829,25.96771],[-80.11828,25.96774],[-80.11828,25.96777],[-80.11827,25.96781],[-80.11827,25.96784],[-80.11826,25.96787],[-80.11826,25.96791],[-80.11825,25.96795],[-80.11825,25.96797],[-80.11824,25.96799],[-80.11824,25.96801],[-80.11824,25.96803],[-80.11823,25.96806],[-80.11823,25.96808],[-80.11823,25.9681],[-80.11822,25.96812],[-80.11822,25.96814],[-80.11822,25.96816],[-80.11821,25.96819],[-80.11821,25.96821],[-80.11821,25.96823],[-80.11821,25.96825],[-80.11821,25.96827],[-80.11821,25.9683],[-80.11821,25.96832],[-80.11821,25.96834],[-80.11821,25.96836],[-80.11821,25.96838],[-80.11821,25.96841],[-80.11821,25.96843],[-80.11821,25.96845],[-80.11821,25.96847],[-80.11821,25.96849],[-80.11821,25.96852],[-80.11821,25.96854],[-80.11821,25.96856],[-80.11821,25.96858],[-80.11821,25.9686],[-80.11821,25.96863],[-80.11821,25.96865],[-80.11822,25.96867],[-80.11822,25.96869],[-80.11822,25.96871],[-80.11822,25.96874],[-80.11823,25.96876],[-80.11823,25.96878],[-80.11823,25.9688],[-80.11823,25.96882],[-80.11824,25.96885],[-80.11824,25.96887],[-80.11824,25.96889],[-80.11824,25.96891],[-80.11825,25.96893],[-80.11825,25.96895],[-80.11825,25.96898],[-80.11825,25.969],[-80.11825,25.96902],[-80.11826,25.96904],[-80.11826,25.96906],[-80.11826,25.96909],[-80.11826,25.96911],[-80.11826,25.96913],[-80.11826,25.96915],[-80.11827,25.96917],[-80.11827,25.9692],[-80.11827,25.96922],[-80.11827,25.96924],[-80.11828,25.96926],[-80.11828,25.96928],[-80.11828,25.96931],[-80.11828,25.96933],[-80.11829,25.96935],[-80.11829,25.96937],[-80.11829,25.96939],[-80.1183,25.96941],[-80.1183,25.96944],[-80.1183,25.96946],[-80.1183,25.96948],[-80.1183,25.9695],[-80.1183,25.96952],[-80.1183,25.96955],[-80.1183,25.96957],[-80.1183,25.96959],[-80.1183,25.96961],[-80.1183,25.96963],[-80.1183,25.96966],[-80.1183,25.96968],[-80.1183,25.9697],[-80.1183,25.96972],[-80.1183,25.96974],[-80.1183,25.96977],[-80.1183,25.96979],[-80.1183,25.96981],[-80.1183,25.96983],[-80.11831,25.96985],[-80.11831,25.96988],[-80.11831,25.9699],[-80.11831,25.96992],[-80.11832,25.96994],[-80.11832,25.96996],[-80.11832,25.96999],[-80.11832,25.97001],[-80.11832,25.97003],[-80.11832,25.97005],[-80.11833,25.97007],[-80.11833,25.9701],[-80.11833,25.97012],[-80.11833,25.97014],[-80.11833,25.97016],[-80.11833,25.97018],[-80.11833,25.97021],[-80.11833,25.97023],[-80.11832,25.97025],[-80.11832,25.97027],[-80.11832,25.97029],[-80.11832,25.97032],[-80.11832,25.97034],[-80.11832,25.97036],[-80.11832,25.97038],[-80.11832,25.9704],[-80.11832,25.97043],[-80.11832,25.97045],[-80.11832,25.97047],[-80.11832,25.97049],[-80.11832,25.97051],[-80.11832,25.97054],[-80.11832,25.97054],[-80.11832,25.97056],[-80.11832,25.97058],[-80.11832,25.9706],[-80.11832,25.97062],[-80.11832,25.97065],[-80.11832,25.97067],[-80.11832,25.97069],[-80.11832,25.97071],[-80.11831,25.97073],[-80.11831,25.97076],[-80.11831,25.97078],[-80.11831,25.9708],[-80.11831,25.97082],[-80.11831,25.97084],[-80.1183,25.97087],[-80.1183,25.97089],[-80.1183,25.97091],[-80.1183,25.97093],[-80.1183,25.97095],[-80.11829,25.97098],[-80.11829,25.971],[-80.11829,25.97102],[-80.11829,25.97104],[-80.11829,25.97106],[-80.11829,25.97108],[-80.11829,25.97111],[-80.11828,25.97113],[-80.11828,25.97115],[-80.11828,25.97117],[-80.11828,25.97119],[-80.11827,25.97122],[-80.11827,25.97124],[-80.11827,25.97126],[-80.11827,25.97128],[-80.11826,25.9713],[-80.11826,25.97133],[-80.11826,25.97135],[-80.11826,25.97137],[-80.11825,25.97139],[-80.11825,25.97141],[-80.11825,25.97144],[-80.11825,25.97146],[-80.11824,25.97148],[-80.11824,25.9715],[-80.11823,25.97152],[-80.11823,25.97154],[-80.11823,25.97157],[-80.11823,25.97159],[-80.11822,25.97161],[-80.11822,25.97163],[-80.11822,25.97165],[-80.11822,25.97168],[-80.11821,25.9717],[-80.11821,25.97172],[-80.11821,25.97174],[-80.11821,25.97176],[-80.1182,25.97178],[-80.1182,25.97181],[-80.1182,25.97183],[-80.11819,25.97185],[-80.11819,25.97187],[-80.11819,25.97189],[-80.11818,25.97192],[-80.11818,25.97194],[-80.11818,25.97196],[-80.11817,25.97198],[-80.11817,25.972],[-80.11816,25.97202],[-80.11816,25.97205],[-80.11816,25.97207],[-80.11815,25.97209],[-80.11815,25.97211],[-80.11815,25.97213],[-80.11814,25.97216],[-80.11814,25.97218],[-80.11814,25.9722],[-80.11814,25.97222],[-80.11813,25.97224],[-80.11813,25.97226],[-80.11813,25.97229],[-80.11813,25.97231],[-80.11812,25.97233],[-80.11812,25.97235],[-80.11812,25.97237],[-80.11812,25.9724],[-80.11812,25.97242],[-80.11811,25.97244],[-80.11811,25.97246],[-80.11811,25.97248],[-80.11811,25.97251],[-80.11811,25.97253],[-80.11811,25.97255],[-80.1181,25.97257],[-80.1181,25.97259],[-80.1181,25.97262],[-80.1181,25.97264],[-80.1181,25.97266],[-80.1181,25.97268],[-80.1181,25.9727],[-80.1181,25.97273],[-80.1181,25.97275],[-80.11809,25.97277],[-80.11809,25.97279],[-80.11809,25.97281],[-80.11809,25.97284],[-80.11809,25.97286],[-80.11809,25.97288],[-80.11808,25.9729],[-80.11808,25.97292],[-80.11808,25.97295],[-80.11808,25.97297],[-80.11808,25.97299],[-80.11808,25.97301],[-80.11808,25.97303],[-80.11808,25.97306],[-80.11808,25.97308],[-80.11808,25.9731],[-80.11808,25.97312],[-80.11808,25.97314],[-80.11808,25.97317],[-80.11807,25.97319],[-80.11807,25.97321],[-80.11807,25.97323],[-80.11807,25.97325],[-80.11807,25.97328],[-80.11807,25.9733],[-80.11807,25.97332],[-80.11808,25.97334],[-80.11808,25.97336],[-80.11808,25.97339],[-80.11808,25.97341],[-80.11808,25.97343],[-80.11808,25.97345],[-80.11808,25.97347],[-80.11808,25.9735],[-80.11808,25.97352],[-80.11808,25.97354],[-80.11808,25.97356],[-80.11808,25.97358],[-80.11808,25.97361],[-80.11809,25.97363],[-80.11809,25.97365],[-80.11809,25.97367],[-80.11809,25.97369],[-80.11809,25.97372],[-80.1181,25.97374],[-80.1181,25.97376],[-80.1181,25.97378],[-80.1181,25.9738],[-80.1181,25.97382],[-80.1181,25.97385],[-80.11811,25.97387],[-80.11811,25.97389],[-80.11811,25.97391],[-80.11811,25.97393],[-80.11811,25.97396],[-80.11812,25.97398],[-80.11812,25.974],[-80.11812,25.97402],[-80.11812,25.97404],[-80.11813,25.97407],[-80.11813,25.97409],[-80.11813,25.97411],[-80.11813,25.97413],[-80.11813,25.97415],[-80.11814,25.97418],[-80.11814,25.9742],[-80.11814,25.97422],[-80.11814,25.97424],[-80.11814,25.97426],[-80.11814,25.97429],[-80.11814,25.97431],[-80.11814,25.97433],[-80.11814,25.97435],[-80.11814,25.97437],[-80.11814,25.9744],[-80.11814,25.97442],[-80.11814,25.97444],[-80.11814,25.97446],[-80.11814,25.97448],[-80.11814,25.97451],[-80.11814,25.97453],[-80.11814,25.97455],[-80.11815,25.97457],[-80.11815,25.97459],[-80.11815,25.97462],[-80.11815,25.97464],[-80.11815,25.97466],[-80.11815,25.97468],[-80.11815,25.9747],[-80.11815,25.97473],[-80.11815,25.97475],[-80.11815,25.97477],[-80.11815,25.97479],[-80.11815,25.97481],[-80.11815,25.97484],[-80.11815,25.97486],[-80.11815,25.97488],[-80.11815,25.9749],[-80.11815,25.97492],[-80.11815,25.97495],[-80.11815,25.97497],[-80.11815,25.97499],[-80.11815,25.97501],[-80.11815,25.97503],[-80.11815,25.97506],[-80.11815,25.97508],[-80.11815,25.9751],[-80.11815,25.97511],[-80.11815,25.97512],[-80.11815,25.97514],[-80.11815,25.97516],[-80.11815,25.97516],[-80.11815,25.97517],[-80.11795,25.97517],[-80.11735,25.97516],[-80.11726,25.97516],[-80.11052,25.97502],[-80.11038,25.9297],[-80.11035,25.9213],[-80.11033,25.91313],[-80.11032,25.9104],[-80.11032,25.9098],[-80.11031,25.90694],[-80.11031,25.90636],[-80.11029,25.90131],[-80.11029,25.89972],[-80.11027,25.89527],[-80.11026,25.88674],[-80.11025,25.87967],[-80.11021,25.87263],[-80.11021,25.87226],[-80.11017,25.856],[-80.1101,25.8271],[-80.11008,25.8184],[-80.11007,25.81519],[-80.11006,25.81011],[-80.11006,25.80931],[-80.11007,25.80291],[-80.11002,25.79296],[-80.11001,25.79237],[-80.11001,25.79099],[-80.11,25.78824],[-80.11,25.78703],[-80.10998,25.77837],[-80.10999,25.76647],[-80.10992,25.75251],[-80.10991,25.75038],[-80.10991,25.75038],[-80.10991,25.75038],[-80.07127,25.75038],[-80.07286,25.74481],[-80.07645,25.7379],[-80.0818,25.73038],[-80.08714,25.7252],[-80.08803,25.72434],[-80.09123,25.72191],[-80.08951,25.71684],[-80.08927,25.71531],[-80.08849,25.71036],[-80.0888,25.70206],[-80.08896,25.70132],[-80.08898,25.70122],[-80.08902,25.70101],[-80.08914,25.70044],[-80.08914,25.70044],[-80.09028,25.69493],[-80.09121,25.69296],[-80.09416,25.68674],[-80.09668,25.68269],[-80.09709,25.68203],[-80.09655,25.68082],[-80.09537,25.6782],[-80.09428,25.67206],[-80.09422,25.66772],[-80.09415,25.66309],[-80.09546,25.65733],[-80.0965,25.65276],[-80.09782,25.64998],[-80.10035,25.64464],[-80.10293,25.641],[-80.10358,25.64009],[-80.10368,25.63818],[-80.10368,25.63818],[-80.10082,25.63848],[-80.09811,25.63877],[-80.09041,25.6383],[-80.085,25.63706],[-80.0806,25.63606],[-80.07865,25.63522],[-80.07215,25.63243],[-80.06489,25.62846],[-80.06371,25.62745],[-80.06132,25.62539],[-80.06024,25.62539],[-80.05547,25.62008],[-80.05449,25.61855],[-80.05434,25.6183],[-80.04675,25.60639],[-80.04434,25.60019],[-80.04351,25.59806],[-80.04276,25.58892],[-80.04382,25.57912],[-80.04823,25.5669],[-80.0567,25.55522],[-80.06581,25.54818],[-80.07979,25.54154],[-80.09195,25.53899],[-80.09967,25.53855],[-80.10804,25.53931],[-80.10824,25.53936],[-80.11568,25.54119],[-80.17619,25.54156],[-80.19027,25.50851],[-80.192,25.5027],[-80.19171,25.49949],[-80.19142,25.49618],[-80.19137,25.49564],[-80.18803,25.49041],[-80.20901,25.43408],[-80.21513,25.42829],[-80.21396,25.42262],[-80.21349,25.42031],[-80.21462,25.41889],[-80.22187,25.40983],[-80.22472,25.40626],[-80.23081,25.40537],[-80.23589,25.40325],[-80.23896,25.39836],[-80.241,25.40093],[-80.24164,25.40174],[-80.24769,25.39782],[-80.25153,25.39533],[-80.25384,25.39383],[-80.25275,25.39306],[-80.24813,25.38982],[-80.25763,25.3825],[-80.25961,25.37514],[-80.26522,25.35431],[-80.26523,25.3543],[-80.26548,25.3543],[-80.26684,25.35364],[-80.26961,25.35246],[-80.29133,25.34351],[-80.29584,25.34165],[-80.34155,25.32246],[-80.36254,25.31421],[-80.37212,25.31019],[-80.37211,25.30995],[-80.37207,25.3088],[-80.37204,25.30808],[-80.37201,25.3072],[-80.37193,25.3051],[-80.37354,25.30514],[-80.37482,25.30591],[-80.37751,25.30593],[-80.37902,25.30599],[-80.37947,25.30601],[-80.38018,25.30604],[-80.38019,25.30271],[-80.38019,25.30261],[-80.38018,25.30259],[-80.38018,25.30257],[-80.38015,25.30216],[-80.38013,25.3017],[-80.38014,25.30166],[-80.38016,25.30162],[-80.38019,25.30159],[-80.3802,25.30159],[-80.38025,25.29483],[-80.38025,25.29415],[-80.38025,25.29394],[-80.38025,25.29353],[-80.38026,25.29339],[-80.38026,25.29304],[-80.38026,25.2927],[-80.38026,25.29235],[-80.38026,25.2923],[-80.38027,25.29205],[-80.38027,25.29202],[-80.38027,25.29202],[-80.38027,25.29202],[-80.38027,25.29139],[-80.38027,25.29094],[-80.3803,25.28679],[-80.3803,25.28679],[-80.3873,25.28025],[-80.39511,25.27295],[-80.39496,25.25354],[-80.39809,25.25347],[-80.39814,25.25347],[-80.39814,25.25347],[-80.39859,25.25345],[-80.39879,25.25343],[-80.3997,25.25343],[-80.3997,25.25343],[-80.39973,25.25344],[-80.41099,25.25347],[-80.41339,25.2504],[-80.41868,25.24476],[-80.41889,25.23633],[-80.42108,25.23634],[-80.42438,25.23636],[-80.42444,25.23636],[-80.42572,25.23639],[-80.42688,25.23642],[-80.42759,25.23627],[-80.42817,25.23609],[-80.42826,25.23606],[-80.42826,25.23605],[-80.42827,25.23592],[-80.42831,25.23582],[-80.42835,25.23576],[-80.42841,25.23572],[-80.42847,25.23569],[-80.4285,25.23569],[-80.42852,25.2357],[-80.42879,25.23578],[-80.4289,25.23582],[-80.42907,25.23587],[-80.42913,25.23588],[-80.42913,25.23585],[-80.42913,25.23584],[-80.42919,25.23584],[-80.42923,25.23585],[-80.42927,25.23587],[-80.42928,25.23587],[-80.42929,25.23587],[-80.42938,25.23588],[-80.4294,25.23588],[-80.42944,25.23588],[-80.42947,25.23588],[-80.4295,25.2359],[-80.42951,25.2359],[-80.42958,25.2359],[-80.42967,25.23589],[-80.42971,25.2359],[-80.42974,25.2359],[-80.42976,25.23591],[-80.42987,25.23594],[-80.43001,25.23596],[-80.43007,25.23599],[-80.43014,25.23603],[-80.43021,25.23603],[-80.43026,25.23603],[-80.43031,25.23604],[-80.43036,25.23605],[-80.43045,25.23609],[-80.43056,25.23615],[-80.4306,25.23618],[-80.43067,25.23623],[-80.43074,25.23627],[-80.43086,25.23635],[-80.43091,25.23639],[-80.43094,25.23642],[-80.43101,25.23649],[-80.43103,25.23651],[-80.43105,25.23653],[-80.43108,25.23654],[-80.43113,25.23654],[-80.43116,25.23655],[-80.43117,25.23658],[-80.43118,25.23661],[-80.43117,25.23661],[-80.4312,25.23665],[-80.43125,25.23668],[-80.4313,25.23668],[-80.43138,25.23671],[-80.43142,25.23672],[-80.43149,25.23676],[-80.43164,25.23681],[-80.43175,25.23684],[-80.43187,25.23686],[-80.43192,25.23686],[-80.43198,25.23687],[-80.43204,25.23688],[-80.43212,25.23688],[-80.43223,25.2369],[-80.43225,25.2369],[-80.43227,25.2369],[-80.43227,25.2369],[-80.4323,25.23688],[-80.43232,25.23688],[-80.43236,25.23688],[-80.43239,25.23687],[-80.43343,25.23674],[-80.43343,25.23674],[-80.43341,25.23665],[-80.4334,25.23656],[-80.4334,25.23652],[-80.43341,25.2365],[-80.43342,25.23649],[-80.43344,25.23646],[-80.43346,25.23644],[-80.43346,25.23643],[-80.43346,25.23643],[-80.43346,25.23643],[-80.43351,25.23641],[-80.43367,25.23632],[-80.43367,25.23632],[-80.43367,25.23632],[-80.43369,25.23631],[-80.43373,25.23631],[-80.43376,25.23629],[-80.43379,25.23625],[-80.4338,25.23624],[-80.43383,25.23622],[-80.43388,25.2362],[-80.43389,25.2362],[-80.43391,25.2362],[-80.43395,25.2362],[-80.43397,25.2362],[-80.43398,25.23622],[-80.43399,25.23622],[-80.43401,25.23622],[-80.43404,25.23621],[-80.43408,25.2362],[-80.43411,25.23613],[-80.43414,25.23605],[-80.43425,25.23579],[-80.43431,25.23567],[-80.43439,25.23566],[-80.43481,25.23562],[-80.43506,25.2356],[-80.43557,25.23555],[-80.4363,25.23548],[-80.43649,25.23562],[-80.43653,25.23564],[-80.43647,25.23592],[-80.43647,25.23593],[-80.43634,25.23607],[-80.43634,25.23609],[-80.43635,25.23609],[-80.43637,25.23609],[-80.43639,25.2361],[-80.4364,25.23612],[-80.4364,25.23613],[-80.4364,25.23614],[-80.43638,25.23615],[-80.43637,25.23616],[-80.43636,25.23618],[-80.43635,25.2362],[-80.43635,25.23623],[-80.43635,25.23624],[-80.43634,25.23624],[-80.43633,25.23625],[-80.4363,25.23627],[-80.43627,25.23628],[-80.43624,25.23628],[-80.43618,25.23628],[-80.43617,25.23627],[-80.43615,25.23626],[-80.43613,25.23626],[-80.4361,25.23628],[-80.43607,25.2363],[-80.43604,25.23631],[-80.43602,25.23631],[-80.43597,25.2363],[-80.43597,25.2363],[-80.43597,25.23632],[-80.43597,25.23638],[-80.43597,25.23641],[-80.43597,25.23644],[-80.43595,25.23651],[-80.43595,25.23652],[-80.43595,25.23656],[-80.43595,25.23664],[-80.43596,25.23667],[-80.43597,25.23667],[-80.43599,25.23669],[-80.436,25.23672],[-80.436,25.23673],[-80.436,25.23673],[-80.43599,25.23676],[-80.436,25.23683],[-80.436,25.23686],[-80.43598,25.23688],[-80.43596,25.23689],[-80.43596,25.2369],[-80.43595,25.23691],[-80.43591,25.23694],[-80.43588,25.23697],[-80.43587,25.23698],[-80.4358,25.23698],[-80.43577,25.237],[-80.43576,25.23701],[-80.43576,25.23701],[-80.43576,25.23702],[-80.43576,25.23704],[-80.43573,25.23706],[-80.43572,25.23706],[-80.4357,25.23707],[-80.4357,25.23707],[-80.43569,25.23707],[-80.43567,25.23707],[-80.43563,25.23711],[-80.4356,25.23713],[-80.43552,25.23718],[-80.43545,25.23724],[-80.43542,25.23727],[-80.43539,25.23729],[-80.43536,25.23732],[-80.43531,25.23733],[-80.43527,25.23734],[-80.43523,25.23735],[-80.43519,25.23738],[-80.4352,25.2374],[-80.43527,25.23744],[-80.43532,25.23748],[-80.43533,25.23748],[-80.43533,25.2375],[-80.43532,25.23761],[-80.43531,25.23763],[-80.43529,25.23765],[-80.43528,25.23766],[-80.43528,25.23768],[-80.43529,25.2377],[-80.43532,25.23773],[-80.43534,25.23776],[-80.43534,25.23776],[-80.43537,25.23779],[-80.43539,25.23781],[-80.43541,25.23786],[-80.43543,25.23792],[-80.43544,25.23793],[-80.43545,25.23794],[-80.43545,25.23796],[-80.43546,25.23799],[-80.43545,25.23803],[-80.43545,25.23804],[-80.43544,25.23805],[-80.43544,25.23807],[-80.43544,25.2382],[-80.43544,25.23824],[-80.43542,25.23829],[-80.4354,25.23831],[-80.43537,25.23832],[-80.43536,25.23835],[-80.43536,25.23838],[-80.43536,25.23838],[-80.43536,25.23838],[-80.43534,25.2384],[-80.43533,25.23843],[-80.43532,25.23844],[-80.43527,25.23847],[-80.43527,25.23848],[-80.43525,25.2385],[-80.43523,25.2385],[-80.43522,25.23852],[-80.43521,25.23859],[-80.43519,25.2386],[-80.43516,25.23862],[-80.43514,25.23863],[-80.43511,25.23863],[-80.43508,25.23862],[-80.43504,25.23862],[-80.43503,25.23863],[-80.43501,25.23865],[-80.43499,25.23868],[-80.43499,25.23871],[-80.43499,25.23875],[-80.43498,25.23877],[-80.43497,25.23878],[-80.43496,25.23879],[-80.43494,25.2388],[-80.43493,25.23883],[-80.43492,25.23884],[-80.4349,25.23882],[-80.43489,25.23882],[-80.43488,25.23882],[-80.43486,25.23882],[-80.43484,25.23883],[-80.43482,25.23884],[-80.43481,25.23884],[-80.4348,25.23885],[-80.43479,25.23885],[-80.43478,25.23884],[-80.4347,25.23875],[-80.43468,25.23875],[-80.43465,25.23876],[-80.4346,25.23878],[-80.43459,25.23878],[-80.43457,25.23878],[-80.43455,25.23877],[-80.43454,25.23878],[-80.43453,25.2388],[-80.43451,25.23882],[-80.43449,25.23883],[-80.43444,25.23884],[-80.43443,25.23886],[-80.43443,25.2389],[-80.43443,25.23894],[-80.43443,25.23896],[-80.43442,25.23896],[-80.43434,25.23891],[-80.43434,25.23899],[-80.43433,25.23904],[-80.43432,25.23908],[-80.43431,25.23913],[-80.43431,25.23915],[-80.43432,25.23915],[-80.43433,25.23916],[-80.43433,25.23917],[-80.43433,25.2392],[-80.43434,25.23927],[-80.43435,25.23929],[-80.43438,25.23937],[-80.43438,25.23938],[-80.4344,25.23946],[-80.43441,25.2395],[-80.43443,25.23954],[-80.43446,25.23964],[-80.43447,25.23974],[-80.43448,25.23977],[-80.43451,25.2398],[-80.43454,25.23983],[-80.4346,25.23987],[-80.43461,25.23988],[-80.43453,25.23995],[-80.43451,25.23997],[-80.43447,25.23999],[-80.43446,25.23999],[-80.43447,25.24006],[-80.43449,25.24007],[-80.43454,25.2401],[-80.43455,25.2401],[-80.43455,25.2401],[-80.43455,25.2401],[-80.43458,25.24013],[-80.4346,25.24015],[-80.43461,25.24016],[-80.43466,25.24024],[-80.4347,25.24029],[-80.43473,25.24031],[-80.43476,25.24032],[-80.43479,25.24033],[-80.43482,25.24036],[-80.43483,25.24037],[-80.43485,25.24039],[-80.43485,25.2404],[-80.43486,25.24044],[-80.43491,25.24049],[-80.43492,25.24051],[-80.43496,25.24054],[-80.43497,25.24055],[-80.43502,25.24057],[-80.43507,25.2406],[-80.43512,25.24063],[-80.43514,25.24065],[-80.43516,25.24067],[-80.43515,25.24069],[-80.43511,25.24075],[-80.43507,25.24079],[-80.43506,25.2408],[-80.43504,25.24085],[-80.435,25.24087],[-80.43499,25.24088],[-80.43502,25.24089],[-80.43504,25.24092],[-80.43507,25.24096],[-80.43509,25.24098],[-80.43508,25.241],[-80.43511,25.241],[-80.43511,25.24099],[-80.43519,25.24098],[-80.43525,25.24097],[-80.43534,25.241],[-80.43543,25.241],[-80.43545,25.24102],[-80.43545,25.24104],[-80.43545,25.24106],[-80.43544,25.24109],[-80.43544,25.2411],[-80.43545,25.2411],[-80.4355,25.24112],[-80.43554,25.24112],[-80.43559,25.24113],[-80.4357,25.24112],[-80.43577,25.24111],[-80.43594,25.24107],[-80.43598,25.24107],[-80.43605,25.2411],[-80.43612,25.24111],[-80.43614,25.24111],[-80.43619,25.24111],[-80.43625,25.2411],[-80.43636,25.24107],[-80.43639,25.24107],[-80.43641,25.24108],[-80.43646,25.24109],[-80.4365,25.24109],[-80.43654,25.24109],[-80.43665,25.24107],[-80.43668,25.24106],[-80.43673,25.24102],[-80.43673,25.24102],[-80.43673,25.24101],[-80.43673,25.24098],[-80.43671,25.24096],[-80.43668,25.24094],[-80.43667,25.24092],[-80.43667,25.24091],[-80.43669,25.2409],[-80.43673,25.2409],[-80.43676,25.24091],[-80.4368,25.24089],[-80.43682,25.24088],[-80.43685,25.24088],[-80.43687,25.24089],[-80.43688,25.24091],[-80.43689,25.24092],[-80.43687,25.24095],[-80.43682,25.24098],[-80.43681,25.24099],[-80.43682,25.241],[-80.43682,25.24101],[-80.43682,25.24102],[-80.43685,25.24103],[-80.43689,25.24103],[-80.43692,25.24103],[-80.43701,25.24102],[-80.43709,25.241],[-80.43717,25.24098],[-80.43721,25.24096],[-80.43732,25.2409],[-80.43743,25.24084],[-80.43749,25.2408],[-80.4376,25.24073],[-80.43764,25.24069],[-80.4379,25.24048],[-80.43795,25.24044],[-80.43799,25.2404],[-80.43802,25.24037],[-80.4381,25.24029],[-80.43817,25.24021],[-80.43821,25.24016],[-80.43824,25.24011],[-80.43828,25.24004],[-80.43829,25.24],[-80.43829,25.23994],[-80.43829,25.23992],[-80.4383,25.23991],[-80.43841,25.23993],[-80.43851,25.23993],[-80.43856,25.23994],[-80.43867,25.23996],[-80.43876,25.23997],[-80.43878,25.23997],[-80.43883,25.23998],[-80.43888,25.23998],[-80.43892,25.23999],[-80.43894,25.23998],[-80.43897,25.23997],[-80.43898,25.23996],[-80.43902,25.23995],[-80.43925,25.23989],[-80.43928,25.23989],[-80.43939,25.23987],[-80.43944,25.23986],[-80.43957,25.23982],[-80.4397,25.23979],[-80.43971,25.23979],[-80.43971,25.2398],[-80.4397,25.23981],[-80.43967,25.23984],[-80.4396,25.23991],[-80.43946,25.24001],[-80.43938,25.24008],[-80.43927,25.24018],[-80.43924,25.24021],[-80.43918,25.24032],[-80.43915,25.24037],[-80.43912,25.24043],[-80.43907,25.24058],[-80.43901,25.24069],[-80.43895,25.24079],[-80.4389,25.24091],[-80.43888,25.24099],[-80.43886,25.24116],[-80.43885,25.24121],[-80.43882,25.24133],[-80.43879,25.24139],[-80.43876,25.24148],[-80.43874,25.24157],[-80.43873,25.24162],[-80.43873,25.24168],[-80.43873,25.24169],[-80.43875,25.24187],[-80.43876,25.24193],[-80.43878,25.24198],[-80.43879,25.24201],[-80.43881,25.24204],[-80.43887,25.24216],[-80.43895,25.24228],[-80.43897,25.2423],[-80.43897,25.24231],[-80.439,25.24238],[-80.43904,25.24243],[-80.43905,25.24244],[-80.43912,25.24251],[-80.43927,25.24272],[-80.43935,25.24283],[-80.43941,25.24289],[-80.43946,25.24294],[-80.4396,25.24307],[-80.43969,25.24315],[-80.43976,25.24321],[-80.4398,25.24324],[-80.43985,25.24327],[-80.43997,25.24333],[-80.44003,25.24336],[-80.44009,25.24339],[-80.44018,25.24343],[-80.44029,25.24348],[-80.44039,25.24352],[-80.44042,25.24353],[-80.44047,25.24355],[-80.44059,25.2436],[-80.44059,25.2436],[-80.4406,25.2436],[-80.44066,25.24362],[-80.4407,25.24363],[-80.44072,25.24364],[-80.4408,25.24367],[-80.44081,25.24367],[-80.44085,25.24368],[-80.44087,25.24369],[-80.44089,25.24371],[-80.4409,25.24372],[-80.44093,25.24375],[-80.441,25.24387],[-80.44103,25.24392],[-80.44107,25.24398],[-80.4411,25.24403],[-80.44111,25.24407],[-80.44111,25.24407],[-80.44109,25.24409],[-80.44108,25.24411],[-80.44108,25.24413],[-80.44111,25.24416],[-80.44115,25.2442],[-80.44123,25.24424],[-80.44127,25.24426],[-80.4413,25.24426],[-80.44134,25.24427],[-80.44134,25.24426],[-80.44137,25.24423],[-80.44137,25.24423],[-80.44138,25.24421],[-80.44141,25.24422],[-80.44161,25.24424],[-80.44163,25.24426],[-80.44172,25.2443],[-80.44177,25.24433],[-80.44182,25.24437],[-80.4419,25.24443],[-80.44199,25.24448],[-80.44209,25.24452],[-80.44211,25.24452],[-80.4422,25.24456],[-80.44234,25.24455],[-80.4425,25.24454],[-80.44253,25.24454],[-80.44261,25.24453],[-80.44267,25.24452],[-80.44276,25.2445],[-80.44279,25.24449],[-80.44282,25.2445],[-80.44283,25.24451],[-80.44289,25.24453],[-80.44295,25.24455],[-80.44303,25.24456],[-80.44311,25.24457],[-80.4432,25.24457],[-80.44329,25.24456],[-80.44339,25.24455],[-80.44346,25.24453],[-80.44354,25.24452],[-80.44363,25.24453],[-80.44375,25.24453],[-80.44382,25.24453],[-80.44382,25.2445],[-80.44393,25.24449],[-80.4441,25.24446],[-80.4443,25.24439],[-80.44449,25.24429],[-80.44465,25.24417],[-80.44475,25.24409],[-80.44478,25.24407],[-80.445,25.24384],[-80.44527,25.24359],[-80.44537,25.24348],[-80.44545,25.24335],[-80.44562,25.24304],[-80.44571,25.24279],[-80.44577,25.24252],[-80.44583,25.24223],[-80.4459,25.24198],[-80.44592,25.24183],[-80.44591,25.24164],[-80.44588,25.2415],[-80.44583,25.2414],[-80.4458,25.24137],[-80.44572,25.24133],[-80.44569,25.24131],[-80.44559,25.24114],[-80.44555,25.24109],[-80.44546,25.24103],[-80.44532,25.24095],[-80.44527,25.24093],[-80.44527,25.24093],[-80.44521,25.2409],[-80.44519,25.2409],[-80.445,25.24082],[-80.4449,25.24074],[-80.44479,25.24063],[-80.44461,25.24042],[-80.4446,25.2404],[-80.44452,25.24028],[-80.44452,25.24028],[-80.44452,25.24028],[-80.44446,25.24016],[-80.44444,25.24008],[-80.44443,25.24007],[-80.44443,25.24007],[-80.44443,25.24007],[-80.44444,25.24002],[-80.44446,25.2399],[-80.44446,25.2399],[-80.44446,25.2399],[-80.44446,25.2399],[-80.44471,25.23981],[-80.44521,25.24006],[-80.44552,25.2402],[-80.44655,25.24029],[-80.44759,25.24073],[-80.44897,25.24075],[-80.44975,25.24045],[-80.45066,25.24025],[-80.4517,25.23956],[-80.45207,25.23894],[-80.45278,25.23871],[-80.45341,25.23836],[-80.45366,25.23841],[-80.45427,25.23896],[-80.45523,25.23912],[-80.45583,25.23905],[-80.45654,25.23882],[-80.45697,25.23834],[-80.45737,25.23763],[-80.45737,25.23762],[-80.45737,25.23761],[-80.45737,25.23761],[-80.45744,25.23685],[-80.45736,25.23646],[-80.45736,25.23644],[-80.45736,25.23644],[-80.45734,25.23636],[-80.45734,25.23636],[-80.45734,25.23636],[-80.45733,25.23635],[-80.45696,25.23586],[-80.45643,25.23545],[-80.45633,25.2352],[-80.45636,25.23519],[-80.45636,25.23519],[-80.45636,25.23519],[-80.45686,25.23511],[-80.45812,25.23597],[-80.45906,25.23652],[-80.45997,25.2368],[-80.4608,25.23682],[-80.46168,25.23646],[-80.46299,25.23622],[-80.46382,25.2359],[-80.46468,25.23489],[-80.46526,25.23482],[-80.46579,25.23505],[-80.46647,25.23498],[-80.46715,25.23473],[-80.46771,25.23423],[-80.46821,25.23361],[-80.46821,25.23357],[-80.46821,25.23357],[-80.46821,25.23357],[-80.46822,25.23347],[-80.46822,25.23347],[-80.46822,25.23342],[-80.46824,25.23326],[-80.46831,25.23313],[-80.46838,25.23186],[-80.46839,25.23166],[-80.46839,25.23161],[-80.46843,25.23019],[-80.46864,25.23005],[-80.4699,25.23046],[-80.47048,25.23053],[-80.47065,25.23048],[-80.47065,25.23048],[-80.47065,25.23048],[-80.47086,25.23042],[-80.47143,25.22987],[-80.47209,25.22881],[-80.47227,25.22867],[-80.47251,25.2286],[-80.47251,25.2286],[-80.47266,25.22856],[-80.47267,25.22856],[-80.47268,25.22857],[-80.47269,25.22858],[-80.47269,25.22858],[-80.47353,25.22938],[-80.47365,25.22975],[-80.47449,25.23062],[-80.47522,25.23092],[-80.47587,25.2308],[-80.4762,25.23067],[-80.47681,25.23012],[-80.47718,25.22959],[-80.47759,25.22938],[-80.47824,25.2292],[-80.47902,25.22869],[-80.48041,25.22823],[-80.48081,25.2278],[-80.48134,25.22674],[-80.48142,25.22612],[-80.48212,25.2252],[-80.48248,25.22488],[-80.48283,25.22479],[-80.48432,25.22523],[-80.485,25.22552],[-80.4852,25.22577],[-80.48528,25.22637],[-80.4854,25.22671],[-80.48573,25.22713],[-80.48611,25.22738],[-80.48659,25.2279],[-80.48659,25.2279],[-80.48659,25.22791],[-80.48664,25.22816],[-80.48699,25.22857],[-80.48732,25.22873],[-80.48916,25.22882],[-80.48969,25.22855],[-80.49009,25.22818],[-80.49042,25.22777],[-80.49043,25.22773],[-80.49043,25.22772],[-80.49043,25.22772],[-80.49045,25.22742],[-80.4907,25.22728],[-80.49143,25.22742],[-80.49143,25.22742],[-80.49156,25.22744],[-80.49365,25.22735],[-80.49418,25.22712],[-80.49514,25.22607],[-80.49554,25.2254],[-80.49604,25.224],[-80.49604,25.22274],[-80.49604,25.22274],[-80.49604,25.22274],[-80.49603,25.22273],[-80.49554,25.22228],[-80.49496,25.22189],[-80.49445,25.22132],[-80.49445,25.22129],[-80.49445,25.22129],[-80.49445,25.22129],[-80.49445,25.22104],[-80.49498,25.22019],[-80.49505,25.21934],[-80.49481,25.21871],[-80.49481,25.21869],[-80.49481,25.21868],[-80.49467,25.21834],[-80.49468,25.21832],[-80.49468,25.21832],[-80.49468,25.21832],[-80.49472,25.21795],[-80.49498,25.21751],[-80.49498,25.21747],[-80.49498,25.21746],[-80.49499,25.21662],[-80.495,25.21629],[-80.495,25.21629],[-80.49487,25.21602],[-80.49402,25.21561],[-80.49387,25.21542],[-80.49371,25.21502],[-80.49371,25.21502],[-80.4937,25.21502],[-80.4937,25.21502],[-80.49356,25.21467],[-80.49354,25.21465],[-80.49354,25.21465],[-80.49354,25.21465],[-80.49296,25.21412],[-80.49182,25.21348],[-80.49074,25.21306],[-80.49023,25.21302],[-80.48968,25.21332],[-80.4892,25.21343],[-80.48905,25.21332],[-80.48895,25.21274],[-80.48874,25.21249],[-80.48834,25.21238],[-80.48736,25.21256],[-80.4873,25.2125],[-80.48723,25.21243],[-80.48725,25.21239],[-80.48725,25.21239],[-80.4875,25.21183],[-80.4875,25.21182],[-80.48764,25.2115],[-80.48765,25.21149],[-80.48817,25.21031],[-80.48822,25.20961],[-80.48819,25.20957],[-80.48819,25.20957],[-80.48789,25.20918],[-80.48798,25.2083],[-80.48798,25.20829],[-80.48799,25.20826],[-80.48747,25.20739],[-80.48746,25.20739],[-80.48746,25.20738],[-80.48745,25.20729],[-80.48746,25.20728],[-80.48746,25.20728],[-80.48778,25.20699],[-80.48823,25.20699],[-80.48884,25.20747],[-80.48972,25.20749],[-80.49061,25.20793],[-80.49093,25.2079],[-80.49151,25.2076],[-80.49219,25.20751],[-80.49235,25.20742],[-80.49234,25.20737],[-80.49234,25.20737],[-80.49234,25.20736],[-80.49224,25.20671],[-80.49214,25.20657],[-80.49214,25.20597],[-80.49214,25.20597],[-80.49215,25.20597],[-80.49215,25.20597],[-80.49237,25.20568],[-80.49277,25.20558],[-80.4936,25.20588],[-80.49385,25.20606],[-80.49385,25.20606],[-80.49386,25.20607],[-80.49386,25.20607],[-80.49383,25.20636],[-80.49356,25.20652],[-80.49356,25.20652],[-80.49356,25.20652],[-80.49355,25.20652],[-80.49356,25.20705],[-80.49363,25.20719],[-80.49401,25.2074],[-80.49426,25.2076],[-80.49459,25.20758],[-80.49469,25.20749],[-80.49479,25.20664],[-80.49491,25.20646],[-80.49491,25.20646],[-80.49492,25.20645],[-80.49493,25.20645],[-80.49493,25.20645],[-80.49527,25.20641],[-80.4957,25.20664],[-80.4958,25.20683],[-80.4958,25.20683],[-80.4958,25.20683],[-80.4958,25.20684],[-80.49579,25.20697],[-80.49578,25.20708],[-80.49578,25.20708],[-80.49577,25.20712],[-80.49555,25.20736],[-80.49555,25.20736],[-80.49553,25.20739],[-80.49552,25.20739],[-80.49557,25.20785],[-80.49562,25.20803],[-80.49563,25.20805],[-80.49563,25.20805],[-80.49566,25.20818],[-80.4957,25.2083],[-80.4957,25.2083],[-80.4957,25.20831],[-80.4957,25.20831],[-80.49576,25.2084],[-80.49576,25.2084],[-80.49581,25.20847],[-80.49583,25.2085],[-80.49583,25.20851],[-80.49583,25.20851],[-80.49585,25.20854],[-80.4962,25.2087],[-80.49663,25.2087],[-80.49678,25.2084],[-80.49693,25.20836],[-80.49693,25.20836],[-80.49696,25.20836],[-80.49696,25.20836],[-80.49705,25.20852],[-80.49714,25.20869],[-80.49716,25.20872],[-80.49781,25.2089],[-80.49782,25.20891],[-80.49782,25.20891],[-80.49783,25.20893],[-80.49785,25.20896],[-80.49785,25.20896],[-80.49789,25.20904],[-80.49789,25.20904],[-80.4979,25.20905],[-80.49792,25.20909],[-80.49797,25.20956],[-80.49797,25.20956],[-80.49797,25.20959],[-80.49835,25.21012],[-80.49848,25.21074],[-80.49888,25.21111],[-80.49979,25.21131],[-80.50046,25.21133],[-80.50061,25.2112],[-80.50061,25.21119],[-80.50061,25.21119],[-80.50087,25.21076],[-80.50087,25.21075],[-80.50088,25.21074],[-80.50099,25.21056],[-80.50124,25.21013],[-80.50124,25.21013],[-80.50124,25.21013],[-80.50133,25.20962],[-80.50133,25.20962],[-80.50134,25.20954],[-80.50134,25.20954],[-80.50053,25.2084],[-80.49978,25.20812],[-80.49865,25.2081],[-80.49744,25.20732],[-80.49686,25.2068],[-80.49688,25.20632],[-80.49673,25.20608],[-80.4959,25.20572],[-80.49557,25.20533],[-80.49549,25.20489],[-80.4955,25.20488],[-80.4955,25.20488],[-80.4955,25.20488],[-80.49602,25.20377],[-80.49607,25.20285],[-80.49595,25.2026],[-80.49592,25.20255],[-80.49592,25.20254],[-80.49592,25.20254],[-80.49569,25.20205],[-80.49562,25.2009],[-80.49562,25.20088],[-80.49562,25.20088],[-80.49562,25.20087],[-80.4957,25.20044],[-80.4957,25.20044],[-80.49572,25.20035],[-80.49572,25.20035],[-80.49564,25.20005],[-80.49531,25.19973],[-80.49534,25.1995],[-80.49534,25.1995],[-80.49534,25.1995],[-80.49534,25.1995],[-80.49799,25.19994],[-80.49864,25.20021],[-80.4993,25.20081],[-80.49979,25.20149],[-80.49981,25.20151],[-80.50021,25.20184],[-80.50035,25.20204],[-80.50035,25.20204],[-80.50037,25.20207],[-80.50037,25.20207],[-80.50049,25.20225],[-80.50049,25.20271],[-80.5004,25.20295],[-80.5004,25.20296],[-80.5004,25.20296],[-80.50006,25.20388],[-80.50011,25.2047],[-80.50026,25.20482],[-80.50079,25.20457],[-80.50157,25.20367],[-80.50225,25.20353],[-80.50258,25.2034],[-80.50281,25.20319],[-80.50311,25.20315],[-80.50324,25.20404],[-80.50344,25.20438],[-80.50364,25.20526],[-80.50379,25.20565],[-80.50487,25.20659],[-80.5056,25.20696],[-80.50616,25.20705],[-80.50742,25.20689],[-80.5078,25.20648],[-80.508,25.20641],[-80.50815,25.20652],[-80.50815,25.20652],[-80.50815,25.20652],[-80.50815,25.20652],[-80.5081,25.20684],[-80.50747,25.20735],[-80.50719,25.20792],[-80.50719,25.20792],[-80.50715,25.20802],[-80.50714,25.20803],[-80.50689,25.20856],[-80.50719,25.21012],[-80.50759,25.21083],[-80.50847,25.21177],[-80.50949,25.21226],[-80.50949,25.21226],[-80.50953,25.21228],[-80.50962,25.21277],[-80.50962,25.21277],[-80.50966,25.21299],[-80.51009,25.21352],[-80.51031,25.21409],[-80.51034,25.21556],[-80.51064,25.21606],[-80.51142,25.21671],[-80.51291,25.21701],[-80.51346,25.21735],[-80.51401,25.21795],[-80.51459,25.21783],[-80.51472,25.21772],[-80.51487,25.21733],[-80.51515,25.21724],[-80.5154,25.2174],[-80.51547,25.21768],[-80.51547,25.21768],[-80.51547,25.21768],[-80.51548,25.2177],[-80.51528,25.21806],[-80.51455,25.21856],[-80.51455,25.21856],[-80.51454,25.21857],[-80.51454,25.21919],[-80.51464,25.21955],[-80.51522,25.22018],[-80.51565,25.2204],[-80.51656,25.22048],[-80.51714,25.22066],[-80.51782,25.22123],[-80.51792,25.22142],[-80.51895,25.22231],[-80.51918,25.22238],[-80.52064,25.22229],[-80.5218,25.22163],[-80.52405,25.22128],[-80.5243,25.22117],[-80.52458,25.22089],[-80.52458,25.22086],[-80.52458,25.22086],[-80.52458,25.22086],[-80.52473,25.21988],[-80.52474,25.21987],[-80.52474,25.21987],[-80.52474,25.21986],[-80.52474,25.21986],[-80.52483,25.21959],[-80.52657,25.21789],[-80.527,25.21768],[-80.52806,25.21739],[-80.52859,25.21695],[-80.52872,25.21656],[-80.52879,25.21654],[-80.5288,25.21649],[-80.52897,25.21523],[-80.52897,25.21523],[-80.5292,25.2148],[-80.5292,25.21476],[-80.5292,25.21476],[-80.5292,25.21476],[-80.5292,25.21408],[-80.52897,25.21369],[-80.52899,25.21367],[-80.52904,25.21357],[-80.52904,25.21357],[-80.52907,25.21351],[-80.52942,25.21369],[-80.53061,25.21468],[-80.53091,25.21484],[-80.53157,25.2147],[-80.53263,25.2139],[-80.53263,25.2139],[-80.53265,25.21391],[-80.53265,25.21391],[-80.53306,25.21397],[-80.53323,25.21422],[-80.53378,25.21421],[-80.53378,25.21421],[-80.53384,25.2142],[-80.53384,25.2142],[-80.53385,25.2142],[-80.53385,25.2142],[-80.53616,25.21395],[-80.53813,25.21427],[-80.53813,25.21427],[-80.5383,25.2143],[-80.53931,25.21379],[-80.53964,25.21352],[-80.53997,25.21276],[-80.5405,25.21189],[-80.5405,25.21187],[-80.5405,25.21187],[-80.54052,25.21181],[-80.54052,25.2118],[-80.54062,25.21145],[-80.54062,25.21145],[-80.54062,25.21145],[-80.54062,25.21145],[-80.54055,25.21097],[-80.54057,25.20953],[-80.54067,25.20865],[-80.54057,25.20838],[-80.54032,25.20803],[-80.53957,25.20771],[-80.53931,25.20744],[-80.53929,25.20686],[-80.53894,25.2062],[-80.53805,25.20581],[-80.53805,25.20579],[-80.53805,25.20556],[-80.53806,25.20555],[-80.53808,25.20552],[-80.53808,25.20552],[-80.53861,25.20485],[-80.53861,25.20482],[-80.53861,25.20477],[-80.53863,25.20451],[-80.53863,25.20449],[-80.53866,25.20411],[-80.53833,25.20345],[-80.53783,25.20319],[-80.5373,25.20271],[-80.53705,25.20205],[-80.53685,25.20173],[-80.53584,25.20122],[-80.53571,25.20104],[-80.53571,25.20102],[-80.53571,25.20101],[-80.53576,25.19991],[-80.53576,25.19991],[-80.53576,25.19968],[-80.53576,25.19968],[-80.53576,25.19967],[-80.53569,25.19902],[-80.53569,25.19902],[-80.53569,25.19902],[-80.53584,25.19893],[-80.53607,25.19909],[-80.53622,25.19968],[-80.53654,25.20074],[-80.53697,25.20115],[-80.53783,25.20145],[-80.53816,25.20223],[-80.53901,25.20319],[-80.53944,25.20395],[-80.54,25.20462],[-80.54116,25.20572],[-80.54171,25.20604],[-80.54224,25.20622],[-80.5435,25.2062],[-80.54416,25.20602],[-80.54463,25.20577],[-80.54532,25.20508],[-80.54564,25.20499],[-80.5465,25.20549],[-80.54794,25.20618],[-80.54809,25.20682],[-80.54839,25.20719],[-80.5493,25.20799],[-80.5496,25.20864],[-80.5496,25.20868],[-80.5496,25.20871],[-80.5496,25.20871],[-80.54957,25.20926],[-80.54914,25.21006],[-80.54904,25.21059],[-80.54879,25.21121],[-80.54822,25.21209],[-80.54822,25.21209],[-80.54822,25.21209],[-80.54821,25.2121],[-80.54829,25.21265],[-80.54844,25.21316],[-80.54859,25.21343],[-80.54919,25.21405],[-80.54972,25.21419],[-80.5506,25.2141],[-80.55176,25.21364],[-80.55222,25.21366],[-80.55338,25.21401],[-80.55383,25.21398],[-80.55444,25.2138],[-80.55487,25.21341],[-80.55509,25.21281],[-80.55535,25.21254],[-80.55709,25.21201],[-80.55739,25.21189],[-80.55739,25.21188],[-80.55739,25.21188],[-80.55797,25.21165],[-80.5581,25.21166],[-80.5581,25.21166],[-80.5581,25.21166],[-80.55852,25.21171],[-80.55963,25.21206],[-80.5612,25.21234],[-80.56195,25.2122],[-80.56228,25.21195],[-80.56236,25.21169],[-80.56236,25.21168],[-80.56236,25.21168],[-80.56236,25.21168],[-80.56236,25.21161],[-80.56236,25.2116],[-80.56236,25.2116],[-80.56236,25.21158],[-80.56236,25.21158],[-80.56236,25.21094],[-80.56227,25.21057],[-80.56227,25.21057],[-80.56227,25.21056],[-80.56226,25.2105],[-80.56147,25.20949],[-80.56147,25.20948],[-80.56147,25.20948],[-80.56147,25.20948],[-80.56132,25.20901],[-80.56128,25.20893],[-80.56127,25.20892],[-80.56084,25.20816],[-80.56079,25.20761],[-80.56052,25.20697],[-80.56014,25.20635],[-80.56006,25.20584],[-80.55943,25.20479],[-80.55942,25.2047],[-80.55942,25.2047],[-80.55938,25.20449],[-80.55933,25.20446],[-80.55933,25.20446],[-80.55931,25.20444],[-80.55923,25.20417],[-80.55921,25.20268],[-80.55915,25.20247],[-80.55915,25.20245],[-80.55915,25.20245],[-80.55908,25.2022],[-80.55898,25.20112],[-80.55898,25.20112],[-80.55897,25.20105],[-80.55896,25.20093],[-80.55886,25.20052],[-80.55856,25.1999],[-80.55856,25.19987],[-80.55856,25.19987],[-80.55856,25.19987],[-80.55856,25.19987],[-80.55856,25.19975],[-80.55856,25.19975],[-80.55856,25.19943],[-80.55856,25.19943],[-80.55856,25.19931],[-80.55866,25.19912],[-80.55949,25.19892],[-80.55997,25.19853],[-80.56035,25.1985],[-80.56057,25.19846],[-80.56097,25.19809],[-80.56098,25.19807],[-80.56098,25.19807],[-80.56161,25.19794],[-80.56238,25.19778],[-80.5629,25.19753],[-80.56393,25.19702],[-80.56393,25.19702],[-80.56396,25.19698],[-80.56553,25.19511],[-80.56525,25.19307],[-80.56525,25.19307],[-80.56524,25.193],[-80.56524,25.193],[-80.56524,25.193],[-80.56516,25.19277],[-80.56517,25.19277],[-80.56517,25.19277],[-80.56539,25.19266],[-80.56847,25.19305],[-80.56879,25.19316],[-80.57084,25.19525],[-80.57147,25.19601],[-80.57275,25.19716],[-80.57333,25.19745],[-80.57457,25.1978],[-80.57497,25.19798],[-80.5758,25.19879],[-80.57618,25.19938],[-80.57691,25.20021],[-80.57721,25.20075],[-80.57721,25.20075],[-80.57721,25.20076],[-80.57721,25.20076],[-80.57724,25.20223],[-80.57706,25.20319],[-80.57671,25.20363],[-80.57643,25.20358],[-80.576,25.20312],[-80.57599,25.20308],[-80.57599,25.20307],[-80.57597,25.20295],[-80.57567,25.20143],[-80.57567,25.20143],[-80.57562,25.20119],[-80.57562,25.20119],[-80.5754,25.20005],[-80.57517,25.19943],[-80.57462,25.19867],[-80.57378,25.1983],[-80.57325,25.19819],[-80.57189,25.19828],[-80.57126,25.19853],[-80.57043,25.19931],[-80.57005,25.19979],[-80.56957,25.20071],[-80.56929,25.20147],[-80.56922,25.20206],[-80.56922,25.20365],[-80.56922,25.20376],[-80.56922,25.20384],[-80.56922,25.20384],[-80.56922,25.20384],[-80.56922,25.20388],[-80.56902,25.20417],[-80.56776,25.20426],[-80.56695,25.20413],[-80.56508,25.20415],[-80.5646,25.20429],[-80.5641,25.2047],[-80.56404,25.20479],[-80.56404,25.20479],[-80.56403,25.2048],[-80.56382,25.20509],[-80.56374,25.20534],[-80.56374,25.20534],[-80.56374,25.20534],[-80.56373,25.20538],[-80.56372,25.20541],[-80.56372,25.20541],[-80.5637,25.20548],[-80.5636,25.20636],[-80.5636,25.20638],[-80.56359,25.20642],[-80.56352,25.20653],[-80.56352,25.20653],[-80.56352,25.20653],[-80.56354,25.20718],[-80.56405,25.20784],[-80.5647,25.20828],[-80.56542,25.20947],[-80.56542,25.20948],[-80.56546,25.20954],[-80.56546,25.20955],[-80.56546,25.20955],[-80.56548,25.20959],[-80.56601,25.21014],[-80.56745,25.21119],[-80.56815,25.21151],[-80.56841,25.21156],[-80.56926,25.2114],[-80.56967,25.21117],[-80.57037,25.21046],[-80.57073,25.2103],[-80.57128,25.21039],[-80.57189,25.21069],[-80.57229,25.21078],[-80.57285,25.21064],[-80.57345,25.21023],[-80.57385,25.21005],[-80.57456,25.21007],[-80.57489,25.21023],[-80.57549,25.21085],[-80.57557,25.21101],[-80.5764,25.21179],[-80.57711,25.21209],[-80.57801,25.21204],[-80.57985,25.21172],[-80.58051,25.2114],[-80.58099,25.21108],[-80.58238,25.21056],[-80.58286,25.20996],[-80.58298,25.20962],[-80.58281,25.20874],[-80.58279,25.20872],[-80.58279,25.20872],[-80.58278,25.20872],[-80.5824,25.20833],[-80.58241,25.20831],[-80.58241,25.20831],[-80.58241,25.20831],[-80.58245,25.20812],[-80.58249,25.2081],[-80.58249,25.2081],[-80.5827,25.20798],[-80.58309,25.2081],[-80.58309,25.2081],[-80.58309,25.2081],[-80.58309,25.2081],[-80.58316,25.20812],[-80.58374,25.20794],[-80.58414,25.20746],[-80.58414,25.20742],[-80.58414,25.20742],[-80.58414,25.20742],[-80.58414,25.20675],[-80.58374,25.20594],[-80.58336,25.20544],[-80.58329,25.20523],[-80.58334,25.20451],[-80.58336,25.20416],[-80.58337,25.20415],[-80.58337,25.20415],[-80.58369,25.20349],[-80.58374,25.20315],[-80.58361,25.20204],[-80.58351,25.20182],[-80.58342,25.20126],[-80.58342,25.20123],[-80.58342,25.20122],[-80.58341,25.2012],[-80.58341,25.20119],[-80.58341,25.20119],[-80.58342,25.20119],[-80.58384,25.20055],[-80.5843,25.20051],[-80.58478,25.20069],[-80.58525,25.20074],[-80.58649,25.20055],[-80.58762,25.20069],[-80.58901,25.20001],[-80.58967,25.19973],[-80.5908,25.19964],[-80.59158,25.19925],[-80.59259,25.19835],[-80.59279,25.19806],[-80.59284,25.19723],[-80.5935,25.19652],[-80.59388,25.19588],[-80.59418,25.19517],[-80.59421,25.19478],[-80.59416,25.19461],[-80.59416,25.19461],[-80.59416,25.19459],[-80.59416,25.19459],[-80.59416,25.19458],[-80.59436,25.19358],[-80.59431,25.19267],[-80.5943,25.19266],[-80.5943,25.19266],[-80.5943,25.19266],[-80.59411,25.19248],[-80.59403,25.19225],[-80.59403,25.19224],[-80.59403,25.19218],[-80.59403,25.19218],[-80.59403,25.19147],[-80.59431,25.19085],[-80.59464,25.19037],[-80.59527,25.18982],[-80.59582,25.18959],[-80.59726,25.18936],[-80.59806,25.18934],[-80.59867,25.18923],[-80.59907,25.18899],[-80.59996,25.18847],[-80.60104,25.18822],[-80.60192,25.18783],[-80.60349,25.1876],[-80.60467,25.18705],[-80.60563,25.18675],[-80.60643,25.18641],[-80.60719,25.18567],[-80.60785,25.18441],[-80.60805,25.18365],[-80.60848,25.18324],[-80.60898,25.18292],[-80.60928,25.18262],[-80.60984,25.18157],[-80.61004,25.18081],[-80.61027,25.18033],[-80.61072,25.17987],[-80.61201,25.17893],[-80.61216,25.17868],[-80.61214,25.17835],[-80.61214,25.17835],[-80.61214,25.17834],[-80.61211,25.1779],[-80.61212,25.17788],[-80.61212,25.17788],[-80.61212,25.17788],[-80.61239,25.17762],[-80.61296,25.17732],[-80.61334,25.17693],[-80.61344,25.17673],[-80.61352,25.1767],[-80.61354,25.17654],[-80.61412,25.17595],[-80.61445,25.17576],[-80.61496,25.17579],[-80.61606,25.17625],[-80.61724,25.17634],[-80.61724,25.17634],[-80.61725,25.17634],[-80.61725,25.17634],[-80.61725,25.17634],[-80.61725,25.17634],[-80.61725,25.17634],[-80.61726,25.17634],[-80.61727,25.17635],[-80.61831,25.17687],[-80.61901,25.17737],[-80.61924,25.17765],[-80.61924,25.17765],[-80.61927,25.17769],[-80.61925,25.17789],[-80.61925,25.17789],[-80.61924,25.17799],[-80.61924,25.17799],[-80.61924,25.17799],[-80.61924,25.17801],[-80.61846,25.179],[-80.61823,25.17969],[-80.6178,25.18047],[-80.61785,25.18059],[-80.61785,25.18059],[-80.61785,25.18059],[-80.61785,25.1806],[-80.61962,25.182],[-80.62045,25.18178],[-80.62128,25.18115],[-80.62151,25.18083],[-80.62161,25.18044],[-80.62184,25.18031],[-80.62217,25.18044],[-80.62312,25.1812],[-80.62408,25.18136],[-80.62408,25.18136],[-80.62408,25.18136],[-80.62429,25.18151],[-80.62429,25.18151],[-80.6243,25.18152],[-80.6243,25.18152],[-80.62441,25.18159],[-80.62469,25.18186],[-80.62469,25.18186],[-80.62471,25.18188],[-80.62479,25.18196],[-80.62506,25.18223],[-80.62519,25.18255],[-80.62502,25.18277],[-80.62502,25.18277],[-80.62501,25.18278],[-80.62479,25.18283],[-80.62348,25.18258],[-80.62269,25.18269],[-80.62222,25.18287],[-80.62174,25.18352],[-80.62146,25.18361],[-80.61972,25.18295],[-80.61667,25.18271],[-80.61589,25.1826],[-80.61427,25.18255],[-80.61296,25.18203],[-80.61191,25.18205],[-80.6115,25.18214],[-80.6115,25.18214],[-80.61149,25.18214],[-80.61112,25.18223],[-80.61039,25.18253],[-80.61039,25.18253],[-80.61038,25.18253],[-80.60959,25.18285],[-80.60928,25.1832],[-80.60906,25.18365],[-80.60908,25.18425],[-80.60911,25.18428],[-80.60917,25.18435],[-80.60917,25.18436],[-80.60951,25.18478],[-80.60979,25.1853],[-80.60979,25.1853],[-80.6098,25.18533],[-80.60981,25.18535],[-80.60974,25.18592],[-80.60921,25.18648],[-80.60805,25.18728],[-80.60747,25.18783],[-80.60664,25.1882],[-80.60492,25.18852],[-80.60442,25.18868],[-80.60409,25.18888],[-80.60371,25.18939],[-80.60326,25.19058],[-80.60333,25.19127],[-80.60333,25.19128],[-80.60333,25.19128],[-80.60333,25.19129],[-80.60348,25.19171],[-80.60376,25.19209],[-80.60411,25.19315],[-80.60553,25.19446],[-80.60553,25.19446],[-80.60553,25.19447],[-80.60553,25.19447],[-80.60557,25.19462],[-80.60557,25.19462],[-80.60557,25.19464],[-80.60558,25.19464],[-80.6057,25.19477],[-80.6057,25.19477],[-80.6057,25.19477],[-80.60573,25.1948],[-80.60588,25.19611],[-80.60573,25.19673],[-80.60527,25.19801],[-80.60414,25.19978],[-80.60394,25.20094],[-80.60394,25.20094],[-80.60394,25.20094],[-80.60394,25.20095],[-80.60401,25.20161],[-80.60433,25.20211],[-80.60433,25.20211],[-80.60438,25.20218],[-80.60438,25.20218],[-80.60448,25.20233],[-80.60448,25.20233],[-80.60448,25.20233],[-80.60449,25.20235],[-80.60492,25.20274],[-80.60681,25.20311],[-80.60787,25.20301],[-80.60852,25.20274],[-80.609,25.2023],[-80.60946,25.20173],[-80.60961,25.20067],[-80.60971,25.20047],[-80.60994,25.20026],[-80.61034,25.20035],[-80.6111,25.20072],[-80.61208,25.20058],[-80.61281,25.20065],[-80.61417,25.20093],[-80.6149,25.20072],[-80.61606,25.19971],[-80.61674,25.19941],[-80.61828,25.19896],[-80.61896,25.19847],[-80.61914,25.19827],[-80.61927,25.19769],[-80.61956,25.19759],[-80.61959,25.19758],[-80.61981,25.19767],[-80.61981,25.19767],[-80.62007,25.19779],[-80.6207,25.1985],[-80.6209,25.19889],[-80.62126,25.19921],[-80.62161,25.19937],[-80.62199,25.19937],[-80.62254,25.19919],[-80.62315,25.19879],[-80.62358,25.19838],[-80.624,25.19778],[-80.62418,25.19714],[-80.62418,25.19701],[-80.62418,25.197],[-80.62418,25.19695],[-80.62418,25.19695],[-80.62416,25.19634],[-80.62415,25.19634],[-80.62415,25.19634],[-80.62415,25.19634],[-80.62408,25.19622],[-80.62408,25.19622],[-80.62408,25.19622],[-80.62408,25.19622],[-80.62421,25.19547],[-80.62479,25.19528],[-80.62486,25.19525],[-80.62486,25.19525],[-80.62486,25.19525],[-80.62532,25.19501],[-80.62565,25.19514],[-80.62565,25.19514],[-80.62565,25.19514],[-80.62572,25.19517],[-80.62592,25.19551],[-80.62701,25.19634],[-80.62824,25.19749],[-80.62867,25.19767],[-80.62945,25.19772],[-80.63036,25.19735],[-80.63076,25.19698],[-80.63096,25.1965],[-80.63096,25.19647],[-80.63096,25.19647],[-80.63096,25.19647],[-80.63099,25.19552],[-80.63099,25.19551],[-80.63099,25.19551],[-80.63111,25.19533],[-80.63177,25.19503],[-80.63321,25.1946],[-80.63369,25.19416],[-80.63404,25.19359],[-80.63404,25.19358],[-80.63404,25.19358],[-80.63404,25.19358],[-80.63404,25.19256],[-80.63404,25.19255],[-80.63404,25.19255],[-80.63404,25.19255],[-80.63424,25.19237],[-80.63515,25.19235],[-80.63651,25.19258],[-80.63699,25.19242],[-80.63762,25.192],[-80.6379,25.19148],[-80.6382,25.19118],[-80.63885,25.19088],[-80.63933,25.19088],[-80.6442,25.1907],[-80.64541,25.19042],[-80.64604,25.19014],[-80.64669,25.18971],[-80.64712,25.18953],[-80.64732,25.18969],[-80.64727,25.19083],[-80.6475,25.19143],[-80.64783,25.19184],[-80.64828,25.19216],[-80.64909,25.19239],[-80.65128,25.1926],[-80.65164,25.19248],[-80.65219,25.19209],[-80.65244,25.19145],[-80.65244,25.19145],[-80.65244,25.19144],[-80.65249,25.19044],[-80.65273,25.18966],[-80.65273,25.18966],[-80.65274,25.18962],[-80.65274,25.18962],[-80.65315,25.18913],[-80.6539,25.18865],[-80.65433,25.18822],[-80.65434,25.18819],[-80.65437,25.18804],[-80.65437,25.18803],[-80.65446,25.18762],[-80.65451,25.18673],[-80.65418,25.1856],[-80.65428,25.1848],[-80.65429,25.18479],[-80.65429,25.18479],[-80.65429,25.18479],[-80.65453,25.18455],[-80.65519,25.1845],[-80.65635,25.18501],[-80.65857,25.18494],[-80.65937,25.18478],[-80.6599,25.18443],[-80.65991,25.18441],[-80.65991,25.18441],[-80.66013,25.18394],[-80.66015,25.18388],[-80.66015,25.18388],[-80.66016,25.18388],[-80.66033,25.18299],[-80.66034,25.18296],[-80.66056,25.18241],[-80.66056,25.18241],[-80.66057,25.1824],[-80.66057,25.1824],[-80.66086,25.18198],[-80.66159,25.18129],[-80.66293,25.18046],[-80.66293,25.18046],[-80.66293,25.18046],[-80.66294,25.18045],[-80.66317,25.18027],[-80.66324,25.18022],[-80.66324,25.18022],[-80.66378,25.1798],[-80.66398,25.1795],[-80.66399,25.17949],[-80.66399,25.17949],[-80.66399,25.17949],[-80.66406,25.17916],[-80.66408,25.17905],[-80.66408,25.17905],[-80.6641,25.17899],[-80.6641,25.17898],[-80.6641,25.17898],[-80.66431,25.17798],[-80.66426,25.17741],[-80.66425,25.1774],[-80.66425,25.1774],[-80.66408,25.1772],[-80.6631,25.17558],[-80.66245,25.17498],[-80.66192,25.17475],[-80.6611,25.17453],[-80.6611,25.17453],[-80.66091,25.17448],[-80.66087,25.17448],[-80.66087,25.17448],[-80.65985,25.17443],[-80.65919,25.17475],[-80.65879,25.17514],[-80.65826,25.17617],[-80.65826,25.1767],[-80.65831,25.17744],[-80.65796,25.1775],[-80.65795,25.1775],[-80.65795,25.1775],[-80.65795,25.1775],[-80.65738,25.17698],[-80.65579,25.17585],[-80.65496,25.1756],[-80.65361,25.17565],[-80.65361,25.17565],[-80.65361,25.17565],[-80.65355,25.17565],[-80.65166,25.17535],[-80.65095,25.1754],[-80.64727,25.17652],[-80.64457,25.17721],[-80.64379,25.17758],[-80.64329,25.17801],[-80.64306,25.1781],[-80.64072,25.17813],[-80.63807,25.17856],[-80.63553,25.1784],[-80.6352,25.17822],[-80.63476,25.17757],[-80.63476,25.17757],[-80.63476,25.17757],[-80.63472,25.17751],[-80.63471,25.1775],[-80.63471,25.1775],[-80.63471,25.1775],[-80.63361,25.17648],[-80.63361,25.17647],[-80.63362,25.17643],[-80.63362,25.17643],[-80.63362,25.17642],[-80.63362,25.17642],[-80.63363,25.17634],[-80.63457,25.17604],[-80.63547,25.17595],[-80.63566,25.17607],[-80.63566,25.17608],[-80.63568,25.17609],[-80.63653,25.17634],[-80.63784,25.17622],[-80.63936,25.17661],[-80.64029,25.17666],[-80.64165,25.17592],[-80.64258,25.17556],[-80.64435,25.17515],[-80.64508,25.17471],[-80.64583,25.17404],[-80.6475,25.17159],[-80.64834,25.1702],[-80.64834,25.1702],[-80.64838,25.17013],[-80.64839,25.17012],[-80.64924,25.16872],[-80.64963,25.16794],[-80.64971,25.16777],[-80.64972,25.16776],[-80.64989,25.16741],[-80.65128,25.16402],[-80.65178,25.16216],[-80.65178,25.16216],[-80.65178,25.16216],[-80.65178,25.16213],[-80.65178,25.16195],[-80.65178,25.16195],[-80.65175,25.16053],[-80.65171,25.1605],[-80.65171,25.1605],[-80.65168,25.16049],[-80.65143,25.15982],[-80.65107,25.15936],[-80.651,25.15906],[-80.65095,25.15746],[-80.65122,25.15705],[-80.65122,25.15705],[-80.65124,25.15702],[-80.65133,25.15689],[-80.65168,25.15675],[-80.65304,25.15654],[-80.65412,25.15629],[-80.65533,25.15576],[-80.65599,25.15514],[-80.65633,25.15447],[-80.65633,25.15446],[-80.65642,25.15429],[-80.65642,25.15429],[-80.65644,25.1525],[-80.65632,25.15154],[-80.65631,25.15152],[-80.65631,25.15145],[-80.65631,25.15145],[-80.65624,25.15023],[-80.65594,25.14938],[-80.65566,25.14904],[-80.65547,25.1489],[-80.65546,25.14889],[-80.65531,25.14878],[-80.65528,25.14876],[-80.65468,25.14855],[-80.65468,25.14855],[-80.6546,25.14852],[-80.6546,25.14852],[-80.65364,25.14819],[-80.65246,25.14732],[-80.65221,25.14697],[-80.65228,25.14659],[-80.65228,25.14658],[-80.65228,25.14658],[-80.65258,25.1463],[-80.65278,25.14611],[-80.65281,25.14608],[-80.65295,25.14605],[-80.65295,25.14605],[-80.65483,25.14567],[-80.65494,25.14562],[-80.65499,25.1456],[-80.65499,25.1456],[-80.65667,25.14493],[-80.65714,25.145],[-80.6574,25.14525],[-80.65739,25.14526],[-80.65716,25.14573],[-80.65707,25.14592],[-80.65712,25.14628],[-80.65712,25.14629],[-80.65712,25.14629],[-80.6574,25.14656],[-80.65743,25.14659],[-80.65747,25.14662],[-80.65747,25.14662],[-80.65755,25.1467],[-80.65798,25.14661],[-80.65798,25.1466],[-80.65798,25.1466],[-80.65851,25.14558],[-80.65863,25.14523],[-80.65856,25.1447],[-80.6583,25.14422],[-80.65833,25.14342],[-80.6586,25.14302],[-80.65861,25.14301],[-80.65861,25.143],[-80.65875,25.14291],[-80.65891,25.14281],[-80.65891,25.14281],[-80.65916,25.14264],[-80.65917,25.14264],[-80.65917,25.14263],[-80.65949,25.14251],[-80.65971,25.14243],[-80.65971,25.14243],[-80.66125,25.14232],[-80.66126,25.14232],[-80.66129,25.14231],[-80.66144,25.14226],[-80.66405,25.14145],[-80.66407,25.14145],[-80.66407,25.14145],[-80.66407,25.14145],[-80.66527,25.14161],[-80.66535,25.14162],[-80.66538,25.14163],[-80.66538,25.14163],[-80.66607,25.14193],[-80.66616,25.14195],[-80.66616,25.14195],[-80.66618,25.14195],[-80.66775,25.14229],[-80.66906,25.14213],[-80.66972,25.14188],[-80.67022,25.14149],[-80.67105,25.14041],[-80.67128,25.14004],[-80.67209,25.13947],[-80.67241,25.13896],[-80.67244,25.13895],[-80.67245,25.13895],[-80.67309,25.1386],[-80.6737,25.13848],[-80.67405,25.13858],[-80.67451,25.13883],[-80.67511,25.14027],[-80.67506,25.1411],[-80.6747,25.14197],[-80.6747,25.14197],[-80.67464,25.14212],[-80.67464,25.14212],[-80.67458,25.14225],[-80.67408,25.1427],[-80.67247,25.14332],[-80.67138,25.14383],[-80.67093,25.14415],[-80.67038,25.1447],[-80.6699,25.14555],[-80.66974,25.146],[-80.6697,25.1461],[-80.6697,25.1461],[-80.66969,25.14612],[-80.66929,25.14658],[-80.66859,25.14704],[-80.66859,25.14704],[-80.66853,25.14709],[-80.66755,25.14773],[-80.66718,25.14839],[-80.66587,25.14966],[-80.66569,25.15005],[-80.66564,25.15087],[-80.66526,25.1511],[-80.6642,25.15138],[-80.66339,25.15232],[-80.66337,25.15234],[-80.66337,25.15234],[-80.66286,25.15293],[-80.66244,25.15341],[-80.66191,25.15401],[-80.66191,25.15401],[-80.66191,25.15401],[-80.66191,25.15402],[-80.66153,25.15423],[-80.66153,25.15423],[-80.66123,25.1544],[-80.65909,25.15507],[-80.65889,25.15502],[-80.65737,25.15576],[-80.65662,25.15629],[-80.65609,25.15695],[-80.65551,25.15789],[-80.65551,25.15789],[-80.65551,25.15789],[-80.65547,25.15803],[-80.65523,25.15895],[-80.65496,25.15954],[-80.65385,25.16104],[-80.65365,25.16142],[-80.65365,25.16142],[-80.65362,25.16148],[-80.65362,25.16149],[-80.65317,25.16239],[-80.65307,25.16287],[-80.65312,25.16381],[-80.65312,25.16382],[-80.65312,25.16382],[-80.65312,25.16383],[-80.65357,25.16466],[-80.65465,25.16574],[-80.65565,25.16649],[-80.65565,25.16649],[-80.65569,25.16652],[-80.65569,25.16652],[-80.65624,25.16688],[-80.65625,25.16688],[-80.65631,25.16693],[-80.65631,25.16693],[-80.65632,25.16693],[-80.65675,25.16753],[-80.657,25.1684],[-80.65733,25.16888],[-80.65733,25.16888],[-80.65733,25.16888],[-80.65733,25.16888],[-80.65781,25.16913],[-80.65818,25.16918],[-80.6582,25.16917],[-80.6582,25.16917],[-80.65832,25.16915],[-80.65832,25.16915],[-80.65892,25.16902],[-80.66028,25.16831],[-80.66096,25.16778],[-80.66187,25.16741],[-80.66187,25.16741],[-80.66191,25.16739],[-80.66215,25.16741],[-80.66215,25.16741],[-80.66348,25.1675],[-80.66451,25.16736],[-80.66564,25.16679],[-80.6662,25.16668],[-80.6662,25.16668],[-80.6662,25.16668],[-80.66741,25.16693],[-80.66741,25.16693],[-80.66741,25.16693],[-80.66741,25.16693],[-80.66813,25.16683],[-80.66823,25.16681],[-80.66869,25.16674],[-80.66869,25.16674],[-80.66869,25.16674],[-80.66872,25.16675],[-80.66874,25.16675],[-80.66875,25.16675],[-80.66937,25.16684],[-80.66983,25.16704],[-80.66997,25.16723],[-80.66997,25.16723],[-80.66997,25.16724],[-80.66998,25.16725],[-80.6699,25.16764],[-80.66965,25.16798],[-80.669,25.16849],[-80.66839,25.16922],[-80.66801,25.16996],[-80.66801,25.17014],[-80.66801,25.17014],[-80.66801,25.17022],[-80.66799,25.17083],[-80.66814,25.17122],[-80.66847,25.17157],[-80.66849,25.17159],[-80.66867,25.17179],[-80.66893,25.17197],[-80.66893,25.17197],[-80.66898,25.17201],[-80.66965,25.17248],[-80.67059,25.17351],[-80.67094,25.17408],[-80.67127,25.17438],[-80.6717,25.17459],[-80.67238,25.1745],[-80.67278,25.17433],[-80.67326,25.1739],[-80.67349,25.17342],[-80.67348,25.17239],[-80.67348,25.17237],[-80.67348,25.17237],[-80.67348,25.17236],[-80.67338,25.17202],[-80.67338,25.17202],[-80.67338,25.17201],[-80.67338,25.17201],[-80.67339,25.17165],[-80.6734,25.17158],[-80.6734,25.17158],[-80.67341,25.17112],[-80.67343,25.1711],[-80.67343,25.1711],[-80.67343,25.1711],[-80.67406,25.17002],[-80.67401,25.16885],[-80.67401,25.16885],[-80.67401,25.16885],[-80.67401,25.16885],[-80.67376,25.16858],[-80.67258,25.16805],[-80.67235,25.1678],[-80.67235,25.16778],[-80.67235,25.16778],[-80.67235,25.16778],[-80.67232,25.1675],[-80.67253,25.16734],[-80.67374,25.16722],[-80.67479,25.16702],[-80.67522,25.16679],[-80.67573,25.16631],[-80.67711,25.16454],[-80.67764,25.16415],[-80.67807,25.16394],[-80.67966,25.16403],[-80.68039,25.16465],[-80.68043,25.16478],[-80.68044,25.16478],[-80.68044,25.16478],[-80.68044,25.16479],[-80.68036,25.16566],[-80.68011,25.16614],[-80.68001,25.16656],[-80.67812,25.16897],[-80.678,25.16936],[-80.67779,25.1708],[-80.67752,25.17204],[-80.67752,25.17287],[-80.67764,25.17317],[-80.67764,25.17318],[-80.67771,25.17336],[-80.67772,25.17337],[-80.67774,25.17364],[-80.67775,25.17364],[-80.67775,25.17364],[-80.67775,25.17365],[-80.67776,25.17366],[-80.67776,25.17366],[-80.67784,25.17373],[-80.67785,25.17374],[-80.67787,25.17394],[-80.67787,25.17394],[-80.67787,25.17394],[-80.67845,25.17461],[-80.67933,25.17449],[-80.68024,25.17456],[-80.68105,25.17438],[-80.6812,25.17422],[-80.68143,25.17348],[-80.68201,25.17282],[-80.68251,25.17261],[-80.68379,25.17234],[-80.68422,25.17201],[-80.6843,25.17183],[-80.68465,25.17103],[-80.68505,25.17073],[-80.68631,25.17045],[-80.68679,25.17018],[-80.68742,25.16933],[-80.6881,25.16887],[-80.68901,25.16857],[-80.69027,25.16852],[-80.69077,25.16837],[-80.69135,25.16802],[-80.69317,25.16729],[-80.6937,25.16687],[-80.69402,25.1663],[-80.69423,25.16572],[-80.69465,25.16533],[-80.69561,25.16474],[-80.69614,25.16384],[-80.69649,25.16352],[-80.69785,25.16295],[-80.69831,25.16247],[-80.69861,25.16185],[-80.69861,25.15905],[-80.69861,25.15904],[-80.6986,25.15904],[-80.69847,25.15879],[-80.69847,25.15879],[-80.69838,25.15861],[-80.69826,25.1582],[-80.69826,25.15819],[-80.69805,25.15747],[-80.69805,25.15746],[-80.69793,25.15553],[-80.69793,25.15549],[-80.69793,25.15549],[-80.69793,25.15549],[-80.6976,25.15492],[-80.6976,25.15491],[-80.6976,25.15491],[-80.6976,25.15491],[-80.6976,25.15482],[-80.6976,25.15447],[-80.6976,25.15447],[-80.6976,25.15447],[-80.6976,25.15444],[-80.6976,25.15444],[-80.69771,25.15433],[-80.69771,25.15433],[-80.69775,25.1543],[-80.69834,25.15413],[-80.69835,25.15413],[-80.69836,25.15412],[-80.69836,25.15412],[-80.69918,25.15389],[-80.70027,25.15336],[-80.70154,25.15326],[-80.70155,25.15326],[-80.70156,25.15326],[-80.70156,25.15326],[-80.70241,25.1532],[-80.70294,25.15308],[-80.70352,25.15274],[-80.70405,25.15205],[-80.70468,25.15093],[-80.70479,25.15068],[-80.70479,25.15068],[-80.70479,25.15068],[-80.70488,25.15049],[-80.70488,25.15049],[-80.70513,25.14957],[-80.70513,25.14957],[-80.70538,25.14902],[-80.70538,25.14902],[-80.70533,25.14833],[-80.70523,25.1482],[-80.70485,25.14675],[-80.7047,25.14533],[-80.70467,25.14512],[-80.70422,25.14471],[-80.70384,25.14449],[-80.70376,25.14444],[-80.70376,25.14444],[-80.70339,25.14423],[-80.70339,25.14423],[-80.70335,25.14415],[-80.70335,25.14415],[-80.70328,25.14399],[-80.70322,25.14385],[-80.70321,25.14384],[-80.70321,25.14384],[-80.70321,25.14384],[-80.70323,25.14145],[-80.70371,25.14067],[-80.70407,25.14042],[-80.70596,25.13991],[-80.70598,25.1399],[-80.70599,25.1399],[-80.70646,25.13978],[-80.70699,25.14003],[-80.70734,25.14055],[-80.708,25.14131],[-80.708,25.14143],[-80.708,25.14143],[-80.708,25.14143],[-80.70802,25.14179],[-80.70785,25.14225],[-80.70797,25.1429],[-80.7086,25.14381],[-80.7086,25.14549],[-80.7086,25.14549],[-80.7086,25.14571],[-80.7086,25.14604],[-80.70876,25.14684],[-80.70903,25.14744],[-80.70948,25.148],[-80.70949,25.148],[-80.70949,25.148],[-80.70961,25.14816],[-80.70961,25.14816],[-80.71022,25.14893],[-80.71052,25.14989],[-80.7106,25.15056],[-80.7106,25.15057],[-80.71062,25.15078],[-80.71063,25.15079],[-80.71063,25.15079],[-80.7109,25.15138],[-80.71158,25.15193],[-80.71186,25.152],[-80.71234,25.15184],[-80.71234,25.15184],[-80.71234,25.15184],[-80.71257,25.15168],[-80.71296,25.15154],[-80.71296,25.15154],[-80.71296,25.15154],[-80.71297,25.15154],[-80.7136,25.15172],[-80.7139,25.15191],[-80.71433,25.15271],[-80.71486,25.15337],[-80.7161,25.15445],[-80.7171,25.15521],[-80.7171,25.15522],[-80.71719,25.15529],[-80.71733,25.15539],[-80.71788,25.15566],[-80.71789,25.15567],[-80.71872,25.15555],[-80.71957,25.15518],[-80.72005,25.15511],[-80.72005,25.15511],[-80.72007,25.15511],[-80.72007,25.15511],[-80.72007,25.15511],[-80.72162,25.15486],[-80.7228,25.15445],[-80.72298,25.15436],[-80.72298,25.15436],[-80.72299,25.15435],[-80.72371,25.15401],[-80.72562,25.15272],[-80.72618,25.15256],[-80.72673,25.15261],[-80.72703,25.15272],[-80.72703,25.15272],[-80.72703,25.15272],[-80.72718,25.15286],[-80.72721,25.15288],[-80.72726,25.15313],[-80.72726,25.15314],[-80.72731,25.15317],[-80.72734,25.15318],[-80.72726,25.15373],[-80.72658,25.15463],[-80.7264,25.1552],[-80.72633,25.15596],[-80.72593,25.15667],[-80.72477,25.15768],[-80.72376,25.15883],[-80.72301,25.15933],[-80.723,25.15933],[-80.723,25.15933],[-80.7228,25.15995],[-80.72296,25.16055],[-80.72308,25.16156],[-80.72361,25.16241],[-80.72409,25.16341],[-80.72442,25.16424],[-80.72477,25.16486],[-80.72495,25.16529],[-80.72551,25.16576],[-80.72551,25.16576],[-80.72551,25.16576],[-80.72553,25.16578],[-80.72649,25.16607],[-80.7279,25.16674],[-80.72876,25.16704],[-80.73027,25.1671],[-80.73171,25.16745],[-80.73203,25.16736],[-80.73203,25.16734],[-80.73203,25.16733],[-80.73203,25.16733],[-80.73202,25.1673],[-80.73198,25.1672],[-80.73198,25.16719],[-80.73198,25.16719],[-80.7313,25.16653],[-80.73129,25.1665],[-80.73129,25.1665],[-80.73129,25.1665],[-80.73103,25.16603],[-80.7306,25.16552],[-80.73057,25.1655],[-80.73041,25.1654],[-80.7304,25.1654],[-80.7304,25.16539],[-80.73016,25.16524],[-80.73011,25.1652],[-80.72999,25.16513],[-80.72999,25.16513],[-80.72964,25.1646],[-80.72926,25.16362],[-80.72918,25.16314],[-80.72941,25.16217],[-80.72953,25.1602],[-80.72991,25.15976],[-80.73019,25.15963],[-80.73069,25.15965],[-80.73278,25.16057],[-80.7342,25.16098],[-80.73518,25.16084],[-80.73568,25.16059],[-80.73699,25.15916],[-80.73727,25.15907],[-80.73752,25.15919],[-80.73782,25.15946],[-80.73782,25.15946],[-80.73782,25.15946],[-80.73782,25.15946],[-80.73789,25.16006],[-80.73789,25.16007],[-80.73793,25.16043],[-80.73793,25.16045],[-80.73815,25.161],[-80.73846,25.16127],[-80.73846,25.16128],[-80.73852,25.16133],[-80.73883,25.16161],[-80.73884,25.16161],[-80.73884,25.16161],[-80.73931,25.16184],[-80.74047,25.16212],[-80.74105,25.16236],[-80.74105,25.16236],[-80.74105,25.16236],[-80.74108,25.16237],[-80.74174,25.16329],[-80.74244,25.16402],[-80.74289,25.16416],[-80.74294,25.16418],[-80.74294,25.16418],[-80.74294,25.16418],[-80.74544,25.16533],[-80.74592,25.1654],[-80.74728,25.16482],[-80.74725,25.16289],[-80.74748,25.16016],[-80.74748,25.16016],[-80.74748,25.16016],[-80.74748,25.16016],[-80.7474,25.1592],[-80.7474,25.1592],[-80.74737,25.15913],[-80.74737,25.15913],[-80.74735,25.15907],[-80.74735,25.15907],[-80.7472,25.15872],[-80.74453,25.15594],[-80.74432,25.15556],[-80.74402,25.15434],[-80.74374,25.1539],[-80.74304,25.1534],[-80.74173,25.15285],[-80.74173,25.15285],[-80.74172,25.15284],[-80.74147,25.15274],[-80.74146,25.15273],[-80.74146,25.15273],[-80.74146,25.15273],[-80.74131,25.1526],[-80.7411,25.15244],[-80.7411,25.15243],[-80.74092,25.15229],[-80.74092,25.15229],[-80.73943,25.15109],[-80.73895,25.15088],[-80.73847,25.15081],[-80.73794,25.151],[-80.73691,25.1518],[-80.73621,25.15212],[-80.73425,25.15239],[-80.73404,25.15243],[-80.73404,25.15243],[-80.73142,25.15302],[-80.73099,25.15293],[-80.73096,25.15291],[-80.73028,25.15247],[-80.73027,25.15246],[-80.73027,25.15246],[-80.73026,25.15245],[-80.73016,25.15235],[-80.7296,25.15176],[-80.72941,25.15141],[-80.72941,25.15141],[-80.72934,25.15129],[-80.72933,25.15128],[-80.72933,25.15128],[-80.72902,25.15075],[-80.72859,25.15029],[-80.72806,25.15006],[-80.72711,25.14997],[-80.72635,25.14981],[-80.7247,25.14891],[-80.72464,25.14888],[-80.72464,25.14888],[-80.72312,25.14805],[-80.72237,25.14752],[-80.72151,25.14677],[-80.72151,25.14677],[-80.72151,25.14676],[-80.72147,25.14656],[-80.72147,25.14656],[-80.72147,25.14655],[-80.72146,25.14651],[-80.72126,25.14623],[-80.72126,25.14623],[-80.72126,25.14622],[-80.72126,25.14621],[-80.72128,25.14609],[-80.72128,25.14605],[-80.72128,25.14605],[-80.72133,25.14575],[-80.72141,25.14566],[-80.72142,25.14566],[-80.72154,25.14552],[-80.72156,25.1455],[-80.72206,25.1453],[-80.72423,25.14524],[-80.72428,25.14523],[-80.72429,25.14523],[-80.7264,25.14518],[-80.72773,25.1449],[-80.72836,25.14451],[-80.7298,25.14339],[-80.73063,25.14306],[-80.73168,25.14304],[-80.73168,25.14304],[-80.73172,25.14304],[-80.73172,25.14304],[-80.73194,25.14304],[-80.73413,25.1434],[-80.73491,25.14366],[-80.7368,25.1435],[-80.73689,25.14348],[-80.73689,25.14348],[-80.73689,25.14348],[-80.73814,25.14322],[-80.73904,25.14308],[-80.7398,25.14269],[-80.74056,25.14251],[-80.74151,25.14246],[-80.74222,25.14255],[-80.74222,25.14255],[-80.74224,25.14255],[-80.7429,25.14264],[-80.74356,25.14299],[-80.74416,25.14365],[-80.74464,25.1445],[-80.74575,25.14606],[-80.74615,25.14642],[-80.74767,25.14704],[-80.74875,25.1481],[-80.74904,25.14877],[-80.74904,25.14877],[-80.74905,25.14881],[-80.74949,25.14921],[-80.74979,25.1495],[-80.75136,25.15129],[-80.75146,25.1514],[-80.75234,25.15184],[-80.75264,25.1519],[-80.7535,25.15172],[-80.75453,25.15133],[-80.75496,25.15156],[-80.75512,25.15175],[-80.75512,25.15176],[-80.75512,25.15176],[-80.75528,25.15196],[-80.75581,25.15242],[-80.75606,25.15257],[-80.75606,25.15257],[-80.75632,25.15272],[-80.75632,25.15272],[-80.75632,25.15299],[-80.75566,25.15413],[-80.75511,25.15574],[-80.75495,25.15652],[-80.75508,25.15849],[-80.75535,25.15918],[-80.75636,25.15991],[-80.75744,25.16042],[-80.75746,25.16042],[-80.75746,25.16042],[-80.75746,25.16042],[-80.75763,25.16046],[-80.75763,25.16046],[-80.75768,25.16048],[-80.75768,25.16048],[-80.75936,25.1609],[-80.76102,25.16159],[-80.7619,25.16182],[-80.76369,25.16185],[-80.76596,25.16228],[-80.767,25.1621],[-80.76836,25.16153],[-80.77032,25.16128],[-80.7711,25.16098],[-80.77112,25.16096],[-80.77112,25.16096],[-80.77112,25.16096],[-80.77189,25.16029],[-80.77219,25.15981],[-80.77221,25.15953],[-80.77224,25.15952],[-80.77224,25.15952],[-80.77224,25.15952],[-80.77229,25.15949],[-80.77229,25.15949],[-80.7724,25.15892],[-80.7724,25.15892],[-80.77247,25.15857],[-80.77237,25.15655],[-80.77237,25.15654],[-80.77237,25.15654],[-80.77219,25.15605],[-80.77103,25.15495],[-80.77053,25.15394],[-80.77038,25.15245],[-80.77038,25.15245],[-80.77038,25.15244],[-80.77035,25.15217],[-80.77035,25.15217],[-80.77035,25.15217],[-80.77016,25.15153],[-80.76912,25.15065],[-80.7689,25.15038],[-80.7688,25.15008],[-80.769,25.14683],[-80.76961,25.14481],[-80.77059,25.14305],[-80.77059,25.14305],[-80.77059,25.14304],[-80.77064,25.14291],[-80.77064,25.14291],[-80.77103,25.14177],[-80.77109,25.14158],[-80.77109,25.14137],[-80.77119,25.14121],[-80.77127,25.14075],[-80.77149,25.14044],[-80.77263,25.13988],[-80.77369,25.13891],[-80.77667,25.13749],[-80.77667,25.13749],[-80.77693,25.13745],[-80.7771,25.13742],[-80.778,25.1377],[-80.77841,25.13816],[-80.77841,25.13864],[-80.7784,25.13865],[-80.7784,25.13865],[-80.7784,25.13865],[-80.77805,25.13919],[-80.77553,25.14162],[-80.77417,25.14337],[-80.77354,25.14431],[-80.77291,25.14637],[-80.77258,25.1483],[-80.77263,25.14983],[-80.77275,25.15057],[-80.77275,25.15059],[-80.7729,25.15087],[-80.77295,25.15137],[-80.77333,25.15247],[-80.77335,25.15254],[-80.77339,25.15262],[-80.77339,25.15262],[-80.77369,25.1533],[-80.77379,25.15351],[-80.77379,25.15351],[-80.77404,25.15409],[-80.77411,25.15424],[-80.77411,25.15424],[-80.77479,25.15512],[-80.77479,25.15512],[-80.77561,25.15618],[-80.77565,25.15623],[-80.77565,25.15623],[-80.77565,25.15624],[-80.77576,25.15646],[-80.77577,25.15648],[-80.77585,25.15665],[-80.77587,25.15673],[-80.77587,25.15674],[-80.77657,25.15977],[-80.77693,25.16073],[-80.77806,25.16254],[-80.78023,25.16472],[-80.78222,25.16528],[-80.78225,25.16528],[-80.78309,25.16521],[-80.78514,25.16505],[-80.78514,25.16505],[-80.78514,25.16505],[-80.78723,25.16443],[-80.78725,25.16443],[-80.78725,25.16443],[-80.78725,25.16443],[-80.78842,25.16445],[-80.79018,25.16471],[-80.79039,25.16469],[-80.79039,25.16469],[-80.79039,25.16469],[-80.79039,25.16469],[-80.79149,25.16462],[-80.79242,25.16446],[-80.79361,25.16393],[-80.79464,25.16317],[-80.7958,25.16212],[-80.79688,25.16057],[-80.79689,25.16056],[-80.79689,25.16056],[-80.7971,25.16017],[-80.7971,25.16017],[-80.7971,25.16016],[-80.79711,25.16015],[-80.79711,25.16015],[-80.79729,25.1598],[-80.7973,25.1598],[-80.79756,25.15916],[-80.79756,25.15915],[-80.7977,25.15882],[-80.79771,25.1588],[-80.79805,25.15797],[-80.79805,25.15797],[-80.7984,25.15636],[-80.79853,25.15305],[-80.79854,25.15297],[-80.79855,25.15253],[-80.79858,25.15177],[-80.79858,25.15177],[-80.79858,25.15177],[-80.79858,25.15177],[-80.79858,25.15177],[-80.79858,25.15177],[-80.79858,25.15177],[-80.79855,25.15156],[-80.79855,25.15155],[-80.79853,25.15144],[-80.79841,25.15074],[-80.79839,25.15055],[-80.79839,25.15055],[-80.79838,25.15051],[-80.79838,25.15051],[-80.79813,25.14822],[-80.79813,25.14822],[-80.79808,25.14819],[-80.79806,25.14817],[-80.79791,25.14746],[-80.79796,25.14673],[-80.79889,25.14473],[-80.7999,25.14333],[-80.80028,25.14306],[-80.80053,25.14299],[-80.80106,25.14356],[-80.80098,25.14483],[-80.80098,25.14484],[-80.80096,25.1449],[-80.80091,25.14514],[-80.80091,25.14514],[-80.80067,25.14615],[-80.80066,25.14632],[-80.80055,25.14732],[-80.8007,25.14866],[-80.80115,25.1501],[-80.80191,25.15143],[-80.80259,25.15233],[-80.80257,25.15285],[-80.80256,25.15286],[-80.80256,25.15287],[-80.80256,25.15287],[-80.80256,25.15288],[-80.80158,25.1551],[-80.80138,25.15575],[-80.80138,25.15578],[-80.80113,25.15661],[-80.80113,25.15662],[-80.8009,25.15889],[-80.80089,25.15894],[-80.80088,25.15898],[-80.80088,25.15898],[-80.80064,25.16049],[-80.80054,25.16078],[-80.80054,25.16078],[-80.80054,25.16079],[-80.80029,25.16146],[-80.80014,25.1632],[-80.79991,25.16375],[-80.79941,25.16441],[-80.79928,25.16487],[-80.7983,25.16572],[-80.79777,25.16659],[-80.79759,25.16717],[-80.79741,25.16825],[-80.79714,25.16905],[-80.79575,25.17152],[-80.79534,25.17267],[-80.79514,25.174],[-80.79481,25.17501],[-80.7948,25.17504],[-80.7948,25.17504],[-80.79478,25.17506],[-80.79431,25.17586],[-80.79394,25.17621],[-80.79394,25.17621],[-80.79393,25.17622],[-80.7939,25.17625],[-80.794,25.17657],[-80.79419,25.1768],[-80.79421,25.17683],[-80.79421,25.17683],[-80.79428,25.17691],[-80.79463,25.17779],[-80.79463,25.17779],[-80.79467,25.1779],[-80.79529,25.17946],[-80.79594,25.18022],[-80.79622,25.18042],[-80.79786,25.18123],[-80.79924,25.18157],[-80.80169,25.18171],[-80.80293,25.18201],[-80.80378,25.1824],[-80.80555,25.18355],[-80.80671,25.18401],[-80.80764,25.18403],[-80.80819,25.18421],[-80.80857,25.18406],[-80.8086,25.1838],[-80.80858,25.18378],[-80.80858,25.18378],[-80.80858,25.18378],[-80.80814,25.18307],[-80.80817,25.18201],[-80.80818,25.18199],[-80.80818,25.18198],[-80.80837,25.18155],[-80.8086,25.18128],[-80.81147,25.1799],[-80.81194,25.18002],[-80.81194,25.18002],[-80.81195,25.18002],[-80.81198,25.18018],[-80.81198,25.18018],[-80.81198,25.18019],[-80.81205,25.18059],[-80.81183,25.18088],[-80.81183,25.18088],[-80.81183,25.18088],[-80.81106,25.18147],[-80.81105,25.18148],[-80.81105,25.18148],[-80.81105,25.18148],[-80.81104,25.18149],[-80.81058,25.18195],[-80.81056,25.18197],[-80.81035,25.18228],[-80.81035,25.18229],[-80.81031,25.18234],[-80.81031,25.18234],[-80.80983,25.18305],[-80.80939,25.18336],[-80.80939,25.18336],[-80.80938,25.18337],[-80.80939,25.18357],[-80.80939,25.18357],[-80.80939,25.18357],[-80.8094,25.18366],[-80.8094,25.18366],[-80.8094,25.18369],[-80.80958,25.18387],[-80.81001,25.18385],[-80.8123,25.1833],[-80.8126,25.18314],[-80.81261,25.18313],[-80.81261,25.18313],[-80.81261,25.18313],[-80.81301,25.18259],[-80.81301,25.18259],[-80.81302,25.18259],[-80.81302,25.18259],[-80.81331,25.1825],[-80.81349,25.18268],[-80.81356,25.18298],[-80.81442,25.18275],[-80.81443,25.18274],[-80.81443,25.18274],[-80.81452,25.18261],[-80.81369,25.18174],[-80.81359,25.18057],[-80.81336,25.1801],[-80.81334,25.18004],[-80.81334,25.18004],[-80.81334,25.17915],[-80.81324,25.17874],[-80.81304,25.17834],[-80.81288,25.17708],[-80.81302,25.1767],[-80.81302,25.1767],[-80.81302,25.17667],[-80.81309,25.17649],[-80.81304,25.17607],[-80.8114,25.17543],[-80.81044,25.17458],[-80.81042,25.17444],[-80.81009,25.17415],[-80.80966,25.17332],[-80.80926,25.1722],[-80.80926,25.17041],[-80.80956,25.16905],[-80.80957,25.16904],[-80.80957,25.16904],[-80.80962,25.16895],[-80.80997,25.1683],[-80.80997,25.16829],[-80.80997,25.16829],[-80.80997,25.16829],[-80.81039,25.16786],[-80.81114,25.16734],[-80.81115,25.16734],[-80.81116,25.16733],[-80.81201,25.16674],[-80.8143,25.16534],[-80.81433,25.16533],[-80.81451,25.16525],[-80.81452,25.16524],[-80.81634,25.16445],[-80.82136,25.16286],[-80.82192,25.16256],[-80.82192,25.16255],[-80.82436,25.16119],[-80.82449,25.16112],[-80.82575,25.16057],[-80.82653,25.1605],[-80.82701,25.16073],[-80.82716,25.16092],[-80.82718,25.16204],[-80.82733,25.16241],[-80.82756,25.16264],[-80.82814,25.16353],[-80.82874,25.16612],[-80.82909,25.16673],[-80.82909,25.16673],[-80.82915,25.16682],[-80.82915,25.16682],[-80.82927,25.16704],[-80.82935,25.16714],[-80.82935,25.16714],[-80.82939,25.16721],[-80.82939,25.16721],[-80.83003,25.16812],[-80.83174,25.16979],[-80.83265,25.17108],[-80.83336,25.17191],[-80.83421,25.17269],[-80.83683,25.17395],[-80.83822,25.1748],[-80.83976,25.17556],[-80.8418,25.17627],[-80.8453,25.17636],[-80.84589,25.17662],[-80.84589,25.17662],[-80.84592,25.17663],[-80.84592,25.17663],[-80.84593,25.17663],[-80.8464,25.17706],[-80.8464,25.17706],[-80.8464,25.17706],[-80.84641,25.17707],[-80.85019,25.17735],[-80.85168,25.17732],[-80.85354,25.17689],[-80.8537,25.17687],[-80.85371,25.17687],[-80.85371,25.17687],[-80.85481,25.17673],[-80.85739,25.17663],[-80.85739,25.17663],[-80.85739,25.17663],[-80.85741,25.17663],[-80.85817,25.1766],[-80.85817,25.1766],[-80.85822,25.19231],[-80.85822,25.19231],[-80.85822,25.19231],[-80.85811,25.21114],[-80.85811,25.2113],[-80.85799,25.243],[-80.86099,25.243],[-80.86189,25.243],[-80.86199,25.2429],[-80.86195,25.24952],[-80.86194,25.2504],[-80.86195,25.25181],[-80.86195,25.2527],[-80.86196,25.25493],[-80.86196,25.25743],[-80.86198,25.26245],[-80.86199,25.26763],[-80.86199,25.26763],[-80.862,25.26942],[-80.862,25.26997],[-80.86201,25.27316],[-80.86203,25.27897],[-80.86203,25.28105],[-80.86204,25.28444],[-80.86209,25.3011],[-80.86219,25.3642],[-80.87191,25.36402],[-80.87319,25.364],[-80.87321,25.36897],[-80.87324,25.3754],[-80.87319,25.3827],[-80.8732,25.38368],[-80.87322,25.38735],[-80.87329,25.3991],[-80.87339,25.4179],[-80.87339,25.4254],[-80.87339,25.43336],[-80.87339,25.4359],[-80.87346,25.45114],[-80.87349,25.4598],[-80.87349,25.46556],[-80.87349,25.4841],[-80.87325,25.49632],[-80.87316,25.50039],[-80.8732,25.51247],[-80.8733,25.53827],[-80.87333,25.54801],[-80.87337,25.55975],[-80.87324,25.5843],[-80.87321,25.60437],[-80.87315,25.61531],[-80.87311,25.62078],[-80.8731,25.62347],[-80.87321,25.62469],[-80.87327,25.62539],[-80.87325,25.64802],[-80.87325,25.6482],[-80.87317,25.66246],[-80.87316,25.6651],[-80.87316,25.66523],[-80.87315,25.66878],[-80.87312,25.68311],[-80.87312,25.68441],[-80.87312,25.68548],[-80.87312,25.68936],[-80.87311,25.70193],[-80.87311,25.71429],[-80.8731,25.72441],[-80.87307,25.73493],[-80.87301,25.75038],[-80.87313,25.76052],[-80.87315,25.76624],[-80.87317,25.77104],[-80.87316,25.77687],[-80.8731,25.80561],[-80.87319,25.80617],[-80.87324,25.80646],[-80.8732,25.81137],[-80.87317,25.81446],[-80.87325,25.84384],[-80.87356,25.86123],[-80.87358,25.8622],[-80.87358,25.86242],[-80.87349,25.87538],[-80.87356,25.90043],[-80.87356,25.90043],[-80.87356,25.90043],[-80.87358,25.90831],[-80.87343,25.92052],[-80.8733,25.93207],[-80.87329,25.93224],[-80.87299,25.95055],[-80.87296,25.97253],[-80.87295,25.97944],[-80.83617,25.9793]],[[-80.29882,25.73357],[-80.29863,25.72981],[-80.29667,25.7299],[-80.29566,25.72993],[-80.29452,25.72998],[-80.29449,25.72998],[-80.29446,25.72998],[-80.29357,25.73001],[-80.29357,25.73057],[-80.29311,25.73058],[-80.29311,25.73073],[-80.29353,25.73072],[-80.29354,25.73096],[-80.29312,25.73098],[-80.29314,25.7314],[-80.29356,25.73138],[-80.29358,25.7318],[-80.29343,25.73181],[-80.29342,25.73152],[-80.29314,25.73152],[-80.29298,25.73154],[-80.29293,25.73059],[-80.29251,25.7306],[-80.29248,25.73004],[-80.28838,25.73019],[-80.28841,25.73113],[-80.28832,25.73114],[-80.28834,25.73153],[-80.28852,25.73153],[-80.2885,25.73113],[-80.29206,25.73097],[-80.29252,25.73095],[-80.29256,25.73184],[-80.29256,25.73199],[-80.29298,25.73198],[-80.293,25.73253],[-80.29258,25.73254],[-80.29259,25.73268],[-80.29301,25.73267],[-80.29368,25.73265],[-80.29372,25.73377],[-80.29372,25.73377],[-80.29882,25.73358],[-80.29882,25.73357]],[[-80.28972,25.73201],[-80.28971,25.73154],[-80.28956,25.73155],[-80.28957,25.73201],[-80.28972,25.73201]],[[-80.28998,25.73154],[-80.29,25.732],[-80.29015,25.73199],[-80.29013,25.73154],[-80.28998,25.73154]],[[-80.2998,25.73354],[-80.2998,25.73354],[-80.30067,25.73351],[-80.30078,25.7335],[-80.30088,25.7335],[-80.30088,25.73349],[-80.30088,25.73348],[-80.30081,25.73159],[-80.2997,25.73164],[-80.2998,25.73353],[-80.2998,25.73354]],[[-80.29498,25.7262],[-80.29498,25.72609],[-80.29497,25.72583],[-80.2948,25.72583],[-80.29481,25.72621],[-80.29498,25.7262]],[[-80.29638,25.72439],[-80.29645,25.72615],[-80.29747,25.72612],[-80.29745,25.72543],[-80.29745,25.72531],[-80.29741,25.72422],[-80.29703,25.72424],[-80.29638,25.72426],[-80.29638,25.72439]],[[-80.29307,25.72554],[-80.29306,25.72518],[-80.29232,25.72521],[-80.29234,25.72556],[-80.29307,25.72554]],[[-80.29229,25.72487],[-80.29228,25.72455],[-80.29175,25.72457],[-80.29176,25.7249],[-80.29229,25.72487]],[[-80.41513,25.49864],[-80.41513,25.49861],[-80.41513,25.49858],[-80.41514,25.49855],[-80.41514,25.49853],[-80.41515,25.4985],[-80.41515,25.49847],[-80.41516,25.49844],[-80.41517,25.49841],[-80.41517,25.49839],[-80.41518,25.49838],[-80.41518,25.49836],[-80.41519,25.49833],[-80.4152,25.49831],[-80.41521,25.49828],[-80.41522,25.49825],[-80.41523,25.49823],[-80.41524,25.4982],[-80.41525,25.49817],[-80.41526,25.49815],[-80.41526,25.49815],[-80.41527,25.49813],[-80.41528,25.49812],[-80.41529,25.4981],[-80.4153,25.49807],[-80.41532,25.49804],[-80.41533,25.49802],[-80.41535,25.498],[-80.41536,25.49797],[-80.41538,25.49795],[-80.4154,25.49792],[-80.41541,25.4979],[-80.41543,25.49788],[-80.41545,25.49785],[-80.41547,25.49783],[-80.41548,25.49781],[-80.4155,25.49778],[-80.41552,25.49776],[-80.41553,25.49775],[-80.41554,25.49774],[-80.41555,25.49773],[-80.41556,25.49772],[-80.41558,25.4977],[-80.41561,25.49768],[-80.41563,25.49766],[-80.41565,25.49764],[-80.41584,25.49747],[-80.41604,25.49729],[-80.41634,25.49702],[-80.41637,25.497],[-80.41644,25.49692],[-80.41648,25.49689],[-80.41652,25.49685],[-80.41656,25.49681],[-80.41659,25.49677],[-80.41663,25.49673],[-80.41664,25.49672],[-80.41666,25.49669],[-80.4167,25.49665],[-80.41673,25.49661],[-80.41676,25.49657],[-80.41679,25.49653],[-80.41682,25.49648],[-80.41685,25.49644],[-80.41688,25.4964],[-80.41691,25.49635],[-80.41693,25.49631],[-80.41696,25.49627],[-80.41699,25.49622],[-80.41701,25.49617],[-80.41703,25.49613],[-80.41706,25.49608],[-80.41708,25.49604],[-80.4171,25.49599],[-80.41712,25.49594],[-80.41714,25.49589],[-80.41715,25.49587],[-80.41726,25.49558],[-80.41742,25.49517],[-80.41776,25.4943],[-80.41788,25.49398],[-80.41789,25.49396],[-80.41789,25.49395],[-80.41811,25.49366],[-80.41819,25.49349],[-80.41827,25.49334],[-80.41836,25.4932],[-80.41838,25.49316],[-80.41844,25.49305],[-80.41853,25.49291],[-80.41862,25.49277],[-80.41872,25.49263],[-80.41881,25.49249],[-80.41891,25.49235],[-80.41902,25.49221],[-80.41912,25.49208],[-80.41923,25.49195],[-80.41934,25.49182],[-80.41939,25.49175],[-80.41945,25.49169],[-80.41956,25.49157],[-80.41956,25.49156],[-80.41968,25.49143],[-80.4198,25.49131],[-80.41992,25.49119],[-80.41992,25.49119],[-80.42005,25.49107],[-80.42017,25.49095],[-80.42017,25.49095],[-80.4203,25.49084],[-80.42043,25.49072],[-80.42556,25.48635],[-80.42718,25.48497],[-80.4272,25.48495],[-80.4275,25.4847],[-80.42769,25.48455],[-80.42781,25.48445],[-80.4281,25.48423],[-80.42812,25.48421],[-80.42844,25.48397],[-80.42847,25.48395],[-80.42876,25.48374],[-80.42908,25.48351],[-80.42927,25.48339],[-80.42941,25.48328],[-80.42975,25.48307],[-80.43009,25.48285],[-80.43192,25.48173],[-80.43269,25.48125],[-80.43323,25.48125],[-80.43354,25.48124],[-80.43604,25.48122],[-80.43661,25.48121],[-80.44473,25.48109],[-80.45486,25.48101],[-80.45491,25.48283],[-80.45693,25.48282],[-80.4569,25.48099],[-80.45893,25.48098],[-80.45896,25.4828],[-80.45897,25.48463],[-80.461,25.48459],[-80.461,25.48459],[-80.46101,25.48459],[-80.4616,25.4846],[-80.46188,25.48461],[-80.46189,25.48461],[-80.46219,25.48461],[-80.46219,25.48461],[-80.46219,25.48461],[-80.46227,25.48461],[-80.4623,25.48461],[-80.46234,25.48461],[-80.46415,25.48459],[-80.46509,25.48458],[-80.46509,25.48433],[-80.46509,25.48408],[-80.46509,25.48405],[-80.46509,25.48401],[-80.46509,25.48394],[-80.46509,25.48388],[-80.46509,25.48388],[-80.46509,25.48388],[-80.46509,25.48387],[-80.46509,25.48387],[-80.46505,25.48186],[-80.46709,25.48184],[-80.46708,25.48137],[-80.46907,25.48133],[-80.46907,25.4809],[-80.46907,25.48089],[-80.46907,25.48088],[-80.47113,25.48086],[-80.47113,25.48087],[-80.47113,25.48088],[-80.47115,25.4827],[-80.47233,25.4827],[-80.47233,25.48358],[-80.4733,25.48357],[-80.47332,25.48441],[-80.47339,25.48815],[-80.47605,25.48811],[-80.47606,25.48905],[-80.47736,25.48904],[-80.47755,25.48904],[-80.47756,25.48992],[-80.47756,25.48992],[-80.47757,25.48992],[-80.47958,25.48992],[-80.47959,25.49176],[-80.47985,25.49176],[-80.48027,25.49176],[-80.48026,25.49083],[-80.48058,25.49082],[-80.48058,25.48991],[-80.48159,25.4899],[-80.4836,25.48991],[-80.48359,25.49175],[-80.48388,25.49175],[-80.48559,25.49175],[-80.48558,25.49128],[-80.48561,25.49038],[-80.4856,25.48992],[-80.48562,25.48898],[-80.49383,25.48898],[-80.49384,25.49052],[-80.49703,25.49048],[-80.49703,25.49088],[-80.49703,25.49123],[-80.49703,25.49156],[-80.49704,25.49167],[-80.49787,25.49166],[-80.49792,25.49893],[-80.50395,25.4989],[-80.50391,25.49161],[-80.50794,25.49157],[-80.50787,25.48608],[-80.50586,25.4861],[-80.50584,25.48427],[-80.50182,25.48431],[-80.49983,25.48433],[-80.49779,25.48434],[-80.49588,25.48434],[-80.49378,25.48436],[-80.49374,25.4799],[-80.49371,25.47706],[-80.49368,25.47525],[-80.49364,25.4725],[-80.49365,25.47159],[-80.49565,25.47156],[-80.49564,25.46971],[-80.50163,25.46962],[-80.50161,25.46603],[-80.50566,25.466],[-80.50562,25.46235],[-80.50157,25.46238],[-80.50156,25.45875],[-80.50156,25.45688],[-80.50156,25.45505],[-80.50156,25.45321],[-80.50156,25.45137],[-80.50156,25.44953],[-80.50156,25.44769],[-80.50155,25.44769],[-80.49952,25.4477],[-80.49748,25.44771],[-80.49543,25.44772],[-80.49339,25.44773],[-80.49339,25.44773],[-80.49336,25.44241],[-80.49335,25.44171],[-80.49334,25.44049],[-80.49133,25.44048],[-80.49133,25.44046],[-80.49133,25.43988],[-80.49132,25.43957],[-80.49131,25.43866],[-80.49131,25.43716],[-80.4913,25.43683],[-80.4913,25.43683],[-80.49132,25.43683],[-80.49131,25.435],[-80.4913,25.43325],[-80.48926,25.43326],[-80.48925,25.43326],[-80.48925,25.43326],[-80.48924,25.43322],[-80.48923,25.43318],[-80.48923,25.43317],[-80.48523,25.43318],[-80.48523,25.43332],[-80.48521,25.43332],[-80.4839,25.43332],[-80.48383,25.43332],[-80.48375,25.43332],[-80.48342,25.43332],[-80.48343,25.43474],[-80.48376,25.43474],[-80.48523,25.43473],[-80.48523,25.43473],[-80.48526,25.44051],[-80.48327,25.44052],[-80.48253,25.44052],[-80.48025,25.44052],[-80.48025,25.44031],[-80.48024,25.43869],[-80.4792,25.4387],[-80.4792,25.44052],[-80.4792,25.44052],[-80.47919,25.44052],[-80.47739,25.44053],[-80.47739,25.44052],[-80.47732,25.44019],[-80.47717,25.43953],[-80.47717,25.43953],[-80.47711,25.43927],[-80.47708,25.43913],[-80.47699,25.43869],[-80.47661,25.43688],[-80.47622,25.43506],[-80.47585,25.43329],[-80.47583,25.43322],[-80.47583,25.43321],[-80.47508,25.43321],[-80.47427,25.43321],[-80.473,25.43321],[-80.47299,25.43321],[-80.47201,25.43321],[-80.46284,25.43321],[-80.4606,25.43321],[-80.4606,25.42588],[-80.4606,25.41856],[-80.4524,25.41859],[-80.4442,25.41862],[-80.44219,25.41862],[-80.44218,25.42229],[-80.44016,25.42229],[-80.44015,25.42596],[-80.43601,25.42596],[-80.43601,25.42781],[-80.436,25.42966],[-80.436,25.4315],[-80.43599,25.43325],[-80.43599,25.4334],[-80.43599,25.43386],[-80.436,25.43479],[-80.43602,25.43486],[-80.43206,25.43488],[-80.43208,25.44067],[-80.42803,25.44069],[-80.42189,25.44069],[-80.41193,25.4407],[-80.41118,25.44071],[-80.40755,25.44073],[-80.40386,25.44075],[-80.40382,25.44359],[-80.40377,25.4481],[-80.40377,25.45557],[-80.40379,25.45739],[-80.40379,25.45923],[-80.40379,25.46107],[-80.4038,25.46292],[-80.40381,25.46474],[-80.40383,25.46657],[-80.40384,25.4684],[-80.40386,25.47023],[-80.40387,25.47191],[-80.40388,25.47215],[-80.40388,25.47218],[-80.40389,25.47406],[-80.40391,25.47598],[-80.40391,25.47599],[-80.40391,25.476],[-80.40392,25.47751],[-80.40392,25.47751],[-80.40393,25.47774],[-80.40393,25.47789],[-80.40482,25.47788],[-80.40482,25.47798],[-80.40483,25.47824],[-80.40484,25.4788],[-80.40485,25.47975],[-80.40486,25.4799],[-80.40486,25.48037],[-80.40647,25.48036],[-80.40761,25.48035],[-80.41194,25.4803],[-80.41206,25.4803],[-80.41206,25.48031],[-80.41208,25.48143],[-80.41215,25.48406],[-80.41217,25.48455],[-80.41218,25.48506],[-80.41228,25.49231],[-80.41235,25.49914],[-80.41235,25.4996],[-80.41236,25.4996],[-80.41421,25.49959],[-80.41421,25.49959],[-80.41421,25.4994],[-80.4142,25.49924],[-80.41512,25.49918],[-80.41512,25.49881],[-80.41512,25.49875],[-80.41512,25.49872],[-80.41512,25.49869],[-80.41512,25.49867],[-80.41513,25.49864]],[[-80.15409,25.69959],[-80.15388,25.70041],[-80.15418,25.70041],[-80.15419,25.70041],[-80.15518,25.70041],[-80.15526,25.70041],[-80.15526,25.70041],[-80.15761,25.7004],[-80.15917,25.7004],[-80.16139,25.7004],[-80.16156,25.7004],[-80.16159,25.7004],[-80.16158,25.70041],[-80.16054,25.70233],[-80.16054,25.70233],[-80.16281,25.70233],[-80.16281,25.70232],[-80.16281,25.70042],[-80.16281,25.7004],[-80.16314,25.7004],[-80.16776,25.70041],[-80.16954,25.70041],[-80.17067,25.70041],[-80.17164,25.70041],[-80.17376,25.6966],[-80.17576,25.693],[-80.17663,25.69143],[-80.17992,25.68551],[-80.18061,25.68427],[-80.17531,25.68268],[-80.17384,25.68224],[-80.17118,25.68144],[-80.17052,25.68151],[-80.16912,25.68165],[-80.1691,25.68165],[-80.16802,25.68176],[-80.16802,25.68176],[-80.16788,25.68178],[-80.16788,25.68178],[-80.16685,25.68188],[-80.16685,25.68188],[-80.16606,25.68196],[-80.16606,25.68196],[-80.16606,25.68196],[-80.16545,25.68202],[-80.16536,25.68203],[-80.16531,25.68204],[-80.16531,25.68204],[-80.16531,25.68204],[-80.16222,25.68235],[-80.15809,25.68277],[-80.15809,25.68277],[-80.15761,25.68282],[-80.15736,25.68284],[-80.15548,25.68303],[-80.15537,25.68305],[-80.15534,25.68305],[-80.15534,25.68305],[-80.15483,25.6831],[-80.15483,25.6831],[-80.15483,25.6831],[-80.15431,25.68315],[-80.15394,25.68319],[-80.15394,25.68319],[-80.15411,25.68401],[-80.15416,25.68447],[-80.15426,25.68493],[-80.15447,25.68555],[-80.15456,25.68597],[-80.15468,25.68652],[-80.15488,25.68714],[-80.15492,25.68741],[-80.15496,25.68823],[-80.15489,25.68857],[-80.15484,25.6892],[-80.15489,25.69013],[-80.15489,25.69027],[-80.15489,25.69039],[-80.15491,25.69077],[-80.15498,25.69157],[-80.155,25.69171],[-80.15507,25.69217],[-80.15504,25.69228],[-80.155,25.69237],[-80.15498,25.69251],[-80.15497,25.69267],[-80.15496,25.6928],[-80.15494,25.69296],[-80.15494,25.69307],[-80.15489,25.69333],[-80.15482,25.69365],[-80.15477,25.69386],[-80.15462,25.69461],[-80.1545,25.6956],[-80.15449,25.69608],[-80.15455,25.69647],[-80.1546,25.69677],[-80.15457,25.69717],[-80.15444,25.69788],[-80.15441,25.69802],[-80.1542,25.69894],[-80.15415,25.69929],[-80.15409,25.69959]],[[-80.14148,25.75918],[-80.14148,25.75937],[-80.14129,25.75937],[-80.14128,25.75918],[-80.14125,25.75919],[-80.13798,25.75931],[-80.13786,25.75931],[-80.13786,25.75931],[-80.13786,25.75935],[-80.13788,25.75966],[-80.13788,25.75975],[-80.13789,25.76012],[-80.1379,25.76016],[-80.1379,25.76038],[-80.138,25.76281],[-80.13801,25.76295],[-80.13801,25.76295],[-80.13803,25.76296],[-80.13803,25.76296],[-80.13803,25.76296],[-80.13804,25.76296],[-80.13804,25.76296],[-80.13804,25.76296],[-80.13805,25.76296],[-80.13805,25.76296],[-80.13805,25.76296],[-80.13805,25.76296],[-80.13806,25.76296],[-80.13806,25.76296],[-80.13806,25.76296],[-80.13807,25.76297],[-80.13807,25.76297],[-80.13807,25.76297],[-80.13808,25.76297],[-80.13808,25.76297],[-80.13808,25.76297],[-80.13808,25.76297],[-80.13809,25.76297],[-80.13809,25.76297],[-80.13809,25.76297],[-80.1381,25.76297],[-80.1381,25.76297],[-80.1381,25.76298],[-80.13811,25.76298],[-80.13811,25.76298],[-80.13811,25.76298],[-80.13812,25.76298],[-80.13812,25.76298],[-80.13812,25.76298],[-80.13812,25.76298],[-80.13813,25.76298],[-80.13813,25.76298],[-80.13813,25.76298],[-80.13814,25.76298],[-80.13814,25.76299],[-80.13814,25.76299],[-80.13815,25.76299],[-80.13815,25.76299],[-80.13815,25.76299],[-80.13816,25.76299],[-80.13816,25.76299],[-80.13816,25.76299],[-80.13817,25.76299],[-80.13817,25.76299],[-80.13818,25.763],[-80.13818,25.763],[-80.13818,25.763],[-80.13819,25.763],[-80.13819,25.763],[-80.13819,25.763],[-80.1382,25.763],[-80.1382,25.763],[-80.1382,25.763],[-80.1382,25.763],[-80.13821,25.763],[-80.13821,25.76301],[-80.13821,25.76301],[-80.13822,25.76301],[-80.13822,25.76301],[-80.13823,25.76301],[-80.13823,25.76301],[-80.13823,25.76301],[-80.13823,25.76301],[-80.13824,25.76301],[-80.13824,25.76301],[-80.13824,25.76301],[-80.13825,25.76302],[-80.13825,25.76302],[-80.13825,25.76302],[-80.13826,25.76302],[-80.13826,25.76302],[-80.13827,25.76302],[-80.13827,25.76302],[-80.13827,25.76302],[-80.13828,25.76302],[-80.13828,25.76302],[-80.13828,25.76302],[-80.13829,25.76302],[-80.13829,25.76303],[-80.13829,25.76303],[-80.1383,25.76303],[-80.1383,25.76303],[-80.1383,25.76303],[-80.13831,25.76303],[-80.13831,25.76303],[-80.13831,25.76303],[-80.13832,25.76303],[-80.13832,25.76303],[-80.13832,25.76303],[-80.13833,25.76303],[-80.13833,25.76304],[-80.13833,25.76304],[-80.13834,25.76304],[-80.13834,25.76304],[-80.13834,25.76304],[-80.13835,25.76304],[-80.13835,25.76304],[-80.13835,25.76304],[-80.13835,25.76304],[-80.13836,25.76304],[-80.13836,25.76304],[-80.13836,25.76304],[-80.13837,25.76304],[-80.13837,25.76304],[-80.13837,25.76305],[-80.13838,25.76305],[-80.13838,25.76305],[-80.13838,25.76305],[-80.13839,25.76305],[-80.13839,25.76305],[-80.13839,25.76305],[-80.1384,25.76305],[-80.1384,25.76305],[-80.1384,25.76305],[-80.13841,25.76305],[-80.13841,25.76305],[-80.13841,25.76305],[-80.13842,25.76305],[-80.13842,25.76306],[-80.13842,25.76306],[-80.13842,25.76306],[-80.13843,25.76306],[-80.13843,25.76306],[-80.13844,25.76306],[-80.13844,25.76306],[-80.13844,25.76306],[-80.13845,25.76306],[-80.13845,25.76306],[-80.13845,25.76306],[-80.13846,25.76306],[-80.13846,25.76306],[-80.13846,25.76306],[-80.13847,25.76306],[-80.13847,25.76306],[-80.13847,25.76306],[-80.13847,25.76306],[-80.13848,25.76306],[-80.13848,25.76306],[-80.13848,25.76306],[-80.13849,25.76306],[-80.13849,25.76306],[-80.13849,25.76306],[-80.1385,25.76306],[-80.1385,25.76306],[-80.13852,25.76307],[-80.13861,25.76307],[-80.13869,25.76307],[-80.1387,25.76307],[-80.13937,25.76305],[-80.13943,25.76305],[-80.14021,25.76302],[-80.1404,25.76301],[-80.1414,25.76298],[-80.1418,25.76297],[-80.14194,25.76296],[-80.14322,25.76289],[-80.14315,25.76197],[-80.14314,25.76171],[-80.14308,25.76011],[-80.14307,25.75992],[-80.14298,25.75993],[-80.14293,25.75911],[-80.14183,25.75916],[-80.14148,25.75918]]]}},{"type":"Feature","properties":{"name":"Unincorporated Miami-dade"},"geometry":{"type":"Polygon","coordinates":[[[-80.29103,25.87346],[-80.29581,25.87343],[-80.29906,25.87344],[-80.30208,25.87341],[-80.30222,25.87705],[-80.29446,25.87706],[-80.29448,25.87778],[-80.29457,25.87984],[-80.29455,25.88003],[-80.29444,25.88036],[-80.29436,25.88052],[-80.29133,25.8805],[-80.29118,25.87711],[-80.29118,25.87708],[-80.29106,25.87394],[-80.29103,25.87346],[-80.29103,25.87346]]]}},{"type":"Feature","properties":{"name":"Unincorporated Miami-dade"},"geometry":{"type":"Polygon","coordinates":[[[-80.13924,25.76014],[-80.13924,25.76001],[-80.13923,25.75986],[-80.13923,25.75973],[-80.13967,25.75971],[-80.13966,25.75957],[-80.14008,25.75956],[-80.14009,25.75969],[-80.1401,25.75983],[-80.1401,25.75997],[-80.14011,25.7601],[-80.13924,25.76014]]]}},{"type":"Feature","properties":{"name":"Unincorporated Miami-dade"},"geometry":{"type":"Polygon","coordinates":[[[-80.1393,25.7615],[-80.13929,25.76136],[-80.13929,25.7612],[-80.13929,25.76118],[-80.13929,25.76117],[-80.13929,25.76116],[-80.1393,25.76115],[-80.13931,25.76114],[-80.13932,25.76114],[-80.13933,25.76113],[-80.13935,25.76113],[-80.13936,25.76112],[-80.13972,25.76111],[-80.14008,25.76109],[-80.14009,25.76109],[-80.1401,25.76109],[-80.14012,25.76109],[-80.14013,25.7611],[-80.14014,25.7611],[-80.14015,25.76111],[-80.14015,25.76112],[-80.14016,25.76113],[-80.14016,25.76115],[-80.14016,25.76116],[-80.14017,25.76132],[-80.14018,25.76146],[-80.1393,25.7615]]]}},{"type":"Feature","properties":{"name":"Unincorporated Miami-dade"},"geometry":{"type":"Polygon","coordinates":[[[-80.13868,25.76279],[-80.13859,25.7628],[-80.13851,25.76279],[-80.13843,25.76278],[-80.13835,25.76277],[-80.13827,25.76275],[-80.13825,25.76275],[-80.13824,25.76274],[-80.13823,25.76273],[-80.13822,25.76272],[-80.13821,25.76271],[-80.13821,25.7627],[-80.1382,25.76269],[-80.1382,25.76267],[-80.1382,25.76254],[-80.13819,25.7624],[-80.13819,25.76227],[-80.13818,25.76213],[-80.13911,25.76208],[-80.13911,25.76222],[-80.13866,25.76224],[-80.13866,25.76238],[-80.13912,25.76235],[-80.13912,25.76249],[-80.13867,25.76251],[-80.13868,25.76279]]]}},{"type":"Feature","properties":{"name":"Unincorporated Miami-dade"},"geometry":{"type":"Polygon","coordinates":[[[-80.14733,25.95905],[-80.14724,25.95649],[-80.14721,25.95581],[-80.14712,25.9532],[-80.14707,25.95165],[-80.14701,25.94993],[-80.14704,25.94942],[-80.14715,25.94881],[-80.14754,25.94756],[-80.14756,25.94749],[-80.14788,25.94645],[-80.14831,25.94507],[-80.14866,25.94392],[-80.14905,25.94268],[-80.14965,25.94073],[-80.15004,25.93949],[-80.15029,25.93869],[-80.15033,25.93855],[-80.15057,25.93777],[-80.15058,25.93773],[-80.15169,25.93766],[-80.15633,25.93738],[-80.15644,25.94095],[-80.15659,25.94451],[-80.15666,25.94581],[-80.15668,25.94629],[-80.15878,25.94622],[-80.15878,25.94625],[-80.15886,25.9479],[-80.15678,25.94798],[-80.1568,25.94867],[-80.1589,25.9486],[-80.15907,25.95171],[-80.15695,25.95179],[-80.15711,25.95461],[-80.1586,25.9558],[-80.15869,25.95715],[-80.16022,25.95708],[-80.16021,25.95676],[-80.16125,25.95673],[-80.16129,25.95674],[-80.16174,25.95674],[-80.16182,25.95675],[-80.16189,25.95676],[-80.16196,25.95678],[-80.16204,25.95659],[-80.16215,25.95371],[-80.16214,25.95359],[-80.16213,25.95353],[-80.16212,25.95348],[-80.16208,25.95336],[-80.16194,25.95312],[-80.16179,25.95281],[-80.16177,25.95274],[-80.16175,25.95267],[-80.16175,25.95246],[-80.16174,25.95243],[-80.16172,25.9524],[-80.1617,25.95237],[-80.16166,25.95233],[-80.1616,25.95231],[-80.16102,25.95221],[-80.16098,25.95219],[-80.16096,25.95215],[-80.16077,25.9492],[-80.16078,25.94916],[-80.16081,25.94913],[-80.16086,25.94912],[-80.16289,25.94904],[-80.16297,25.94903],[-80.16302,25.94901],[-80.16306,25.94899],[-80.1631,25.94896],[-80.16313,25.94893],[-80.16316,25.94889],[-80.16317,25.94886],[-80.16319,25.94882],[-80.16319,25.94874],[-80.16315,25.94807],[-80.16316,25.94803],[-80.1632,25.948],[-80.16325,25.94798],[-80.16499,25.94792],[-80.16501,25.94792],[-80.16515,25.94791],[-80.16503,25.94601],[-80.1633,25.94607],[-80.16277,25.94608],[-80.16275,25.94589],[-80.16266,25.94438],[-80.16266,25.94427],[-80.16491,25.94418],[-80.16615,25.94414],[-80.16935,25.94402],[-80.17961,25.94364],[-80.18019,25.94362],[-80.18034,25.94362],[-80.18049,25.94375],[-80.18057,25.94383],[-80.1806,25.94385],[-80.18051,25.94393],[-80.18025,25.94416],[-80.18025,25.94416],[-80.18025,25.94416],[-80.17994,25.94444],[-80.17934,25.94498],[-80.17919,25.9451],[-80.17881,25.94552],[-80.17894,25.94551],[-80.17932,25.94551],[-80.17959,25.94524],[-80.17987,25.94525],[-80.17991,25.94548],[-80.18097,25.94545],[-80.18109,25.94542],[-80.18172,25.94539],[-80.18189,25.94538],[-80.18209,25.94538],[-80.18249,25.94536],[-80.18305,25.94533],[-80.185,25.94672],[-80.18515,25.94652],[-80.18528,25.94632],[-80.18541,25.94613],[-80.18555,25.94588],[-80.18609,25.94475],[-80.18623,25.94451],[-80.18637,25.94426],[-80.18654,25.94399],[-80.18672,25.94373],[-80.18709,25.94332],[-80.18757,25.9433],[-80.18886,25.94324],[-80.18879,25.94206],[-80.18875,25.9415],[-80.18875,25.94145],[-80.18344,25.94166],[-80.18312,25.94168],[-80.18215,25.94172],[-80.18214,25.94164],[-80.18201,25.93825],[-80.182,25.93809],[-80.18257,25.93807],[-80.18255,25.93761],[-80.18247,25.93762],[-80.18058,25.9377],[-80.18053,25.93631],[-80.17444,25.93654],[-80.17437,25.93473],[-80.17252,25.9348],[-80.17252,25.9348],[-80.17252,25.9348],[-80.17238,25.93481],[-80.17238,25.93463],[-80.17224,25.93118],[-80.17021,25.93123],[-80.17015,25.92934],[-80.1701,25.92752],[-80.17003,25.92568],[-80.17003,25.92565],[-80.17605,25.92542],[-80.17605,25.92542],[-80.17615,25.9272],[-80.1762,25.9291],[-80.17822,25.92901],[-80.18023,25.92893],[-80.18037,25.92893],[-80.18041,25.93052],[-80.18043,25.9309],[-80.18032,25.93099],[-80.18034,25.93169],[-80.18233,25.93162],[-80.18237,25.93254],[-80.1864,25.93235],[-80.18643,25.93324],[-80.18847,25.93319],[-80.18858,25.93595],[-80.18869,25.93594],[-80.1887,25.93612],[-80.18879,25.93832],[-80.1888,25.93863],[-80.18889,25.94134],[-80.18945,25.94131],[-80.18953,25.94122],[-80.18984,25.94097],[-80.19005,25.94079],[-80.19014,25.94072],[-80.19039,25.94051],[-80.19063,25.94031],[-80.19067,25.94028],[-80.19071,25.94025],[-80.19072,25.94024],[-80.19087,25.94011],[-80.191,25.94001],[-80.19125,25.93981],[-80.19144,25.93967],[-80.19155,25.93958],[-80.19168,25.93948],[-80.19175,25.93943],[-80.19183,25.93936],[-80.19187,25.93932],[-80.19191,25.9393],[-80.19206,25.93918],[-80.19216,25.93912],[-80.19227,25.93905],[-80.19231,25.93903],[-80.19236,25.939],[-80.19242,25.93896],[-80.19244,25.93895],[-80.1925,25.93891],[-80.19266,25.93881],[-80.1927,25.93879],[-80.19275,25.93876],[-80.19281,25.93872],[-80.19296,25.93864],[-80.19314,25.93855],[-80.19324,25.9385],[-80.19331,25.93847],[-80.19337,25.93844],[-80.19346,25.9384],[-80.19358,25.93834],[-80.19392,25.93822],[-80.19429,25.93808],[-80.1962,25.93738],[-80.19657,25.93724],[-80.19672,25.93719],[-80.19672,25.93719],[-80.19679,25.93715],[-80.19687,25.93711],[-80.19695,25.93707],[-80.19695,25.93707],[-80.19695,25.93707],[-80.197,25.93705],[-80.19703,25.93704],[-80.19711,25.937],[-80.19719,25.93695],[-80.19726,25.93691],[-80.19734,25.93687],[-80.19742,25.93683],[-80.19748,25.93679],[-80.19749,25.93678],[-80.19752,25.93676],[-80.19757,25.93674],[-80.19764,25.93669],[-80.19771,25.93664],[-80.19779,25.9366],[-80.19786,25.93655],[-80.19793,25.9365],[-80.198,25.93645],[-80.19807,25.9364],[-80.19814,25.93635],[-80.19821,25.93629],[-80.19828,25.93624],[-80.19834,25.93619],[-80.19838,25.93616],[-80.19841,25.93613],[-80.19848,25.93608],[-80.19854,25.93602],[-80.1986,25.93596],[-80.19867,25.93591],[-80.19958,25.93514],[-80.19926,25.93482],[-80.19944,25.93466],[-80.19976,25.93498],[-80.20147,25.93354],[-80.20148,25.93353],[-80.20148,25.93353],[-80.20148,25.93353],[-80.20151,25.93351],[-80.2006,25.93355],[-80.20056,25.93272],[-80.20052,25.93175],[-80.20191,25.93169],[-80.20208,25.93168],[-80.2021,25.93202],[-80.20188,25.93202],[-80.20189,25.93232],[-80.20233,25.9323],[-80.20242,25.93239],[-80.2026,25.93258],[-80.20262,25.93256],[-80.20266,25.93253],[-80.20291,25.93232],[-80.20297,25.93227],[-80.20302,25.93222],[-80.20308,25.93217],[-80.20312,25.93214],[-80.20313,25.93212],[-80.20319,25.93207],[-80.20324,25.93202],[-80.20329,25.93196],[-80.20362,25.93163],[-80.20362,25.93162],[-80.20407,25.9316],[-80.20516,25.93156],[-80.20483,25.93184],[-80.20451,25.93211],[-80.20383,25.93268],[-80.20319,25.93322],[-80.20305,25.93334],[-80.20302,25.93341],[-80.20302,25.93341],[-80.19843,25.93722],[-80.19769,25.93747],[-80.19468,25.93846],[-80.19444,25.93854],[-80.1942,25.93863],[-80.19397,25.93873],[-80.19375,25.93883],[-80.19352,25.93894],[-80.1933,25.93905],[-80.19308,25.93917],[-80.19287,25.93929],[-80.19266,25.93942],[-80.19246,25.93956],[-80.19226,25.9397],[-80.19206,25.93985],[-80.19187,25.94],[-80.19051,25.94114],[-80.19207,25.94108],[-80.19219,25.94107],[-80.1923,25.94108],[-80.19242,25.94109],[-80.19254,25.94111],[-80.19265,25.94113],[-80.19277,25.94116],[-80.19288,25.94119],[-80.19299,25.94123],[-80.1931,25.94128],[-80.19333,25.94147],[-80.19351,25.94163],[-80.19351,25.94163],[-80.19439,25.94236],[-80.19448,25.94243],[-80.19458,25.9425],[-80.19468,25.94256],[-80.19478,25.94261],[-80.19489,25.94266],[-80.195,25.9427],[-80.19512,25.94273],[-80.19523,25.94276],[-80.19535,25.94278],[-80.19547,25.94279],[-80.19559,25.9428],[-80.19571,25.9428],[-80.19592,25.94279],[-80.19592,25.94289],[-80.19693,25.94285],[-80.20108,25.9427],[-80.20108,25.9427],[-80.20108,25.94271],[-80.20118,25.94484],[-80.20118,25.94484],[-80.20118,25.94484],[-80.20132,25.94822],[-80.20132,25.94822],[-80.20132,25.94823],[-80.20135,25.94878],[-80.2014,25.95],[-80.20144,25.9516],[-80.20146,25.9527],[-80.20146,25.9527],[-80.20146,25.9527],[-80.20148,25.95327],[-80.20152,25.95514],[-80.20152,25.95516],[-80.20157,25.95736],[-80.19998,25.95745],[-80.19965,25.95746],[-80.19957,25.95747],[-80.1993,25.95748],[-80.19767,25.95757],[-80.19796,25.95831],[-80.19817,25.95882],[-80.19835,25.95928],[-80.19836,25.95932],[-80.19838,25.95936],[-80.1984,25.9594],[-80.19842,25.95944],[-80.19844,25.95948],[-80.19845,25.95953],[-80.19847,25.95957],[-80.19849,25.95961],[-80.1985,25.95965],[-80.19851,25.9597],[-80.19853,25.95974],[-80.19854,25.95979],[-80.19855,25.95983],[-80.19856,25.95987],[-80.19857,25.95992],[-80.19858,25.95996],[-80.19858,25.96001],[-80.19859,25.96005],[-80.19859,25.9601],[-80.1986,25.96014],[-80.1986,25.96019],[-80.19861,25.96023],[-80.19861,25.96028],[-80.19861,25.96032],[-80.19861,25.96037],[-80.19861,25.96041],[-80.19861,25.96046],[-80.19861,25.9605],[-80.1986,25.96055],[-80.1986,25.96059],[-80.19859,25.96064],[-80.19859,25.96068],[-80.19858,25.96073],[-80.19857,25.96077],[-80.19857,25.96082],[-80.19856,25.96086],[-80.19854,25.96093],[-80.19852,25.961],[-80.1985,25.96106],[-80.19848,25.96113],[-80.19846,25.9612],[-80.19845,25.96121],[-80.19832,25.96156],[-80.1983,25.96163],[-80.19827,25.9617],[-80.19825,25.96177],[-80.19823,25.96184],[-80.19821,25.96191],[-80.1982,25.96198],[-80.19818,25.96206],[-80.19817,25.96213],[-80.19816,25.9622],[-80.19815,25.96227],[-80.19814,25.96234],[-80.19814,25.96242],[-80.19813,25.96249],[-80.19813,25.96256],[-80.19813,25.96263],[-80.19813,25.96267],[-80.19813,25.9627],[-80.19813,25.96277],[-80.19813,25.96284],[-80.19813,25.96291],[-80.19812,25.96318],[-80.1981,25.96319],[-80.19814,25.96438],[-80.19814,25.96438],[-80.19814,25.96438],[-80.19818,25.96566],[-80.1983,25.96915],[-80.19832,25.96981],[-80.19833,25.97028],[-80.19835,25.97071],[-80.19835,25.97075],[-80.19835,25.97081],[-80.19836,25.97084],[-80.19836,25.97087],[-80.19836,25.97093],[-80.19836,25.97098],[-80.19836,25.97104],[-80.19836,25.9711],[-80.19836,25.97115],[-80.19835,25.97121],[-80.19835,25.97127],[-80.19834,25.97133],[-80.19834,25.97138],[-80.19833,25.97144],[-80.19832,25.9715],[-80.19831,25.97155],[-80.1983,25.97161],[-80.19829,25.97167],[-80.19827,25.97172],[-80.19826,25.97178],[-80.19824,25.97183],[-80.19823,25.97189],[-80.19821,25.97194],[-80.19812,25.97224],[-80.19809,25.97233],[-80.19808,25.97238],[-80.19807,25.97243],[-80.19806,25.97248],[-80.19805,25.97254],[-80.19804,25.97259],[-80.19803,25.97264],[-80.19802,25.9727],[-80.19802,25.97275],[-80.19801,25.9728],[-80.19801,25.97286],[-80.19801,25.97291],[-80.19801,25.97296],[-80.198,25.97302],[-80.198,25.97304],[-80.198,25.97306],[-80.19576,25.97311],[-80.19574,25.97312],[-80.19442,25.97315],[-80.19442,25.97315],[-80.19442,25.97315],[-80.19151,25.97322],[-80.1914,25.97322],[-80.1914,25.97322],[-80.1914,25.97322],[-80.19107,25.97323],[-80.19102,25.97323],[-80.19043,25.97324],[-80.1828,25.97342],[-80.18177,25.97345],[-80.17458,25.9736],[-80.16648,25.97378],[-80.16636,25.97379],[-80.16567,25.97381],[-80.16089,25.97398],[-80.15831,25.97408],[-80.15025,25.97437],[-80.14877,25.97441],[-80.14777,25.97444],[-80.14767,25.97083],[-80.1476,25.9682],[-80.14758,25.96742],[-80.14747,25.96364],[-80.14746,25.96329],[-80.14744,25.96265],[-80.14737,25.96017],[-80.14733,25.95905]]]}},{"type":"Feature","properties":{"name":"Unincorporated Miami-dade"},"geometry":{"type":"Polygon","coordinates":[[[-80.22731,25.89615],[-80.22707,25.89083],[-80.22707,25.89083],[-80.22644,25.89085],[-80.22643,25.89049],[-80.22644,25.8904],[-80.22705,25.89038],[-80.22705,25.89038],[-80.22674,25.8831],[-80.22674,25.8831],[-80.22673,25.8831],[-80.2223,25.88328],[-80.21347,25.88363],[-80.21058,25.88375],[-80.20942,25.8838],[-80.20942,25.88382],[-80.20951,25.88561],[-80.20921,25.88562],[-80.20661,25.88575],[-80.20256,25.88592],[-80.20247,25.88411],[-80.19973,25.88424],[-80.19966,25.88423],[-80.1992,25.88424],[-80.19846,25.88427],[-80.19761,25.8843],[-80.19726,25.88432],[-80.19699,25.88432],[-80.19685,25.88433],[-80.19647,25.88434],[-80.19638,25.88435],[-80.19638,25.88437],[-80.19437,25.88447],[-80.19377,25.8845],[-80.19347,25.88449],[-80.1931,25.88429],[-80.19284,25.88456],[-80.19271,25.88469],[-80.19258,25.88482],[-80.1924,25.88501],[-80.19226,25.88515],[-80.19118,25.88631],[-80.19123,25.88642],[-80.19123,25.88644],[-80.19123,25.88644],[-80.19122,25.88644],[-80.19121,25.88644],[-80.1912,25.88644],[-80.1912,25.88644],[-80.19103,25.88643],[-80.1909,25.88646],[-80.19092,25.88644],[-80.19101,25.88635],[-80.19112,25.88624],[-80.19111,25.88622],[-80.19111,25.8862],[-80.19111,25.88619],[-80.19111,25.88618],[-80.1911,25.88615],[-80.19108,25.88613],[-80.19107,25.88613],[-80.19106,25.88612],[-80.19105,25.8861],[-80.19103,25.88608],[-80.19103,25.88606],[-80.19102,25.88604],[-80.19091,25.88587],[-80.19089,25.88583],[-80.19088,25.8858],[-80.19087,25.88579],[-80.19087,25.88579],[-80.19086,25.88576],[-80.19082,25.88569],[-80.19076,25.8856],[-80.19072,25.88552],[-80.19067,25.88545],[-80.19063,25.88538],[-80.19013,25.88464],[-80.19003,25.88449],[-80.1898,25.88415],[-80.18971,25.88401],[-80.18968,25.88398],[-80.18968,25.88397],[-80.18968,25.88395],[-80.18917,25.88316],[-80.18916,25.88317],[-80.18912,25.8831],[-80.18913,25.8831],[-80.18895,25.88281],[-80.18894,25.88281],[-80.18893,25.88282],[-80.18893,25.88282],[-80.18889,25.88276],[-80.1889,25.88276],[-80.1889,25.88276],[-80.18889,25.88274],[-80.18887,25.88271],[-80.18886,25.8827],[-80.18885,25.8827],[-80.18884,25.88268],[-80.18881,25.88265],[-80.18879,25.88261],[-80.18874,25.88254],[-80.18874,25.88253],[-80.1887,25.88244],[-80.18866,25.88238],[-80.1886,25.88229],[-80.18856,25.88224],[-80.18835,25.88195],[-80.18832,25.88189],[-80.18823,25.88177],[-80.18822,25.88174],[-80.18821,25.88172],[-80.1882,25.88172],[-80.18815,25.88164],[-80.18796,25.88135],[-80.18794,25.88132],[-80.18793,25.88131],[-80.18793,25.88131],[-80.18793,25.8813],[-80.18794,25.8813],[-80.18798,25.88128],[-80.18798,25.88128],[-80.18798,25.88128],[-80.188,25.88126],[-80.18799,25.88124],[-80.18797,25.88122],[-80.18797,25.88122],[-80.18795,25.88123],[-80.18793,25.88124],[-80.18792,25.88125],[-80.18791,25.88125],[-80.1879,25.88125],[-80.1879,25.88124],[-80.18774,25.88101],[-80.1876,25.8808],[-80.18741,25.88053],[-80.18711,25.8801],[-80.187,25.88016],[-80.18692,25.88021],[-80.18691,25.88021],[-80.18666,25.87986],[-80.18666,25.87986],[-80.18665,25.87985],[-80.18665,25.87985],[-80.18665,25.87985],[-80.18665,25.87985],[-80.18665,25.87985],[-80.18665,25.87985],[-80.18665,25.87984],[-80.18661,25.87979],[-80.1866,25.87977],[-80.1864,25.87949],[-80.18614,25.87911],[-80.18605,25.87868],[-80.18603,25.87856],[-80.1858,25.87826],[-80.18577,25.87823],[-80.18575,25.87821],[-80.18575,25.87821],[-80.18575,25.87821],[-80.18573,25.87818],[-80.18573,25.87817],[-80.18572,25.87813],[-80.1857,25.87809],[-80.1857,25.87807],[-80.18556,25.87786],[-80.18548,25.87773],[-80.18546,25.87769],[-80.18543,25.87764],[-80.18539,25.87759],[-80.18534,25.87753],[-80.18528,25.87743],[-80.18521,25.87731],[-80.18519,25.87728],[-80.18515,25.87722],[-80.18511,25.87717],[-80.18505,25.87711],[-80.18499,25.87703],[-80.18495,25.87697],[-80.18486,25.87688],[-80.18485,25.87686],[-80.18481,25.87682],[-80.18478,25.87677],[-80.18474,25.87671],[-80.18466,25.87659],[-80.18459,25.87649],[-80.18457,25.87646],[-80.18452,25.87641],[-80.18449,25.87636],[-80.18449,25.87635],[-80.18425,25.87599],[-80.18422,25.87596],[-80.18421,25.87594],[-80.1842,25.87592],[-80.18419,25.87591],[-80.18414,25.87586],[-80.18413,25.87586],[-80.18412,25.87584],[-80.18405,25.87577],[-80.18403,25.87576],[-80.18399,25.87574],[-80.18399,25.87573],[-80.18393,25.87569],[-80.1839,25.87565],[-80.18385,25.87561],[-80.18381,25.87558],[-80.18372,25.8755],[-80.18368,25.87546],[-80.18362,25.87539],[-80.18359,25.87535],[-80.18349,25.87527],[-80.18336,25.87513],[-80.18331,25.87508],[-80.18324,25.87502],[-80.18323,25.87501],[-80.18323,25.87501],[-80.18308,25.87486],[-80.18297,25.87474],[-80.18291,25.87469],[-80.18285,25.87463],[-80.18275,25.87453],[-80.18269,25.87449],[-80.18266,25.87447],[-80.18264,25.87444],[-80.18262,25.87442],[-80.18259,25.87439],[-80.18245,25.87424],[-80.1824,25.87417],[-80.18239,25.87416],[-80.18233,25.87409],[-80.18223,25.87399],[-80.18216,25.87392],[-80.1821,25.87387],[-80.18204,25.87382],[-80.18204,25.87382],[-80.18202,25.8738],[-80.18202,25.8738],[-80.18299,25.87377],[-80.185,25.8737],[-80.185,25.8737],[-80.18563,25.87368],[-80.18779,25.87357],[-80.18975,25.87349],[-80.18973,25.87309],[-80.19373,25.87296],[-80.1938,25.87456],[-80.1938,25.87474],[-80.19385,25.87578],[-80.19382,25.87578],[-80.19383,25.87599],[-80.19387,25.87623],[-80.19391,25.87689],[-80.19392,25.87727],[-80.19394,25.87754],[-80.19394,25.87789],[-80.19403,25.87972],[-80.19404,25.88017],[-80.19406,25.88047],[-80.19407,25.88085],[-80.19419,25.88085],[-80.19421,25.88085],[-80.19607,25.88079],[-80.19807,25.88071],[-80.19844,25.88069],[-80.20012,25.88064],[-80.20218,25.88055],[-80.2042,25.88049],[-80.2046,25.88047],[-80.20636,25.88041],[-80.20636,25.88028],[-80.20636,25.88028],[-80.20839,25.8802],[-80.20869,25.88019],[-80.20874,25.88019],[-80.20881,25.88011],[-80.2088,25.88006],[-80.2088,25.88004],[-80.2088,25.87997],[-80.2088,25.8799],[-80.20879,25.87984],[-80.20879,25.87977],[-80.20879,25.8797],[-80.20878,25.87963],[-80.20878,25.87956],[-80.20877,25.87935],[-80.20868,25.87922],[-80.20855,25.87655],[-80.20619,25.87664],[-80.20618,25.87653],[-80.20321,25.87664],[-80.20263,25.87667],[-80.20255,25.8752],[-80.20254,25.87468],[-80.20246,25.8732],[-80.20246,25.87286],[-80.20238,25.87136],[-80.20238,25.87128],[-80.20243,25.8712],[-80.20235,25.86944],[-80.2018,25.86945],[-80.20168,25.86575],[-80.20153,25.8621],[-80.20355,25.86203],[-80.20353,25.86111],[-80.20348,25.86018],[-80.20345,25.85927],[-80.2034,25.85835],[-80.20339,25.85822],[-80.20373,25.85823],[-80.20471,25.85819],[-80.20515,25.85818],[-80.20546,25.85817],[-80.20532,25.85455],[-80.20649,25.85451],[-80.20764,25.85447],[-80.20764,25.85435],[-80.20717,25.85428],[-80.20704,25.85427],[-80.20682,25.85425],[-80.20658,25.85422],[-80.2064,25.85419],[-80.20604,25.85414],[-80.20583,25.85412],[-80.20577,25.85412],[-80.20576,25.85415],[-80.2057,25.85414],[-80.2057,25.85411],[-80.20561,25.8541],[-80.20561,25.85413],[-80.20556,25.85413],[-80.20555,25.85411],[-80.20554,25.85409],[-80.2055,25.85409],[-80.20548,25.85409],[-80.2054,25.85409],[-80.20486,25.85402],[-80.20444,25.85397],[-80.20414,25.85395],[-80.20384,25.85392],[-80.20371,25.8539],[-80.20361,25.85388],[-80.20343,25.85387],[-80.20332,25.85385],[-80.20317,25.85382],[-80.20309,25.85381],[-80.20308,25.85381],[-80.20308,25.85387],[-80.20305,25.85387],[-80.20305,25.85381],[-80.20299,25.85381],[-80.20297,25.85381],[-80.20287,25.8538],[-80.20283,25.8538],[-80.20274,25.85379],[-80.20244,25.85374],[-80.20181,25.85367],[-80.20149,25.85363],[-80.20125,25.85361],[-80.20122,25.85361],[-80.20092,25.85358],[-80.2008,25.85357],[-80.2007,25.85355],[-80.20045,25.85352],[-80.20012,25.85348],[-80.20001,25.85346],[-80.19972,25.85344],[-80.19962,25.85342],[-80.1995,25.85341],[-80.19934,25.85339],[-80.19913,25.85337],[-80.19903,25.85335],[-80.19902,25.85337],[-80.19898,25.85336],[-80.19897,25.85334],[-80.19895,25.85334],[-80.19894,25.85334],[-80.19886,25.85334],[-80.19885,25.85334],[-80.19884,25.85334],[-80.19882,25.85334],[-80.19881,25.85334],[-80.19879,25.85334],[-80.19878,25.85332],[-80.19876,25.85332],[-80.19865,25.85331],[-80.19857,25.8533],[-80.19855,25.8533],[-80.19855,25.8533],[-80.19851,25.8533],[-80.19848,25.85329],[-80.19844,25.85328],[-80.19837,25.85327],[-80.19832,25.85325],[-80.19826,25.85324],[-80.19821,25.85324],[-80.19814,25.85324],[-80.19808,25.85323],[-80.19808,25.85325],[-80.19806,25.85324],[-80.19803,25.85324],[-80.19802,25.85323],[-80.19786,25.85321],[-80.19778,25.85321],[-80.1977,25.85319],[-80.1976,25.85317],[-80.19743,25.85315],[-80.19733,25.85316],[-80.19723,25.85317],[-80.19722,25.85316],[-80.19711,25.85315],[-80.19711,25.85315],[-80.19711,25.85315],[-80.19711,25.85313],[-80.1971,25.85296],[-80.1971,25.85293],[-80.1971,25.85293],[-80.19705,25.85174],[-80.19693,25.84791],[-80.19702,25.84791],[-80.20172,25.84778],[-80.20172,25.84769],[-80.2052,25.84757],[-80.20521,25.84767],[-80.20606,25.84765],[-80.20623,25.84764],[-80.20815,25.8476],[-80.20822,25.8476],[-80.20901,25.84758],[-80.20901,25.84762],[-80.20915,25.84763],[-80.20915,25.84762],[-80.20956,25.84761],[-80.20955,25.84751],[-80.20969,25.8475],[-80.20969,25.84713],[-80.20969,25.84704],[-80.2097,25.84692],[-80.20969,25.84635],[-80.2097,25.84621],[-80.20967,25.84561],[-80.20967,25.84547],[-80.20965,25.84489],[-80.20961,25.84416],[-80.20958,25.84343],[-80.20957,25.84329],[-80.20955,25.8427],[-80.20954,25.84257],[-80.20952,25.84202],[-80.20953,25.84188],[-80.20951,25.84152],[-80.20948,25.84127],[-80.20946,25.84084],[-80.20947,25.84069],[-80.20942,25.83977],[-80.2094,25.83966],[-80.2094,25.83966],[-80.20938,25.83962],[-80.21291,25.83948],[-80.21692,25.83929],[-80.21905,25.83924],[-80.22109,25.83918],[-80.22116,25.83918],[-80.22525,25.83906],[-80.22525,25.83906],[-80.22557,25.83905],[-80.22555,25.83853],[-80.22554,25.83842],[-80.22552,25.83791],[-80.22551,25.8378],[-80.22549,25.83725],[-80.2255,25.83714],[-80.22548,25.83665],[-80.22545,25.83604],[-80.22544,25.83593],[-80.2254,25.83485],[-80.22538,25.83473],[-80.22532,25.83303],[-80.2253,25.83292],[-80.22528,25.83245],[-80.22529,25.83232],[-80.22526,25.83174],[-80.22534,25.83173],[-80.22534,25.83165],[-80.22531,25.83105],[-80.22531,25.8308],[-80.22577,25.83078],[-80.22571,25.82998],[-80.22574,25.82991],[-80.22521,25.82994],[-80.22519,25.82951],[-80.22517,25.82908],[-80.22516,25.82895],[-80.22513,25.82816],[-80.22513,25.82803],[-80.22681,25.82797],[-80.22869,25.8279],[-80.22878,25.8279],[-80.22863,25.82431],[-80.22852,25.8215],[-80.22841,25.81842],[-80.22817,25.81318],[-80.22814,25.81262],[-80.22813,25.81246],[-80.22812,25.81232],[-80.22811,25.81218],[-80.22807,25.81132],[-80.22967,25.81127],[-80.24031,25.81096],[-80.24025,25.80955],[-80.24027,25.80954],[-80.24223,25.80948],[-80.24339,25.80946],[-80.24338,25.80939],[-80.24737,25.80928],[-80.24846,25.80923],[-80.25246,25.80912],[-80.25651,25.809],[-80.25651,25.80907],[-80.25851,25.80901],[-80.25852,25.80933],[-80.25853,25.80957],[-80.25856,25.81042],[-80.25665,25.81047],[-80.25656,25.81047],[-80.25656,25.81051],[-80.25659,25.8113],[-80.25683,25.81785],[-80.25682,25.81785],[-80.2558,25.81788],[-80.25587,25.81975],[-80.25485,25.81979],[-80.25493,25.82165],[-80.25593,25.82162],[-80.256,25.82348],[-80.25456,25.82353],[-80.25297,25.82357],[-80.25318,25.82814],[-80.25724,25.82802],[-80.25727,25.82802],[-80.25731,25.82884],[-80.25754,25.83309],[-80.25781,25.83812],[-80.25796,25.84177],[-80.25799,25.84248],[-80.2581,25.84526],[-80.25811,25.84549],[-80.25811,25.84551],[-80.25823,25.84838],[-80.25963,25.84832],[-80.25987,25.84832],[-80.25994,25.85007],[-80.25989,25.85007],[-80.25996,25.85283],[-80.26014,25.86013],[-80.26014,25.86014],[-80.26008,25.86013],[-80.26012,25.86189],[-80.26013,25.86235],[-80.26025,25.86745],[-80.26025,25.86745],[-80.2603,25.87062],[-80.25905,25.87065],[-80.25905,25.8707],[-80.25905,25.87071],[-80.25906,25.87092],[-80.25908,25.87149],[-80.25931,25.87871],[-80.25942,25.88206],[-80.25942,25.88206],[-80.25965,25.88927],[-80.25967,25.88935],[-80.24339,25.89001],[-80.24333,25.89001],[-80.24346,25.89357],[-80.2436,25.89727],[-80.23664,25.89743],[-80.23658,25.89743],[-80.22737,25.89762],[-80.22737,25.89762],[-80.22731,25.89615]]]}},{"type":"Feature","properties":{"name":"Unincorporated Miami-dade"},"geometry":{"type":"Polygon","coordinates":[[[-80.13817,25.76185],[-80.13817,25.76171],[-80.13909,25.76166],[-80.1391,25.7618],[-80.13817,25.76185]]]}},{"type":"Feature","properties":{"name":"Unincorporated Miami-dade"},"geometry":{"type":"Polygon","coordinates":[[[-80.14048,25.76049],[-80.1408,25.76048],[-80.1408,25.76035],[-80.14034,25.76037],[-80.14033,25.76023],[-80.14032,25.7601],[-80.14031,25.75997],[-80.14031,25.75983],[-80.1403,25.75969],[-80.14029,25.75955],[-80.14028,25.75948],[-80.14028,25.75947],[-80.14029,25.75945],[-80.14029,25.75944],[-80.1403,25.75943],[-80.1403,25.75942],[-80.14031,25.75942],[-80.14032,25.75941],[-80.14034,25.75941],[-80.14035,25.7594],[-80.14036,25.7594],[-80.14076,25.75938],[-80.14112,25.75937],[-80.14114,25.75937],[-80.14115,25.75937],[-80.14116,25.75938],[-80.14117,25.75938],[-80.14118,25.75939],[-80.14119,25.7594],[-80.1412,25.75941],[-80.1412,25.75942],[-80.1412,25.75943],[-80.14121,25.75952],[-80.14121,25.75965],[-80.14122,25.75979],[-80.14123,25.75993],[-80.14123,25.76006],[-80.14124,25.7602],[-80.14125,25.76033],[-80.14126,25.76046],[-80.14126,25.7606],[-80.14127,25.76072],[-80.14127,25.76078],[-80.14127,25.76079],[-80.14127,25.7608],[-80.14127,25.76081],[-80.14126,25.76082],[-80.14125,25.76083],[-80.14125,25.76084],[-80.14124,25.76084],[-80.14123,25.76084],[-80.14122,25.76085],[-80.1412,25.76085],[-80.14082,25.76086],[-80.14043,25.76087],[-80.14042,25.76087],[-80.14041,25.76087],[-80.1404,25.76086],[-80.14039,25.76086],[-80.14038,25.76085],[-80.14038,25.76084],[-80.14037,25.76083],[-80.14037,25.76082],[-80.14037,25.76081],[-80.14036,25.76075],[-80.14035,25.76063],[-80.14035,25.76049],[-80.14048,25.76049]]]}},{"type":"Feature","properties":{"name":"Unincorporated Miami-dade"},"geometry":{"type":"Polygon","coordinates":[[[-80.15875,25.81519],[-80.1594,25.81297],[-80.16,25.82632],[-80.16067,25.84105],[-80.16077,25.84318],[-80.16002,25.8432],[-80.156,25.84331],[-80.15168,25.84343],[-80.1505,25.84347],[-80.15109,25.84132],[-80.15545,25.82645],[-80.15875,25.81519]]]}},{"type":"Feature","properties":{"name":"Unincorporated Miami-dade"},"geometry":{"type":"Polygon","coordinates":[[[-80.13935,25.7626],[-80.13934,25.76247],[-80.13934,25.76233],[-80.13933,25.76219],[-80.13932,25.76205],[-80.13932,25.76191],[-80.13931,25.76178],[-80.1402,25.76174],[-80.1402,25.76187],[-80.14021,25.76201],[-80.13976,25.76203],[-80.13977,25.76217],[-80.14022,25.76215],[-80.14023,25.76229],[-80.14023,25.76243],[-80.14024,25.76256],[-80.13935,25.7626]]]}},{"type":"Feature","properties":{"name":"Unincorporated Miami-dade"},"geometry":{"type":"Polygon","coordinates":[[[-80.13926,25.76067],[-80.13926,25.76053],[-80.13925,25.76041],[-80.14013,25.76037],[-80.14013,25.76049],[-80.14014,25.76064],[-80.14015,25.76076],[-80.14015,25.76083],[-80.14015,25.76084],[-80.14015,25.76085],[-80.14015,25.76086],[-80.14014,25.76087],[-80.14013,25.76088],[-80.14012,25.76089],[-80.14011,25.76089],[-80.1401,25.7609],[-80.14009,25.7609],[-80.14008,25.7609],[-80.13971,25.76091],[-80.1397,25.76065],[-80.13926,25.76067]]]}},{"type":"Feature","properties":{"name":"Unincorporated Miami-dade"},"geometry":{"type":"Polygon","coordinates":[[[-80.13817,25.76157],[-80.13816,25.76143],[-80.13816,25.76125],[-80.13816,25.76124],[-80.13816,25.76123],[-80.13817,25.76122],[-80.13817,25.76121],[-80.13818,25.7612],[-80.13819,25.76119],[-80.13821,25.76118],[-80.13822,25.76118],[-80.13823,25.76118],[-80.13862,25.76116],[-80.13899,25.76114],[-80.139,25.76115],[-80.13902,25.76115],[-80.13903,25.76115],[-80.13904,25.76116],[-80.13905,25.76116],[-80.13906,25.76117],[-80.13906,25.76118],[-80.13907,25.76119],[-80.13907,25.7612],[-80.13907,25.76121],[-80.13908,25.76138],[-80.13909,25.76152],[-80.13817,25.76157]]]}},{"type":"Feature","properties":{"name":"Unincorporated Miami-dade"},"geometry":{"type":"Polygon","coordinates":[[[-80.14208,25.76079],[-80.14207,25.76064],[-80.14187,25.76065],[-80.14149,25.76067],[-80.14148,25.76053],[-80.14147,25.76039],[-80.14147,25.76025],[-80.14146,25.76012],[-80.14146,25.75999],[-80.14185,25.75997],[-80.14203,25.75996],[-80.14202,25.75982],[-80.14202,25.75969],[-80.14185,25.7597],[-80.14144,25.75972],[-80.14144,25.75957],[-80.14143,25.75944],[-80.14143,25.75943],[-80.14143,25.75942],[-80.14144,25.75941],[-80.14145,25.7594],[-80.14145,25.75939],[-80.14146,25.75938],[-80.14147,25.75938],[-80.14148,25.75937],[-80.1415,25.75937],[-80.14184,25.75935],[-80.142,25.75935],[-80.14254,25.75931],[-80.14256,25.75932],[-80.14257,25.75932],[-80.14259,25.75932],[-80.1426,25.75933],[-80.14261,25.75934],[-80.14262,25.75935],[-80.14262,25.75936],[-80.14263,25.75937],[-80.14263,25.75939],[-80.14264,25.75951],[-80.14265,25.75965],[-80.14265,25.75978],[-80.14266,25.75992],[-80.14267,25.76006],[-80.14268,25.76019],[-80.14269,25.76034],[-80.14269,25.76048],[-80.1427,25.76061],[-80.14271,25.76075],[-80.14208,25.76079]]]}},{"type":"Feature","properties":{"name":"Unincorporated Miami-dade"},"geometry":{"type":"Polygon","coordinates":[[[-80.27721,25.70481],[-80.27721,25.70479],[-80.27719,25.70479],[-80.27206,25.70499],[-80.27201,25.70311],[-80.27105,25.70314],[-80.27108,25.70503],[-80.26902,25.70512],[-80.26696,25.70518],[-80.2669,25.70357],[-80.26692,25.70339],[-80.26688,25.70237],[-80.26832,25.70232],[-80.26839,25.70454],[-80.269,25.70453],[-80.26884,25.69986],[-80.26861,25.69309],[-80.2686,25.69268],[-80.26871,25.69238],[-80.2699,25.6902],[-80.26992,25.69016],[-80.26996,25.69016],[-80.27007,25.69016],[-80.27259,25.69007],[-80.27668,25.68992],[-80.27871,25.68984],[-80.27926,25.68982],[-80.28076,25.68977],[-80.28205,25.68972],[-80.28469,25.68963],[-80.2847,25.68963],[-80.28485,25.68962],[-80.28536,25.7033],[-80.2854,25.70445],[-80.27926,25.7047],[-80.27926,25.70472],[-80.27926,25.70474],[-80.27927,25.7051],[-80.27928,25.70546],[-80.27926,25.70546],[-80.27721,25.70554],[-80.27721,25.70481]]]}},{"type":"Feature","properties":{"name":"Unincorporated Miami-dade"},"geometry":{"type":"Polygon","coordinates":[[[-80.14043,25.76214],[-80.14088,25.76212],[-80.14134,25.7621],[-80.14134,25.76224],[-80.14135,25.76238],[-80.14136,25.76252],[-80.14136,25.76261],[-80.14136,25.76262],[-80.14136,25.76263],[-80.14135,25.76265],[-80.14135,25.76266],[-80.14134,25.76266],[-80.14133,25.76267],[-80.14132,25.76268],[-80.14131,25.76268],[-80.1413,25.76269],[-80.14128,25.76269],[-80.14091,25.7627],[-80.14053,25.76272],[-80.14052,25.76272],[-80.14051,25.76271],[-80.14049,25.76271],[-80.14048,25.7627],[-80.14048,25.7627],[-80.14047,25.76269],[-80.14046,25.76268],[-80.14046,25.76267],[-80.14046,25.76265],[-80.14045,25.76255],[-80.14044,25.76242],[-80.14044,25.76228],[-80.14043,25.76214]]]}},{"type":"Feature","properties":{"name":"Unincorporated Miami-dade"},"geometry":{"type":"Polygon","coordinates":[[[-80.14042,25.76187],[-80.14041,25.76173],[-80.1404,25.76159],[-80.14039,25.76145],[-80.14039,25.76131],[-80.14038,25.76114],[-80.14038,25.76113],[-80.14038,25.76112],[-80.14039,25.76111],[-80.14039,25.7611],[-80.1404,25.76109],[-80.14041,25.76108],[-80.14042,25.76108],[-80.14043,25.76107],[-80.14045,25.76107],[-80.14083,25.76106],[-80.1412,25.76104],[-80.14122,25.76104],[-80.14123,25.76104],[-80.14124,25.76104],[-80.14125,25.76105],[-80.14126,25.76106],[-80.14127,25.76106],[-80.14128,25.76107],[-80.14128,25.76108],[-80.14129,25.7611],[-80.14129,25.76111],[-80.1413,25.76127],[-80.1413,25.76141],[-80.14085,25.76143],[-80.14086,25.76157],[-80.14086,25.76171],[-80.14132,25.76169],[-80.14132,25.76182],[-80.14087,25.76184],[-80.14042,25.76187]]]}}]}