{"type":"FeatureCollection","features":[{"type":"Feature","properties":{"name":"Historic Buena Vista"},"geometry":{"type":"Polygon","coordinates":[[[-86.79511,36.17576],[-86.79403,36.17672],[-86.79396,36.17673],[-86.79373,36.17642],[-86.79346,36.17601],[-86.79337,36.17593],[-86.79295,36.17528],[-86.79277,36.17512],[-86.79253,36.17471],[-86.79204,36.17393],[-86.79168,36.17335],[-86.79169,36.17329],[-86.79203,36.17319],[-86.79474,36.17249],[-86.79602,36.17218],[-86.79764,36.1718],[-86.7983,36.17168],[-86.7988,36.17243],[-86.79924,36.173],[-86.79949,36.1734],[-86.79963,36.17371],[-86.79978,36.17412],[-86.80003,36.17468],[-86.80014,36.17519],[-86.80022,36.17543],[-86.80031,36.17669],[-86.80039,36.17711],[-86.80046,36.17808],[-86.80039,36.17869],[-86.80028,36.17903],[-86.80018,36.17952],[-86.80017,36.17973],[-86.80007,36.18009],[-86.79976,36.18001],[-86.79951,36.17983],[-86.79942,36.17989],[-86.79916,36.17981],[-86.79887,36.17976],[-86.79869,36.17976],[-86.79851,36.17971],[-86.79924,36.17904],[-86.79937,36.17892],[-86.79838,36.17818],[-86.79511,36.17576]]]}},{"type":"Feature","properties":{"name":"Charlotte Park"},"geometry":{"type":"Polygon","coordinates":[[[-86.8746,36.15758],[-86.87317,36.15739],[-86.87148,36.1572],[-86.86886,36.15688],[-86.86812,36.15679],[-86.86598,36.15653],[-86.86619,36.15541],[-86.86645,36.15404],[-86.86624,36.154],[-86.86554,36.15393],[-86.86553,36.15394],[-86.86392,36.15375],[-86.86245,36.15323],[-86.86224,36.15316],[-86.86224,36.15315],[-86.86217,36.15313],[-86.86212,36.15311],[-86.86195,36.15305],[-86.86195,36.15305],[-86.86178,36.15298],[-86.86161,36.15292],[-86.8616,36.15292],[-86.86145,36.15286],[-86.86137,36.15284],[-86.86136,36.15283],[-86.86135,36.15282],[-86.86135,36.15282],[-86.86134,36.15281],[-86.86133,36.1528],[-86.86132,36.15279],[-86.86132,36.15278],[-86.86132,36.15277],[-86.86132,36.15275],[-86.86132,36.15274],[-86.86132,36.15274],[-86.86133,36.15273],[-86.86134,36.1527],[-86.86155,36.15236],[-86.86163,36.15222],[-86.86171,36.15208],[-86.8618,36.15192],[-86.86182,36.15189],[-86.86185,36.15187],[-86.86188,36.15186],[-86.86192,36.15185],[-86.86196,36.15185],[-86.86223,36.15186],[-86.86228,36.15186],[-86.86232,36.15186],[-86.8623,36.15176],[-86.86313,36.15159],[-86.86321,36.15157],[-86.86353,36.15149],[-86.86361,36.15148],[-86.86361,36.15148],[-86.86362,36.15147],[-86.86372,36.15145],[-86.86378,36.15144],[-86.86394,36.15141],[-86.86411,36.15137],[-86.86428,36.15134],[-86.86445,36.15131],[-86.86447,36.1513],[-86.86461,36.15128],[-86.86478,36.15125],[-86.86491,36.15123],[-86.86495,36.15122],[-86.86512,36.15119],[-86.86528,36.15116],[-86.86538,36.15115],[-86.86557,36.15111],[-86.8657,36.15109],[-86.86573,36.15109],[-86.8659,36.15106],[-86.86607,36.15104],[-86.86623,36.15102],[-86.86624,36.15106],[-86.86641,36.15104],[-86.86697,36.15095],[-86.86701,36.15095],[-86.86702,36.15095],[-86.86704,36.15094],[-86.86754,36.15087],[-86.86763,36.15086],[-86.86763,36.15086],[-86.86787,36.15082],[-86.86847,36.15077],[-86.86851,36.15077],[-86.86851,36.15079],[-86.86852,36.15083],[-86.86853,36.15091],[-86.86853,36.15096],[-86.86854,36.15099],[-86.86855,36.15112],[-86.86856,36.15116],[-86.86857,36.15129],[-86.86858,36.15132],[-86.86859,36.15145],[-86.8686,36.15149],[-86.86862,36.15161],[-86.86862,36.15164],[-86.86864,36.15178],[-86.86864,36.15181],[-86.86866,36.15194],[-86.86866,36.15197],[-86.86866,36.152],[-86.86868,36.15211],[-86.86868,36.15214],[-86.8687,36.15227],[-86.8687,36.1523],[-86.86872,36.15241],[-86.86872,36.15243],[-86.86872,36.15246],[-86.86876,36.15275],[-86.86876,36.15279],[-86.8688,36.15307],[-86.86881,36.15312],[-86.86906,36.15316],[-86.86911,36.15316],[-86.86968,36.15322],[-86.86976,36.15323],[-86.86988,36.15324],[-86.86997,36.15325],[-86.87008,36.15326],[-86.87016,36.15327],[-86.87029,36.15328],[-86.87036,36.15329],[-86.87049,36.1533],[-86.87057,36.15331],[-86.87069,36.15333],[-86.87077,36.15333],[-86.87089,36.15335],[-86.87097,36.15336],[-86.87109,36.15337],[-86.87118,36.15338],[-86.87129,36.15339],[-86.87137,36.1534],[-86.87149,36.15341],[-86.87158,36.15342],[-86.8717,36.15343],[-86.87178,36.15344],[-86.8719,36.15345],[-86.87198,36.15346],[-86.8721,36.15347],[-86.87218,36.15348],[-86.8723,36.15349],[-86.87238,36.1535],[-86.8725,36.15351],[-86.87259,36.15352],[-86.8727,36.15354],[-86.87279,36.15354],[-86.87291,36.15356],[-86.87299,36.15357],[-86.87301,36.15357],[-86.87301,36.1536],[-86.87301,36.15362],[-86.87297,36.15391],[-86.87295,36.15407],[-86.87294,36.15415],[-86.87293,36.15421],[-86.87287,36.15474],[-86.87288,36.15474],[-86.87292,36.15475],[-86.87293,36.15475],[-86.87304,36.15476],[-86.8732,36.15478],[-86.87337,36.15479],[-86.87371,36.15483],[-86.87388,36.15484],[-86.87421,36.15488],[-86.87425,36.15488],[-86.87455,36.15491],[-86.8751,36.15497],[-86.87511,36.15493],[-86.87513,36.15481],[-86.87514,36.15477],[-86.87515,36.15472],[-86.87517,36.15463],[-86.87523,36.15422],[-86.87524,36.15419],[-86.87524,36.15416],[-86.87524,36.15414],[-86.87524,36.15411],[-86.87524,36.15408],[-86.87524,36.15405],[-86.87524,36.15403],[-86.87524,36.154],[-86.87523,36.15397],[-86.87523,36.15394],[-86.87523,36.15392],[-86.87522,36.15389],[-86.8752,36.15378],[-86.87538,36.15379],[-86.87608,36.15386],[-86.87628,36.15388],[-86.87615,36.15372],[-86.87595,36.15348],[-86.87591,36.15343],[-86.87582,36.15332],[-86.87574,36.15322],[-86.87558,36.15303],[-86.87545,36.15288],[-86.87535,36.15277],[-86.87524,36.15263],[-86.87519,36.15257],[-86.87513,36.1525],[-86.87505,36.1524],[-86.87502,36.15236],[-86.87491,36.15223],[-86.8749,36.15223],[-86.87479,36.15209],[-86.87476,36.15205],[-86.87468,36.15195],[-86.87462,36.15189],[-86.87456,36.15181],[-86.87448,36.15171],[-86.87445,36.15168],[-86.87434,36.15155],[-86.87434,36.15154],[-86.87422,36.1514],[-86.8742,36.15137],[-86.87411,36.15126],[-86.87406,36.1512],[-86.874,36.15112],[-86.87388,36.15099],[-86.87387,36.15098],[-86.87384,36.15095],[-86.87382,36.15092],[-86.87376,36.15085],[-86.87376,36.15085],[-86.87374,36.15082],[-86.87368,36.15075],[-86.87368,36.15075],[-86.87365,36.15072],[-86.87365,36.15071],[-86.87362,36.15068],[-86.87354,36.15058],[-86.87354,36.15058],[-86.87353,36.15057],[-86.87351,36.15055],[-86.87351,36.15054],[-86.87342,36.15044],[-86.8734,36.15041],[-86.8734,36.1504],[-86.87338,36.15037],[-86.87332,36.1503],[-86.87329,36.15027],[-86.87326,36.15023],[-86.87323,36.1502],[-86.8732,36.15016],[-86.87318,36.15013],[-86.87309,36.15002],[-86.87304,36.14996],[-86.87232,36.14907],[-86.8723,36.14905],[-86.87229,36.14904],[-86.87223,36.14896],[-86.87221,36.14894],[-86.8722,36.14893],[-86.87219,36.14891],[-86.8721,36.14881],[-86.87209,36.14879],[-86.87207,36.14878],[-86.87206,36.14876],[-86.87198,36.14867],[-86.87196,36.14864],[-86.87194,36.14862],[-86.87191,36.14859],[-86.87187,36.14853],[-86.87184,36.1485],[-86.8718,36.14845],[-86.87177,36.14842],[-86.87175,36.14839],[-86.87173,36.14837],[-86.87165,36.14828],[-86.87163,36.14826],[-86.87163,36.14825],[-86.87161,36.14823],[-86.87152,36.14812],[-86.87151,36.14811],[-86.8715,36.1481],[-86.87149,36.14809],[-86.8714,36.14798],[-86.87138,36.14796],[-86.87137,36.14795],[-86.87135,36.14792],[-86.87129,36.14785],[-86.87127,36.14783],[-86.87124,36.14779],[-86.87123,36.14778],[-86.87122,36.14776],[-86.87117,36.14771],[-86.87115,36.14769],[-86.87111,36.14764],[-86.87111,36.14763],[-86.8711,36.14762],[-86.87109,36.14761],[-86.87102,36.14753],[-86.87099,36.1475],[-86.87098,36.14749],[-86.87096,36.14746],[-86.87096,36.14746],[-86.87093,36.14743],[-86.87087,36.14735],[-86.87085,36.14733],[-86.87084,36.14732],[-86.87079,36.14723],[-86.87078,36.14722],[-86.87077,36.14719],[-86.87077,36.14719],[-86.87076,36.14718],[-86.87076,36.14717],[-86.87075,36.14717],[-86.87075,36.14716],[-86.87074,36.14715],[-86.87072,36.14713],[-86.87029,36.1466],[-86.87064,36.1463],[-86.87069,36.14626],[-86.87095,36.14604],[-86.87114,36.14588],[-86.87118,36.14585],[-86.87132,36.14574],[-86.87136,36.14571],[-86.87163,36.14549],[-86.87167,36.14546],[-86.87199,36.1452],[-86.87202,36.14517],[-86.87204,36.14516],[-86.87216,36.14506],[-86.87242,36.14485],[-86.87243,36.14484],[-86.87261,36.1447],[-86.87265,36.14466],[-86.87295,36.14437],[-86.87323,36.14416],[-86.87355,36.14389],[-86.87356,36.1439],[-86.87373,36.14377],[-86.8738,36.14372],[-86.87429,36.14331],[-86.87455,36.14308],[-86.87456,36.14308],[-86.87457,36.14307],[-86.87458,36.14306],[-86.8746,36.14306],[-86.87461,36.14306],[-86.87462,36.14306],[-86.87464,36.14306],[-86.87465,36.14307],[-86.87466,36.14307],[-86.87467,36.14308],[-86.8747,36.1431],[-86.87472,36.14312],[-86.87475,36.14314],[-86.87477,36.14316],[-86.8748,36.14318],[-86.8748,36.14318],[-86.87483,36.1432],[-86.87486,36.14321],[-86.87489,36.14323],[-86.87492,36.14324],[-86.87495,36.14326],[-86.87498,36.14327],[-86.87522,36.1433],[-86.87558,36.14329],[-86.87559,36.14315],[-86.87559,36.14307],[-86.87557,36.14282],[-86.87576,36.14276],[-86.87613,36.14266],[-86.87642,36.14258],[-86.87706,36.14252],[-86.8772,36.14251],[-86.8774,36.14267],[-86.87755,36.14283],[-86.87778,36.1432],[-86.878,36.1436],[-86.87845,36.14395],[-86.88023,36.14533],[-86.88057,36.14562],[-86.88125,36.14513],[-86.88188,36.14467],[-86.88251,36.14421],[-86.88303,36.14383],[-86.88356,36.14342],[-86.88359,36.14344],[-86.88403,36.14311],[-86.88448,36.14275],[-86.88446,36.14273],[-86.88497,36.14235],[-86.88532,36.14209],[-86.88533,36.14212],[-86.88558,36.14193],[-86.88595,36.14204],[-86.88622,36.1421],[-86.8866,36.1422],[-86.88714,36.14236],[-86.88746,36.14245],[-86.88774,36.14256],[-86.88804,36.1427],[-86.88822,36.1426],[-86.88928,36.14289],[-86.88997,36.14287],[-86.89059,36.14286],[-86.89114,36.14283],[-86.89106,36.14292],[-86.89102,36.14302],[-86.891,36.14307],[-86.89091,36.14314],[-86.8909,36.14324],[-86.89088,36.14335],[-86.89086,36.14345],[-86.8908,36.14355],[-86.89074,36.14369],[-86.89067,36.14379],[-86.89062,36.14397],[-86.89056,36.1442],[-86.89052,36.14437],[-86.89042,36.14458],[-86.89036,36.14469],[-86.89032,36.14484],[-86.89031,36.14507],[-86.89024,36.14527],[-86.89011,36.14564],[-86.8901,36.14571],[-86.89003,36.14587],[-86.88994,36.14616],[-86.88991,36.14631],[-86.88991,36.14647],[-86.88989,36.14656],[-86.88986,36.14669],[-86.8898,36.1469],[-86.8897,36.14716],[-86.88964,36.14728],[-86.88951,36.1474],[-86.88942,36.1476],[-86.88937,36.14778],[-86.88923,36.14812],[-86.88914,36.14829],[-86.88904,36.14843],[-86.88899,36.14851],[-86.88897,36.14868],[-86.88889,36.14888],[-86.88879,36.14912],[-86.88866,36.1494],[-86.88851,36.14991],[-86.88845,36.1501],[-86.8884,36.15021],[-86.88835,36.15025],[-86.88813,36.15029],[-86.88826,36.15059],[-86.88816,36.15097],[-86.88823,36.15099],[-86.88818,36.15122],[-86.88815,36.15137],[-86.88808,36.15172],[-86.88801,36.15188],[-86.88801,36.15204],[-86.88798,36.15217],[-86.88794,36.15237],[-86.88795,36.15251],[-86.88792,36.15277],[-86.88789,36.15292],[-86.8879,36.15309],[-86.88784,36.15328],[-86.88785,36.15354],[-86.88783,36.15384],[-86.88782,36.15405],[-86.88777,36.15424],[-86.88777,36.15449],[-86.8877,36.15478],[-86.88765,36.15495],[-86.88761,36.15502],[-86.88759,36.15513],[-86.88759,36.15524],[-86.88758,36.15533],[-86.88754,36.15547],[-86.8875,36.15585],[-86.88746,36.15601],[-86.8874,36.15615],[-86.8874,36.15626],[-86.88733,36.15667],[-86.88728,36.15686],[-86.88724,36.15715],[-86.88719,36.15728],[-86.88719,36.15742],[-86.88719,36.15772],[-86.88717,36.15786],[-86.88711,36.15805],[-86.88702,36.15826],[-86.88695,36.15837],[-86.88684,36.15843],[-86.88671,36.15852],[-86.8867,36.15861],[-86.88668,36.15864],[-86.88652,36.15852],[-86.88621,36.15829],[-86.8861,36.1583],[-86.886,36.15835],[-86.88566,36.15819],[-86.88479,36.1578],[-86.8839,36.15739],[-86.88373,36.15735],[-86.88338,36.15783],[-86.88307,36.15832],[-86.88232,36.15944],[-86.88189,36.16009],[-86.88186,36.16012],[-86.88178,36.16012],[-86.87957,36.15913],[-86.87854,36.15867],[-86.87826,36.15857],[-86.87717,36.15809],[-86.8769,36.15802],[-86.87585,36.15782],[-86.87485,36.1576],[-86.8746,36.15758]]]}},{"type":"Feature","properties":{"name":"Hillwood"},"geometry":{"type":"Polygon","coordinates":[[[-86.87614,36.13554],[-86.87583,36.13543],[-86.87524,36.13528],[-86.87495,36.13518],[-86.87474,36.13508],[-86.87445,36.13488],[-86.87414,36.1346],[-86.8739,36.1344],[-86.87365,36.13423],[-86.87326,36.13405],[-86.87322,36.13407],[-86.87284,36.13393],[-86.87242,36.13377],[-86.87192,36.13353],[-86.87148,36.13326],[-86.87129,36.13315],[-86.87095,36.133],[-86.87062,36.13289],[-86.87034,36.13276],[-86.8701,36.13261],[-86.86995,36.13249],[-86.86979,36.13231],[-86.86977,36.13231],[-86.86945,36.1319],[-86.86913,36.1315],[-86.86891,36.13131],[-86.86861,36.1311],[-86.86822,36.13087],[-86.86797,36.1309],[-86.86758,36.1309],[-86.86741,36.13088],[-86.86738,36.13102],[-86.86736,36.1311],[-86.86734,36.13117],[-86.86713,36.13131],[-86.86689,36.13142],[-86.86568,36.13196],[-86.86549,36.13204],[-86.86504,36.13224],[-86.86499,36.13226],[-86.86399,36.1327],[-86.86375,36.1328],[-86.86353,36.13287],[-86.86352,36.13288],[-86.86345,36.1329],[-86.8634,36.13292],[-86.86331,36.13294],[-86.86322,36.13297],[-86.86314,36.13299],[-86.86293,36.13303],[-86.86272,36.13307],[-86.86244,36.13316],[-86.86232,36.1332],[-86.86214,36.13325],[-86.86195,36.13337],[-86.86185,36.13334],[-86.86114,36.13326],[-86.86077,36.13321],[-86.86079,36.13303],[-86.8608,36.13295],[-86.86087,36.1324],[-86.86088,36.13228],[-86.86092,36.13197],[-86.86094,36.13179],[-86.86096,36.13159],[-86.861,36.13127],[-86.86104,36.13096],[-86.86131,36.13088],[-86.86138,36.13086],[-86.86184,36.13073],[-86.86192,36.13071],[-86.86202,36.13068],[-86.86207,36.13031],[-86.8621,36.1301],[-86.86213,36.12992],[-86.86238,36.12995],[-86.86242,36.1297],[-86.86245,36.12953],[-86.86221,36.12951],[-86.86228,36.12905],[-86.86266,36.12941],[-86.86308,36.12899],[-86.86311,36.12897],[-86.86321,36.12887],[-86.86321,36.12886],[-86.86332,36.12875],[-86.86314,36.12854],[-86.86285,36.12815],[-86.86269,36.128],[-86.86265,36.12792],[-86.8627,36.12781],[-86.86263,36.12763],[-86.86239,36.12761],[-86.86216,36.12757],[-86.86185,36.12745],[-86.86145,36.12724],[-86.86116,36.12712],[-86.86071,36.12698],[-86.8602,36.12682],[-86.85992,36.12673],[-86.85947,36.12655],[-86.85912,36.12639],[-86.85874,36.1262],[-86.8582,36.12589],[-86.85805,36.1258],[-86.85733,36.12534],[-86.85659,36.12497],[-86.85573,36.12459],[-86.85616,36.12413],[-86.85634,36.12398],[-86.85644,36.12391],[-86.85662,36.12382],[-86.85681,36.12375],[-86.85713,36.12365],[-86.8578,36.12352],[-86.85811,36.12341],[-86.85845,36.12321],[-86.85874,36.12296],[-86.85902,36.12264],[-86.85916,36.12244],[-86.85929,36.12221],[-86.86069,36.12267],[-86.86092,36.1227],[-86.86323,36.12305],[-86.86348,36.12246],[-86.86412,36.12255],[-86.86446,36.12258],[-86.86473,36.12256],[-86.86513,36.1225],[-86.86545,36.1224],[-86.86581,36.12223],[-86.86607,36.12205],[-86.86623,36.12191],[-86.86639,36.12174],[-86.86651,36.12158],[-86.86666,36.12132],[-86.8669,36.12072],[-86.86747,36.11933],[-86.86772,36.1187],[-86.86782,36.11847],[-86.86795,36.118],[-86.86631,36.11732],[-86.8659,36.11716],[-86.86536,36.11705],[-86.86566,36.11581],[-86.8686,36.11631],[-86.86962,36.11648],[-86.87075,36.11667],[-86.87256,36.11698],[-86.87375,36.11717],[-86.87467,36.11733],[-86.87526,36.1174],[-86.87575,36.11741],[-86.8762,36.11738],[-86.87659,36.11734],[-86.87777,36.11704],[-86.87794,36.11699],[-86.8785,36.11688],[-86.87902,36.11683],[-86.87941,36.11682],[-86.88003,36.11686],[-86.88125,36.11701],[-86.88237,36.11715],[-86.88272,36.11718],[-86.88421,36.11735],[-86.88594,36.11755],[-86.88717,36.11767],[-86.88762,36.11771],[-86.8888,36.11783],[-86.89022,36.11796],[-86.89112,36.11804],[-86.89153,36.11811],[-86.89179,36.11819],[-86.89188,36.11798],[-86.89195,36.1179],[-86.89223,36.11776],[-86.89304,36.11749],[-86.89348,36.11737],[-86.89389,36.11733],[-86.89443,36.11736],[-86.89551,36.1175],[-86.8963,36.11758],[-86.8969,36.11766],[-86.89706,36.11765],[-86.8974,36.11769],[-86.8974,36.1177],[-86.89796,36.11777],[-86.89813,36.1178],[-86.89834,36.11785],[-86.8985,36.1179],[-86.89863,36.11795],[-86.89889,36.11807],[-86.89942,36.11845],[-86.90019,36.119],[-86.90081,36.11942],[-86.90128,36.11976],[-86.90143,36.11987],[-86.90155,36.11998],[-86.90172,36.12016],[-86.90179,36.12025],[-86.90186,36.12039],[-86.90193,36.12061],[-86.90195,36.12081],[-86.90195,36.1211],[-86.90187,36.1218],[-86.90184,36.12208],[-86.90182,36.12234],[-86.90178,36.12288],[-86.90172,36.12346],[-86.90168,36.12371],[-86.90178,36.12405],[-86.90218,36.12509],[-86.90238,36.12558],[-86.90221,36.12639],[-86.90174,36.1267],[-86.90143,36.12696],[-86.90151,36.12702],[-86.90124,36.12726],[-86.90103,36.12749],[-86.90068,36.12789],[-86.90018,36.12845],[-86.89971,36.129],[-86.89948,36.12924],[-86.89905,36.12974],[-86.89876,36.12993],[-86.89863,36.12983],[-86.89785,36.13063],[-86.89755,36.13083],[-86.8969,36.13106],[-86.8965,36.1312],[-86.89481,36.13174],[-86.89288,36.13236],[-86.89215,36.13261],[-86.89178,36.13277],[-86.89149,36.13293],[-86.89094,36.1333],[-86.89027,36.13373],[-86.8884,36.13444],[-86.88779,36.13467],[-86.88647,36.13516],[-86.88579,36.13542],[-86.88575,36.13536],[-86.88544,36.13549],[-86.88547,36.13555],[-86.88529,36.13562],[-86.88502,36.13575],[-86.88457,36.13597],[-86.88412,36.13623],[-86.88351,36.13657],[-86.88329,36.13673],[-86.88257,36.13731],[-86.88183,36.1379],[-86.8812,36.1384],[-86.88059,36.13889],[-86.88051,36.13892],[-86.88042,36.1389],[-86.88023,36.13873],[-86.88003,36.13851],[-86.87987,36.13828],[-86.87971,36.138],[-86.87957,36.13778],[-86.87939,36.1376],[-86.87905,36.13734],[-86.87817,36.13686],[-86.87753,36.1365],[-86.87705,36.13617],[-86.87678,36.136],[-86.87634,36.13566],[-86.87614,36.13554]]]}},{"type":"Feature","properties":{"name":"East Hill"},"geometry":{"type":"Polygon","coordinates":[[[-86.74659,36.20376],[-86.74559,36.20341],[-86.74491,36.20317],[-86.74411,36.20289],[-86.74405,36.20318],[-86.74391,36.20312],[-86.74382,36.20355],[-86.74349,36.20355],[-86.74322,36.20349],[-86.74298,36.20347],[-86.74301,36.20333],[-86.74276,36.20327],[-86.74199,36.2031],[-86.74084,36.20282],[-86.73994,36.2026],[-86.74015,36.20223],[-86.74019,36.2021],[-86.74044,36.2016],[-86.74063,36.20167],[-86.74082,36.2013],[-86.74088,36.20117],[-86.74069,36.2011],[-86.74087,36.20078],[-86.74098,36.20082],[-86.74121,36.2004],[-86.74129,36.20027],[-86.74175,36.20044],[-86.74198,36.20003],[-86.74137,36.19982],[-86.7415,36.19958],[-86.74133,36.19951],[-86.74146,36.19928],[-86.74155,36.19915],[-86.74198,36.19931],[-86.74224,36.19883],[-86.74189,36.1987],[-86.74213,36.19826],[-86.74221,36.19815],[-86.74267,36.19726],[-86.74273,36.19714],[-86.74258,36.19709],[-86.74303,36.19623],[-86.74376,36.19649],[-86.74577,36.19718],[-86.74654,36.19745],[-86.74785,36.19791],[-86.74898,36.19831],[-86.74913,36.1983],[-86.74989,36.19857],[-86.74917,36.19972],[-86.74873,36.20043],[-86.74866,36.20055],[-86.74824,36.2012],[-86.748,36.20156],[-86.74739,36.20254],[-86.74659,36.20376]]]}},{"type":"Feature","properties":{"name":"Cleveland Park"},"geometry":{"type":"Polygon","coordinates":[[[-86.75606,36.18857],[-86.756,36.18897],[-86.75595,36.18911],[-86.75783,36.1893],[-86.75815,36.18936],[-86.76026,36.18615],[-86.76028,36.18602],[-86.76044,36.18577],[-86.76046,36.18578],[-86.76067,36.18545],[-86.76131,36.18564],[-86.76218,36.18598],[-86.76306,36.18627],[-86.76345,36.18639],[-86.76406,36.18662],[-86.76435,36.18673],[-86.76459,36.1868],[-86.76522,36.18694],[-86.76568,36.18699],[-86.76594,36.187],[-86.7664,36.18704],[-86.76683,36.18708],[-86.76706,36.18709],[-86.76734,36.18707],[-86.76788,36.18704],[-86.76811,36.18706],[-86.76868,36.18711],[-86.76935,36.18718],[-86.76974,36.18721],[-86.77078,36.18731],[-86.77095,36.18732],[-86.77266,36.18747],[-86.77251,36.18858],[-86.77231,36.19],[-86.77218,36.19097],[-86.77175,36.19432],[-86.77104,36.19426],[-86.77015,36.19418],[-86.76987,36.19412],[-86.76922,36.19409],[-86.76887,36.19407],[-86.7684,36.19401],[-86.76783,36.19396],[-86.76704,36.1939],[-86.76591,36.19379],[-86.76455,36.19367],[-86.76337,36.19355],[-86.76317,36.19351],[-86.76284,36.19353],[-86.76251,36.19363],[-86.7622,36.19381],[-86.76205,36.19381],[-86.76182,36.19381],[-86.76178,36.19395],[-86.76169,36.194],[-86.76153,36.19401],[-86.76116,36.194],[-86.76069,36.19395],[-86.76035,36.19392],[-86.75924,36.19384],[-86.75902,36.19381],[-86.75845,36.19376],[-86.75802,36.19372],[-86.75773,36.19369],[-86.7567,36.19362],[-86.75639,36.19357],[-86.75524,36.19348],[-86.75493,36.19343],[-86.75458,36.1934],[-86.75455,36.19337],[-86.75387,36.1933],[-86.75371,36.1933],[-86.75339,36.19327],[-86.75336,36.19324],[-86.75346,36.1926],[-86.75352,36.19223],[-86.7536,36.19161],[-86.75368,36.19147],[-86.75378,36.19073],[-86.75387,36.19047],[-86.75412,36.19001],[-86.75436,36.1896],[-86.75491,36.189],[-86.75504,36.18893],[-86.75545,36.1885],[-86.75606,36.18857]]]}},{"type":"Feature","properties":{"name":"West Meade"},"geometry":{"type":"Polygon","coordinates":[[[-86.90384,36.12554],[-86.90328,36.1258],[-86.90311,36.12562],[-86.90258,36.12525],[-86.90235,36.12501],[-86.90222,36.12472],[-86.90195,36.12403],[-86.90188,36.12378],[-86.90188,36.12356],[-86.90195,36.12289],[-86.90198,36.12231],[-86.90207,36.12162],[-86.90212,36.12098],[-86.90211,36.12058],[-86.90206,36.12039],[-86.90197,36.12016],[-86.90183,36.11998],[-86.90177,36.11995],[-86.90158,36.11978],[-86.90093,36.11931],[-86.90021,36.1188],[-86.89966,36.11842],[-86.89922,36.11809],[-86.89891,36.1179],[-86.89872,36.1178],[-86.89844,36.1177],[-86.8981,36.11763],[-86.89615,36.1174],[-86.89549,36.11731],[-86.8942,36.11717],[-86.89364,36.11718],[-86.89331,36.11723],[-86.89258,36.11746],[-86.89217,36.1176],[-86.89199,36.11768],[-86.89169,36.11785],[-86.89153,36.1179],[-86.89136,36.1179],[-86.89006,36.11777],[-86.88915,36.11769],[-86.88755,36.11753],[-86.88527,36.1173],[-86.88495,36.11725],[-86.8848,36.11725],[-86.88406,36.11717],[-86.88236,36.11697],[-86.87989,36.11668],[-86.87958,36.11665],[-86.87908,36.11666],[-86.87864,36.1167],[-86.87816,36.11677],[-86.87783,36.11685],[-86.87747,36.11695],[-86.87699,36.11707],[-86.8765,36.11718],[-86.8761,36.11723],[-86.87573,36.11725],[-86.87545,36.11724],[-86.87497,36.1172],[-86.874,36.11705],[-86.87336,36.11693],[-86.87311,36.11685],[-86.8719,36.11666],[-86.87069,36.11646],[-86.87039,36.11642],[-86.86846,36.1161],[-86.86819,36.11605],[-86.86658,36.11579],[-86.86425,36.1154],[-86.86275,36.11516],[-86.86179,36.11499],[-86.86221,36.11459],[-86.86256,36.11423],[-86.86296,36.11379],[-86.8633,36.11337],[-86.86395,36.11254],[-86.86425,36.11212],[-86.86473,36.11138],[-86.86581,36.10978],[-86.86647,36.10881],[-86.86688,36.1082],[-86.86745,36.10736],[-86.86788,36.10671],[-86.86817,36.10627],[-86.86839,36.10595],[-86.86868,36.10552],[-86.86933,36.10455],[-86.86975,36.10392],[-86.86994,36.10394],[-86.87011,36.10394],[-86.87029,36.10386],[-86.87027,36.1037],[-86.87029,36.10356],[-86.87038,36.10337],[-86.87052,36.10319],[-86.87075,36.10294],[-86.87103,36.1026],[-86.87136,36.10227],[-86.87151,36.10213],[-86.8717,36.10197],[-86.87206,36.10163],[-86.87271,36.10097],[-86.87302,36.10066],[-86.87311,36.10066],[-86.87296,36.10049],[-86.87233,36.10008],[-86.87288,36.09932],[-86.87322,36.09889],[-86.87357,36.09846],[-86.87371,36.0984],[-86.87426,36.09812],[-86.87468,36.09791],[-86.87476,36.098],[-86.87586,36.09745],[-86.8765,36.09718],[-86.87825,36.09632],[-86.88016,36.09539],[-86.88122,36.09487],[-86.88188,36.09456],[-86.88239,36.0943],[-86.88332,36.09384],[-86.88436,36.09335],[-86.88537,36.09286],[-86.88565,36.09272],[-86.88639,36.09237],[-86.88709,36.09202],[-86.88808,36.09154],[-86.88926,36.09096],[-86.88988,36.09067],[-86.89048,36.09033],[-86.89092,36.09135],[-86.89112,36.09182],[-86.89116,36.09195],[-86.89134,36.09236],[-86.89213,36.09421],[-86.89307,36.09439],[-86.89484,36.09548],[-86.89465,36.09568],[-86.89449,36.09564],[-86.89438,36.09575],[-86.89458,36.09592],[-86.89498,36.09629],[-86.89536,36.09662],[-86.89595,36.0974],[-86.89641,36.09803],[-86.89743,36.09761],[-86.89835,36.09724],[-86.89855,36.09718],[-86.89855,36.09743],[-86.89859,36.09764],[-86.89876,36.09751],[-86.89869,36.09737],[-86.89876,36.09703],[-86.89969,36.09692],[-86.89965,36.09666],[-86.89963,36.09648],[-86.89968,36.09642],[-86.89941,36.09611],[-86.89923,36.09529],[-86.89967,36.09527],[-86.90004,36.09529],[-86.9005,36.0953],[-86.90188,36.09492],[-86.90239,36.09475],[-86.90265,36.09456],[-86.90325,36.09415],[-86.90367,36.09397],[-86.90442,36.09358],[-86.90459,36.09341],[-86.90481,36.09293],[-86.90504,36.09208],[-86.90533,36.09172],[-86.90557,36.09146],[-86.90617,36.09084],[-86.90665,36.09046],[-86.90684,36.09035],[-86.90726,36.09059],[-86.90762,36.09079],[-86.90833,36.0912],[-86.9087,36.09197],[-86.90907,36.09213],[-86.90946,36.09229],[-86.91073,36.09311],[-86.91131,36.09303],[-86.91202,36.09298],[-86.91276,36.09327],[-86.91324,36.09342],[-86.9136,36.09361],[-86.91368,36.09368],[-86.91423,36.09409],[-86.91433,36.09414],[-86.91454,36.09415],[-86.91489,36.09395],[-86.91543,36.09366],[-86.91563,36.09355],[-86.91588,36.09347],[-86.91617,36.0934],[-86.91649,36.09338],[-86.91672,36.09342],[-86.91698,36.09353],[-86.91718,36.0937],[-86.91742,36.09421],[-86.91765,36.09445],[-86.91795,36.09474],[-86.91736,36.0955],[-86.91718,36.09568],[-86.91671,36.09614],[-86.91626,36.09633],[-86.91596,36.09641],[-86.91494,36.09674],[-86.91465,36.09698],[-86.9145,36.09713],[-86.91402,36.09767],[-86.91394,36.09794],[-86.9143,36.09855],[-86.91434,36.09872],[-86.91408,36.099],[-86.91362,36.09954],[-86.91286,36.10021],[-86.9127,36.10037],[-86.91233,36.10081],[-86.91225,36.10096],[-86.91203,36.10132],[-86.91185,36.10145],[-86.91144,36.10163],[-86.91118,36.10173],[-86.9111,36.1018],[-86.91098,36.10189],[-86.91084,36.10197],[-86.91071,36.10207],[-86.91082,36.10218],[-86.91105,36.10227],[-86.91228,36.10238],[-86.9132,36.10119],[-86.91486,36.10094],[-86.91533,36.10262],[-86.91586,36.10267],[-86.9156,36.10462],[-86.91465,36.10467],[-86.91392,36.1047],[-86.91306,36.10537],[-86.91266,36.10589],[-86.91239,36.10624],[-86.91231,36.10638],[-86.91228,36.10647],[-86.91216,36.10756],[-86.9125,36.10752],[-86.9127,36.10746],[-86.91286,36.10745],[-86.91395,36.10754],[-86.91382,36.10859],[-86.91413,36.10987],[-86.91469,36.11007],[-86.91423,36.11077],[-86.91385,36.11086],[-86.91517,36.11323],[-86.9135,36.11454],[-86.91279,36.11511],[-86.91214,36.11615],[-86.91078,36.1183],[-86.91056,36.12063],[-86.90993,36.12128],[-86.90955,36.12167],[-86.9092,36.12213],[-86.90862,36.12288],[-86.9077,36.1235],[-86.90709,36.1239],[-86.90647,36.12421],[-86.90574,36.12457],[-86.90559,36.12484],[-86.90504,36.12511],[-86.904,36.12563],[-86.90384,36.12554]]]}},{"type":"Feature","properties":{"name":"White Bridge"},"geometry":{"type":"Polygon","coordinates":[[[-86.86321,36.12886],[-86.86321,36.12887],[-86.86311,36.12897],[-86.86308,36.12899],[-86.86266,36.12941],[-86.86228,36.12905],[-86.86221,36.12951],[-86.86245,36.12953],[-86.86242,36.1297],[-86.86238,36.12995],[-86.86213,36.12992],[-86.8621,36.1301],[-86.86207,36.13031],[-86.86202,36.13068],[-86.86192,36.13071],[-86.86184,36.13073],[-86.86138,36.13086],[-86.86131,36.13088],[-86.86104,36.13096],[-86.861,36.13127],[-86.86096,36.13159],[-86.86094,36.13179],[-86.86092,36.13197],[-86.86088,36.13228],[-86.86087,36.1324],[-86.8608,36.13295],[-86.86079,36.13303],[-86.86077,36.13321],[-86.86114,36.13326],[-86.86185,36.13334],[-86.86195,36.13337],[-86.86214,36.13325],[-86.86232,36.1332],[-86.86244,36.13316],[-86.86272,36.13307],[-86.86293,36.13303],[-86.86314,36.13299],[-86.86322,36.13297],[-86.86331,36.13294],[-86.8634,36.13292],[-86.86345,36.1329],[-86.86352,36.13288],[-86.86353,36.13287],[-86.86375,36.1328],[-86.86399,36.1327],[-86.86499,36.13226],[-86.86504,36.13224],[-86.86549,36.13204],[-86.86568,36.13196],[-86.86689,36.13142],[-86.86713,36.13131],[-86.86734,36.13117],[-86.86738,36.13102],[-86.86748,36.13103],[-86.86792,36.13105],[-86.86823,36.13111],[-86.86846,36.1312],[-86.86879,36.1314],[-86.86904,36.13164],[-86.86937,36.13206],[-86.86984,36.13266],[-86.87006,36.13286],[-86.87049,36.13302],[-86.87098,36.13319],[-86.87118,36.13329],[-86.87173,36.13362],[-86.87211,36.13382],[-86.87246,36.13398],[-86.87247,36.13403],[-86.87236,36.13425],[-86.87229,36.13454],[-86.87225,36.13473],[-86.87214,36.135],[-86.87204,36.13518],[-86.87191,36.13535],[-86.87173,36.13552],[-86.87153,36.13568],[-86.87099,36.13598],[-86.87066,36.13615],[-86.87019,36.13637],[-86.8698,36.13659],[-86.86954,36.13683],[-86.86942,36.13701],[-86.86934,36.1372],[-86.86929,36.1374],[-86.86928,36.1375],[-86.86921,36.13752],[-86.86868,36.1376],[-86.86748,36.13794],[-86.8671,36.13801],[-86.86618,36.13811],[-86.8644,36.13827],[-86.86375,36.13831],[-86.86323,36.1383],[-86.86182,36.13817],[-86.86178,36.13833],[-86.86122,36.14045],[-86.86139,36.14061],[-86.86116,36.14075],[-86.86109,36.14257],[-86.86205,36.14265],[-86.86469,36.14288],[-86.86478,36.14581],[-86.86324,36.14604],[-86.86109,36.14635],[-86.86116,36.14721],[-86.86125,36.14927],[-86.85991,36.14957],[-86.85981,36.14958],[-86.85919,36.14973],[-86.85825,36.14996],[-86.85774,36.15011],[-86.85609,36.1505],[-86.85615,36.15012],[-86.8559,36.14955],[-86.85577,36.1488],[-86.85569,36.14855],[-86.85559,36.14834],[-86.85545,36.14809],[-86.85523,36.1477],[-86.85517,36.14743],[-86.85493,36.14707],[-86.85473,36.14675],[-86.85447,36.14633],[-86.85433,36.14606],[-86.854,36.14551],[-86.85333,36.14528],[-86.85288,36.14511],[-86.85285,36.14503],[-86.85272,36.14477],[-86.85274,36.14468],[-86.85291,36.14418],[-86.85287,36.14374],[-86.8528,36.14324],[-86.85264,36.14296],[-86.85254,36.1428],[-86.85291,36.14275],[-86.8533,36.14253],[-86.85358,36.14248],[-86.85381,36.1425],[-86.85391,36.14188],[-86.85398,36.14138],[-86.85418,36.14139],[-86.85428,36.14138],[-86.85455,36.14143],[-86.85472,36.14144],[-86.85573,36.14156],[-86.85599,36.14159],[-86.85757,36.14141],[-86.85755,36.14058],[-86.85753,36.13994],[-86.85754,36.13963],[-86.85758,36.13942],[-86.85755,36.13938],[-86.85757,36.13907],[-86.85772,36.13845],[-86.85785,36.13796],[-86.85791,36.13771],[-86.85812,36.13691],[-86.85824,36.13645],[-86.85831,36.1362],[-86.85839,36.13589],[-86.85848,36.13549],[-86.85853,36.13513],[-86.85851,36.13483],[-86.85845,36.13453],[-86.85824,36.13371],[-86.85795,36.13248],[-86.85788,36.13211],[-86.85767,36.13191],[-86.85762,36.13182],[-86.8576,36.13167],[-86.85748,36.13157],[-86.85738,36.13141],[-86.85719,36.13118],[-86.85696,36.13093],[-86.85676,36.13076],[-86.85656,36.13059],[-86.85619,36.13032],[-86.85593,36.13016],[-86.85475,36.12947],[-86.85444,36.1293],[-86.85344,36.12872],[-86.85217,36.128],[-86.85215,36.12796],[-86.85219,36.12786],[-86.85246,36.12755],[-86.85284,36.12709],[-86.85323,36.12663],[-86.85342,36.12641],[-86.85353,36.12631],[-86.85373,36.1262],[-86.85393,36.12614],[-86.85424,36.12607],[-86.8545,36.12597],[-86.8547,36.12586],[-86.85487,36.12572],[-86.85501,36.12555],[-86.85531,36.12512],[-86.85562,36.12471],[-86.85631,36.12502],[-86.857,36.12532],[-86.85734,36.12551],[-86.85806,36.12598],[-86.85882,36.1264],[-86.85948,36.1267],[-86.85993,36.12688],[-86.86094,36.1272],[-86.86134,36.12735],[-86.86184,36.1276],[-86.86218,36.12779],[-86.86244,36.12798],[-86.86263,36.12815],[-86.86313,36.12877],[-86.86321,36.12886]]]}},{"type":"Feature","properties":{"name":"Rosebank"},"geometry":{"type":"Polygon","coordinates":[[[-86.72706,36.18929],[-86.72641,36.18923],[-86.72317,36.1889],[-86.72304,36.18888],[-86.72224,36.18881],[-86.72181,36.18877],[-86.72157,36.18874],[-86.72017,36.18861],[-86.71985,36.18858],[-86.71886,36.18849],[-86.71787,36.18839],[-86.71728,36.18834],[-86.71656,36.18828],[-86.71491,36.18815],[-86.71316,36.18801],[-86.71301,36.18798],[-86.71292,36.18796],[-86.71248,36.18779],[-86.71238,36.18777],[-86.71224,36.18774],[-86.71163,36.18769],[-86.71149,36.18769],[-86.70942,36.1875],[-86.70929,36.18842],[-86.70924,36.18907],[-86.7091,36.19017],[-86.70889,36.19215],[-86.70886,36.19233],[-86.70886,36.19239],[-86.70882,36.19263],[-86.70881,36.1927],[-86.70863,36.19428],[-86.70856,36.19491],[-86.70854,36.19505],[-86.70857,36.19518],[-86.70859,36.19526],[-86.70871,36.19549],[-86.70981,36.19554],[-86.71038,36.19557],[-86.7117,36.19561],[-86.71193,36.19562],[-86.7133,36.1957],[-86.71338,36.1957],[-86.71399,36.19571],[-86.71474,36.19576],[-86.71598,36.19585],[-86.71662,36.19591],[-86.71727,36.19596],[-86.71747,36.19598],[-86.71809,36.19603],[-86.71846,36.19608],[-86.71918,36.19613],[-86.7195,36.19613],[-86.71978,36.19611],[-86.72007,36.19607],[-86.72039,36.196],[-86.72053,36.19594],[-86.72077,36.19589],[-86.72121,36.19576],[-86.72168,36.19564],[-86.72194,36.1956],[-86.72218,36.19555],[-86.72261,36.19548],[-86.72309,36.19544],[-86.72331,36.19542],[-86.72339,36.1954],[-86.7236,36.19537],[-86.72403,36.19533],[-86.72417,36.19589],[-86.72408,36.19656],[-86.72399,36.19723],[-86.72384,36.19839],[-86.72373,36.19934],[-86.72367,36.19997],[-86.72351,36.20127],[-86.72294,36.20122],[-86.72294,36.20127],[-86.71943,36.20103],[-86.71877,36.20098],[-86.71642,36.20082],[-86.71449,36.20067],[-86.71324,36.20058],[-86.71326,36.20061],[-86.71296,36.20075],[-86.71294,36.20072],[-86.71272,36.20085],[-86.71139,36.20163],[-86.71068,36.20203],[-86.71004,36.20241],[-86.70972,36.20207],[-86.70931,36.20232],[-86.70897,36.20194],[-86.70881,36.20166],[-86.70708,36.20046],[-86.70675,36.20033],[-86.70633,36.2001],[-86.7061,36.20001],[-86.70544,36.19971],[-86.70496,36.19949],[-86.70398,36.19926],[-86.70283,36.19899],[-86.70292,36.19765],[-86.70331,36.19764],[-86.70335,36.19714],[-86.70347,36.19715],[-86.7035,36.19666],[-86.70336,36.19649],[-86.70325,36.19633],[-86.70326,36.19587],[-86.70353,36.19559],[-86.70386,36.19539],[-86.70431,36.19322],[-86.70421,36.19321],[-86.70446,36.19184],[-86.70466,36.1915],[-86.70503,36.19106],[-86.70483,36.19086],[-86.70479,36.19081],[-86.70452,36.19069],[-86.7056,36.18988],[-86.70535,36.18967],[-86.70516,36.18956],[-86.70504,36.18961],[-86.70491,36.18953],[-86.70504,36.18937],[-86.70513,36.18925],[-86.70521,36.1891],[-86.70518,36.18905],[-86.70499,36.18899],[-86.70518,36.1885],[-86.70524,36.18831],[-86.70517,36.18829],[-86.70527,36.18792],[-86.7053,36.18785],[-86.70519,36.18783],[-86.70532,36.18748],[-86.70519,36.18721],[-86.70542,36.18676],[-86.70553,36.18654],[-86.70599,36.18582],[-86.70646,36.186],[-86.70652,36.18589],[-86.70716,36.18615],[-86.70727,36.18597],[-86.70746,36.18569],[-86.70841,36.18549],[-86.70709,36.18504],[-86.70747,36.18443],[-86.70756,36.18444],[-86.70839,36.18288],[-86.70876,36.18291],[-86.70972,36.18077],[-86.70992,36.18081],[-86.71061,36.18018],[-86.71095,36.17991],[-86.711,36.17963],[-86.71114,36.17965],[-86.71115,36.17958],[-86.71122,36.1792],[-86.71194,36.17927],[-86.71188,36.17837],[-86.71256,36.17834],[-86.71273,36.17837],[-86.71289,36.17843],[-86.71306,36.17853],[-86.71321,36.17841],[-86.71359,36.17815],[-86.71373,36.17803],[-86.71389,36.17777],[-86.71401,36.17747],[-86.71435,36.17662],[-86.71432,36.1766],[-86.71465,36.17618],[-86.71466,36.17582],[-86.71543,36.17573],[-86.71609,36.17439],[-86.71728,36.1747],[-86.71747,36.17402],[-86.71814,36.17415],[-86.71829,36.1737],[-86.71905,36.17386],[-86.71963,36.17295],[-86.72,36.17242],[-86.72076,36.17179],[-86.72163,36.17107],[-86.72204,36.17073],[-86.72302,36.16931],[-86.72317,36.16909],[-86.72615,36.16789],[-86.72645,36.16902],[-86.72636,36.16903],[-86.72666,36.17021],[-86.72676,36.17019],[-86.72695,36.1709],[-86.72725,36.17204],[-86.72739,36.17251],[-86.72744,36.17272],[-86.72737,36.17273],[-86.72737,36.17345],[-86.72732,36.17421],[-86.72714,36.17532],[-86.72702,36.17622],[-86.72686,36.17736],[-86.72672,36.17827],[-86.72668,36.17855],[-86.72657,36.17929],[-86.72648,36.17994],[-86.72633,36.181],[-86.72623,36.1817],[-86.72621,36.18186],[-86.72615,36.18256],[-86.72615,36.18369],[-86.72619,36.18436],[-86.72624,36.18487],[-86.7263,36.18548],[-86.72634,36.18557],[-86.72647,36.18604],[-86.72657,36.18636],[-86.72662,36.18637],[-86.7266,36.18655],[-86.7267,36.187],[-86.7268,36.18715],[-86.72689,36.18745],[-86.72696,36.18752],[-86.72701,36.18766],[-86.72712,36.18784],[-86.72722,36.18801],[-86.72738,36.18813],[-86.72731,36.18827],[-86.72717,36.18918],[-86.72706,36.18929]]]}},{"type":"Feature","properties":{"name":"Trinity Hills"},"geometry":{"type":"Polygon","coordinates":[[[-86.79495,36.2203],[-86.79327,36.22012],[-86.79165,36.21989],[-86.79136,36.21957],[-86.79127,36.21935],[-86.79116,36.21918],[-86.79103,36.21888],[-86.79068,36.21837],[-86.79051,36.2181],[-86.79009,36.21775],[-86.78948,36.21722],[-86.78946,36.21706],[-86.78894,36.21657],[-86.78871,36.21647],[-86.78873,36.21626],[-86.7886,36.21606],[-86.78851,36.21604],[-86.78831,36.21575],[-86.78818,36.2157],[-86.78813,36.21535],[-86.78801,36.2151],[-86.78802,36.21467],[-86.78812,36.2141],[-86.78824,36.21303],[-86.78784,36.21282],[-86.78767,36.21266],[-86.78779,36.21259],[-86.78735,36.21215],[-86.78733,36.21212],[-86.78735,36.21196],[-86.78756,36.21177],[-86.78769,36.21168],[-86.78739,36.21149],[-86.78694,36.21132],[-86.78707,36.21015],[-86.78778,36.2101],[-86.78799,36.21075],[-86.78941,36.21063],[-86.78952,36.21065],[-86.78962,36.21066],[-86.79003,36.2106],[-86.79006,36.21106],[-86.79012,36.21169],[-86.79018,36.21168],[-86.79025,36.21227],[-86.79221,36.2126],[-86.79229,36.21261],[-86.79233,36.21214],[-86.7935,36.21227],[-86.79352,36.21196],[-86.79276,36.2117],[-86.7935,36.21047],[-86.79308,36.2103],[-86.79322,36.21008],[-86.79364,36.21026],[-86.79358,36.21092],[-86.79423,36.21097],[-86.79505,36.21116],[-86.795,36.21197],[-86.79521,36.21264],[-86.79517,36.21302],[-86.79518,36.21333],[-86.79511,36.21359],[-86.7951,36.21371],[-86.79506,36.21381],[-86.79484,36.21479],[-86.79469,36.21548],[-86.79448,36.21647],[-86.7946,36.21667],[-86.79506,36.21681],[-86.79502,36.21688],[-86.79501,36.21698],[-86.79532,36.21722],[-86.79535,36.21756],[-86.7951,36.21783],[-86.79468,36.21791],[-86.79443,36.21787],[-86.79438,36.21809],[-86.79466,36.21813],[-86.79497,36.21808],[-86.79537,36.21826],[-86.7955,36.2186],[-86.79538,36.21893],[-86.79504,36.21916],[-86.79432,36.21905],[-86.79435,36.21925],[-86.79489,36.21928],[-86.79524,36.21947],[-86.79531,36.21983],[-86.79495,36.2203]]]}},{"type":"Feature","properties":{"name":"Valley View-Cloverland"},"geometry":{"type":"Polygon","coordinates":[[[-86.77122,36.04045],[-86.77103,36.04039],[-86.77094,36.04045],[-86.77067,36.04042],[-86.76854,36.04018],[-86.76849,36.04012],[-86.76853,36.03935],[-86.76859,36.03835],[-86.76866,36.03715],[-86.76874,36.03576],[-86.76877,36.0354],[-86.76877,36.03532],[-86.76882,36.03526],[-86.76882,36.03511],[-86.76879,36.03503],[-86.76888,36.03395],[-86.76895,36.03351],[-86.76897,36.03289],[-86.76904,36.03277],[-86.77076,36.03293],[-86.77076,36.03289],[-86.77376,36.03318],[-86.77348,36.03502],[-86.77293,36.03887],[-86.77286,36.03933],[-86.77252,36.0395],[-86.77198,36.03988],[-86.77187,36.04051],[-86.77122,36.04045]]]}},{"type":"Feature","properties":{"name":"Turtle Creek"},"geometry":{"type":"Polygon","coordinates":[[[-86.7165,36.04896],[-86.71646,36.04889],[-86.71711,36.04559],[-86.71719,36.04553],[-86.72016,36.04585],[-86.7203,36.0459],[-86.72014,36.04687],[-86.71823,36.04825],[-86.71756,36.04872],[-86.71752,36.04904],[-86.7165,36.04896]]]}},{"type":"Feature","properties":{"name":"Shelby Hills"},"geometry":{"type":"Polygon","coordinates":[[[-86.7529,36.16701],[-86.75367,36.1677],[-86.75458,36.16735],[-86.75574,36.16936],[-86.75402,36.17003],[-86.7526,36.17055],[-86.75236,36.17048],[-86.75226,36.17121],[-86.7521,36.17124],[-86.74957,36.17101],[-86.74804,36.17086],[-86.74691,36.17076],[-86.74667,36.17074],[-86.74512,36.17059],[-86.74488,36.17057],[-86.7428,36.17038],[-86.73946,36.17008],[-86.73738,36.1699],[-86.73621,36.16979],[-86.73634,36.16891],[-86.73533,36.16881],[-86.73547,36.16781],[-86.73513,36.16778],[-86.73521,36.16719],[-86.73588,36.16726],[-86.73595,36.16685],[-86.73596,36.16671],[-86.73637,36.16675],[-86.73644,36.1663],[-86.73699,36.16635],[-86.73733,36.16639],[-86.73739,36.16599],[-86.74072,36.1663],[-86.7406,36.16715],[-86.74194,36.16728],[-86.74465,36.16582],[-86.74514,36.16323],[-86.74539,36.16331],[-86.74563,36.16334],[-86.74577,36.16334],[-86.74597,36.16331],[-86.74676,36.16316],[-86.74748,36.16299],[-86.74876,36.16274],[-86.74959,36.16257],[-86.74986,36.16256],[-86.75014,36.16257],[-86.7503,36.16256],[-86.75104,36.16264],[-86.75242,36.16275],[-86.75344,36.16282],[-86.75378,36.16286],[-86.75398,36.16293],[-86.75414,36.16305],[-86.75452,36.16367],[-86.75448,36.16373],[-86.7532,36.1642],[-86.7532,36.16436],[-86.75306,36.16537],[-86.75296,36.16546],[-86.75286,36.16629],[-86.75291,36.16635],[-86.75291,36.16643],[-86.75283,36.16651],[-86.75291,36.16692],[-86.7529,36.16701]]]}},{"type":"Feature","properties":{"name":"Stone Creek Park"},"geometry":{"type":"Polygon","coordinates":[[[-86.73294,36.01027],[-86.73461,36.01115],[-86.7354,36.01158],[-86.73493,36.0133],[-86.73462,36.01321],[-86.7342,36.01279],[-86.73201,36.01251],[-86.73064,36.01263],[-86.73019,36.01261],[-86.72913,36.01258],[-86.72756,36.01245],[-86.7265,36.01237],[-86.72644,36.01269],[-86.72595,36.01267],[-86.72455,36.01255],[-86.72448,36.0123],[-86.72392,36.01242],[-86.72332,36.01234],[-86.72263,36.01237],[-86.72262,36.01226],[-86.72115,36.01198],[-86.71967,36.01183],[-86.71972,36.01129],[-86.71991,36.01017],[-86.72022,36.00887],[-86.72362,36.00918],[-86.72964,36.00972],[-86.73241,36.00999],[-86.73294,36.01027]]]}},{"type":"Feature","properties":{"name":"Woodbine"},"geometry":{"type":"Polygon","coordinates":[[[-86.75227,36.12578],[-86.75088,36.1257],[-86.75059,36.12571],[-86.75029,36.1257],[-86.74901,36.12564],[-86.74856,36.12562],[-86.74802,36.1256],[-86.74686,36.12555],[-86.74564,36.1255],[-86.74456,36.12546],[-86.74376,36.12541],[-86.74304,36.1254],[-86.74301,36.12535],[-86.74255,36.12533],[-86.74226,36.12528],[-86.74128,36.12507],[-86.74017,36.12484],[-86.73812,36.12418],[-86.7369,36.1235],[-86.73475,36.12223],[-86.73323,36.12134],[-86.73231,36.12079],[-86.73186,36.12053],[-86.73148,36.12031],[-86.73111,36.12007],[-86.73087,36.11988],[-86.73044,36.11958],[-86.7302,36.11939],[-86.72999,36.11922],[-86.72973,36.11904],[-86.72938,36.11878],[-86.72889,36.11842],[-86.72835,36.11802],[-86.7275,36.11741],[-86.72746,36.11743],[-86.72707,36.11716],[-86.72685,36.11704],[-86.72608,36.11673],[-86.7259,36.11661],[-86.7247,36.11623],[-86.72365,36.11595],[-86.72339,36.11587],[-86.72292,36.11574],[-86.72226,36.11554],[-86.72197,36.11543],[-86.72172,36.11535],[-86.72119,36.11516],[-86.72078,36.11503],[-86.72045,36.11495],[-86.71982,36.11481],[-86.7198,36.11479],[-86.7198,36.11468],[-86.72,36.11416],[-86.72016,36.1139],[-86.7204,36.11354],[-86.72057,36.11334],[-86.7206,36.11336],[-86.72087,36.11311],[-86.72098,36.11319],[-86.72124,36.11298],[-86.72174,36.11263],[-86.72169,36.11257],[-86.72201,36.11239],[-86.72229,36.11228],[-86.72282,36.11211],[-86.7236,36.11187],[-86.7248,36.1115],[-86.72556,36.11117],[-86.72626,36.11097],[-86.72721,36.11068],[-86.72844,36.11032],[-86.72922,36.11013],[-86.72976,36.11003],[-86.73038,36.10994],[-86.73095,36.10989],[-86.73134,36.10987],[-86.73207,36.10986],[-86.73283,36.1099],[-86.73342,36.10996],[-86.73407,36.11003],[-86.73526,36.11015],[-86.73637,36.11026],[-86.73779,36.1104],[-86.73873,36.1105],[-86.74012,36.11064],[-86.74199,36.11083],[-86.74286,36.11091],[-86.74303,36.11092],[-86.74396,36.11099],[-86.74467,36.11105],[-86.7449,36.11111],[-86.7451,36.11122],[-86.7452,36.11131],[-86.74531,36.11143],[-86.74545,36.11168],[-86.74599,36.11275],[-86.7465,36.11373],[-86.74732,36.11538],[-86.7474,36.11558],[-86.74778,36.11637],[-86.74792,36.11663],[-86.7485,36.11782],[-86.74904,36.11891],[-86.74979,36.12046],[-86.74992,36.12081],[-86.74996,36.12096],[-86.75166,36.12431],[-86.752,36.12502],[-86.75235,36.1257],[-86.75235,36.12577],[-86.75227,36.12578]]]}},{"type":"Feature","properties":{"name":"Waverly Place"},"geometry":{"type":"Polygon","coordinates":[[[-86.7808,36.13354],[-86.7809,36.13293],[-86.78089,36.13277],[-86.78082,36.13257],[-86.78049,36.13165],[-86.78043,36.1315],[-86.78031,36.13137],[-86.78008,36.13147],[-86.78002,36.13145],[-86.77982,36.13122],[-86.77968,36.13106],[-86.77954,36.13086],[-86.77937,36.13057],[-86.77925,36.13027],[-86.77917,36.13001],[-86.77909,36.12963],[-86.77906,36.12917],[-86.77907,36.12873],[-86.77909,36.12851],[-86.77955,36.12858],[-86.77996,36.12865],[-86.78004,36.1284],[-86.78001,36.12832],[-86.78005,36.12824],[-86.78007,36.12822],[-86.78022,36.12818],[-86.78096,36.12801],[-86.78132,36.12794],[-86.78191,36.12782],[-86.78245,36.1277],[-86.78283,36.12768],[-86.78317,36.12764],[-86.78602,36.12792],[-86.78588,36.12945],[-86.78585,36.12959],[-86.78579,36.12972],[-86.78574,36.13047],[-86.78579,36.13052],[-86.78572,36.13128],[-86.78565,36.13201],[-86.78562,36.13224],[-86.78556,36.13283],[-86.7855,36.13344],[-86.78527,36.13339],[-86.78511,36.13337],[-86.78504,36.13356],[-86.78492,36.13417],[-86.78451,36.13417],[-86.78419,36.13419],[-86.78388,36.13424],[-86.78357,36.13432],[-86.78333,36.13443],[-86.78318,36.13454],[-86.78259,36.13446],[-86.78202,36.13437],[-86.7818,36.13434],[-86.78181,36.1343],[-86.78184,36.13405],[-86.78157,36.13411],[-86.78108,36.13419],[-86.78076,36.1342],[-86.7807,36.13415],[-86.78071,36.13402],[-86.7808,36.13354]]]}},{"type":"Feature","properties":{"name":"Eastwood"},"geometry":{"type":"Polygon","coordinates":[[[-86.74643,36.18648],[-86.74628,36.18684],[-86.74628,36.1869],[-86.74542,36.18669],[-86.74527,36.18706],[-86.74611,36.18728],[-86.74591,36.18772],[-86.74575,36.18808],[-86.74533,36.18902],[-86.7448,36.18887],[-86.74475,36.189],[-86.74441,36.18974],[-86.74408,36.19044],[-86.74403,36.19056],[-86.74444,36.19067],[-86.74422,36.19111],[-86.74391,36.19174],[-86.74397,36.19175],[-86.74445,36.19188],[-86.74427,36.19225],[-86.74449,36.1923],[-86.74438,36.19249],[-86.74388,36.19245],[-86.74386,36.1926],[-86.74379,36.19305],[-86.7421,36.19288],[-86.74204,36.19286],[-86.74152,36.19281],[-86.74134,36.19276],[-86.74084,36.19271],[-86.7408,36.19303],[-86.74063,36.19302],[-86.74066,36.19284],[-86.74032,36.19281],[-86.74011,36.19282],[-86.73901,36.19265],[-86.73892,36.19261],[-86.73806,36.19253],[-86.73649,36.19236],[-86.7359,36.19229],[-86.73489,36.1922],[-86.73456,36.192],[-86.73405,36.19166],[-86.73403,36.19152],[-86.73342,36.19122],[-86.73325,36.19126],[-86.73198,36.19062],[-86.72997,36.18962],[-86.72942,36.18936],[-86.72949,36.18884],[-86.72976,36.18887],[-86.72976,36.18873],[-86.72981,36.18829],[-86.72954,36.18826],[-86.72968,36.18784],[-86.72985,36.18727],[-86.72996,36.18707],[-86.73009,36.18687],[-86.73019,36.18674],[-86.73089,36.18582],[-86.73144,36.1851],[-86.73261,36.18352],[-86.73316,36.18277],[-86.73328,36.18264],[-86.73344,36.18256],[-86.73371,36.18255],[-86.73408,36.18258],[-86.73562,36.18272],[-86.73584,36.18273],[-86.73776,36.18289],[-86.73774,36.18339],[-86.73791,36.18342],[-86.73914,36.18352],[-86.73913,36.18373],[-86.7393,36.18373],[-86.74133,36.18392],[-86.74359,36.18414],[-86.74458,36.18423],[-86.74451,36.18441],[-86.74422,36.18508],[-86.74514,36.18525],[-86.74624,36.18545],[-86.74642,36.18503],[-86.74696,36.18517],[-86.74679,36.18556],[-86.747,36.1856],[-86.74694,36.18574],[-86.74665,36.18567],[-86.74635,36.18634],[-86.74627,36.18644],[-86.74643,36.18648]]]}},{"type":"Feature","properties":{"name":"Lockeland Springs"},"geometry":{"type":"Polygon","coordinates":[[[-86.73931,36.18365],[-86.73931,36.1835],[-86.73791,36.18338],[-86.73793,36.18275],[-86.73739,36.1827],[-86.73563,36.18255],[-86.73397,36.18242],[-86.73441,36.17912],[-86.73475,36.1765],[-86.73495,36.17488],[-86.73482,36.17487],[-86.73492,36.17427],[-86.73435,36.17422],[-86.73443,36.17378],[-86.73446,36.17364],[-86.73502,36.1737],[-86.73521,36.17265],[-86.73576,36.1727],[-86.73582,36.17232],[-86.73588,36.17229],[-86.737,36.17238],[-86.73712,36.17158],[-86.73562,36.17145],[-86.73584,36.16992],[-86.73862,36.17017],[-86.74398,36.17066],[-86.74487,36.17074],[-86.74671,36.17091],[-86.74643,36.17283],[-86.74611,36.17487],[-86.74577,36.17709],[-86.74571,36.17723],[-86.74622,36.1772],[-86.74696,36.17719],[-86.74749,36.17718],[-86.74811,36.17722],[-86.74843,36.17729],[-86.74869,36.17736],[-86.74959,36.17757],[-86.75022,36.17771],[-86.75148,36.17802],[-86.7515,36.17807],[-86.7515,36.17817],[-86.75105,36.17844],[-86.75067,36.1787],[-86.75046,36.17892],[-86.75034,36.17908],[-86.75016,36.17938],[-86.75009,36.17953],[-86.74983,36.18013],[-86.74959,36.18068],[-86.74942,36.18109],[-86.74938,36.18119],[-86.74935,36.18124],[-86.74931,36.18135],[-86.74919,36.18161],[-86.74911,36.18181],[-86.74895,36.18217],[-86.74883,36.18245],[-86.74876,36.18261],[-86.74871,36.18274],[-86.7483,36.18371],[-86.74811,36.18369],[-86.74756,36.18364],[-86.74683,36.18357],[-86.74666,36.18355],[-86.74652,36.18424],[-86.74644,36.18447],[-86.74636,36.18466],[-86.74623,36.18496],[-86.74608,36.18531],[-86.74442,36.18501],[-86.74469,36.18439],[-86.74452,36.18437],[-86.74459,36.18419],[-86.74382,36.1841],[-86.73937,36.18369],[-86.73931,36.18365]]]}},{"type":"Feature","properties":{"name":"East End"},"geometry":{"type":"Polygon","coordinates":[[[-86.75222,36.17154],[-86.75206,36.17286],[-86.75192,36.17404],[-86.75189,36.17429],[-86.75179,36.17484],[-86.75141,36.17689],[-86.75137,36.17694],[-86.74999,36.17747],[-86.74982,36.17748],[-86.74932,36.17736],[-86.74861,36.1772],[-86.74842,36.17714],[-86.74821,36.1771],[-86.74795,36.17707],[-86.74725,36.17705],[-86.74594,36.17708],[-86.74613,36.17594],[-86.74688,36.17093],[-86.74833,36.17106],[-86.74976,36.17119],[-86.75016,36.17123],[-86.75062,36.17132],[-86.7509,36.17136],[-86.75152,36.17141],[-86.75218,36.17146],[-86.75222,36.17154]]]}},{"type":"Feature","properties":{"name":"Historic Edgefield"},"geometry":{"type":"Polygon","coordinates":[[[-86.753,36.1757],[-86.75217,36.17601],[-86.75178,36.17595],[-86.75195,36.17501],[-86.75209,36.17424],[-86.75216,36.17346],[-86.75226,36.17259],[-86.75238,36.17152],[-86.75248,36.17066],[-86.75294,36.17049],[-86.75405,36.17008],[-86.75507,36.16968],[-86.75554,36.1695],[-86.75586,36.16937],[-86.75866,36.1683],[-86.75937,36.16802],[-86.75962,36.16845],[-86.75939,36.16853],[-86.75963,36.16894],[-86.76006,36.16967],[-86.76016,36.16983],[-86.76044,36.17031],[-86.7612,36.17002],[-86.76127,36.17012],[-86.76142,36.17006],[-86.76188,36.16989],[-86.7622,36.17044],[-86.76348,36.16995],[-86.76458,36.17182],[-86.76332,36.17232],[-86.76364,36.17286],[-86.76299,36.17309],[-86.76069,36.17397],[-86.76045,36.17356],[-86.76037,36.17344],[-86.75689,36.17477],[-86.75669,36.17484],[-86.75664,36.17469],[-86.75663,36.17455],[-86.75656,36.17437],[-86.75644,36.17439],[-86.753,36.1757]]]}},{"type":"Feature","properties":{"name":"Devon Valley"},"geometry":{"type":"Polygon","coordinates":[[[-86.91181,36.07053],[-86.91328,36.0688],[-86.91297,36.06849],[-86.91341,36.06792],[-86.91532,36.06677],[-86.91568,36.06697],[-86.91586,36.06696],[-86.91627,36.06672],[-86.91682,36.06669],[-86.91682,36.0668],[-86.9168,36.06699],[-86.91685,36.0673],[-86.91693,36.06759],[-86.91707,36.06787],[-86.91725,36.06814],[-86.91746,36.06838],[-86.91777,36.06863],[-86.91804,36.0688],[-86.91833,36.06895],[-86.91875,36.06916],[-86.91895,36.06928],[-86.91922,36.06947],[-86.91938,36.06962],[-86.91948,36.06973],[-86.9197,36.07004],[-86.91866,36.07052],[-86.91809,36.07082],[-86.91743,36.07123],[-86.91654,36.07172],[-86.91645,36.07152],[-86.91609,36.07164],[-86.91388,36.07136],[-86.91324,36.07149],[-86.91162,36.07185],[-86.91072,36.0713],[-86.90961,36.07066],[-86.91071,36.0706],[-86.91181,36.07053]]]}},{"type":"Feature","properties":{"name":"Greenwood"},"geometry":{"type":"Polygon","coordinates":[[[-86.74487,36.19212],[-86.74494,36.19198],[-86.74495,36.19196],[-86.74497,36.19193],[-86.74497,36.19193],[-86.74499,36.19189],[-86.745,36.19188],[-86.74503,36.1918],[-86.74504,36.1918],[-86.74505,36.19178],[-86.74509,36.19168],[-86.74521,36.19137],[-86.74532,36.19111],[-86.74546,36.19076],[-86.74554,36.19056],[-86.74554,36.19055],[-86.74565,36.19038],[-86.74582,36.18997],[-86.74582,36.18993],[-86.74584,36.18986],[-86.7459,36.18974],[-86.74597,36.18958],[-86.746,36.18952],[-86.74606,36.18939],[-86.74618,36.1891],[-86.74624,36.18897],[-86.7463,36.18884],[-86.74636,36.1887],[-86.74647,36.18844],[-86.74653,36.18831],[-86.74667,36.188],[-86.74676,36.1878],[-86.74688,36.18754],[-86.74711,36.18701],[-86.74723,36.18675],[-86.74729,36.18662],[-86.74741,36.18634],[-86.74744,36.18627],[-86.74756,36.18599],[-86.74766,36.18575],[-86.74772,36.18562],[-86.74789,36.18522],[-86.7479,36.18519],[-86.74807,36.18479],[-86.7481,36.18465],[-86.74817,36.18449],[-86.74823,36.18434],[-86.74834,36.18409],[-86.74839,36.18396],[-86.7486,36.18349],[-86.74863,36.18349],[-86.74864,36.18347],[-86.74864,36.18347],[-86.74864,36.18347],[-86.74864,36.18347],[-86.74864,36.18347],[-86.74864,36.18347],[-86.74864,36.18347],[-86.74864,36.18347],[-86.74865,36.18347],[-86.74865,36.18347],[-86.74865,36.18347],[-86.74865,36.18347],[-86.74865,36.18347],[-86.74865,36.18347],[-86.74865,36.18347],[-86.74865,36.18347],[-86.74865,36.18347],[-86.74865,36.18347],[-86.74865,36.18347],[-86.74865,36.18346],[-86.74865,36.18346],[-86.74865,36.18346],[-86.74865,36.18346],[-86.74865,36.18346],[-86.74865,36.18346],[-86.74865,36.18346],[-86.74865,36.18346],[-86.74865,36.18346],[-86.74865,36.18346],[-86.74865,36.18346],[-86.74865,36.18346],[-86.74865,36.18346],[-86.74865,36.18346],[-86.74865,36.18346],[-86.74865,36.18346],[-86.74865,36.18346],[-86.74865,36.18346],[-86.74865,36.18346],[-86.74865,36.18346],[-86.74866,36.18346],[-86.74866,36.18346],[-86.74866,36.18346],[-86.74866,36.18346],[-86.74866,36.18346],[-86.74866,36.18346],[-86.74866,36.18346],[-86.74866,36.18346],[-86.74866,36.18346],[-86.74866,36.18346],[-86.74866,36.18346],[-86.74866,36.18346],[-86.74866,36.18346],[-86.74866,36.18346],[-86.74866,36.18346],[-86.74866,36.18346],[-86.74866,36.18346],[-86.74866,36.18346],[-86.74866,36.18346],[-86.74866,36.18346],[-86.74866,36.18346],[-86.74866,36.18346],[-86.74867,36.18346],[-86.74867,36.18346],[-86.74867,36.18346],[-86.74867,36.18346],[-86.74867,36.18346],[-86.74867,36.18346],[-86.74867,36.18346],[-86.74867,36.18346],[-86.74867,36.18346],[-86.74867,36.18346],[-86.74867,36.18346],[-86.74867,36.18346],[-86.74867,36.18346],[-86.74867,36.18346],[-86.74867,36.18346],[-86.74867,36.18346],[-86.74867,36.18346],[-86.74868,36.18346],[-86.74868,36.18346],[-86.74868,36.18346],[-86.74868,36.18346],[-86.74868,36.18346],[-86.74868,36.18346],[-86.74868,36.18346],[-86.74868,36.18346],[-86.74868,36.18346],[-86.74868,36.18346],[-86.74868,36.18346],[-86.74868,36.18346],[-86.74868,36.18346],[-86.74868,36.18346],[-86.74868,36.18346],[-86.74868,36.18346],[-86.74868,36.18346],[-86.74869,36.18346],[-86.74869,36.18346],[-86.74869,36.18346],[-86.74869,36.18346],[-86.74869,36.18346],[-86.74869,36.18346],[-86.74869,36.18346],[-86.74869,36.18346],[-86.74895,36.18353],[-86.74914,36.18359],[-86.74918,36.1836],[-86.7493,36.18363],[-86.74938,36.18365],[-86.74938,36.18365],[-86.74938,36.18365],[-86.74938,36.18365],[-86.74947,36.18368],[-86.74947,36.18368],[-86.74947,36.18368],[-86.7495,36.18369],[-86.7495,36.18369],[-86.74951,36.18369],[-86.7495,36.1837],[-86.74952,36.1837],[-86.74975,36.18377],[-86.74981,36.18379],[-86.75004,36.18385],[-86.7502,36.18398],[-86.75024,36.18399],[-86.75218,36.18417],[-86.75288,36.18425],[-86.75406,36.18434],[-86.75439,36.18437],[-86.75463,36.18445],[-86.7553,36.18451],[-86.75818,36.18477],[-86.75842,36.18481],[-86.75908,36.18496],[-86.75899,36.18513],[-86.75887,36.18532],[-86.75867,36.18531],[-86.75829,36.18584],[-86.75818,36.18596],[-86.75789,36.18619],[-86.75726,36.18654],[-86.7567,36.18649],[-86.75665,36.18692],[-86.75599,36.18733],[-86.75574,36.1875],[-86.75558,36.18759],[-86.75534,36.18773],[-86.75508,36.18787],[-86.75484,36.18803],[-86.75451,36.18831],[-86.7541,36.1883],[-86.75406,36.18839],[-86.75386,36.18847],[-86.75382,36.1887],[-86.75366,36.18891],[-86.75347,36.1891],[-86.75321,36.18943],[-86.7531,36.18956],[-86.75298,36.1899],[-86.75285,36.18996],[-86.7528,36.19011],[-86.75268,36.19101],[-86.7525,36.19126],[-86.75248,36.1914],[-86.75213,36.19169],[-86.75178,36.19207],[-86.75161,36.19206],[-86.75155,36.19255],[-86.75149,36.19315],[-86.75141,36.19323],[-86.74562,36.19274],[-86.74539,36.19272],[-86.74532,36.19272],[-86.7451,36.1927],[-86.74509,36.1927],[-86.74509,36.1927],[-86.74509,36.19269],[-86.74508,36.19269],[-86.74508,36.19269],[-86.74508,36.19269],[-86.74507,36.19269],[-86.74507,36.19269],[-86.74507,36.19269],[-86.74506,36.19269],[-86.74506,36.19269],[-86.74506,36.19269],[-86.74505,36.19269],[-86.74505,36.19269],[-86.74505,36.19269],[-86.74504,36.19269],[-86.74504,36.19269],[-86.74503,36.19269],[-86.74503,36.19269],[-86.74503,36.19269],[-86.74503,36.19269],[-86.74502,36.19269],[-86.74502,36.19269],[-86.74501,36.19269],[-86.74501,36.19268],[-86.74501,36.19268],[-86.74501,36.19268],[-86.745,36.19268],[-86.745,36.19268],[-86.74499,36.19268],[-86.74499,36.19268],[-86.74499,36.19268],[-86.74499,36.19268],[-86.74498,36.19268],[-86.74498,36.19268],[-86.74498,36.19268],[-86.74497,36.19268],[-86.74497,36.19268],[-86.74496,36.19268],[-86.74496,36.19268],[-86.74496,36.19268],[-86.74496,36.19268],[-86.74495,36.19268],[-86.74495,36.19268],[-86.74494,36.19267],[-86.74494,36.19267],[-86.74494,36.19267],[-86.74494,36.19267],[-86.74493,36.19267],[-86.74493,36.19267],[-86.74492,36.19267],[-86.74492,36.19267],[-86.74492,36.19267],[-86.74492,36.19267],[-86.74491,36.19267],[-86.74491,36.19267],[-86.74491,36.19267],[-86.7449,36.19267],[-86.7449,36.19267],[-86.7449,36.19267],[-86.74489,36.19267],[-86.74489,36.19267],[-86.74489,36.19266],[-86.74488,36.19266],[-86.74488,36.19266],[-86.74488,36.19266],[-86.74487,36.19266],[-86.74487,36.19266],[-86.74487,36.19266],[-86.74486,36.19266],[-86.74486,36.19266],[-86.74486,36.19266],[-86.74485,36.19266],[-86.74485,36.19266],[-86.74485,36.19266],[-86.74484,36.19266],[-86.74484,36.19266],[-86.74484,36.19266],[-86.74483,36.19266],[-86.74483,36.19265],[-86.74483,36.19265],[-86.74482,36.19265],[-86.74482,36.19265],[-86.74482,36.19265],[-86.74481,36.19265],[-86.74481,36.19265],[-86.74481,36.19265],[-86.7448,36.19265],[-86.7448,36.19265],[-86.7448,36.19265],[-86.74479,36.19265],[-86.74479,36.19265],[-86.74479,36.19265],[-86.74478,36.19265],[-86.74478,36.19265],[-86.74478,36.19265],[-86.74477,36.19264],[-86.74477,36.19264],[-86.74477,36.19264],[-86.74476,36.19264],[-86.74476,36.19264],[-86.74476,36.19264],[-86.74475,36.19264],[-86.74475,36.19264],[-86.74475,36.19264],[-86.74474,36.19264],[-86.74474,36.19264],[-86.74474,36.19264],[-86.74473,36.19264],[-86.74473,36.19264],[-86.74473,36.19264],[-86.74472,36.19264],[-86.74472,36.19263],[-86.74472,36.19263],[-86.74471,36.19263],[-86.74471,36.19263],[-86.74471,36.19263],[-86.7447,36.19263],[-86.7447,36.19263],[-86.7447,36.19263],[-86.74469,36.19263],[-86.74469,36.19263],[-86.74468,36.19263],[-86.74468,36.19263],[-86.74468,36.19263],[-86.74467,36.19262],[-86.74467,36.19262],[-86.74467,36.19262],[-86.74467,36.19262],[-86.74466,36.19262],[-86.74466,36.19262],[-86.74466,36.19262],[-86.74465,36.19261],[-86.74465,36.19261],[-86.74465,36.19261],[-86.74465,36.19261],[-86.74465,36.19261],[-86.74464,36.1926],[-86.74464,36.1926],[-86.74464,36.1926],[-86.74464,36.1926],[-86.74464,36.19259],[-86.74464,36.19259],[-86.74463,36.19259],[-86.74463,36.19259],[-86.74463,36.19258],[-86.74463,36.19258],[-86.74463,36.19258],[-86.74463,36.19258],[-86.74463,36.19257],[-86.74463,36.19257],[-86.74463,36.19257],[-86.74463,36.19256],[-86.74463,36.19256],[-86.74463,36.19256],[-86.74463,36.19256],[-86.74463,36.19256],[-86.74467,36.19249],[-86.74467,36.19249],[-86.74475,36.19234],[-86.7448,36.19226],[-86.74487,36.19212]]]}},{"type":"Feature","properties":{"name":"McFerrin Park"},"geometry":{"type":"Polygon","coordinates":[[[-86.77269,36.18725],[-86.77262,36.1873],[-86.77157,36.1872],[-86.77012,36.18708],[-86.76819,36.18689],[-86.76792,36.18687],[-86.76752,36.18689],[-86.767,36.18692],[-86.76634,36.18688],[-86.76557,36.18681],[-86.7652,36.18676],[-86.76463,36.18663],[-86.76422,36.1865],[-86.76373,36.18632],[-86.76306,36.1861],[-86.76206,36.18576],[-86.76173,36.18564],[-86.76078,36.18527],[-86.76143,36.18428],[-86.76139,36.18428],[-86.76161,36.18396],[-86.76168,36.18391],[-86.76263,36.18247],[-86.76349,36.18114],[-86.76414,36.18122],[-86.76519,36.18133],[-86.76543,36.18136],[-86.7655,36.18094],[-86.76775,36.18116],[-86.76807,36.17899],[-86.76868,36.17904],[-86.76889,36.1791],[-86.76912,36.17921],[-86.76913,36.17925],[-86.76909,36.17935],[-86.76906,36.17954],[-86.76923,36.17955],[-86.77053,36.17966],[-86.77179,36.17979],[-86.77178,36.17963],[-86.77243,36.17968],[-86.77252,36.17973],[-86.77253,36.17979],[-86.77231,36.18143],[-86.77226,36.18157],[-86.77207,36.18297],[-86.77208,36.18311],[-86.77247,36.18315],[-86.77311,36.1832],[-86.77314,36.18325],[-86.77298,36.1845],[-86.77278,36.18633],[-86.77269,36.18725]]]}},{"type":"Feature","properties":{"name":"Village by the Creek"},"geometry":{"type":"Polygon","coordinates":[[[-86.777,36.24885],[-86.77403,36.24856],[-86.77263,36.24842],[-86.77259,36.24872],[-86.77199,36.24862],[-86.77176,36.24929],[-86.77179,36.2493],[-86.77163,36.24982],[-86.77069,36.24961],[-86.77082,36.24923],[-86.77086,36.2492],[-86.771,36.24875],[-86.77075,36.24871],[-86.77052,36.24862],[-86.76972,36.24855],[-86.76968,36.24828],[-86.76938,36.24792],[-86.76947,36.24787],[-86.7693,36.24765],[-86.76896,36.24771],[-86.76774,36.24842],[-86.76787,36.2473],[-86.76803,36.24575],[-86.76914,36.24582],[-86.77144,36.24597],[-86.77149,36.246],[-86.77213,36.24604],[-86.7732,36.24611],[-86.77367,36.24612],[-86.77389,36.24615],[-86.7761,36.2463],[-86.77876,36.2465],[-86.77846,36.24687],[-86.77802,36.24746],[-86.777,36.24885]]]}},{"type":"Feature","properties":{"name":"Stanford Estates"},"geometry":{"type":"Polygon","coordinates":[[[-86.6349,36.18602],[-86.63506,36.18618],[-86.63612,36.18595],[-86.63654,36.18595],[-86.63706,36.18588],[-86.63754,36.18541],[-86.63871,36.18466],[-86.63874,36.18435],[-86.63994,36.18346],[-86.6416,36.18215],[-86.6419,36.18196],[-86.64274,36.18126],[-86.64341,36.18073],[-86.64395,36.18022],[-86.64422,36.18003],[-86.64454,36.17962],[-86.64561,36.18008],[-86.64591,36.17963],[-86.64619,36.17922],[-86.6467,36.17944],[-86.64815,36.17754],[-86.6478,36.17738],[-86.64802,36.17706],[-86.64773,36.17691],[-86.64809,36.17643],[-86.64846,36.17591],[-86.64883,36.17544],[-86.64895,36.17528],[-86.64903,36.17532],[-86.6494,36.175],[-86.65025,36.17426],[-86.65062,36.17401],[-86.65069,36.17385],[-86.65109,36.17358],[-86.65259,36.17532],[-86.65423,36.17719],[-86.6542,36.17742],[-86.65422,36.17756],[-86.65418,36.17773],[-86.65418,36.1778],[-86.65423,36.17788],[-86.65424,36.17799],[-86.65421,36.17819],[-86.65417,36.17836],[-86.65416,36.17858],[-86.65412,36.17871],[-86.65409,36.17884],[-86.65408,36.17901],[-86.65407,36.17922],[-86.65408,36.17946],[-86.65399,36.1798],[-86.6539,36.18004],[-86.65382,36.18026],[-86.65372,36.18047],[-86.65367,36.18067],[-86.6536,36.181],[-86.65353,36.1811],[-86.6535,36.18117],[-86.65344,36.18128],[-86.65338,36.18131],[-86.65336,36.18138],[-86.65329,36.18153],[-86.65324,36.18157],[-86.65319,36.18176],[-86.65312,36.18193],[-86.6531,36.18207],[-86.65302,36.18245],[-86.65301,36.18276],[-86.65295,36.18295],[-86.65284,36.18313],[-86.65278,36.18325],[-86.65272,36.18339],[-86.65266,36.18344],[-86.65265,36.18352],[-86.65254,36.18368],[-86.65239,36.18387],[-86.65226,36.18412],[-86.65201,36.18448],[-86.6517,36.18486],[-86.65157,36.18502],[-86.65157,36.18507],[-86.65126,36.18538],[-86.65108,36.18555],[-86.6509,36.18568],[-86.65055,36.18598],[-86.65033,36.18617],[-86.65011,36.18632],[-86.64993,36.18646],[-86.64971,36.18654],[-86.64936,36.18671],[-86.64914,36.18679],[-86.64896,36.18683],[-86.64872,36.1869],[-86.64852,36.18691],[-86.64834,36.18697],[-86.64805,36.187],[-86.64793,36.18701],[-86.64787,36.18705],[-86.64731,36.18712],[-86.64693,36.18714],[-86.64659,36.1872],[-86.64622,36.18723],[-86.64559,36.18722],[-86.64521,36.18722],[-86.6449,36.18719],[-86.64438,36.1871],[-86.64358,36.18702],[-86.64335,36.18697],[-86.6432,36.18695],[-86.64305,36.18695],[-86.64288,36.18695],[-86.64277,36.18697],[-86.64262,36.18703],[-86.64229,36.18705],[-86.64211,36.18704],[-86.64171,36.18704],[-86.64151,36.18698],[-86.64138,36.18696],[-86.64126,36.18695],[-86.64116,36.18698],[-86.64101,36.18701],[-86.64086,36.187],[-86.6406,36.18699],[-86.64021,36.18697],[-86.63987,36.18691],[-86.63934,36.18679],[-86.63906,36.18675],[-86.63872,36.18675],[-86.63848,36.18672],[-86.63801,36.18663],[-86.63773,36.18661],[-86.63748,36.18661],[-86.63714,36.18654],[-86.63679,36.18649],[-86.63623,36.18649],[-86.63612,36.1865],[-86.63606,36.18654],[-86.63602,36.1866],[-86.63593,36.18664],[-86.63579,36.18666],[-86.63566,36.18662],[-86.63555,36.18655],[-86.63533,36.18659],[-86.63517,36.18657],[-86.63502,36.18651],[-86.63481,36.1865],[-86.63464,36.18647],[-86.63449,36.1864],[-86.63437,36.18632],[-86.63427,36.18618],[-86.6349,36.18602]]]}},{"type":"Feature","properties":{"name":"Sylvan Park"},"geometry":{"type":"Polygon","coordinates":[[[-86.83557,36.15231],[-86.83545,36.15208],[-86.83533,36.15179],[-86.83526,36.15158],[-86.83518,36.1512],[-86.83516,36.15088],[-86.83515,36.15014],[-86.83516,36.14918],[-86.83517,36.14792],[-86.83515,36.14774],[-86.83515,36.14694],[-86.83515,36.14659],[-86.83512,36.14635],[-86.83508,36.14623],[-86.83501,36.14604],[-86.83493,36.14588],[-86.83474,36.1456],[-86.8346,36.14544],[-86.83439,36.14526],[-86.83412,36.14507],[-86.83416,36.14492],[-86.83396,36.14483],[-86.83394,36.1449],[-86.83369,36.14479],[-86.83332,36.14469],[-86.83306,36.14465],[-86.83272,36.14462],[-86.83232,36.14466],[-86.83164,36.1446],[-86.82997,36.14444],[-86.82898,36.14435],[-86.82806,36.14427],[-86.82804,36.1443],[-86.8277,36.14428],[-86.82728,36.14428],[-86.82711,36.14429],[-86.8267,36.14434],[-86.8262,36.14445],[-86.82567,36.14467],[-86.8254,36.14479],[-86.8252,36.1449],[-86.82501,36.14504],[-86.82468,36.14526],[-86.82494,36.14479],[-86.82555,36.1437],[-86.82605,36.14284],[-86.82614,36.14269],[-86.82643,36.14221],[-86.82671,36.14184],[-86.82697,36.14154],[-86.82733,36.14119],[-86.82765,36.14093],[-86.82799,36.14069],[-86.82857,36.14037],[-86.82912,36.14019],[-86.82965,36.13999],[-86.83076,36.13969],[-86.83194,36.1394],[-86.83235,36.13929],[-86.83277,36.13918],[-86.83298,36.13914],[-86.83324,36.13901],[-86.83448,36.1387],[-86.83654,36.13818],[-86.83772,36.13788],[-86.83917,36.1375],[-86.84129,36.13695],[-86.84207,36.13674],[-86.84242,36.13664],[-86.84286,36.13647],[-86.84329,36.13629],[-86.84371,36.13609],[-86.84417,36.13585],[-86.84448,36.13566],[-86.84495,36.13535],[-86.84536,36.13504],[-86.84581,36.13465],[-86.84634,36.13412],[-86.84676,36.13363],[-86.84708,36.13319],[-86.84748,36.13253],[-86.84773,36.13201],[-86.84796,36.13203],[-86.84795,36.13209],[-86.84839,36.13222],[-86.84846,36.13215],[-86.84868,36.13217],[-86.84892,36.13226],[-86.84907,36.13227],[-86.84928,36.13227],[-86.84945,36.13225],[-86.84961,36.13207],[-86.84972,36.13204],[-86.84991,36.13205],[-86.85017,36.13211],[-86.85035,36.13225],[-86.85043,36.1324],[-86.85037,36.13257],[-86.85032,36.13264],[-86.8502,36.13273],[-86.85007,36.13297],[-86.85002,36.13316],[-86.85006,36.13343],[-86.84997,36.13362],[-86.84986,36.13383],[-86.84983,36.13402],[-86.84988,36.13426],[-86.85004,36.13477],[-86.85012,36.13517],[-86.85014,36.13537],[-86.85013,36.13546],[-86.84992,36.13571],[-86.84992,36.13586],[-86.85002,36.13621],[-86.84997,36.13626],[-86.84998,36.1364],[-86.84997,36.13652],[-86.84996,36.13662],[-86.85001,36.13682],[-86.84998,36.13693],[-86.84991,36.13706],[-86.84987,36.1371],[-86.84981,36.13736],[-86.84977,36.13748],[-86.84977,36.13761],[-86.84975,36.13775],[-86.84975,36.13785],[-86.84977,36.13797],[-86.84973,36.13805],[-86.84975,36.1382],[-86.84987,36.13838],[-86.84985,36.13859],[-86.84977,36.13879],[-86.8497,36.13905],[-86.84966,36.1391],[-86.84978,36.13969],[-86.84991,36.14035],[-86.84993,36.14043],[-86.85015,36.14075],[-86.85039,36.14105],[-86.85071,36.14119],[-86.85108,36.14135],[-86.8518,36.14184],[-86.85211,36.14232],[-86.85254,36.1428],[-86.8528,36.14324],[-86.85287,36.14374],[-86.85291,36.14418],[-86.85272,36.14477],[-86.8528,36.14491],[-86.85285,36.14503],[-86.85288,36.14511],[-86.85297,36.14515],[-86.85333,36.14528],[-86.854,36.1455],[-86.85435,36.14611],[-86.8547,36.14672],[-86.85518,36.14745],[-86.85518,36.14753],[-86.85523,36.1477],[-86.85545,36.14809],[-86.85562,36.1484],[-86.85569,36.14855],[-86.85577,36.1488],[-86.85582,36.14911],[-86.8559,36.14955],[-86.85615,36.15012],[-86.85609,36.1505],[-86.85502,36.15075],[-86.855,36.15073],[-86.85469,36.1508],[-86.85457,36.15086],[-86.85435,36.15091],[-86.85367,36.15108],[-86.85351,36.15116],[-86.85242,36.15144],[-86.85177,36.1516],[-86.85176,36.15157],[-86.85121,36.15171],[-86.85104,36.15178],[-86.85055,36.1518],[-86.84996,36.15182],[-86.84979,36.15182],[-86.8487,36.15186],[-86.84837,36.15187],[-86.84711,36.1519],[-86.84697,36.15193],[-86.84568,36.15196],[-86.8421,36.15207],[-86.83965,36.15215],[-86.83945,36.15216],[-86.83718,36.15223],[-86.83686,36.15227],[-86.83557,36.15231]]]}},{"type":"Feature","properties":{"name":"Villages of Brentwood"},"geometry":{"type":"Polygon","coordinates":[[[-86.73512,36.04832],[-86.73473,36.04822],[-86.73409,36.04809],[-86.73121,36.04748],[-86.72949,36.04713],[-86.72888,36.04698],[-86.72777,36.04688],[-86.72779,36.04676],[-86.72531,36.04624],[-86.72536,36.04585],[-86.72537,36.04569],[-86.72532,36.04533],[-86.72525,36.04514],[-86.72516,36.04501],[-86.72515,36.04492],[-86.72521,36.04483],[-86.72544,36.04468],[-86.72579,36.04436],[-86.72607,36.04404],[-86.72604,36.04402],[-86.72626,36.04372],[-86.7263,36.04398],[-86.72806,36.04408],[-86.72819,36.04291],[-86.72992,36.04305],[-86.73119,36.04315],[-86.73465,36.04342],[-86.7378,36.04369],[-86.73755,36.04699],[-86.73714,36.04696],[-86.7371,36.04749],[-86.73704,36.04781],[-86.7396,36.04865],[-86.7406,36.04899],[-86.74021,36.05029],[-86.73904,36.0497],[-86.73849,36.04944],[-86.73748,36.04911],[-86.73663,36.04883],[-86.73573,36.04852],[-86.73512,36.04832]]]}},{"type":"Feature","properties":{"name":"River Park"},"geometry":{"type":"Polygon","coordinates":[[[-86.97404,36.05877],[-86.97107,36.0587],[-86.97131,36.05701],[-86.97162,36.05704],[-86.97209,36.05706],[-86.97254,36.05702],[-86.9728,36.05699],[-86.9734,36.05692],[-86.97424,36.05682],[-86.97456,36.0568],[-86.97504,36.05675],[-86.97562,36.05672],[-86.97616,36.05668],[-86.97604,36.05741],[-86.97594,36.05804],[-86.9759,36.05831],[-86.97581,36.05881],[-86.97424,36.05877],[-86.97404,36.05877]]]}},{"type":"Feature","properties":{"name":"Peninsula"},"geometry":{"type":"Polygon","coordinates":[[[-86.58959,36.15283],[-86.59025,36.14933],[-86.59301,36.15185],[-86.59537,36.15296],[-86.59522,36.15369],[-86.59283,36.15354],[-86.59165,36.15345],[-86.59085,36.1534],[-86.59032,36.15329],[-86.58959,36.15283]]]}},{"type":"Feature","properties":{"name":"Devon Highlands"},"geometry":{"type":"Polygon","coordinates":[[[-86.91711,36.06721],[-86.91709,36.06703],[-86.9171,36.06675],[-86.91709,36.06668],[-86.91716,36.06635],[-86.91722,36.06605],[-86.91727,36.06574],[-86.91732,36.06533],[-86.91733,36.06491],[-86.91731,36.06449],[-86.91729,36.06421],[-86.91718,36.06366],[-86.91754,36.06358],[-86.91797,36.06348],[-86.91855,36.06402],[-86.91886,36.06429],[-86.91912,36.06438],[-86.91909,36.06472],[-86.91909,36.06522],[-86.91907,36.06566],[-86.91912,36.0658],[-86.91911,36.06597],[-86.91908,36.06629],[-86.91909,36.06636],[-86.91953,36.06671],[-86.91921,36.06736],[-86.91844,36.06752],[-86.9181,36.06777],[-86.91732,36.06779],[-86.9172,36.06754],[-86.91711,36.06721]]]}},{"type":"Feature","properties":{"name":"Marrowbone"},"geometry":{"type":"Polygon","coordinates":[[[-86.93851,36.28817],[-86.93841,36.28799],[-86.93832,36.28786],[-86.93802,36.28757],[-86.93767,36.28735],[-86.93749,36.28728],[-86.93718,36.28717],[-86.93677,36.28709],[-86.93621,36.28703],[-86.93587,36.28701],[-86.93539,36.28696],[-86.93495,36.2869],[-86.93458,36.28685],[-86.93404,36.28675],[-86.93373,36.28669],[-86.93324,36.28663],[-86.93276,36.28658],[-86.93245,36.28655],[-86.93212,36.28647],[-86.93186,36.28639],[-86.93156,36.28626],[-86.93124,36.2861],[-86.93088,36.28588],[-86.93052,36.28562],[-86.93024,36.28539],[-86.92996,36.28513],[-86.92983,36.28493],[-86.92976,36.2848],[-86.92963,36.28464],[-86.92939,36.28444],[-86.9291,36.28428],[-86.92879,36.28419],[-86.92808,36.28406],[-86.92749,36.28395],[-86.92692,36.28383],[-86.92651,36.28378],[-86.92611,36.28375],[-86.92591,36.28375],[-86.92592,36.28428],[-86.92595,36.28467],[-86.92599,36.285],[-86.92603,36.28539],[-86.92601,36.28564],[-86.92594,36.28585],[-86.92584,36.28602],[-86.92566,36.28623],[-86.9255,36.28637],[-86.92524,36.28651],[-86.92503,36.2866],[-86.92475,36.28671],[-86.92428,36.28691],[-86.92323,36.28737],[-86.92265,36.28764],[-86.92218,36.28788],[-86.92178,36.28805],[-86.92142,36.2882],[-86.92095,36.28832],[-86.9206,36.28837],[-86.92019,36.28839],[-86.9197,36.28835],[-86.91925,36.28832],[-86.91883,36.28829],[-86.91839,36.28829],[-86.91797,36.28832],[-86.9175,36.28842],[-86.91668,36.28858],[-86.9159,36.28871],[-86.9153,36.28881],[-86.91483,36.28881],[-86.9144,36.28878],[-86.91409,36.28874],[-86.91361,36.28875],[-86.91317,36.2888],[-86.91279,36.28888],[-86.91243,36.28892],[-86.91212,36.28891],[-86.9117,36.28886],[-86.91145,36.28889],[-86.91121,36.28898],[-86.91103,36.2891],[-86.91088,36.28926],[-86.91069,36.2895],[-86.90991,36.29058],[-86.90962,36.29098],[-86.9093,36.29141],[-86.90917,36.29155],[-86.90901,36.29166],[-86.90882,36.29173],[-86.90865,36.29176],[-86.90847,36.29174],[-86.90829,36.2917],[-86.90788,36.29156],[-86.90697,36.29123],[-86.90622,36.29096],[-86.90583,36.29083],[-86.90551,36.29077],[-86.90519,36.29074],[-86.9047,36.29077],[-86.90379,36.29088],[-86.90275,36.29099],[-86.9022,36.29104],[-86.90187,36.29105],[-86.90157,36.29101],[-86.90131,36.29094],[-86.90101,36.2908],[-86.90055,36.29055],[-86.8999,36.2902],[-86.8995,36.28999],[-86.89924,36.28988],[-86.89895,36.28979],[-86.8984,36.2897],[-86.89782,36.28962],[-86.89732,36.28954],[-86.8966,36.28943],[-86.89612,36.28937],[-86.89564,36.2893],[-86.89534,36.28924],[-86.89502,36.28915],[-86.89477,36.28905],[-86.89446,36.28887],[-86.89421,36.28867],[-86.894,36.28847],[-86.8937,36.28816],[-86.8936,36.28805],[-86.89343,36.2881],[-86.89326,36.28813],[-86.89311,36.28813],[-86.89259,36.28809],[-86.89174,36.28801],[-86.89108,36.28793],[-86.89043,36.28787],[-86.8902,36.28785],[-86.88981,36.28782],[-86.88933,36.28785],[-86.88881,36.28795],[-86.88838,36.28811],[-86.88806,36.28827],[-86.88773,36.28851],[-86.88755,36.28868],[-86.88737,36.28887],[-86.88714,36.28922],[-86.88682,36.28966],[-86.8866,36.28991],[-86.88626,36.29026],[-86.88607,36.29041],[-86.8858,36.29059],[-86.88527,36.29088],[-86.88472,36.29117],[-86.88431,36.29139],[-86.88405,36.29157],[-86.88376,36.29182],[-86.88265,36.29124],[-86.88211,36.29095],[-86.88166,36.29066],[-86.88122,36.29033],[-86.88083,36.28998],[-86.88056,36.28969],[-86.88036,36.28942],[-86.88025,36.28926],[-86.88007,36.28895],[-86.87989,36.28858],[-86.87975,36.28819],[-86.8796,36.28764],[-86.87945,36.28713],[-86.87934,36.28681],[-86.8792,36.28658],[-86.87913,36.28657],[-86.8789,36.28588],[-86.87891,36.28583],[-86.87875,36.28536],[-86.87871,36.28534],[-86.8784,36.28439],[-86.87816,36.28372],[-86.87797,36.28328],[-86.8777,36.28279],[-86.87753,36.28254],[-86.8773,36.28223],[-86.87688,36.28175],[-86.8764,36.2813],[-86.87592,36.28093],[-86.87477,36.28016],[-86.87353,36.27935],[-86.87355,36.27874],[-86.87509,36.27887],[-86.87795,36.2792],[-86.87793,36.27869],[-86.87815,36.27868],[-86.87827,36.27842],[-86.87911,36.27798],[-86.88071,36.27688],[-86.88183,36.27688],[-86.88229,36.27708],[-86.88335,36.27703],[-86.88395,36.27728],[-86.88445,36.27752],[-86.88527,36.27792],[-86.88546,36.27797],[-86.88654,36.27821],[-86.88643,36.27888],[-86.88622,36.2799],[-86.88865,36.28011],[-86.88872,36.27898],[-86.88888,36.27652],[-86.88902,36.2747],[-86.88913,36.27291],[-86.89254,36.27299],[-86.895,36.27305],[-86.89517,36.27304],[-86.8969,36.27314],[-86.89712,36.2716],[-86.89826,36.27166],[-86.89852,36.27097],[-86.89883,36.27068],[-86.899,36.27059],[-86.8993,36.27068],[-86.89975,36.27087],[-86.9001,36.27086],[-86.90043,36.27079],[-86.90109,36.27064],[-86.90149,36.27053],[-86.90167,36.27044],[-86.90152,36.27348],[-86.90153,36.27361],[-86.90183,36.27356],[-86.90214,36.27354],[-86.9026,36.27367],[-86.90377,36.27375],[-86.9046,36.27391],[-86.90538,36.27405],[-86.90608,36.27403],[-86.90625,36.27392],[-86.9074,36.27364],[-86.90765,36.27365],[-86.90814,36.26989],[-86.90944,36.26829],[-86.90814,36.26602],[-86.90855,36.26585],[-86.9118,36.26566],[-86.91482,36.26548],[-86.91701,36.26511],[-86.91849,36.26487],[-86.91866,36.26642],[-86.92127,36.26613],[-86.92261,36.26597],[-86.92262,36.26719],[-86.92625,36.26719],[-86.93001,36.26713],[-86.93005,36.26607],[-86.93102,36.26587],[-86.93217,36.26612],[-86.93242,36.26633],[-86.9326,36.2664],[-86.93303,36.26651],[-86.93328,36.26654],[-86.93355,36.26661],[-86.93424,36.26693],[-86.93438,36.26701],[-86.93448,36.26709],[-86.93461,36.26725],[-86.93487,36.26747],[-86.93505,36.26767],[-86.9352,36.26789],[-86.93528,36.26801],[-86.93538,36.26812],[-86.93558,36.26827],[-86.93589,36.2684],[-86.93613,36.26844],[-86.93683,36.26766],[-86.93709,36.26758],[-86.9373,36.26758],[-86.93749,36.26761],[-86.93789,36.26774],[-86.93822,36.2679],[-86.93862,36.26769],[-86.93876,36.26764],[-86.93891,36.26761],[-86.93954,36.26764],[-86.93968,36.26761],[-86.94001,36.26765],[-86.94053,36.26757],[-86.94053,36.26741],[-86.94088,36.26669],[-86.94098,36.26618],[-86.94091,36.26578],[-86.94064,36.26518],[-86.94057,36.26499],[-86.94052,36.26492],[-86.94043,36.26472],[-86.94034,36.26443],[-86.94023,36.26352],[-86.94017,36.26317],[-86.9401,36.26298],[-86.93999,36.2626],[-86.93997,36.26236],[-86.94022,36.26244],[-86.94044,36.26247],[-86.94396,36.26275],[-86.94634,36.26295],[-86.94996,36.26332],[-86.95242,36.26358],[-86.95348,36.25899],[-86.95216,36.25888],[-86.95228,36.25696],[-86.95233,36.25629],[-86.95237,36.2551],[-86.95245,36.25309],[-86.95253,36.25093],[-86.9527,36.24977],[-86.95325,36.24608],[-86.95191,36.24603],[-86.95072,36.24595],[-86.95132,36.23843],[-86.94974,36.23718],[-86.95032,36.23691],[-86.95076,36.23669],[-86.95112,36.23646],[-86.95152,36.23613],[-86.95194,36.23581],[-86.95251,36.23548],[-86.95368,36.23483],[-86.95466,36.23427],[-86.95542,36.23387],[-86.95595,36.23364],[-86.95642,36.23346],[-86.95805,36.23297],[-86.95924,36.23262],[-86.95982,36.23243],[-86.96083,36.23206],[-86.96195,36.23172],[-86.96266,36.2315],[-86.96332,36.2313],[-86.9637,36.23117],[-86.96419,36.23098],[-86.96514,36.23057],[-86.96629,36.23006],[-86.96721,36.22965],[-86.96821,36.22922],[-86.96884,36.22893],[-86.96935,36.22871],[-86.96989,36.22846],[-86.97079,36.22801],[-86.97125,36.22775],[-86.97185,36.22743],[-86.97243,36.22709],[-86.97286,36.2268],[-86.97312,36.22657],[-86.97335,36.2263],[-86.97347,36.22613],[-86.9737,36.22574],[-86.9743,36.2247],[-86.97518,36.22318],[-86.97571,36.22228],[-86.97622,36.2214],[-86.97635,36.2212],[-86.97653,36.22095],[-86.97679,36.22065],[-86.97703,36.22041],[-86.97752,36.21996],[-86.97756,36.22],[-86.97824,36.21947],[-86.97821,36.21943],[-86.97873,36.21904],[-86.97899,36.21885],[-86.97927,36.21861],[-86.97954,36.21836],[-86.97981,36.21807],[-86.98015,36.21765],[-86.98026,36.21745],[-86.98031,36.21731],[-86.98035,36.21718],[-86.98089,36.21817],[-86.9812,36.21874],[-86.98166,36.21987],[-86.98324,36.22358],[-86.9838,36.22491],[-86.984,36.22538],[-86.98331,36.22715],[-86.98223,36.23],[-86.98146,36.23197],[-86.9803,36.23507],[-86.97949,36.23716],[-86.97894,36.23858],[-86.97781,36.24154],[-86.97723,36.24303],[-86.97608,36.24601],[-86.97554,36.24741],[-86.97483,36.24925],[-86.9747,36.24949],[-86.97376,36.25095],[-86.97215,36.25342],[-86.96994,36.25689],[-86.96849,36.25913],[-86.96699,36.26148],[-86.96224,36.26891],[-86.96187,36.26947],[-86.96047,36.27163],[-86.95853,36.27468],[-86.95763,36.27608],[-86.95436,36.27833],[-86.95081,36.2807],[-86.94934,36.28169],[-86.94816,36.28249],[-86.94806,36.28259],[-86.94769,36.2832],[-86.94762,36.28336],[-86.94756,36.28355],[-86.94748,36.28371],[-86.94736,36.28387],[-86.94725,36.28399],[-86.9471,36.28419],[-86.94702,36.28436],[-86.94621,36.28571],[-86.9444,36.28878],[-86.94274,36.29166],[-86.94098,36.29128],[-86.9389,36.28991],[-86.93859,36.2884],[-86.93851,36.28817]]]}},{"type":"Feature","properties":{"name":"Golden Valley"},"geometry":{"type":"Polygon","coordinates":[[[-86.79307,36.23666],[-86.79271,36.23668],[-86.79246,36.23664],[-86.79087,36.23672],[-86.79038,36.23672],[-86.7899,36.23674],[-86.78924,36.23678],[-86.78918,36.2366],[-86.78917,36.23645],[-86.78896,36.2365],[-86.78872,36.23658],[-86.78839,36.2367],[-86.78819,36.23636],[-86.78825,36.23633],[-86.78815,36.23591],[-86.78821,36.23591],[-86.78813,36.2355],[-86.78818,36.23543],[-86.78827,36.23509],[-86.7883,36.23508],[-86.78841,36.23468],[-86.78832,36.23447],[-86.7889,36.23407],[-86.78913,36.23355],[-86.78936,36.2335],[-86.78977,36.23341],[-86.79013,36.23331],[-86.7906,36.23317],[-86.79112,36.23312],[-86.79142,36.23283],[-86.79157,36.23273],[-86.792,36.23264],[-86.79296,36.23279],[-86.79289,36.23327],[-86.79298,36.23341],[-86.79293,36.23378],[-86.79309,36.2339],[-86.79297,36.23398],[-86.79297,36.23445],[-86.79294,36.23445],[-86.79294,36.23493],[-86.79307,36.23666]]]}},{"type":"Feature","properties":{"name":"Grande Villa Estates"},"geometry":{"type":"Polygon","coordinates":[[[-86.77311,36.27874],[-86.77396,36.27902],[-86.77432,36.27912],[-86.77509,36.27932],[-86.77496,36.28106],[-86.77567,36.28111],[-86.77558,36.28202],[-86.77539,36.28374],[-86.77499,36.28576],[-86.77363,36.28563],[-86.77126,36.28536],[-86.76931,36.28514],[-86.76939,36.28437],[-86.76956,36.2827],[-86.7698,36.28064],[-86.77095,36.28005],[-86.77242,36.27928],[-86.77296,36.27902],[-86.77311,36.27874]]]}},{"type":"Feature","properties":{"name":"Neighbors of Antioch"},"geometry":{"type":"Polygon","coordinates":[[[-86.66169,36.06713],[-86.66171,36.06679],[-86.66181,36.06645],[-86.66205,36.06605],[-86.66213,36.06589],[-86.66248,36.0653],[-86.6629,36.06458],[-86.66347,36.06357],[-86.66383,36.06296],[-86.66401,36.06272],[-86.66421,36.06248],[-86.66452,36.06216],[-86.66481,36.06191],[-86.66503,36.06174],[-86.66562,36.06129],[-86.66619,36.06086],[-86.66667,36.06049],[-86.66733,36.06011],[-86.66818,36.0597],[-86.66859,36.05957],[-86.66898,36.05951],[-86.66945,36.0595],[-86.66987,36.05954],[-86.67019,36.05961],[-86.67061,36.05969],[-86.67126,36.05981],[-86.67168,36.05996],[-86.67208,36.06006],[-86.67281,36.06032],[-86.67324,36.06049],[-86.67396,36.06078],[-86.67461,36.06102],[-86.67501,36.06118],[-86.67543,36.06137],[-86.67588,36.06168],[-86.67715,36.06286],[-86.67829,36.06394],[-86.67919,36.06481],[-86.67974,36.06535],[-86.68014,36.06565],[-86.68065,36.06601],[-86.68117,36.06639],[-86.68155,36.06672],[-86.68218,36.06738],[-86.68212,36.06738],[-86.68273,36.06805],[-86.68358,36.06899],[-86.68356,36.06908],[-86.68348,36.06911],[-86.68249,36.06903],[-86.68248,36.06901],[-86.68082,36.06885],[-86.68082,36.06888],[-86.67999,36.06882],[-86.67967,36.0688],[-86.67873,36.06872],[-86.67798,36.06867],[-86.67748,36.06863],[-86.67708,36.0686],[-86.67637,36.06855],[-86.67607,36.06854],[-86.6755,36.06849],[-86.67436,36.06844],[-86.67365,36.06839],[-86.67328,36.06837],[-86.67295,36.06833],[-86.67218,36.06829],[-86.67175,36.06825],[-86.66977,36.06805],[-86.66921,36.068],[-86.66887,36.06796],[-86.66759,36.06781],[-86.66578,36.06759],[-86.66525,36.06752],[-86.66495,36.06748],[-86.66371,36.06731],[-86.66267,36.06724],[-86.66226,36.06721],[-86.66169,36.06713]]]}},{"type":"Feature","properties":{"name":"West End Park"},"geometry":{"type":"Polygon","coordinates":[[[-86.82147,36.13996],[-86.82142,36.14011],[-86.82143,36.14026],[-86.82177,36.14156],[-86.82203,36.14175],[-86.82205,36.14194],[-86.82204,36.1421],[-86.8222,36.14248],[-86.82215,36.14295],[-86.82214,36.14308],[-86.82213,36.14332],[-86.82207,36.14356],[-86.82185,36.14358],[-86.82181,36.14404],[-86.82179,36.14463],[-86.82184,36.14466],[-86.82188,36.14476],[-86.82186,36.14483],[-86.8217,36.14551],[-86.82167,36.14622],[-86.82174,36.14635],[-86.82146,36.14648],[-86.82134,36.14644],[-86.82113,36.14614],[-86.82107,36.14601],[-86.81991,36.14658],[-86.82053,36.14741],[-86.81965,36.14783],[-86.81913,36.14712],[-86.81902,36.14701],[-86.81821,36.14741],[-86.81637,36.14832],[-86.8164,36.14795],[-86.81645,36.14705],[-86.81648,36.14651],[-86.81655,36.14556],[-86.81657,36.14531],[-86.81652,36.14517],[-86.81658,36.14463],[-86.81664,36.14425],[-86.81667,36.14409],[-86.81667,36.14404],[-86.81681,36.14399],[-86.81651,36.1436],[-86.81635,36.14338],[-86.81629,36.14328],[-86.81618,36.14335],[-86.81598,36.14304],[-86.81571,36.14268],[-86.81573,36.14262],[-86.81672,36.14173],[-86.81743,36.14109],[-86.81776,36.1408],[-86.8185,36.14013],[-86.81916,36.1395],[-86.81933,36.13962],[-86.81941,36.13971],[-86.81949,36.1397],[-86.81963,36.13969],[-86.8214,36.13985],[-86.82147,36.13996]]]}},{"type":"Feature","properties":{"name":"Nashboro Woods"},"geometry":{"type":"Polygon","coordinates":[[[-86.62912,36.08242],[-86.62935,36.08216],[-86.62976,36.08183],[-86.63039,36.08129],[-86.63173,36.08021],[-86.63244,36.08079],[-86.63257,36.0807],[-86.63366,36.08156],[-86.63449,36.08223],[-86.6344,36.08235],[-86.63414,36.08254],[-86.63411,36.08261],[-86.63377,36.08285],[-86.63367,36.08294],[-86.63373,36.08301],[-86.63342,36.08326],[-86.63322,36.0831],[-86.63298,36.08297],[-86.63285,36.08281],[-86.63239,36.0829],[-86.6322,36.08287],[-86.63138,36.08296],[-86.63208,36.08385],[-86.63238,36.08425],[-86.63268,36.08453],[-86.6322,36.08488],[-86.63238,36.08504],[-86.63208,36.08526],[-86.63201,36.08543],[-86.63181,36.08539],[-86.6309,36.08569],[-86.6305,36.08587],[-86.62999,36.08574],[-86.6297,36.08584],[-86.62963,36.08571],[-86.62959,36.08554],[-86.62943,36.08556],[-86.62954,36.08588],[-86.62965,36.08609],[-86.62976,36.08623],[-86.62919,36.08657],[-86.62809,36.08631],[-86.6283,36.08519],[-86.62835,36.0852],[-86.62859,36.08398],[-86.62882,36.08289],[-86.62894,36.08273],[-86.62912,36.08242]]]}},{"type":"Feature","properties":{"name":"Somerset"},"geometry":{"type":"Polygon","coordinates":[[[-86.58942,36.07207],[-86.58989,36.07188],[-86.5901,36.07178],[-86.59051,36.07156],[-86.591,36.07128],[-86.59158,36.07094],[-86.59183,36.07083],[-86.59236,36.07058],[-86.59263,36.07046],[-86.59273,36.07044],[-86.59285,36.07048],[-86.59285,36.07056],[-86.59295,36.07073],[-86.59313,36.071],[-86.59367,36.07074],[-86.59373,36.07089],[-86.59404,36.07113],[-86.59454,36.07107],[-86.59477,36.07094],[-86.59531,36.07097],[-86.59603,36.07102],[-86.59642,36.07104],[-86.59666,36.07096],[-86.59675,36.07074],[-86.5968,36.07061],[-86.597,36.0701],[-86.59721,36.07],[-86.59718,36.06943],[-86.59749,36.06937],[-86.599,36.06951],[-86.60003,36.06963],[-86.60011,36.06998],[-86.60012,36.07046],[-86.60025,36.07098],[-86.60028,36.07114],[-86.60042,36.07126],[-86.60011,36.07155],[-86.60056,36.07188],[-86.60043,36.07199],[-86.60025,36.07215],[-86.60055,36.07235],[-86.60062,36.07256],[-86.60044,36.07266],[-86.60019,36.07288],[-86.59976,36.07258],[-86.59952,36.07247],[-86.59903,36.07262],[-86.59908,36.07295],[-86.59847,36.07304],[-86.59796,36.0731],[-86.59795,36.0732],[-86.59683,36.07332],[-86.59656,36.07323],[-86.59633,36.07338],[-86.59621,36.07349],[-86.59593,36.07368],[-86.59562,36.07357],[-86.59537,36.07365],[-86.59503,36.07375],[-86.59419,36.07395],[-86.59377,36.07332],[-86.58989,36.07257],[-86.58975,36.07246],[-86.58942,36.07207]]]}},{"type":"Feature","properties":{"name":"Buena Vista"},"geometry":{"type":"Polygon","coordinates":[[[-86.8004,36.18136],[-86.80062,36.18116],[-86.80068,36.18109],[-86.80076,36.18103],[-86.80156,36.18068],[-86.8018,36.18071],[-86.80195,36.18065],[-86.80195,36.18062],[-86.80303,36.18055],[-86.80315,36.18051],[-86.8044,36.18042],[-86.80551,36.18035],[-86.80656,36.18027],[-86.80699,36.18024],[-86.8077,36.18019],[-86.80786,36.1802],[-86.80866,36.18013],[-86.8095,36.18012],[-86.80995,36.1801],[-86.81042,36.18013],[-86.81094,36.18015],[-86.81119,36.18065],[-86.81179,36.1819],[-86.81213,36.18259],[-86.81242,36.183],[-86.81252,36.18303],[-86.81342,36.18358],[-86.81407,36.18398],[-86.81552,36.18481],[-86.8158,36.18495],[-86.81704,36.18561],[-86.8174,36.1858],[-86.81863,36.18645],[-86.81968,36.18704],[-86.81973,36.1871],[-86.82066,36.18764],[-86.82115,36.18792],[-86.82122,36.18798],[-86.82125,36.18808],[-86.8212,36.18819],[-86.82105,36.18836],[-86.82068,36.18819],[-86.82052,36.18814],[-86.82004,36.18794],[-86.81959,36.18767],[-86.81872,36.18721],[-86.81862,36.18788],[-86.81861,36.18795],[-86.81854,36.18811],[-86.81841,36.18843],[-86.81812,36.1884],[-86.81695,36.18829],[-86.81665,36.18827],[-86.81627,36.18825],[-86.81627,36.18827],[-86.81616,36.18826],[-86.81612,36.18837],[-86.81602,36.18922],[-86.81587,36.19031],[-86.81579,36.19101],[-86.81216,36.19075],[-86.81223,36.19206],[-86.81106,36.19219],[-86.81117,36.19331],[-86.80998,36.19333],[-86.80998,36.19354],[-86.80971,36.19355],[-86.8097,36.19333],[-86.80912,36.19333],[-86.809,36.19221],[-86.8083,36.19232],[-86.80804,36.19141],[-86.80795,36.19141],[-86.80785,36.19076],[-86.80838,36.19067],[-86.80844,36.19069],[-86.80845,36.19052],[-86.80803,36.18904],[-86.80786,36.18848],[-86.80757,36.1877],[-86.80654,36.18795],[-86.80589,36.18623],[-86.80585,36.18608],[-86.80396,36.18656],[-86.80398,36.18678],[-86.804,36.18681],[-86.804,36.18826],[-86.80359,36.18835],[-86.80339,36.18752],[-86.80322,36.18674],[-86.80252,36.18691],[-86.80231,36.18599],[-86.80211,36.18512],[-86.80159,36.18384],[-86.80127,36.18305],[-86.80111,36.1831],[-86.80055,36.18335],[-86.79989,36.18236],[-86.8004,36.18136]]]}},{"type":"Feature","properties":{"name":"Ashley Green"},"geometry":{"type":"Polygon","coordinates":[[[-86.93049,36.07396],[-86.93148,36.07393],[-86.93152,36.07466],[-86.93184,36.07464],[-86.93185,36.07592],[-86.93098,36.07594],[-86.93095,36.07619],[-86.92991,36.07623],[-86.93001,36.07493],[-86.93024,36.07494],[-86.9302,36.07455],[-86.93054,36.07448],[-86.93049,36.07396]]]}},{"type":"Feature","properties":{"name":"Deer Lake"},"geometry":{"type":"Polygon","coordinates":[[[-86.92614,36.07421],[-86.92599,36.07514],[-86.9259,36.0756],[-86.92589,36.07579],[-86.92585,36.07604],[-86.92583,36.07629],[-86.92588,36.07655],[-86.92575,36.07765],[-86.92564,36.07843],[-86.92471,36.07832],[-86.92418,36.0783],[-86.92351,36.07826],[-86.92287,36.07822],[-86.92246,36.0782],[-86.92256,36.0775],[-86.92404,36.07757],[-86.92413,36.07663],[-86.92437,36.07644],[-86.92456,36.07627],[-86.92462,36.07583],[-86.92438,36.07565],[-86.9245,36.07552],[-86.9246,36.07537],[-86.92468,36.07515],[-86.9247,36.07496],[-86.92468,36.07458],[-86.92468,36.07433],[-86.92473,36.07426],[-86.92478,36.07424],[-86.92538,36.07422],[-86.92538,36.07413],[-86.92605,36.07411],[-86.92614,36.07421]]]}},{"type":"Feature","properties":{"name":"Windsor Terrace"},"geometry":{"type":"Polygon","coordinates":[[[-86.90957,36.07454],[-86.90889,36.07243],[-86.90908,36.07093],[-86.90988,36.07143],[-86.91025,36.07264],[-86.91073,36.07421],[-86.91055,36.0751],[-86.91117,36.07624],[-86.91142,36.07645],[-86.91149,36.07668],[-86.9119,36.07686],[-86.91227,36.0772],[-86.91062,36.07773],[-86.9098,36.07519],[-86.90957,36.07454]]]}},{"type":"Feature","properties":{"name":"Coronado"},"geometry":{"type":"Polygon","coordinates":[[[-86.91673,36.07571],[-86.91483,36.07633],[-86.91442,36.07537],[-86.9135,36.0757],[-86.91247,36.07605],[-86.91224,36.07553],[-86.91176,36.07432],[-86.91135,36.07329],[-86.91094,36.07223],[-86.91052,36.07119],[-86.91162,36.07185],[-86.91388,36.07136],[-86.91478,36.07147],[-86.91517,36.07224],[-86.91673,36.07571]]]}},{"type":"Feature","properties":{"name":"Harpeth Valley Park"},"geometry":{"type":"Polygon","coordinates":[[[-86.94013,36.06402],[-86.93957,36.06365],[-86.93871,36.06309],[-86.93792,36.06258],[-86.93747,36.06247],[-86.93677,36.06201],[-86.93488,36.06077],[-86.93427,36.061],[-86.93393,36.06127],[-86.93365,36.06129],[-86.93351,36.06163],[-86.93335,36.06159],[-86.93321,36.06151],[-86.93306,36.06159],[-86.93261,36.06197],[-86.93259,36.06204],[-86.93166,36.06186],[-86.93079,36.0617],[-86.92996,36.06157],[-86.92919,36.06147],[-86.9283,36.06139],[-86.92721,36.0613],[-86.92664,36.06125],[-86.92594,36.06122],[-86.92522,36.06119],[-86.92488,36.06119],[-86.92488,36.06128],[-86.92435,36.06133],[-86.92419,36.06108],[-86.92419,36.06088],[-86.9246,36.06072],[-86.9249,36.06064],[-86.9251,36.0606],[-86.9254,36.06059],[-86.92534,36.0583],[-86.92533,36.05776],[-86.92579,36.0578],[-86.92676,36.05786],[-86.92786,36.05851],[-86.92906,36.05997],[-86.93027,36.06016],[-86.9316,36.06036],[-86.93165,36.06011],[-86.93166,36.06005],[-86.93175,36.06006],[-86.9318,36.05981],[-86.9319,36.05959],[-86.93243,36.05979],[-86.93297,36.05969],[-86.93367,36.05871],[-86.9336,36.05788],[-86.93394,36.05709],[-86.93399,36.05663],[-86.9349,36.05548],[-86.93571,36.05504],[-86.93659,36.055],[-86.93683,36.05475],[-86.93714,36.05442],[-86.93757,36.05397],[-86.93825,36.0535],[-86.93846,36.05335],[-86.94005,36.05283],[-86.94034,36.05287],[-86.94125,36.05258],[-86.94146,36.05235],[-86.94204,36.05217],[-86.94195,36.05201],[-86.9422,36.05192],[-86.94284,36.05162],[-86.94335,36.05139],[-86.94357,36.05129],[-86.94428,36.05109],[-86.945,36.05109],[-86.9457,36.0513],[-86.94612,36.05156],[-86.94673,36.05226],[-86.94656,36.05298],[-86.94646,36.05296],[-86.94624,36.05392],[-86.94605,36.05387],[-86.946,36.05394],[-86.94532,36.05372],[-86.94496,36.0537],[-86.94455,36.05383],[-86.94409,36.05403],[-86.94382,36.0542],[-86.94353,36.05449],[-86.94325,36.05475],[-86.94312,36.05493],[-86.94273,36.05543],[-86.94242,36.05578],[-86.94219,36.05605],[-86.94207,36.05621],[-86.942,36.05632],[-86.94189,36.05662],[-86.9419,36.05697],[-86.94207,36.05763],[-86.94218,36.05806],[-86.94238,36.05837],[-86.94263,36.05857],[-86.94299,36.05877],[-86.94333,36.05897],[-86.94375,36.05915],[-86.94428,36.05936],[-86.9441,36.05965],[-86.94417,36.05969],[-86.94394,36.06006],[-86.94382,36.06025],[-86.94338,36.06105],[-86.94312,36.06153],[-86.94293,36.06189],[-86.94276,36.06219],[-86.94252,36.06247],[-86.94231,36.06265],[-86.94162,36.06212],[-86.94068,36.06182],[-86.94018,36.06179],[-86.94015,36.06212],[-86.94008,36.06237],[-86.93998,36.06259],[-86.9399,36.06273],[-86.93973,36.06291],[-86.93998,36.06302],[-86.94019,36.06314],[-86.94047,36.06334],[-86.94066,36.06353],[-86.94068,36.06362],[-86.94062,36.06371],[-86.94013,36.06402]]]}},{"type":"Feature","properties":{"name":"Napier Area"},"geometry":{"type":"Polygon","coordinates":[[[-86.7526,36.15046],[-86.75279,36.15044],[-86.75283,36.15035],[-86.75333,36.15009],[-86.75395,36.14976],[-86.75453,36.14946],[-86.75497,36.14922],[-86.75529,36.14906],[-86.75546,36.14906],[-86.75549,36.14881],[-86.75724,36.14895],[-86.75745,36.14896],[-86.75748,36.14889],[-86.75757,36.1485],[-86.75763,36.14847],[-86.75822,36.14851],[-86.75831,36.14855],[-86.75834,36.1486],[-86.75823,36.14945],[-86.75819,36.14961],[-86.75813,36.15007],[-86.75806,36.15056],[-86.75804,36.15069],[-86.75938,36.1508],[-86.75954,36.15082],[-86.76073,36.15093],[-86.7609,36.15094],[-86.76152,36.15099],[-86.76201,36.15104],[-86.76165,36.15355],[-86.76158,36.15408],[-86.7613,36.15418],[-86.76114,36.15419],[-86.7609,36.15415],[-86.76054,36.15409],[-86.76042,36.15409],[-86.76026,36.15407],[-86.75979,36.15403],[-86.75919,36.15398],[-86.75902,36.15397],[-86.75891,36.15393],[-86.75779,36.15352],[-86.75781,36.15337],[-86.75764,36.15335],[-86.75729,36.15333],[-86.75641,36.15296],[-86.75651,36.15263],[-86.75623,36.15264],[-86.75601,36.15263],[-86.75559,36.15254],[-86.75514,36.15235],[-86.75456,36.15207],[-86.75456,36.15199],[-86.75436,36.15197],[-86.75423,36.15191],[-86.75407,36.15184],[-86.75389,36.15172],[-86.75374,36.1517],[-86.7537,36.1519],[-86.75356,36.15189],[-86.75357,36.15186],[-86.75247,36.15152],[-86.75248,36.1514],[-86.75251,36.15126],[-86.75187,36.15126],[-86.75158,36.15115],[-86.75156,36.15101],[-86.75187,36.15085],[-86.75201,36.15076],[-86.75218,36.15068],[-86.7526,36.15046]]]}},{"type":"Feature","properties":{"name":"Urban Residents"},"geometry":{"type":"Polygon","coordinates":[[[-86.78122,36.16457],[-86.78205,36.16592],[-86.78334,36.16788],[-86.78356,36.16794],[-86.78378,36.16797],[-86.7841,36.16798],[-86.78442,36.16794],[-86.78457,36.16788],[-86.78465,36.16787],[-86.78472,36.16791],[-86.78476,36.16801],[-86.78486,36.16817],[-86.78498,36.16828],[-86.78502,36.16839],[-86.78459,36.1685],[-86.78427,36.16857],[-86.78385,36.16861],[-86.78351,36.1686],[-86.78333,36.16859],[-86.783,36.16852],[-86.78259,36.16837],[-86.78219,36.16814],[-86.7821,36.1681],[-86.78196,36.16798],[-86.78175,36.16775],[-86.7814,36.16723],[-86.7809,36.16648],[-86.78,36.16509],[-86.77988,36.16497],[-86.77781,36.16584],[-86.77699,36.16619],[-86.77609,36.16476],[-86.77492,36.16295],[-86.77321,36.16027],[-86.77318,36.16014],[-86.77272,36.15942],[-86.7726,36.1593],[-86.77214,36.15857],[-86.77184,36.15804],[-86.77165,36.1578],[-86.77126,36.15721],[-86.77116,36.15708],[-86.77085,36.15721],[-86.77061,36.15684],[-86.77037,36.1568],[-86.76794,36.15572],[-86.76789,36.15566],[-86.76794,36.1556],[-86.76925,36.15504],[-86.76985,36.15477],[-86.77029,36.15459],[-86.77038,36.15463],[-86.77047,36.15475],[-86.77094,36.15551],[-86.77105,36.15567],[-86.77121,36.15561],[-86.77184,36.15534],[-86.77207,36.15528],[-86.77205,36.15513],[-86.77306,36.15482],[-86.77339,36.15534],[-86.7738,36.15597],[-86.77382,36.15609],[-86.77438,36.15696],[-86.77466,36.15738],[-86.77574,36.15902],[-86.77579,36.15915],[-86.77706,36.15861],[-86.77712,36.15863],[-86.77844,36.16065],[-86.77861,36.16059],[-86.77943,36.16021],[-86.78088,36.15958],[-86.78185,36.15916],[-86.78275,36.15876],[-86.78437,36.16128],[-86.78324,36.1618],[-86.78412,36.16315],[-86.78111,36.16444],[-86.78122,36.16457]]]}},{"type":"Feature","properties":{"name":"Nashboro Village"},"geometry":{"type":"Polygon","coordinates":[[[-86.65105,36.09111],[-86.64852,36.09214],[-86.64866,36.09239],[-86.64847,36.09249],[-86.64738,36.09237],[-86.64706,36.0943],[-86.64265,36.09395],[-86.64265,36.09399],[-86.64113,36.09388],[-86.63993,36.09379],[-86.63987,36.09573],[-86.63921,36.09574],[-86.63914,36.09648],[-86.63878,36.09647],[-86.63851,36.09644],[-86.63818,36.09638],[-86.63823,36.09576],[-86.63757,36.09578],[-86.63798,36.09361],[-86.63657,36.09348],[-86.63541,36.09334],[-86.63532,36.09467],[-86.63515,36.09454],[-86.63434,36.09406],[-86.63289,36.09316],[-86.63305,36.09216],[-86.6315,36.09196],[-86.63176,36.09067],[-86.62977,36.09051],[-86.62913,36.09044],[-86.62714,36.09022],[-86.62731,36.09007],[-86.62751,36.08985],[-86.62765,36.08962],[-86.62777,36.08938],[-86.62759,36.08904],[-86.62769,36.08851],[-86.62768,36.08845],[-86.62809,36.08631],[-86.62919,36.08657],[-86.62976,36.08623],[-86.62962,36.08604],[-86.62953,36.08588],[-86.62943,36.08556],[-86.62959,36.08554],[-86.62962,36.08568],[-86.6297,36.08584],[-86.62999,36.08574],[-86.6305,36.08588],[-86.63079,36.08574],[-86.63098,36.08567],[-86.63138,36.08554],[-86.63181,36.0854],[-86.63201,36.08544],[-86.63208,36.08526],[-86.63238,36.08503],[-86.6322,36.08488],[-86.63268,36.08453],[-86.63222,36.08403],[-86.63138,36.08295],[-86.6322,36.08287],[-86.63238,36.0829],[-86.63285,36.08281],[-86.63298,36.08297],[-86.63327,36.08314],[-86.63342,36.08326],[-86.63373,36.08301],[-86.63366,36.08294],[-86.6344,36.08235],[-86.63449,36.08223],[-86.63484,36.08195],[-86.6353,36.08231],[-86.63551,36.08215],[-86.63599,36.08228],[-86.63597,36.08234],[-86.63628,36.08242],[-86.63648,36.08248],[-86.63703,36.08253],[-86.6378,36.0826],[-86.63884,36.08271],[-86.64028,36.08285],[-86.64061,36.08549],[-86.64128,36.08537],[-86.64533,36.08575],[-86.64628,36.08584],[-86.6465,36.08685],[-86.64716,36.08672],[-86.6483,36.08649],[-86.6484,36.08664],[-86.64842,36.08672],[-86.64839,36.0868],[-86.64834,36.08684],[-86.64829,36.08687],[-86.6482,36.08691],[-86.64799,36.087],[-86.64782,36.0871],[-86.64763,36.08722],[-86.64744,36.08738],[-86.64731,36.0875],[-86.64722,36.08758],[-86.64713,36.08764],[-86.64691,36.08777],[-86.64679,36.08781],[-86.64669,36.08785],[-86.64649,36.0879],[-86.64647,36.08813],[-86.64633,36.08913],[-86.65008,36.08953],[-86.65105,36.09111]]]}},{"type":"Feature","properties":{"name":"Woodycrest"},"geometry":{"type":"Polygon","coordinates":[[[-86.75197,36.13319],[-86.75137,36.13284],[-86.74991,36.13184],[-86.74961,36.13164],[-86.74904,36.13124],[-86.74819,36.13065],[-86.74821,36.13063],[-86.74817,36.13002],[-86.74825,36.12998],[-86.7484,36.1299],[-86.74836,36.12971],[-86.74839,36.12956],[-86.74876,36.12866],[-86.74861,36.1286],[-86.74834,36.12844],[-86.74861,36.12762],[-86.74883,36.12674],[-86.74894,36.1263],[-86.74915,36.12578],[-86.74947,36.1258],[-86.75058,36.12584],[-86.75111,36.12585],[-86.75217,36.12591],[-86.75215,36.12631],[-86.75215,36.12636],[-86.75266,36.12639],[-86.75264,36.1268],[-86.75257,36.12693],[-86.75251,36.12758],[-86.752,36.12765],[-86.75193,36.12862],[-86.75223,36.12879],[-86.75259,36.12922],[-86.75224,36.12935],[-86.75199,36.12938],[-86.7521,36.12958],[-86.75201,36.12973],[-86.75211,36.13011],[-86.75212,36.13028],[-86.75255,36.13024],[-86.753,36.13024],[-86.75345,36.13027],[-86.75342,36.13055],[-86.75344,36.13079],[-86.75344,36.13099],[-86.75358,36.13099],[-86.75344,36.13182],[-86.75319,36.13179],[-86.75255,36.13136],[-86.75241,36.13129],[-86.75232,36.13139],[-86.75222,36.13156],[-86.75216,36.1318],[-86.75213,36.1321],[-86.75207,36.13239],[-86.75197,36.13319]]]}},{"type":"Feature","properties":{"name":"Jackson Park"},"geometry":{"type":"Polygon","coordinates":[[[-86.7254,36.22538],[-86.7253,36.22634],[-86.72521,36.22723],[-86.72282,36.22708],[-86.72147,36.227],[-86.72016,36.2269],[-86.71809,36.22674],[-86.7164,36.2266],[-86.71414,36.22643],[-86.71192,36.22624],[-86.71196,36.22568],[-86.71182,36.22555],[-86.71181,36.2248],[-86.71147,36.22394],[-86.7119,36.22381],[-86.71297,36.2237],[-86.71313,36.22303],[-86.7133,36.22306],[-86.71451,36.22316],[-86.71728,36.22339],[-86.7187,36.22351],[-86.71907,36.22437],[-86.7194,36.22425],[-86.71959,36.22435],[-86.71977,36.22473],[-86.72116,36.22489],[-86.72114,36.22513],[-86.72319,36.22523],[-86.72317,36.2254],[-86.7238,36.22549],[-86.72421,36.22555],[-86.7246,36.22566],[-86.72468,36.22567],[-86.72485,36.22524],[-86.7254,36.22538]]]}},{"type":"Feature","properties":{"name":"Boone Trace"},"geometry":{"type":"Polygon","coordinates":[[[-87.011,36.07952],[-87.01127,36.07923],[-87.01156,36.079],[-87.01187,36.07882],[-87.01219,36.07867],[-87.01244,36.07858],[-87.0125,36.07852],[-87.01265,36.07847],[-87.01269,36.07851],[-87.01331,36.07821],[-87.01361,36.07874],[-87.01471,36.07942],[-87.01531,36.08092],[-87.01577,36.08122],[-87.01651,36.0817],[-87.01707,36.08268],[-87.01769,36.08335],[-87.0187,36.08445],[-87.01984,36.08511],[-87.01956,36.08526],[-87.0191,36.08554],[-87.01872,36.0858],[-87.01824,36.08619],[-87.01771,36.0867],[-87.0171,36.08749],[-87.01585,36.08906],[-87.01539,36.08959],[-87.01484,36.08947],[-87.01422,36.08936],[-87.01383,36.0893],[-87.0134,36.08925],[-87.01286,36.08921],[-87.01253,36.0884],[-87.01217,36.08751],[-87.01181,36.08659],[-87.01135,36.08545],[-87.01092,36.08444],[-87.01056,36.08358],[-87.01026,36.08282],[-87.00993,36.08196],[-87.01012,36.08183],[-87.01025,36.08171],[-87.0104,36.08153],[-87.01054,36.08129],[-87.01062,36.08106],[-87.01065,36.08084],[-87.01061,36.0806],[-87.01054,36.08037],[-87.01066,36.08011],[-87.01081,36.07979],[-87.011,36.07952]]]}},{"type":"Feature","properties":{"name":"Devon Park"},"geometry":{"type":"Polygon","coordinates":[[[-86.9198,36.05934],[-86.92116,36.05862],[-86.92281,36.05774],[-86.92456,36.05681],[-86.92533,36.05776],[-86.92534,36.05835],[-86.92535,36.05919],[-86.92535,36.05923],[-86.9254,36.06059],[-86.92502,36.06062],[-86.92467,36.06069],[-86.92419,36.06088],[-86.92419,36.06097],[-86.92419,36.06108],[-86.92435,36.06133],[-86.92277,36.06146],[-86.92086,36.06163],[-86.91944,36.06175],[-86.91862,36.0618],[-86.91844,36.06162],[-86.91821,36.06137],[-86.91811,36.06137],[-86.91807,36.06105],[-86.91789,36.06073],[-86.91782,36.06055],[-86.91776,36.06035],[-86.91843,36.06005],[-86.9198,36.05934]]]}},{"type":"Feature","properties":{"name":"South Inglewood (CCSI)"},"geometry":{"type":"Polygon","coordinates":[[[-86.72403,36.19533],[-86.7248,36.19528],[-86.72506,36.19517],[-86.72548,36.19459],[-86.72578,36.19418],[-86.72589,36.19403],[-86.72596,36.19393],[-86.72647,36.19323],[-86.72665,36.19301],[-86.72738,36.19204],[-86.72769,36.19161],[-86.72791,36.19125],[-86.72798,36.19124],[-86.72885,36.19139],[-86.72867,36.19171],[-86.72978,36.19192],[-86.72982,36.19155],[-86.73007,36.19157],[-86.73032,36.19163],[-86.73083,36.19167],[-86.73081,36.19178],[-86.7315,36.19191],[-86.73151,36.19179],[-86.73184,36.19185],[-86.73232,36.19202],[-86.73279,36.19218],[-86.73294,36.19192],[-86.73313,36.19197],[-86.73331,36.19206],[-86.73448,36.19218],[-86.73498,36.19226],[-86.73592,36.19236],[-86.73699,36.19247],[-86.73806,36.19258],[-86.739,36.19268],[-86.73964,36.19269],[-86.74011,36.19282],[-86.74032,36.19281],[-86.74066,36.19284],[-86.74063,36.19302],[-86.7408,36.19303],[-86.74084,36.19271],[-86.74135,36.19276],[-86.74152,36.19281],[-86.74204,36.19286],[-86.74204,36.19291],[-86.7421,36.19293],[-86.74277,36.19299],[-86.7427,36.19346],[-86.74232,36.19343],[-86.7422,36.19428],[-86.74254,36.19432],[-86.74252,36.19488],[-86.74207,36.19483],[-86.74155,36.19483],[-86.74139,36.19484],[-86.7414,36.19498],[-86.74131,36.19577],[-86.74121,36.19576],[-86.74113,36.19647],[-86.74111,36.19662],[-86.74135,36.19664],[-86.74099,36.19731],[-86.73861,36.19709],[-86.7386,36.19713],[-86.73843,36.19712],[-86.73763,36.19781],[-86.74,36.19862],[-86.73969,36.1992],[-86.73968,36.19934],[-86.7393,36.19992],[-86.73841,36.19961],[-86.738,36.20037],[-86.73872,36.20063],[-86.73842,36.2012],[-86.7387,36.20128],[-86.73854,36.20158],[-86.7384,36.20156],[-86.73832,36.20179],[-86.73864,36.20184],[-86.7384,36.20226],[-86.73812,36.20223],[-86.7378,36.20302],[-86.73751,36.20372],[-86.73728,36.2037],[-86.73727,36.20384],[-86.73715,36.20429],[-86.73674,36.20425],[-86.73663,36.20483],[-86.73673,36.20501],[-86.73666,36.20528],[-86.73653,36.20528],[-86.73645,36.20556],[-86.73506,36.20543],[-86.73426,36.20533],[-86.73368,36.20737],[-86.73452,36.20744],[-86.7345,36.20796],[-86.73442,36.20795],[-86.73399,36.20848],[-86.73386,36.20864],[-86.73348,36.20912],[-86.73331,36.20929],[-86.73325,36.2093],[-86.73312,36.20962],[-86.7319,36.20949],[-86.7312,36.20943],[-86.72959,36.20916],[-86.72871,36.20903],[-86.72745,36.20887],[-86.72629,36.20872],[-86.72579,36.20866],[-86.72538,36.20849],[-86.72501,36.20832],[-86.72476,36.20829],[-86.72445,36.20833],[-86.72425,36.20837],[-86.72396,36.20776],[-86.72385,36.20778],[-86.72361,36.20741],[-86.72352,36.20728],[-86.72362,36.20673],[-86.72428,36.20676],[-86.7247,36.2067],[-86.72473,36.20681],[-86.72507,36.20684],[-86.72515,36.20634],[-86.7251,36.20632],[-86.72516,36.20617],[-86.72535,36.2059],[-86.72545,36.20564],[-86.72546,36.20542],[-86.72562,36.20542],[-86.72567,36.20513],[-86.72568,36.20497],[-86.72559,36.20499],[-86.72563,36.20432],[-86.72553,36.20412],[-86.72536,36.20388],[-86.72528,36.20386],[-86.72518,36.20391],[-86.72473,36.2041],[-86.7245,36.20393],[-86.72424,36.20378],[-86.7241,36.20372],[-86.72381,36.20384],[-86.72355,36.20347],[-86.72311,36.20365],[-86.72298,36.20354],[-86.72284,36.20331],[-86.72336,36.20309],[-86.72333,36.20298],[-86.7234,36.20233],[-86.72347,36.20161],[-86.72351,36.20127],[-86.72353,36.20115],[-86.72363,36.20032],[-86.72384,36.19839],[-86.72389,36.1981],[-86.72406,36.1967],[-86.72417,36.19589],[-86.72403,36.19533]]]}},{"type":"Feature","properties":{"name":"Brookview Estates"},"geometry":{"type":"Polygon","coordinates":[[[-86.69023,36.04725],[-86.69037,36.04635],[-86.69044,36.04592],[-86.69071,36.04596],[-86.69093,36.04598],[-86.69109,36.04595],[-86.69126,36.04588],[-86.6914,36.04574],[-86.69154,36.04556],[-86.69172,36.04536],[-86.69181,36.04531],[-86.69194,36.04528],[-86.69221,36.04525],[-86.69249,36.04531],[-86.69264,36.0453],[-86.69278,36.04532],[-86.69313,36.04537],[-86.6934,36.04546],[-86.69385,36.04569],[-86.69407,36.04582],[-86.69431,36.0459],[-86.69573,36.046],[-86.69778,36.04616],[-86.69765,36.04741],[-86.69743,36.04987],[-86.69578,36.04974],[-86.6952,36.04968],[-86.69522,36.04961],[-86.69497,36.04958],[-86.69448,36.04953],[-86.6943,36.04951],[-86.69406,36.0495],[-86.6938,36.04947],[-86.69314,36.04946],[-86.69259,36.04945],[-86.69233,36.04942],[-86.691,36.04935],[-86.6902,36.04931],[-86.68993,36.04928],[-86.69014,36.04814],[-86.69011,36.04801],[-86.69017,36.04767],[-86.69023,36.04725]]]}},{"type":"Feature","properties":{"name":"Green Hills"},"geometry":{"type":"Polygon","coordinates":[[[-86.83137,36.09256],[-86.83138,36.09299],[-86.83184,36.09289],[-86.83256,36.09205],[-86.83271,36.09197],[-86.83256,36.09163],[-86.83261,36.0916],[-86.83303,36.09164],[-86.83409,36.09179],[-86.8341,36.09183],[-86.8349,36.09198],[-86.83651,36.09235],[-86.83652,36.09234],[-86.83707,36.09247],[-86.8381,36.09271],[-86.83856,36.09277],[-86.83913,36.09281],[-86.83959,36.09284],[-86.83984,36.09287],[-86.84069,36.09289],[-86.84182,36.09292],[-86.84312,36.09295],[-86.84425,36.09297],[-86.84556,36.093],[-86.84556,36.09295],[-86.84697,36.093],[-86.84685,36.09388],[-86.84669,36.09389],[-86.84657,36.09471],[-86.84659,36.09485],[-86.84654,36.09552],[-86.84613,36.0969],[-86.84578,36.09684],[-86.84574,36.09698],[-86.84559,36.09769],[-86.8452,36.09767],[-86.84507,36.09764],[-86.84481,36.09959],[-86.8446,36.09958],[-86.84454,36.1002],[-86.84444,36.10107],[-86.84432,36.10178],[-86.8441,36.10284],[-86.84395,36.1036],[-86.84388,36.10376],[-86.8438,36.10431],[-86.84368,36.1047],[-86.84349,36.10539],[-86.84328,36.10641],[-86.8431,36.10729],[-86.84301,36.10798],[-86.84299,36.10828],[-86.84296,36.1085],[-86.84297,36.10898],[-86.843,36.10967],[-86.84302,36.11001],[-86.84298,36.11004],[-86.84177,36.10991],[-86.84146,36.1099],[-86.84072,36.10983],[-86.83966,36.10975],[-86.83737,36.10957],[-86.83723,36.10954],[-86.83474,36.10934],[-86.83457,36.10933],[-86.83388,36.10928],[-86.83215,36.10915],[-86.83215,36.10913],[-86.83114,36.10902],[-86.83044,36.10894],[-86.83015,36.10891],[-86.83021,36.10886],[-86.83038,36.10791],[-86.83002,36.10788],[-86.82968,36.10784],[-86.82975,36.10757],[-86.82986,36.10695],[-86.82983,36.10667],[-86.82978,36.10622],[-86.82966,36.10482],[-86.8295,36.10317],[-86.82933,36.10315],[-86.82946,36.10206],[-86.82949,36.1019],[-86.83055,36.102],[-86.8307,36.10057],[-86.83084,36.09925],[-86.83099,36.09825],[-86.83118,36.0967],[-86.83157,36.09399],[-86.83143,36.09376],[-86.82977,36.09359],[-86.82983,36.09299],[-86.82988,36.09246],[-86.83107,36.09254],[-86.83137,36.09256]]]}},{"type":"Feature","properties":{"name":"Honey Brook"},"geometry":{"type":"Polygon","coordinates":[[[-86.67713,36.03724],[-86.67716,36.03768],[-86.67717,36.03784],[-86.67722,36.03834],[-86.67732,36.03876],[-86.67738,36.039],[-86.67774,36.04023],[-86.67778,36.0405],[-86.67779,36.04077],[-86.67774,36.04102],[-86.67767,36.04126],[-86.67756,36.04145],[-86.6774,36.04168],[-86.67724,36.04184],[-86.67707,36.04199],[-86.67671,36.04223],[-86.67657,36.04232],[-86.67645,36.04213],[-86.67592,36.04187],[-86.67563,36.04154],[-86.67517,36.04124],[-86.67474,36.04126],[-86.67463,36.04115],[-86.67418,36.04036],[-86.67352,36.03861],[-86.67279,36.03779],[-86.67257,36.03707],[-86.67266,36.03615],[-86.67277,36.03581],[-86.67301,36.03541],[-86.6733,36.03509],[-86.67356,36.03446],[-86.67355,36.03426],[-86.67543,36.03448],[-86.67587,36.03516],[-86.67597,36.03531],[-86.6765,36.03604],[-86.6769,36.03662],[-86.67706,36.03697],[-86.67713,36.03724]]]}},{"type":"Feature","properties":{"name":"Belle Pointe"},"geometry":{"type":"Polygon","coordinates":[[[-86.94049,36.06826],[-86.93992,36.06825],[-86.93938,36.06825],[-86.93906,36.06826],[-86.93893,36.06811],[-86.93857,36.06784],[-86.93793,36.0677],[-86.9373,36.06756],[-86.93611,36.06766],[-86.93609,36.06717],[-86.93544,36.06713],[-86.93592,36.06684],[-86.93615,36.0667],[-86.93639,36.06656],[-86.93664,36.06662],[-86.93721,36.06676],[-86.93797,36.06693],[-86.93817,36.06694],[-86.93885,36.06697],[-86.93893,36.06605],[-86.94148,36.06606],[-86.94168,36.06619],[-86.94174,36.0663],[-86.94178,36.06643],[-86.94179,36.06657],[-86.94165,36.06749],[-86.94152,36.06826],[-86.94132,36.06829],[-86.94104,36.0682],[-86.94084,36.06825],[-86.94083,36.06827],[-86.94049,36.06826]]]}},{"type":"Feature","properties":{"name":"Poplar Creek Estates"},"geometry":{"type":"Polygon","coordinates":[[[-86.96029,36.04553],[-86.96035,36.04547],[-86.96028,36.04533],[-86.96053,36.0453],[-86.96107,36.04534],[-86.963,36.0455],[-86.96273,36.04658],[-86.9634,36.04668],[-86.96302,36.0482],[-86.96417,36.04831],[-86.96389,36.04999],[-86.96569,36.05018],[-86.96778,36.05041],[-86.96775,36.0507],[-86.96751,36.05193],[-86.96738,36.05271],[-86.96731,36.05326],[-86.96722,36.05389],[-86.96705,36.05525],[-86.96702,36.0559],[-86.96703,36.05627],[-86.96634,36.05641],[-86.96606,36.05647],[-86.96581,36.05651],[-86.96578,36.05653],[-86.96543,36.05659],[-86.96517,36.05659],[-86.96509,36.05658],[-86.96487,36.05659],[-86.96443,36.05652],[-86.96419,36.05648],[-86.96309,36.05629],[-86.96327,36.05586],[-86.96343,36.05545],[-86.96363,36.05503],[-86.9645,36.05429],[-86.96546,36.05409],[-86.96526,36.0528],[-86.96356,36.05312],[-86.96303,36.0532],[-86.96216,36.05287],[-86.96173,36.05253],[-86.96127,36.05215],[-86.96093,36.05243],[-86.96107,36.05254],[-86.96104,36.05274],[-86.96074,36.05299],[-86.96098,36.05317],[-86.96086,36.05387],[-86.95968,36.05374],[-86.95955,36.05382],[-86.95792,36.05364],[-86.9579,36.05379],[-86.95727,36.05373],[-86.95697,36.05359],[-86.95675,36.05402],[-86.95649,36.05368],[-86.95614,36.05349],[-86.95603,36.05353],[-86.95535,36.05297],[-86.95511,36.05301],[-86.9552,36.05263],[-86.9552,36.05254],[-86.95502,36.05224],[-86.95467,36.05211],[-86.95467,36.05208],[-86.95489,36.05185],[-86.95517,36.05151],[-86.9552,36.05151],[-86.95523,36.05151],[-86.9554,36.0513],[-86.95587,36.05062],[-86.95559,36.05051],[-86.95529,36.05043],[-86.95495,36.05032],[-86.95472,36.05024],[-86.95434,36.05013],[-86.95361,36.04996],[-86.95268,36.04983],[-86.95271,36.04967],[-86.95278,36.04923],[-86.95331,36.04934],[-86.95484,36.04967],[-86.95485,36.04886],[-86.95627,36.04912],[-86.95729,36.04931],[-86.95852,36.04954],[-86.95865,36.04874],[-86.95894,36.04658],[-86.95988,36.04655],[-86.96061,36.04665],[-86.96029,36.04553]]]}},{"type":"Feature","properties":{"name":"Montcastle Estates"},"geometry":{"type":"Polygon","coordinates":[[[-86.97582,36.05363],[-86.97663,36.05372],[-86.97649,36.05437],[-86.97637,36.05517],[-86.97622,36.056],[-86.97615,36.05648],[-86.97451,36.05663],[-86.97423,36.05665],[-86.97395,36.05669],[-86.97369,36.05672],[-86.97388,36.05475],[-86.97399,36.05383],[-86.97411,36.0526],[-86.97438,36.05281],[-86.97475,36.05315],[-86.97582,36.05363]]]}},{"type":"Feature","properties":{"name":"Somerset Farms"},"geometry":{"type":"Polygon","coordinates":[[[-86.96471,36.0705],[-86.96511,36.07037],[-86.96559,36.07023],[-86.96623,36.07004],[-86.9665,36.06999],[-86.96685,36.06991],[-86.96754,36.0698],[-86.96798,36.06976],[-86.96853,36.06973],[-86.96921,36.06975],[-86.96892,36.07115],[-86.96861,36.07263],[-86.96837,36.07379],[-86.96816,36.0748],[-86.96764,36.07506],[-86.96745,36.07514],[-86.96678,36.07547],[-86.96622,36.07469],[-86.96468,36.07455],[-86.96455,36.074],[-86.96436,36.07403],[-86.96433,36.07361],[-86.96427,36.07335],[-86.96416,36.07309],[-86.96411,36.07283],[-86.96396,36.07264],[-86.96379,36.0724],[-86.96368,36.07216],[-86.96366,36.07199],[-86.9637,36.07164],[-86.9638,36.07127],[-86.96386,36.07106],[-86.96397,36.0709],[-86.96411,36.07073],[-86.96471,36.0705]]]}},{"type":"Feature","properties":{"name":"Harpeth Trace Estates"},"geometry":{"type":"Polygon","coordinates":[[[-86.89605,36.07159],[-86.89658,36.07108],[-86.89706,36.07058],[-86.8975,36.07009],[-86.89767,36.06988],[-86.90016,36.07032],[-86.89995,36.07155],[-86.89934,36.07187],[-86.89937,36.07265],[-86.89915,36.07326],[-86.89837,36.07361],[-86.89775,36.07403],[-86.89762,36.07428],[-86.89758,36.07467],[-86.89582,36.07455],[-86.8956,36.07635],[-86.89529,36.07865],[-86.89513,36.07996],[-86.89495,36.08124],[-86.89349,36.08097],[-86.89262,36.08043],[-86.89197,36.07984],[-86.89263,36.07932],[-86.89267,36.07873],[-86.8919,36.07798],[-86.89134,36.07818],[-86.89072,36.07863],[-86.89046,36.07894],[-86.88995,36.07902],[-86.89,36.07914],[-86.88951,36.07925],[-86.88937,36.07916],[-86.88926,36.07857],[-86.8893,36.07825],[-86.88936,36.07781],[-86.89006,36.07691],[-86.88956,36.07635],[-86.89085,36.07563],[-86.89169,36.0751],[-86.89235,36.07464],[-86.89334,36.07387],[-86.89397,36.07388],[-86.89441,36.07409],[-86.89563,36.07301],[-86.89668,36.0721],[-86.89605,36.07159]]]}},{"type":"Feature","properties":{"name":"Haynes Heights"},"geometry":{"type":"Polygon","coordinates":[[[-86.79777,36.21154],[-86.7976,36.21137],[-86.79723,36.21105],[-86.79735,36.20963],[-86.79865,36.20969],[-86.80028,36.20975],[-86.80256,36.20983],[-86.8023,36.21076],[-86.80228,36.21089],[-86.80256,36.21093],[-86.80275,36.211],[-86.80293,36.21108],[-86.8033,36.21129],[-86.80345,36.2114],[-86.80365,36.21156],[-86.80384,36.2117],[-86.80406,36.2118],[-86.80426,36.21184],[-86.80477,36.21188],[-86.80482,36.21187],[-86.80565,36.21185],[-86.8056,36.21171],[-86.8057,36.20967],[-86.80841,36.20868],[-86.80816,36.21096],[-86.80831,36.21115],[-86.80808,36.21128],[-86.80794,36.21143],[-86.80779,36.21186],[-86.80767,36.21238],[-86.80764,36.21254],[-86.80756,36.21297],[-86.8075,36.21347],[-86.80843,36.21339],[-86.80845,36.21333],[-86.80901,36.21314],[-86.80945,36.21364],[-86.80936,36.21373],[-86.80979,36.21369],[-86.81033,36.21453],[-86.8108,36.21518],[-86.80948,36.21556],[-86.80931,36.21561],[-86.80988,36.21694],[-86.80986,36.21698],[-86.8079,36.21756],[-86.80721,36.21777],[-86.80664,36.21793],[-86.80597,36.21804],[-86.80532,36.21805],[-86.80355,36.2181],[-86.80255,36.21687],[-86.80252,36.21677],[-86.80181,36.2159],[-86.8013,36.21526],[-86.80044,36.2142],[-86.80042,36.21421],[-86.80015,36.21388],[-86.80001,36.21368],[-86.79971,36.21335],[-86.79933,36.21288],[-86.79887,36.2124],[-86.79828,36.21193],[-86.79777,36.21154]]]}},{"type":"Feature","properties":{"name":"Heritage Square/View"},"geometry":{"type":"Polygon","coordinates":[[[-86.72476,36.27018],[-86.72472,36.27037],[-86.72471,36.27054],[-86.72464,36.2709],[-86.72459,36.27131],[-86.72465,36.27163],[-86.72433,36.27164],[-86.72425,36.2716],[-86.72372,36.27135],[-86.72358,36.27152],[-86.72344,36.27165],[-86.72321,36.27183],[-86.72298,36.27197],[-86.7227,36.2721],[-86.72242,36.27218],[-86.72205,36.27224],[-86.72172,36.27226],[-86.72161,36.27311],[-86.7216,36.27319],[-86.7215,36.27318],[-86.72152,36.27307],[-86.72083,36.27301],[-86.72073,36.27364],[-86.71919,36.27351],[-86.71911,36.27366],[-86.719,36.27377],[-86.71889,36.27391],[-86.71882,36.27402],[-86.71876,36.27419],[-86.71869,36.27452],[-86.7186,36.27497],[-86.71764,36.27488],[-86.71699,36.27482],[-86.71566,36.27471],[-86.71399,36.27456],[-86.71413,36.27326],[-86.71479,36.27333],[-86.71508,36.27335],[-86.71554,36.27336],[-86.7159,36.27338],[-86.71631,36.27342],[-86.71633,36.27329],[-86.71638,36.27179],[-86.7154,36.27083],[-86.7156,36.27062],[-86.71585,36.26867],[-86.71599,36.26868],[-86.71674,36.26874],[-86.71682,36.26784],[-86.71789,36.26794],[-86.7176,36.26982],[-86.71935,36.26996],[-86.7192,36.27094],[-86.72093,36.27109],[-86.72105,36.27013],[-86.7212,36.26914],[-86.72136,36.26807],[-86.72155,36.26677],[-86.72257,36.26686],[-86.72448,36.26703],[-86.72468,36.26705],[-86.7249,36.26659],[-86.72508,36.2662],[-86.72511,36.26606],[-86.72512,36.26594],[-86.72511,36.26583],[-86.72506,36.26563],[-86.72501,36.2655],[-86.72493,36.26538],[-86.72476,36.2652],[-86.72452,36.26502],[-86.72442,36.26492],[-86.72436,36.26482],[-86.72432,36.26471],[-86.72432,36.26468],[-86.72525,36.26468],[-86.72527,36.26498],[-86.7254,36.265],[-86.72563,36.26532],[-86.72579,36.26534],[-86.72576,36.26565],[-86.72572,36.26591],[-86.72569,36.26605],[-86.7255,36.26685],[-86.72539,36.26732],[-86.72531,36.26784],[-86.72511,36.26836],[-86.72524,36.26894],[-86.72509,36.26938],[-86.72521,36.26954],[-86.72507,36.27003],[-86.72476,36.27018]]]}},{"type":"Feature","properties":{"name":"Stonemeade"},"geometry":{"type":"Polygon","coordinates":[[[-86.96157,36.04108],[-86.96179,36.04083],[-86.96253,36.0401],[-86.96382,36.04114],[-86.96448,36.04047],[-86.96468,36.04028],[-86.96504,36.04032],[-86.96549,36.04036],[-86.96693,36.0405],[-86.96698,36.04035],[-86.96699,36.04012],[-86.96953,36.04036],[-86.96944,36.04131],[-86.96964,36.04133],[-86.96948,36.04252],[-86.96809,36.0424],[-86.96796,36.04311],[-86.96777,36.04409],[-86.9677,36.04407],[-86.96687,36.04399],[-86.96604,36.0439],[-86.96563,36.04482],[-86.96574,36.04499],[-86.96557,36.04497],[-86.96386,36.04478],[-86.96217,36.0446],[-86.96271,36.04374],[-86.96335,36.04251],[-86.96288,36.04227],[-86.9613,36.04143],[-86.96157,36.04108]]]}},{"type":"Feature","properties":{"name":"Devonshire"},"geometry":{"type":"Polygon","coordinates":[[[-86.88477,36.04747],[-86.89419,36.04864],[-86.89365,36.05212],[-86.8888,36.05169],[-86.88404,36.05113],[-86.8843,36.04987],[-86.88477,36.04747]]]}},{"type":"Feature","properties":{"name":"Bordeaux"},"geometry":{"type":"Polygon","coordinates":[[[-86.84627,36.18296],[-86.84624,36.18267],[-86.84626,36.18251],[-86.84637,36.1825],[-86.84689,36.1825],[-86.84744,36.18251],[-86.84788,36.18254],[-86.84839,36.18258],[-86.84887,36.18263],[-86.84927,36.1827],[-86.84966,36.18278],[-86.85011,36.18291],[-86.85148,36.18056],[-86.85039,36.17989],[-86.8537,36.17639],[-86.8575,36.17874],[-86.85824,36.17797],[-86.85883,36.17813],[-86.85999,36.17678],[-86.8601,36.17698],[-86.86024,36.17707],[-86.86028,36.17709],[-86.86028,36.17726],[-86.86014,36.17739],[-86.86001,36.17748],[-86.86001,36.1776],[-86.86011,36.17765],[-86.86026,36.17759],[-86.86039,36.17756],[-86.8605,36.17754],[-86.86058,36.17756],[-86.86077,36.17765],[-86.8609,36.17781],[-86.86122,36.1782],[-86.86146,36.17844],[-86.86189,36.17878],[-86.86209,36.17901],[-86.86219,36.17919],[-86.86246,36.17959],[-86.86264,36.17979],[-86.86276,36.17993],[-86.86283,36.18006],[-86.86295,36.18026],[-86.86308,36.18042],[-86.86318,36.1805],[-86.86332,36.18065],[-86.86344,36.18082],[-86.86357,36.18096],[-86.86365,36.18109],[-86.86372,36.18125],[-86.86384,36.18155],[-86.86402,36.18182],[-86.8642,36.18198],[-86.86443,36.18233],[-86.86459,36.18268],[-86.86466,36.18279],[-86.86479,36.18293],[-86.8649,36.18312],[-86.86501,36.18323],[-86.86509,36.18345],[-86.86401,36.18438],[-86.86329,36.18507],[-86.86168,36.18627],[-86.86131,36.18686],[-86.86097,36.18687],[-86.86082,36.1873],[-86.86093,36.1877],[-86.86126,36.18818],[-86.86238,36.18917],[-86.86238,36.1893],[-86.86256,36.19081],[-86.86263,36.19247],[-86.86262,36.19275],[-86.86241,36.19439],[-86.86204,36.1971],[-86.86157,36.20064],[-86.86093,36.20545],[-86.8609,36.20573],[-86.86056,36.20822],[-86.8597,36.20797],[-86.85876,36.20769],[-86.85783,36.20736],[-86.8568,36.20691],[-86.85575,36.20643],[-86.85445,36.20577],[-86.85384,36.20542],[-86.85336,36.20512],[-86.85266,36.20468],[-86.85247,36.20455],[-86.85231,36.20471],[-86.85183,36.20506],[-86.85242,36.20566],[-86.85241,36.20577],[-86.85235,36.20587],[-86.85223,36.20597],[-86.85194,36.2061],[-86.85167,36.20626],[-86.85153,36.20639],[-86.85141,36.20653],[-86.85132,36.20662],[-86.85117,36.20669],[-86.85097,36.20672],[-86.85074,36.20666],[-86.85064,36.20661],[-86.85058,36.20655],[-86.85051,36.20651],[-86.85036,36.20648],[-86.85011,36.20639],[-86.84986,36.20628],[-86.84972,36.20625],[-86.84959,36.20621],[-86.84942,36.20619],[-86.84889,36.20609],[-86.84851,36.20607],[-86.84821,36.20605],[-86.84793,36.20599],[-86.84771,36.20595],[-86.84753,36.2059],[-86.84722,36.20586],[-86.84696,36.20579],[-86.84672,36.20575],[-86.84647,36.20568],[-86.84627,36.20565],[-86.84609,36.20561],[-86.84576,36.20553],[-86.84563,36.20553],[-86.84546,36.20556],[-86.84518,36.2056],[-86.84485,36.20557],[-86.84468,36.20556],[-86.84439,36.20551],[-86.84406,36.2055],[-86.84381,36.20553],[-86.84363,36.20552],[-86.84333,36.20553],[-86.84313,36.2055],[-86.84292,36.20549],[-86.84261,36.20555],[-86.8421,36.20555],[-86.84198,36.20557],[-86.84171,36.20556],[-86.84154,36.20553],[-86.84127,36.20547],[-86.84086,36.20538],[-86.84056,36.20536],[-86.84021,36.20524],[-86.83984,36.20518],[-86.83956,36.20508],[-86.83932,36.20498],[-86.8389,36.2048],[-86.83824,36.20445],[-86.83813,36.20438],[-86.83794,36.20425],[-86.83771,36.20418],[-86.83743,36.20411],[-86.8373,36.20412],[-86.83714,36.20417],[-86.83685,36.20421],[-86.83652,36.20437],[-86.83616,36.20463],[-86.83596,36.20482],[-86.83582,36.20492],[-86.83547,36.20514],[-86.83505,36.20533],[-86.83472,36.2055],[-86.83397,36.20582],[-86.83375,36.20596],[-86.83359,36.20603],[-86.83338,36.20616],[-86.83298,36.20637],[-86.8323,36.20672],[-86.83196,36.20693],[-86.83184,36.20706],[-86.8317,36.20719],[-86.83145,36.20737],[-86.83133,36.20723],[-86.83157,36.20701],[-86.83039,36.20528],[-86.83017,36.20457],[-86.8298,36.20455],[-86.82942,36.20453],[-86.82582,36.20407],[-86.82426,36.20289],[-86.82109,36.20369],[-86.82089,36.20323],[-86.82089,36.20302],[-86.82086,36.20284],[-86.8208,36.20271],[-86.82068,36.20256],[-86.8207,36.20243],[-86.82102,36.20211],[-86.82128,36.20187],[-86.82117,36.20169],[-86.81969,36.19952],[-86.81989,36.19942],[-86.81999,36.1994],[-86.82006,36.1993],[-86.82033,36.19915],[-86.82055,36.19896],[-86.82072,36.19882],[-86.82092,36.1987],[-86.82103,36.19865],[-86.82119,36.19853],[-86.82149,36.1983],[-86.82186,36.19808],[-86.82216,36.19787],[-86.82236,36.1977],[-86.82271,36.19744],[-86.8229,36.19725],[-86.82301,36.19714],[-86.82314,36.19705],[-86.82336,36.19688],[-86.82369,36.19659],[-86.82384,36.19643],[-86.82397,36.19635],[-86.82409,36.19623],[-86.82446,36.19587],[-86.82474,36.19565],[-86.82532,36.19502],[-86.82564,36.19472],[-86.82572,36.19463],[-86.82581,36.19451],[-86.82611,36.19424],[-86.8263,36.19405],[-86.82641,36.19392],[-86.8265,36.19387],[-86.82668,36.19365],[-86.8268,36.1935],[-86.82692,36.19332],[-86.82701,36.19321],[-86.82712,36.19314],[-86.82729,36.19292],[-86.82747,36.1927],[-86.82766,36.19254],[-86.82774,36.19238],[-86.82784,36.19228],[-86.82791,36.19216],[-86.82802,36.19203],[-86.82838,36.19173],[-86.82871,36.19128],[-86.82898,36.19089],[-86.82911,36.19075],[-86.82923,36.19057],[-86.82936,36.19042],[-86.82947,36.19031],[-86.82957,36.1902],[-86.82965,36.19015],[-86.8297,36.19004],[-86.82985,36.1899],[-86.83008,36.1896],[-86.83015,36.18948],[-86.83017,36.18937],[-86.83026,36.18921],[-86.83037,36.18903],[-86.83043,36.18897],[-86.83045,36.18889],[-86.83045,36.18878],[-86.83052,36.18867],[-86.83051,36.18858],[-86.83058,36.18847],[-86.83065,36.18845],[-86.83074,36.1884],[-86.8308,36.18831],[-86.83087,36.18818],[-86.83096,36.18802],[-86.83101,36.18786],[-86.8312,36.18755],[-86.83125,36.18728],[-86.83131,36.18718],[-86.83138,36.18706],[-86.83146,36.18689],[-86.83158,36.18646],[-86.83169,36.18611],[-86.83176,36.18598],[-86.83179,36.18578],[-86.83189,36.18553],[-86.83193,36.1853],[-86.83194,36.18496],[-86.83201,36.18469],[-86.83218,36.18431],[-86.83228,36.18392],[-86.83236,36.18367],[-86.83243,36.18351],[-86.83253,36.18334],[-86.83307,36.18344],[-86.83357,36.18353],[-86.83394,36.18362],[-86.83426,36.18371],[-86.83453,36.18377],[-86.8348,36.18381],[-86.8352,36.18385],[-86.83558,36.18387],[-86.83613,36.18388],[-86.83671,36.18387],[-86.83733,36.18384],[-86.83764,36.18383],[-86.83798,36.18384],[-86.83833,36.18388],[-86.83863,36.1839],[-86.83893,36.18395],[-86.83921,36.184],[-86.83953,36.18408],[-86.83982,36.18416],[-86.84025,36.18431],[-86.8407,36.1845],[-86.84114,36.18471],[-86.84138,36.18485],[-86.84168,36.18504],[-86.84208,36.18535],[-86.84223,36.18546],[-86.84305,36.18611],[-86.84401,36.18687],[-86.84508,36.18773],[-86.84591,36.18838],[-86.84615,36.18818],[-86.84637,36.18681],[-86.84653,36.18681],[-86.84666,36.18639],[-86.84759,36.18641],[-86.84788,36.18587],[-86.84788,36.18565],[-86.84764,36.18533],[-86.84774,36.18511],[-86.84757,36.18476],[-86.84744,36.18453],[-86.84725,36.18423],[-86.84708,36.18405],[-86.84689,36.18384],[-86.8467,36.18376],[-86.84659,36.18346],[-86.8465,36.18348],[-86.84635,36.18313],[-86.8464,36.18304],[-86.84627,36.18296]]]}},{"type":"Feature","properties":{"name":"Maxwell Heights"},"geometry":{"type":"Polygon","coordinates":[[[-86.75482,36.1813],[-86.75487,36.18097],[-86.75515,36.17918],[-86.75524,36.17857],[-86.75524,36.17852],[-86.75373,36.1791],[-86.75316,36.17819],[-86.7554,36.17733],[-86.75674,36.17681],[-86.76118,36.17509],[-86.76312,36.17851],[-86.76285,36.17896],[-86.76267,36.17937],[-86.76228,36.18073],[-86.76206,36.18129],[-86.76164,36.18206],[-86.76093,36.18312],[-86.76044,36.18363],[-86.75929,36.18468],[-86.75843,36.18462],[-86.75816,36.18459],[-86.75719,36.1845],[-86.75696,36.18449],[-86.75514,36.18432],[-86.75463,36.18427],[-86.7544,36.18422],[-86.75225,36.18404],[-86.75076,36.1839],[-86.75084,36.18339],[-86.75078,36.18338],[-86.75111,36.18259],[-86.75114,36.18245],[-86.75022,36.18227],[-86.75032,36.18147],[-86.75039,36.18132],[-86.75047,36.18081],[-86.75263,36.18104],[-86.75262,36.18108],[-86.75339,36.18116],[-86.75482,36.1813]]]}},{"type":"Feature","properties":{"name":"East Glencliff"},"geometry":{"type":"Polygon","coordinates":[[[-86.71261,36.10221],[-86.71343,36.10296],[-86.71398,36.10341],[-86.71446,36.10377],[-86.71519,36.10429],[-86.71616,36.10491],[-86.71677,36.10532],[-86.71774,36.10604],[-86.71864,36.10678],[-86.71903,36.10716],[-86.71943,36.10757],[-86.71596,36.10734],[-86.71564,36.10708],[-86.71525,36.10713],[-86.71512,36.10717],[-86.71466,36.10733],[-86.71447,36.10758],[-86.71441,36.10854],[-86.7145,36.10882],[-86.71488,36.10889],[-86.71513,36.1094],[-86.71532,36.10956],[-86.71561,36.11018],[-86.71542,36.11032],[-86.71511,36.11032],[-86.71475,36.11033],[-86.71432,36.11038],[-86.71389,36.11047],[-86.71334,36.11061],[-86.71264,36.11079],[-86.71235,36.11092],[-86.71229,36.11096],[-86.71172,36.11111],[-86.71159,36.11073],[-86.71099,36.10922],[-86.71057,36.10805],[-86.71043,36.10769],[-86.71019,36.10703],[-86.71046,36.10597],[-86.71057,36.10542],[-86.71078,36.10507],[-86.71096,36.10469],[-86.71106,36.10441],[-86.71109,36.1038],[-86.71129,36.10328],[-86.71148,36.10317],[-86.71225,36.10254],[-86.71261,36.10221]]]}},{"type":"Feature","properties":{"name":"Burton Hills"},"geometry":{"type":"Polygon","coordinates":[[[-86.8171,36.09506],[-86.81706,36.09514],[-86.81693,36.09522],[-86.81661,36.0953],[-86.81633,36.09528],[-86.81607,36.09522],[-86.8157,36.09515],[-86.81541,36.09509],[-86.81501,36.0951],[-86.81464,36.09519],[-86.81453,36.09505],[-86.81442,36.0947],[-86.81478,36.09456],[-86.81506,36.09447],[-86.81556,36.09434],[-86.81598,36.09407],[-86.81613,36.09398],[-86.81636,36.09386],[-86.81613,36.09362],[-86.81628,36.09352],[-86.8163,36.09354],[-86.81627,36.0936],[-86.81629,36.09368],[-86.81633,36.09373],[-86.81642,36.09375],[-86.81651,36.09375],[-86.81656,36.09377],[-86.81664,36.0939],[-86.81669,36.09405],[-86.81675,36.09426],[-86.8168,36.09458],[-86.81688,36.09475],[-86.81701,36.09495],[-86.8171,36.09506]]]}},{"type":"Feature","properties":{"name":"Hillwood Heights"},"geometry":{"type":"Polygon","coordinates":[[[-86.87688,36.14126],[-86.87607,36.14159],[-86.87554,36.14186],[-86.87504,36.14217],[-86.87446,36.14262],[-86.87402,36.14295],[-86.87384,36.1431],[-86.87302,36.14269],[-86.87277,36.14258],[-86.87342,36.14205],[-86.87303,36.14137],[-86.87269,36.14148],[-86.87241,36.14155],[-86.87247,36.14074],[-86.87257,36.14002],[-86.87261,36.13982],[-86.87272,36.13894],[-86.87226,36.13889],[-86.8709,36.13875],[-86.86931,36.13859],[-86.86796,36.13845],[-86.86781,36.13813],[-86.86714,36.13817],[-86.8675,36.1381],[-86.86821,36.13792],[-86.86865,36.13778],[-86.86895,36.13771],[-86.86951,36.13769],[-86.86947,36.13748],[-86.86949,36.13725],[-86.86958,36.13704],[-86.86975,36.13682],[-86.86989,36.1367],[-86.87003,36.13662],[-86.87025,36.1365],[-86.87066,36.1363],[-86.87107,36.13611],[-86.87145,36.1359],[-86.8717,36.13574],[-86.87196,36.13551],[-86.8722,36.13522],[-86.87232,36.135],[-86.87242,36.13474],[-86.87248,36.13444],[-86.87252,36.13428],[-86.8726,36.13413],[-86.87267,36.13407],[-86.87277,36.13408],[-86.87314,36.13422],[-86.87314,36.13425],[-86.87343,36.13437],[-86.8738,36.13463],[-86.87423,36.13502],[-86.87453,36.13522],[-86.87482,36.13537],[-86.8752,36.1355],[-86.87565,36.1356],[-86.87601,36.13573],[-86.87625,36.13588],[-86.87671,36.13626],[-86.87689,36.13636],[-86.87716,36.13655],[-86.87746,36.13673],[-86.87786,36.13695],[-86.87834,36.13722],[-86.87881,36.13747],[-86.87899,36.13759],[-86.87926,36.13781],[-86.87943,36.13804],[-86.87956,36.13823],[-86.87966,36.13843],[-86.87995,36.1388],[-86.88024,36.13908],[-86.88025,36.13915],[-86.88021,36.1392],[-86.87986,36.13947],[-86.87973,36.13959],[-86.87935,36.1399],[-86.87903,36.14014],[-86.87876,36.14038],[-86.87827,36.14075],[-86.87811,36.14061],[-86.87745,36.14098],[-86.87688,36.14126]]]}},{"type":"Feature","properties":{"name":"Huntington Village"},"geometry":{"type":"Polygon","coordinates":[[[-86.81276,36.09045],[-86.81282,36.0904],[-86.81365,36.09045],[-86.81492,36.09057],[-86.81634,36.09069],[-86.8175,36.09079],[-86.81876,36.0909],[-86.81928,36.09091],[-86.81929,36.09218],[-86.81747,36.09205],[-86.81725,36.09174],[-86.81727,36.09147],[-86.81669,36.09142],[-86.81646,36.09157],[-86.81585,36.09152],[-86.81587,36.09153],[-86.81442,36.09142],[-86.81385,36.09185],[-86.81341,36.09151],[-86.81305,36.09123],[-86.8129,36.09106],[-86.8128,36.09088],[-86.81274,36.09061],[-86.81276,36.09045]]]}},{"type":"Feature","properties":{"name":"Kenner Manor"},"geometry":{"type":"Polygon","coordinates":[[[-86.83661,36.11758],[-86.83674,36.11665],[-86.83775,36.11675],[-86.83796,36.11676],[-86.83885,36.11685],[-86.83936,36.11689],[-86.83966,36.11695],[-86.8399,36.11704],[-86.84015,36.11717],[-86.84036,36.11731],[-86.8405,36.11745],[-86.84101,36.118],[-86.84138,36.11841],[-86.84159,36.11863],[-86.8422,36.11929],[-86.84262,36.11901],[-86.84291,36.11883],[-86.84333,36.11925],[-86.84371,36.11965],[-86.84413,36.12009],[-86.8441,36.12011],[-86.84441,36.12044],[-86.84386,36.12077],[-86.84397,36.12088],[-86.84453,36.12055],[-86.8451,36.12115],[-86.84577,36.12074],[-86.84598,36.12104],[-86.84477,36.12176],[-86.84539,36.12242],[-86.84594,36.12208],[-86.8464,36.12262],[-86.84673,36.12299],[-86.84603,36.12341],[-86.84635,36.12377],[-86.84582,36.1241],[-86.84569,36.12396],[-86.84515,36.1243],[-86.84498,36.12439],[-86.84427,36.12482],[-86.84395,36.12442],[-86.8431,36.12337],[-86.84278,36.12298],[-86.8426,36.12276],[-86.84245,36.12256],[-86.84201,36.12202],[-86.84158,36.12149],[-86.84108,36.12089],[-86.84085,36.1206],[-86.84055,36.12022],[-86.84051,36.12006],[-86.8403,36.12004],[-86.83997,36.12],[-86.83954,36.11996],[-86.83927,36.11993],[-86.83853,36.11985],[-86.83864,36.11887],[-86.83797,36.11881],[-86.83812,36.11772],[-86.83661,36.11758]]]}},{"type":"Feature","properties":{"name":"Larkwood"},"geometry":{"type":"Polygon","coordinates":[[[-86.67432,36.14223],[-86.6743,36.14244],[-86.67397,36.1429],[-86.67302,36.14447],[-86.67214,36.14591],[-86.67035,36.14573],[-86.67045,36.145],[-86.66896,36.14484],[-86.66904,36.14432],[-86.66884,36.14416],[-86.66922,36.144],[-86.66976,36.14301],[-86.66971,36.14291],[-86.67117,36.14309],[-86.67139,36.14205],[-86.67271,36.14214],[-86.67432,36.14223]]]}},{"type":"Feature","properties":{"name":"Lombardy"},"geometry":{"type":"Polygon","coordinates":[[[-86.80164,36.11748],[-86.80218,36.11775],[-86.80343,36.11816],[-86.80702,36.11932],[-86.80749,36.11961],[-86.80827,36.1201],[-86.80794,36.12054],[-86.80785,36.12055],[-86.80764,36.12045],[-86.80727,36.12025],[-86.80703,36.12009],[-86.80668,36.11981],[-86.80658,36.11993],[-86.80629,36.12029],[-86.80546,36.11998],[-86.80366,36.11939],[-86.80251,36.11901],[-86.80207,36.11887],[-86.80163,36.11837],[-86.80143,36.118],[-86.80154,36.11789],[-86.80132,36.11772],[-86.80164,36.11748]]]}},{"type":"Feature","properties":{"name":"Merry Oaks"},"geometry":{"type":"Polygon","coordinates":[[[-86.68129,36.16814],[-86.68119,36.16731],[-86.68029,36.16736],[-86.68037,36.16689],[-86.68063,36.16553],[-86.68092,36.16407],[-86.68139,36.16168],[-86.68161,36.1606],[-86.68166,36.16029],[-86.68167,36.16012],[-86.68165,36.15989],[-86.68158,36.15954],[-86.68144,36.15912],[-86.68134,36.15874],[-86.68122,36.15851],[-86.68101,36.15788],[-86.68097,36.15768],[-86.68098,36.15711],[-86.68102,36.15693],[-86.68107,36.15671],[-86.68128,36.15626],[-86.68145,36.15601],[-86.68206,36.15526],[-86.68242,36.15479],[-86.68265,36.15447],[-86.68269,36.15434],[-86.68287,36.15401],[-86.68299,36.15405],[-86.68303,36.15409],[-86.68391,36.15388],[-86.68612,36.15437],[-86.68653,36.15446],[-86.68688,36.15457],[-86.68711,36.15488],[-86.68719,36.15471],[-86.68767,36.15481],[-86.68765,36.15489],[-86.68789,36.15498],[-86.68809,36.155],[-86.68822,36.15512],[-86.6884,36.155],[-86.6885,36.15487],[-86.68879,36.15459],[-86.68905,36.15434],[-86.68989,36.15492],[-86.6905,36.15532],[-86.69097,36.15565],[-86.69122,36.15586],[-86.69141,36.1562],[-86.6917,36.15666],[-86.69181,36.15688],[-86.69186,36.15708],[-86.69185,36.15736],[-86.69184,36.15742],[-86.69173,36.15769],[-86.69159,36.15791],[-86.69133,36.15814],[-86.69108,36.15837],[-86.69074,36.15876],[-86.69024,36.15937],[-86.6902,36.15935],[-86.69008,36.15934],[-86.6897,36.15894],[-86.68951,36.1589],[-86.6893,36.15898],[-86.68919,36.15908],[-86.68905,36.15922],[-86.68881,36.15923],[-86.68876,36.15928],[-86.68874,36.15947],[-86.68866,36.16012],[-86.68844,36.16192],[-86.68836,36.1628],[-86.68955,36.16289],[-86.68891,36.16371],[-86.68881,36.16399],[-86.68825,36.16394],[-86.6882,36.16443],[-86.68723,36.16433],[-86.68712,36.16453],[-86.68716,36.16501],[-86.68721,36.16578],[-86.68721,36.16623],[-86.68719,36.16742],[-86.68618,36.16753],[-86.68404,36.16779],[-86.68222,36.16801],[-86.68213,36.16805],[-86.68129,36.16814]]]}},{"type":"Feature","properties":{"name":"Neighbors Reaching Out"},"geometry":{"type":"Polygon","coordinates":[[[-86.81261,36.15821],[-86.8134,36.1583],[-86.81374,36.15833],[-86.81476,36.15844],[-86.81535,36.1585],[-86.81616,36.15858],[-86.81647,36.1586],[-86.81845,36.1588],[-86.81915,36.15885],[-86.81969,36.16106],[-86.81964,36.16121],[-86.81975,36.16168],[-86.81968,36.16172],[-86.8198,36.1622],[-86.81928,36.16225],[-86.81934,36.16253],[-86.81934,36.16266],[-86.8193,36.1628],[-86.81913,36.16296],[-86.81885,36.16354],[-86.81862,36.16402],[-86.81836,36.16444],[-86.81808,36.1648],[-86.81786,36.16504],[-86.81763,36.16546],[-86.81751,36.16551],[-86.81723,36.16592],[-86.81709,36.16607],[-86.81657,36.16652],[-86.81664,36.16653],[-86.81635,36.16653],[-86.81629,36.16661],[-86.81566,36.16706],[-86.81566,36.16722],[-86.81474,36.16761],[-86.81401,36.16789],[-86.81385,36.16792],[-86.81352,36.16823],[-86.81332,36.16838],[-86.81332,36.16846],[-86.81289,36.16854],[-86.81258,36.16862],[-86.81251,36.16858],[-86.81249,36.16846],[-86.81221,36.16817],[-86.81211,36.16811],[-86.81193,36.16791],[-86.81188,36.16765],[-86.81187,36.16751],[-86.81152,36.16755],[-86.81114,36.16712],[-86.81077,36.1667],[-86.81031,36.16618],[-86.81015,36.166],[-86.80994,36.16573],[-86.80983,36.16558],[-86.80961,36.16519],[-86.8095,36.16494],[-86.80941,36.16469],[-86.80934,36.16451],[-86.80925,36.16412],[-86.80912,36.16365],[-86.80914,36.1635],[-86.80905,36.16307],[-86.80901,36.16305],[-86.80892,36.16261],[-86.80888,36.16248],[-86.80878,36.16205],[-86.80886,36.16204],[-86.80876,36.16156],[-86.80959,36.16144],[-86.80959,36.16128],[-86.80949,36.1608],[-86.80938,36.16031],[-86.80983,36.16037],[-86.80989,36.16024],[-86.80996,36.15973],[-86.8103,36.15977],[-86.81035,36.15938],[-86.81054,36.15923],[-86.81077,36.15915],[-86.81145,36.1588],[-86.81162,36.15874],[-86.81261,36.15821]]]}},{"type":"Feature","properties":{"name":"Woodlawn West"},"geometry":{"type":"Polygon","coordinates":[[[-86.83963,36.12823],[-86.83824,36.12812],[-86.83841,36.12667],[-86.83779,36.12662],[-86.83446,36.12629],[-86.8344,36.12685],[-86.83371,36.12678],[-86.83359,36.12592],[-86.83346,36.12506],[-86.83399,36.12512],[-86.83524,36.12524],[-86.83662,36.12539],[-86.83791,36.12553],[-86.83839,36.12557],[-86.83847,36.12488],[-86.84015,36.12504],[-86.84188,36.12521],[-86.84225,36.12568],[-86.84155,36.12584],[-86.84215,36.12667],[-86.84171,36.1269],[-86.84152,36.12702],[-86.83978,36.12682],[-86.83963,36.12823]],[[-86.83963,36.12823],[-86.83972,36.12823],[-86.83971,36.12826],[-86.83963,36.12823],[-86.83963,36.12823]]]}},{"type":"Feature","properties":{"name":"Pennington Bend"},"geometry":{"type":"Polygon","coordinates":[[[-86.70554,36.21756],[-86.70558,36.21766],[-86.70561,36.21791],[-86.70568,36.21805],[-86.7058,36.21818],[-86.70585,36.21828],[-86.70585,36.21838],[-86.70589,36.21847],[-86.70589,36.21864],[-86.70594,36.21874],[-86.70594,36.21891],[-86.70603,36.21909],[-86.70607,36.21917],[-86.70615,36.21946],[-86.70618,36.21956],[-86.70624,36.21971],[-86.70628,36.21989],[-86.70631,36.22022],[-86.70639,36.2205],[-86.70645,36.22064],[-86.70646,36.22079],[-86.70645,36.22088],[-86.70646,36.22097],[-86.70654,36.22106],[-86.70659,36.22118],[-86.70659,36.22128],[-86.70661,36.22139],[-86.70661,36.22153],[-86.70664,36.22165],[-86.70668,36.22178],[-86.70669,36.22189],[-86.70669,36.222],[-86.70673,36.2221],[-86.70674,36.2222],[-86.70679,36.2223],[-86.70681,36.22243],[-86.70689,36.22267],[-86.70687,36.22276],[-86.70692,36.22293],[-86.70697,36.22303],[-86.70703,36.22317],[-86.70709,36.22351],[-86.70714,36.2238],[-86.70722,36.22405],[-86.70729,36.22429],[-86.70735,36.22453],[-86.70746,36.22483],[-86.70758,36.22508],[-86.70766,36.22525],[-86.70768,36.22541],[-86.7077,36.22568],[-86.70786,36.22603],[-86.7079,36.22623],[-86.70801,36.22639],[-86.70805,36.22649],[-86.70799,36.22654],[-86.70804,36.22669],[-86.70808,36.22677],[-86.70817,36.22684],[-86.7082,36.22694],[-86.70831,36.22715],[-86.70836,36.22726],[-86.70841,36.22742],[-86.70852,36.22769],[-86.7086,36.22792],[-86.70871,36.22801],[-86.70879,36.22814],[-86.70889,36.22841],[-86.70887,36.22855],[-86.70881,36.22868],[-86.70878,36.22874],[-86.70879,36.22882],[-86.70903,36.22889],[-86.70927,36.22898],[-86.70931,36.22913],[-86.7094,36.22926],[-86.7095,36.22938],[-86.70955,36.22955],[-86.7096,36.22964],[-86.70972,36.22977],[-86.70988,36.23004],[-86.70994,36.23009],[-86.70995,36.23015],[-86.71003,36.2303],[-86.71016,36.2305],[-86.71019,36.23063],[-86.7103,36.2308],[-86.71054,36.23117],[-86.71064,36.23137],[-86.71082,36.23167],[-86.71092,36.2318],[-86.71097,36.23191],[-86.71102,36.23207],[-86.71115,36.23229],[-86.71122,36.23243],[-86.71127,36.23261],[-86.7107,36.23279],[-86.71066,36.23251],[-86.71058,36.23218],[-86.71051,36.23194],[-86.71031,36.23151],[-86.71009,36.23114],[-86.70983,36.23071],[-86.70949,36.23016],[-86.7092,36.22974],[-86.70894,36.22941],[-86.70871,36.22913],[-86.7085,36.22879],[-86.70828,36.22832],[-86.70805,36.22779],[-86.70771,36.22695],[-86.70766,36.22688],[-86.70744,36.22637],[-86.7073,36.22606],[-86.70721,36.22583],[-86.70716,36.2256],[-86.70708,36.22532],[-86.70697,36.22492],[-86.7068,36.22431],[-86.70667,36.22378],[-86.70655,36.22329],[-86.70644,36.22279],[-86.70631,36.2223],[-86.70602,36.22131],[-86.70576,36.22052],[-86.70545,36.21954],[-86.7051,36.2187],[-86.70497,36.21831],[-86.70466,36.21766],[-86.70498,36.21765],[-86.70554,36.21756]]]}},{"type":"Feature","properties":{"name":"Quail Valley"},"geometry":{"type":"Polygon","coordinates":[[[-86.6376,36.13484],[-86.63784,36.13504],[-86.63808,36.13522],[-86.63853,36.13478],[-86.63908,36.1351],[-86.63882,36.13543],[-86.63896,36.1357],[-86.63876,36.13596],[-86.63861,36.13692],[-86.63849,36.13765],[-86.63846,36.13784],[-86.63855,36.13806],[-86.63829,36.13829],[-86.63845,36.13866],[-86.63813,36.13894],[-86.63806,36.13926],[-86.63796,36.13981],[-86.63811,36.13985],[-86.63796,36.14073],[-86.63779,36.14174],[-86.63761,36.14166],[-86.63744,36.14152],[-86.63732,36.14137],[-86.63718,36.14111],[-86.63697,36.14072],[-86.63678,36.14044],[-86.63656,36.14018],[-86.63641,36.13999],[-86.63596,36.13948],[-86.63627,36.13931],[-86.63624,36.13919],[-86.6362,36.13909],[-86.63647,36.13872],[-86.63631,36.1386],[-86.63654,36.13837],[-86.63669,36.13825],[-86.63643,36.13803],[-86.6367,36.13779],[-86.63687,36.13791],[-86.63731,36.13753],[-86.63749,36.13738],[-86.63742,36.13718],[-86.63759,36.13617],[-86.63763,36.13595],[-86.63777,36.13555],[-86.63712,36.13498],[-86.63721,36.13472],[-86.63732,36.13466],[-86.63741,36.13465],[-86.6376,36.13484]]]}},{"type":"Feature","properties":{"name":"Salemtown"},"geometry":{"type":"Polygon","coordinates":[[[-86.78941,36.1821],[-86.78944,36.18205],[-86.79032,36.18139],[-86.7912,36.18075],[-86.79136,36.18065],[-86.79156,36.18055],[-86.7939,36.17951],[-86.79508,36.17901],[-86.79542,36.17951],[-86.79613,36.18059],[-86.79625,36.18072],[-86.79696,36.18181],[-86.79736,36.18242],[-86.79753,36.18268],[-86.79764,36.18296],[-86.79768,36.18314],[-86.7977,36.18328],[-86.79769,36.1835],[-86.79766,36.18362],[-86.79753,36.18369],[-86.79738,36.18402],[-86.79729,36.18416],[-86.79725,36.18421],[-86.79696,36.18422],[-86.79647,36.18491],[-86.79784,36.18595],[-86.79823,36.18626],[-86.79828,36.18773],[-86.79826,36.18783],[-86.79815,36.18791],[-86.79755,36.18805],[-86.79742,36.18811],[-86.79713,36.18818],[-86.79652,36.18833],[-86.79617,36.18838],[-86.79592,36.18838],[-86.79546,36.18831],[-86.7953,36.18826],[-86.79504,36.18813],[-86.79486,36.18801],[-86.79411,36.1874],[-86.79353,36.18695],[-86.79271,36.18626],[-86.79132,36.1851],[-86.79123,36.18502],[-86.79043,36.18378],[-86.79012,36.1833],[-86.79001,36.18308],[-86.78941,36.1821]]]}},{"type":"Feature","properties":{"name":"Renraw"},"geometry":{"type":"Polygon","coordinates":[[[-86.74449,36.19278],[-86.74584,36.19291],[-86.75217,36.19343],[-86.7521,36.19414],[-86.75214,36.19427],[-86.75208,36.19488],[-86.75206,36.19506],[-86.75225,36.19556],[-86.75191,36.19588],[-86.75152,36.19627],[-86.7511,36.19676],[-86.75081,36.19715],[-86.75028,36.19797],[-86.74996,36.19851],[-86.74948,36.19834],[-86.74934,36.19826],[-86.74805,36.1978],[-86.74676,36.19735],[-86.74628,36.19719],[-86.74557,36.19694],[-86.74471,36.19664],[-86.74385,36.19634],[-86.74333,36.19616],[-86.74381,36.19527],[-86.74385,36.19514],[-86.74329,36.19494],[-86.74385,36.19393],[-86.74449,36.19278]]]}},{"type":"Feature","properties":{"name":"Cambridge Forest"},"geometry":{"type":"Polygon","coordinates":[[[-86.64523,36.06505],[-86.64538,36.06484],[-86.64537,36.06472],[-86.64541,36.06449],[-86.64544,36.06418],[-86.64543,36.06399],[-86.64539,36.06372],[-86.6452,36.06318],[-86.64618,36.06328],[-86.64703,36.06336],[-86.64831,36.06349],[-86.64859,36.0636],[-86.64917,36.06382],[-86.65029,36.06424],[-86.65013,36.06488],[-86.65,36.06555],[-86.64997,36.06601],[-86.65141,36.06612],[-86.65161,36.06614],[-86.65301,36.06743],[-86.65391,36.06826],[-86.65397,36.06831],[-86.65418,36.0684],[-86.65446,36.06867],[-86.65435,36.06879],[-86.65572,36.06959],[-86.6568,36.07024],[-86.65671,36.07081],[-86.65631,36.07078],[-86.65618,36.07075],[-86.65572,36.07072],[-86.65562,36.07062],[-86.65476,36.0708],[-86.65411,36.07093],[-86.6534,36.07086],[-86.65189,36.07073],[-86.65068,36.0706],[-86.64975,36.0705],[-86.64915,36.07044],[-86.64805,36.07031],[-86.64665,36.07016],[-86.64575,36.06995],[-86.64567,36.06955],[-86.64559,36.06895],[-86.64544,36.06857],[-86.64529,36.06827],[-86.64518,36.06791],[-86.64504,36.06761],[-86.64491,36.06742],[-86.64478,36.06728],[-86.64461,36.06715],[-86.64408,36.06677],[-86.64405,36.06669],[-86.64413,36.06658],[-86.64419,36.06647],[-86.64435,36.0663],[-86.64488,36.06575],[-86.64509,36.0654],[-86.64519,36.06521],[-86.64523,36.06505]]]}},{"type":"Feature","properties":{"name":"Nocturne Forest"},"geometry":{"type":"Polygon","coordinates":[[[-86.80819,36.2107],[-86.80842,36.20867],[-86.80905,36.20844],[-86.81033,36.20871],[-86.81205,36.20907],[-86.81252,36.20918],[-86.81233,36.20898],[-86.81324,36.20862],[-86.81334,36.20872],[-86.81349,36.20883],[-86.81375,36.209],[-86.81489,36.20952],[-86.8124,36.21068],[-86.81225,36.21076],[-86.81059,36.2115],[-86.80933,36.21209],[-86.80822,36.2126],[-86.80769,36.21229],[-86.80775,36.21201],[-86.80794,36.21143],[-86.80801,36.21135],[-86.80831,36.21115],[-86.80824,36.21108],[-86.80817,36.21095],[-86.80819,36.2107]]]}},{"type":"Feature","properties":{"name":"Christiansted Valley"},"geometry":{"type":"Polygon","coordinates":[[[-86.73002,36.0235],[-86.73169,36.0237],[-86.73153,36.02469],[-86.73227,36.02477],[-86.7331,36.02485],[-86.73307,36.025],[-86.73436,36.02513],[-86.73458,36.0237],[-86.73747,36.02398],[-86.73716,36.02632],[-86.73634,36.02666],[-86.73589,36.02663],[-86.73315,36.02645],[-86.72965,36.02621],[-86.72961,36.02652],[-86.72546,36.02562],[-86.72561,36.02439],[-86.7256,36.02396],[-86.72789,36.0241],[-86.72787,36.02434],[-86.7299,36.0244],[-86.73002,36.0235]]]}},{"type":"Feature","properties":{"name":"Bridle Downs"},"geometry":{"type":"Polygon","coordinates":[[[-86.71308,36.03339],[-86.71306,36.03332],[-86.71296,36.03267],[-86.71411,36.03278],[-86.71537,36.03289],[-86.71544,36.03211],[-86.71556,36.0304],[-86.716,36.02994],[-86.71671,36.02943],[-86.71729,36.02974],[-86.71766,36.02993],[-86.71827,36.03034],[-86.71914,36.03115],[-86.71941,36.03165],[-86.71965,36.03232],[-86.71999,36.03329],[-86.71764,36.03312],[-86.71658,36.03305],[-86.71578,36.03299],[-86.71555,36.03319],[-86.7148,36.03402],[-86.71395,36.0335],[-86.71381,36.03353],[-86.7136,36.03355],[-86.71323,36.03358],[-86.71308,36.03339]]]}},{"type":"Feature","properties":{"name":"Brentwood Downs"},"geometry":{"type":"Polygon","coordinates":[[[-86.74385,36.04449],[-86.74179,36.04436],[-86.74178,36.04478],[-86.73869,36.04462],[-86.73804,36.04378],[-86.73784,36.04365],[-86.73789,36.04223],[-86.74028,36.04236],[-86.74389,36.04256],[-86.74393,36.04303],[-86.74394,36.04342],[-86.74385,36.04449]]]}},{"type":"Feature","properties":{"name":"Inglewood"},"geometry":{"type":"Polygon","coordinates":[[[-86.72208,36.23159],[-86.72206,36.23117],[-86.72185,36.23113],[-86.72131,36.23108],[-86.7215,36.23401],[-86.72005,36.23399],[-86.71968,36.23408],[-86.71957,36.2341],[-86.71925,36.23409],[-86.71877,36.2341],[-86.71901,36.23491],[-86.71865,36.23508],[-86.71773,36.23552],[-86.71749,36.23566],[-86.71716,36.23588],[-86.71688,36.23605],[-86.71687,36.23624],[-86.71681,36.23641],[-86.71671,36.2365],[-86.71659,36.23663],[-86.71658,36.23685],[-86.71661,36.23714],[-86.71655,36.23723],[-86.71638,36.23735],[-86.71636,36.23768],[-86.71629,36.23793],[-86.71374,36.23767],[-86.71385,36.23709],[-86.71393,36.2364],[-86.71397,36.23601],[-86.7139,36.23556],[-86.71383,36.23498],[-86.71379,36.2346],[-86.71375,36.23436],[-86.71363,36.23396],[-86.71356,36.23368],[-86.7135,36.23331],[-86.7134,36.23297],[-86.71327,36.23251],[-86.7132,36.23225],[-86.71298,36.23158],[-86.71279,36.23108],[-86.71243,36.23041],[-86.71204,36.22971],[-86.7118,36.22932],[-86.71151,36.22897],[-86.71135,36.22868],[-86.71129,36.22856],[-86.71121,36.22844],[-86.71104,36.2282],[-86.71085,36.22778],[-86.71064,36.22714],[-86.71007,36.22612],[-86.70971,36.22611],[-86.7096,36.22581],[-86.70955,36.22571],[-86.70954,36.22558],[-86.70943,36.22523],[-86.7093,36.22489],[-86.7093,36.22479],[-86.70924,36.22471],[-86.70922,36.22455],[-86.70905,36.22413],[-86.70902,36.22402],[-86.70888,36.22341],[-86.70881,36.22308],[-86.70876,36.22286],[-86.70869,36.22264],[-86.70864,36.22245],[-86.70862,36.22225],[-86.70855,36.22199],[-86.70852,36.22182],[-86.70847,36.22167],[-86.70842,36.22145],[-86.70841,36.22123],[-86.70829,36.22071],[-86.70823,36.22046],[-86.70821,36.22028],[-86.70814,36.22006],[-86.70808,36.21976],[-86.70802,36.21956],[-86.708,36.2194],[-86.70795,36.21929],[-86.70794,36.21918],[-86.70789,36.21909],[-86.70785,36.21893],[-86.70783,36.21885],[-86.70781,36.21867],[-86.70775,36.21853],[-86.7077,36.21841],[-86.70766,36.21816],[-86.70772,36.21783],[-86.70762,36.21776],[-86.70753,36.21765],[-86.70739,36.21737],[-86.70729,36.21718],[-86.70732,36.21703],[-86.70708,36.21678],[-86.70697,36.21659],[-86.70689,36.21643],[-86.7068,36.21632],[-86.70664,36.21607],[-86.7066,36.21599],[-86.70654,36.21586],[-86.70643,36.21574],[-86.70633,36.21565],[-86.70619,36.21537],[-86.70595,36.21503],[-86.70581,36.21486],[-86.70544,36.21436],[-86.70531,36.21421],[-86.70523,36.21413],[-86.70514,36.21396],[-86.70499,36.21377],[-86.70472,36.21349],[-86.70454,36.21332],[-86.70422,36.21308],[-86.70398,36.21287],[-86.70378,36.21264],[-86.70326,36.21214],[-86.70304,36.21186],[-86.70288,36.21168],[-86.70219,36.21082],[-86.70199,36.21057],[-86.7019,36.21046],[-86.70174,36.2102],[-86.70166,36.21006],[-86.70158,36.20998],[-86.70149,36.20984],[-86.70138,36.20965],[-86.70126,36.20953],[-86.70119,36.20937],[-86.70092,36.20903],[-86.70084,36.20888],[-86.70076,36.20869],[-86.70068,36.2085],[-86.70037,36.20799],[-86.70006,36.20742],[-86.69992,36.20703],[-86.6998,36.20672],[-86.69961,36.20638],[-86.69948,36.20617],[-86.69936,36.20598],[-86.69914,36.20558],[-86.6991,36.20545],[-86.69899,36.20531],[-86.69882,36.20499],[-86.6987,36.20503],[-86.69862,36.20485],[-86.69855,36.20468],[-86.69843,36.20441],[-86.69827,36.20403],[-86.69815,36.20381],[-86.69807,36.20374],[-86.69793,36.20349],[-86.69772,36.20312],[-86.69733,36.20252],[-86.69722,36.20236],[-86.69718,36.20223],[-86.69708,36.20213],[-86.69688,36.20182],[-86.6968,36.20163],[-86.69664,36.20138],[-86.69639,36.201],[-86.69619,36.20068],[-86.69809,36.20057],[-86.7002,36.20044],[-86.70269,36.20029],[-86.70282,36.19898],[-86.70398,36.19926],[-86.70491,36.19948],[-86.70613,36.20001],[-86.70675,36.20033],[-86.70708,36.20046],[-86.70836,36.20136],[-86.70881,36.20166],[-86.70899,36.20196],[-86.70931,36.20232],[-86.70972,36.20207],[-86.71004,36.20241],[-86.71072,36.20202],[-86.71144,36.20159],[-86.71196,36.2013],[-86.71272,36.20085],[-86.71294,36.20072],[-86.71296,36.20075],[-86.71326,36.20061],[-86.71324,36.20058],[-86.71352,36.2006],[-86.7142,36.20065],[-86.71642,36.20082],[-86.71772,36.20091],[-86.71938,36.20103],[-86.72198,36.20121],[-86.72266,36.20126],[-86.72294,36.20122],[-86.72351,36.20127],[-86.7233,36.20292],[-86.72336,36.20309],[-86.72284,36.20331],[-86.72297,36.20352],[-86.72311,36.20365],[-86.72355,36.20347],[-86.72381,36.20384],[-86.72412,36.20372],[-86.72476,36.20409],[-86.72528,36.20386],[-86.72536,36.20388],[-86.72563,36.20432],[-86.72559,36.20499],[-86.72568,36.20497],[-86.72566,36.20519],[-86.72562,36.20542],[-86.72546,36.20542],[-86.72545,36.20564],[-86.72537,36.20586],[-86.72526,36.20605],[-86.72516,36.20617],[-86.7251,36.20634],[-86.72514,36.20634],[-86.72507,36.20684],[-86.72473,36.20681],[-86.7247,36.2067],[-86.72428,36.20676],[-86.72408,36.20676],[-86.72362,36.20673],[-86.72352,36.20728],[-86.72385,36.20778],[-86.72396,36.20776],[-86.72415,36.20815],[-86.72431,36.20852],[-86.72455,36.20845],[-86.72481,36.20843],[-86.72497,36.20846],[-86.72511,36.20853],[-86.72574,36.20881],[-86.72669,36.20894],[-86.72868,36.20919],[-86.72996,36.2094],[-86.73085,36.20954],[-86.73117,36.20959],[-86.73098,36.21055],[-86.73093,36.21071],[-86.73176,36.21082],[-86.73166,36.21138],[-86.7317,36.21138],[-86.7316,36.21166],[-86.7314,36.21191],[-86.73114,36.21204],[-86.73041,36.21307],[-86.73023,36.21322],[-86.73012,36.21376],[-86.73009,36.21376],[-86.72998,36.21435],[-86.72963,36.21446],[-86.72925,36.21501],[-86.72901,36.21498],[-86.72886,36.21553],[-86.72875,36.21569],[-86.72832,36.21626],[-86.72804,36.21618],[-86.72795,36.2165],[-86.72829,36.21664],[-86.72773,36.21756],[-86.72767,36.21769],[-86.72745,36.21806],[-86.72738,36.21803],[-86.7272,36.21838],[-86.72712,36.2185],[-86.72674,36.21921],[-86.72664,36.21932],[-86.72687,36.21945],[-86.72651,36.21988],[-86.72629,36.21978],[-86.72616,36.22003],[-86.7265,36.22019],[-86.7263,36.22057],[-86.72633,36.22061],[-86.72621,36.22089],[-86.72616,36.22103],[-86.72584,36.22165],[-86.72559,36.22155],[-86.72542,36.2218],[-86.72498,36.22247],[-86.72488,36.22259],[-86.72514,36.22268],[-86.72479,36.22331],[-86.72555,36.22352],[-86.7255,36.22408],[-86.72553,36.22424],[-86.72542,36.22524],[-86.7254,36.22538],[-86.72485,36.22524],[-86.72468,36.22567],[-86.72455,36.22565],[-86.72421,36.22555],[-86.72317,36.2254],[-86.72319,36.22523],[-86.72114,36.22513],[-86.72116,36.22489],[-86.71977,36.22473],[-86.71959,36.22435],[-86.7194,36.22425],[-86.71907,36.22437],[-86.7187,36.22351],[-86.71708,36.22337],[-86.71543,36.22324],[-86.7133,36.22306],[-86.71313,36.22303],[-86.71305,36.22336],[-86.71297,36.2237],[-86.7119,36.22381],[-86.71147,36.22394],[-86.71181,36.2248],[-86.71182,36.22555],[-86.71196,36.22568],[-86.71192,36.22624],[-86.71443,36.22644],[-86.71588,36.22656],[-86.71781,36.22671],[-86.71891,36.2268],[-86.72016,36.2269],[-86.72067,36.22694],[-86.72401,36.22715],[-86.72521,36.22723],[-86.72501,36.22918],[-86.72398,36.22911],[-86.72389,36.2298],[-86.72391,36.22994],[-86.7243,36.22997],[-86.72427,36.2303],[-86.72388,36.23028],[-86.72386,36.23055],[-86.72423,36.23057],[-86.72417,36.23112],[-86.72427,36.23126],[-86.72422,36.23182],[-86.72405,36.2318],[-86.72406,36.23172],[-86.72208,36.23159]]]}},{"type":"Feature","properties":{"name":"Sheffield on the Harpeth"},"geometry":{"type":"Polygon","coordinates":[[[-86.97498,36.0609],[-86.97515,36.06092],[-86.97553,36.06076],[-86.97551,36.06095],[-86.97669,36.06077],[-86.978,36.06057],[-86.97852,36.0605],[-86.979,36.06043],[-86.97974,36.06211],[-86.9795,36.06386],[-86.97665,36.06503],[-86.97641,36.06503],[-86.97505,36.06549],[-86.97459,36.06566],[-86.97374,36.06632],[-86.9737,36.06628],[-86.9737,36.06622],[-86.97371,36.06617],[-86.97374,36.06609],[-86.97366,36.06603],[-86.97344,36.06593],[-86.97324,36.06584],[-86.97305,36.06573],[-86.97284,36.06564],[-86.97214,36.06523],[-86.97198,36.0651],[-86.97188,36.06503],[-86.97173,36.06495],[-86.97153,36.06481],[-86.97142,36.06475],[-86.97133,36.06469],[-86.97124,36.06467],[-86.9711,36.06463],[-86.97097,36.06461],[-86.97087,36.06461],[-86.97074,36.06457],[-86.97056,36.06453],[-86.97043,36.0645],[-86.97041,36.06448],[-86.96959,36.06445],[-86.96966,36.06249],[-86.97075,36.06252],[-86.97075,36.062],[-86.97074,36.06104],[-86.97091,36.06087],[-86.97077,36.06074],[-86.97072,36.06067],[-86.9707,36.06058],[-86.97069,36.06044],[-86.97085,36.06044],[-86.97349,36.06074],[-86.97407,36.0608],[-86.97498,36.0609]]]}},{"type":"Feature","properties":{"name":"South Hampton"},"geometry":{"type":"Polygon","coordinates":[[[-86.96157,36.06509],[-86.96148,36.0652],[-86.96102,36.06598],[-86.96097,36.06599],[-86.96067,36.06597],[-86.96063,36.06635],[-86.96053,36.06648],[-86.96049,36.06688],[-86.96046,36.06697],[-86.95946,36.06685],[-86.95826,36.06672],[-86.9577,36.06666],[-86.95779,36.06614],[-86.95821,36.0657],[-86.95872,36.06544],[-86.95858,36.06523],[-86.95814,36.06539],[-86.95799,36.06513],[-86.95788,36.06494],[-86.95762,36.06464],[-86.95747,36.06456],[-86.95722,36.06445],[-86.95644,36.06422],[-86.95617,36.06412],[-86.95583,36.06396],[-86.95552,36.06381],[-86.95541,36.06375],[-86.95518,36.06373],[-86.95462,36.06395],[-86.95432,36.06348],[-86.95405,36.06309],[-86.95389,36.06288],[-86.95365,36.06271],[-86.95339,36.06253],[-86.95311,36.06237],[-86.95292,36.06227],[-86.95311,36.06205],[-86.95497,36.06222],[-86.95684,36.06238],[-86.957,36.0624],[-86.95748,36.06244],[-86.95831,36.06249],[-86.95951,36.06258],[-86.96246,36.06267],[-86.96229,36.06385],[-86.96157,36.06509]]]}},{"type":"Feature","properties":{"name":"Whites Bend"},"geometry":{"type":"Polygon","coordinates":[[[-86.92714,36.1316],[-86.92711,36.1318],[-86.92731,36.1318],[-86.9289,36.13193],[-86.93176,36.13218],[-86.93235,36.13212],[-86.9331,36.13195],[-86.93486,36.13098],[-86.93582,36.131],[-86.93654,36.13129],[-86.9395,36.12857],[-86.94172,36.1288],[-86.94182,36.12806],[-86.94269,36.12814],[-86.94215,36.12716],[-86.94137,36.12647],[-86.9406,36.12577],[-86.93943,36.12516],[-86.93898,36.12491],[-86.93853,36.12476],[-86.93746,36.12437],[-86.93652,36.12386],[-86.9364,36.12385],[-86.93591,36.12233],[-86.93532,36.12244],[-86.93488,36.1211],[-86.93615,36.12082],[-86.93732,36.12055],[-86.9385,36.12027],[-86.93885,36.12018],[-86.93914,36.12008],[-86.93988,36.11991],[-86.94044,36.1198],[-86.94132,36.11965],[-86.94172,36.11961],[-86.94207,36.11962],[-86.94241,36.11961],[-86.94265,36.11957],[-86.94285,36.11953],[-86.9433,36.11941],[-86.94376,36.1193],[-86.94442,36.11918],[-86.94485,36.11912],[-86.94557,36.11905],[-86.94595,36.11903],[-86.94674,36.11905],[-86.94743,36.11906],[-86.94831,36.11904],[-86.94905,36.11905],[-86.94987,36.11904],[-86.95073,36.11901],[-86.95177,36.11898],[-86.95269,36.11894],[-86.95356,36.11885],[-86.95435,36.11871],[-86.95493,36.11856],[-86.95557,36.11839],[-86.95656,36.11813],[-86.95773,36.11783],[-86.95801,36.11777],[-86.95825,36.11778],[-86.95861,36.11785],[-86.95896,36.11789],[-86.9593,36.1179],[-86.95961,36.11789],[-86.96001,36.11784],[-86.96045,36.11774],[-86.9608,36.11762],[-86.96114,36.11755],[-86.96146,36.11755],[-86.96169,36.11759],[-86.96196,36.11763],[-86.9623,36.11765],[-86.96268,36.11763],[-86.96305,36.11758],[-86.96335,36.11752],[-86.96365,36.11743],[-86.96435,36.11723],[-86.96482,36.11709],[-86.96504,36.11706],[-86.96517,36.11706],[-86.96544,36.1171],[-86.96566,36.11718],[-86.96589,36.11734],[-86.966,36.11748],[-86.96608,36.11766],[-86.96614,36.11776],[-86.96624,36.11788],[-86.96639,36.11799],[-86.96657,36.11806],[-86.96677,36.11809],[-86.96714,36.11808],[-86.96756,36.11807],[-86.96779,36.11808],[-86.96806,36.11816],[-86.96825,36.11829],[-86.96844,36.11837],[-86.96871,36.11842],[-86.96899,36.11842],[-86.96923,36.11845],[-86.96945,36.11852],[-86.96962,36.11861],[-86.96979,36.11874],[-86.9699,36.11889],[-86.97005,36.1192],[-86.97006,36.11929],[-86.97011,36.11949],[-86.97013,36.11966],[-86.97014,36.11977],[-86.97018,36.11989],[-86.97027,36.11999],[-86.97041,36.12006],[-86.97058,36.12007],[-86.97079,36.12005],[-86.97099,36.12001],[-86.97133,36.1199],[-86.97173,36.1197],[-86.97216,36.11953],[-86.97238,36.11946],[-86.97268,36.11939],[-86.97301,36.11933],[-86.97342,36.1193],[-86.97394,36.11931],[-86.97428,36.11934],[-86.97455,36.11938],[-86.9748,36.11937],[-86.97502,36.11929],[-86.97518,36.1192],[-86.97532,36.11905],[-86.9755,36.11889],[-86.97573,36.11877],[-86.97596,36.11871],[-86.97616,36.11869],[-86.9764,36.11871],[-86.97665,36.11879],[-86.97685,36.1189],[-86.97709,36.1191],[-86.97734,36.11926],[-86.9777,36.11943],[-86.97804,36.11953],[-86.97829,36.11965],[-86.9785,36.11983],[-86.9786,36.11997],[-86.97887,36.12033],[-86.9792,36.12072],[-86.97955,36.12107],[-86.97981,36.12133],[-86.98023,36.12171],[-86.98052,36.1219],[-86.98085,36.12203],[-86.98118,36.1221],[-86.98152,36.12211],[-86.982,36.12206],[-86.98223,36.12206],[-86.98285,36.12204],[-86.9833,36.12203],[-86.98361,36.12205],[-86.98402,36.12207],[-86.98456,36.12212],[-86.98491,36.12216],[-86.98504,36.12218],[-86.98515,36.12216],[-86.98526,36.12212],[-86.98535,36.12206],[-86.98542,36.12193],[-86.98542,36.12181],[-86.98536,36.1216],[-86.98535,36.1213],[-86.98538,36.12114],[-86.98547,36.12094],[-86.98558,36.12077],[-86.98572,36.12062],[-86.98592,36.12047],[-86.9862,36.12033],[-86.98646,36.12026],[-86.98669,36.12023],[-86.9871,36.12021],[-86.98736,36.12016],[-86.98758,36.12007],[-86.98779,36.11993],[-86.98792,36.11981],[-86.98804,36.11964],[-86.98814,36.11944],[-86.98831,36.11927],[-86.98856,36.11911],[-86.98872,36.11906],[-86.98892,36.11902],[-86.98921,36.11902],[-86.98941,36.11905],[-86.9897,36.11918],[-86.98991,36.11934],[-86.99016,36.11966],[-86.99025,36.11981],[-86.99032,36.11994],[-86.9904,36.12003],[-86.99058,36.12013],[-86.99078,36.12015],[-86.99095,36.12013],[-86.99122,36.1201],[-86.99152,36.12013],[-86.99184,36.12023],[-86.992,36.12028],[-86.99217,36.12031],[-86.99237,36.12032],[-86.99251,36.1203],[-86.99271,36.12026],[-86.99302,36.12013],[-86.99324,36.11994],[-86.99352,36.11976],[-86.99381,36.11962],[-86.99396,36.11961],[-86.99444,36.11955],[-86.99474,36.11954],[-86.99512,36.11955],[-86.99546,36.11958],[-86.99584,36.11959],[-86.99615,36.11957],[-86.99642,36.11953],[-86.99662,36.11948],[-86.99687,36.1194],[-86.99729,36.11925],[-86.99768,36.11916],[-86.99819,36.11909],[-86.99892,36.11903],[-86.99952,36.11895],[-87.00012,36.11885],[-87.00071,36.11871],[-87.00134,36.11855],[-87.00193,36.11838],[-87.00231,36.11829],[-87.00265,36.11817],[-87.00294,36.11802],[-87.00331,36.11825],[-87.00387,36.11856],[-87.00423,36.11875],[-87.00451,36.11887],[-87.00491,36.11904],[-87.0054,36.11921],[-87.00615,36.1194],[-87.0067,36.11951],[-87.00719,36.11958],[-87.00766,36.11961],[-87.0081,36.11961],[-87.00752,36.12008],[-87.00655,36.12091],[-87.00545,36.12179],[-87.00439,36.12268],[-87.00305,36.12378],[-87.00158,36.12503],[-87.00013,36.12624],[-86.99917,36.12703],[-86.99794,36.12801],[-86.99715,36.13289],[-86.99588,36.1405],[-86.99576,36.14112],[-86.99564,36.14199],[-86.99537,36.14386],[-86.99495,36.14686],[-86.99457,36.14927],[-86.99431,36.15094],[-86.99384,36.15386],[-86.99339,36.15677],[-86.99298,36.15932],[-86.99279,36.16045],[-86.99266,36.16115],[-86.99208,36.16478],[-86.99183,36.16639],[-86.9916,36.16796],[-86.99146,36.16889],[-86.99125,36.1702],[-86.99101,36.17137],[-86.99076,36.1727],[-86.9877,36.18853],[-86.98707,36.19187],[-86.98661,36.19419],[-86.98613,36.19677],[-86.98431,36.20614],[-86.98379,36.20882],[-86.98359,36.20877],[-86.98341,36.20874],[-86.98321,36.20867],[-86.98305,36.20864],[-86.98292,36.20863],[-86.98282,36.2086],[-86.98265,36.20858],[-86.98262,36.20852],[-86.98268,36.20844],[-86.98274,36.20836],[-86.9827,36.20828],[-86.98273,36.20819],[-86.98285,36.20816],[-86.98299,36.20809],[-86.98301,36.20806],[-86.98289,36.20805],[-86.98276,36.20809],[-86.98266,36.20806],[-86.9826,36.208],[-86.98253,36.20794],[-86.98247,36.20794],[-86.98239,36.20799],[-86.98237,36.20809],[-86.98246,36.20824],[-86.98252,36.20832],[-86.98252,36.20839],[-86.98246,36.20844],[-86.98232,36.20849],[-86.98215,36.20846],[-86.98205,36.20842],[-86.98184,36.2084],[-86.98166,36.20836],[-86.98149,36.20831],[-86.98044,36.20817],[-86.9803,36.20811],[-86.98017,36.2081],[-86.98003,36.20807],[-86.97989,36.20803],[-86.97964,36.208],[-86.97945,36.20802],[-86.97931,36.20802],[-86.97907,36.20795],[-86.97873,36.20792],[-86.97858,36.2079],[-86.97838,36.20786],[-86.9781,36.20784],[-86.97788,36.20777],[-86.97776,36.20771],[-86.97758,36.20758],[-86.97753,36.2075],[-86.97744,36.20748],[-86.97746,36.20763],[-86.97752,36.20774],[-86.97751,36.20781],[-86.97744,36.20782],[-86.97732,36.2078],[-86.97715,36.20775],[-86.9769,36.20773],[-86.97652,36.20768],[-86.97626,36.20769],[-86.97613,36.20765],[-86.97601,36.20763],[-86.97593,36.20767],[-86.97577,36.20767],[-86.97569,36.20764],[-86.97555,36.20764],[-86.97527,36.20767],[-86.9743,36.20761],[-86.97356,36.20752],[-86.97291,36.2075],[-86.97266,36.20748],[-86.97244,36.20744],[-86.972,36.20742],[-86.97159,36.20738],[-86.97134,36.20738],[-86.97098,36.20734],[-86.97047,36.20729],[-86.97014,36.20726],[-86.96988,36.20727],[-86.96958,36.2073],[-86.96921,36.2073],[-86.96898,36.20731],[-86.96872,36.20727],[-86.96847,36.20729],[-86.96827,36.20734],[-86.96779,36.20735],[-86.96721,36.2073],[-86.96672,36.2073],[-86.96637,36.20731],[-86.96612,36.20728],[-86.96599,36.20727],[-86.96581,36.20723],[-86.96557,36.20724],[-86.96527,36.20722],[-86.96505,36.20716],[-86.96486,36.20706],[-86.96479,36.20707],[-86.96473,36.20715],[-86.96455,36.20713],[-86.96445,36.20709],[-86.96435,36.20703],[-86.9643,36.20689],[-86.96405,36.20688],[-86.96394,36.20691],[-86.96289,36.2068],[-86.96255,36.20667],[-86.96197,36.20656],[-86.96175,36.20648],[-86.96163,36.20642],[-86.96149,36.20637],[-86.96026,36.206],[-86.95958,36.20583],[-86.95922,36.20569],[-86.95897,36.20564],[-86.95874,36.20562],[-86.95849,36.20556],[-86.95796,36.20546],[-86.95754,36.20535],[-86.95727,36.20528],[-86.95691,36.20526],[-86.95668,36.20521],[-86.95627,36.20514],[-86.95604,36.20514],[-86.95579,36.2051],[-86.95555,36.20509],[-86.95515,36.20507],[-86.9548,36.20503],[-86.95426,36.20492],[-86.95348,36.20492],[-86.95316,36.20485],[-86.95286,36.20477],[-86.95249,36.20475],[-86.9522,36.2047],[-86.95185,36.2046],[-86.95141,36.20443],[-86.95106,36.20433],[-86.95078,36.20422],[-86.95063,36.20415],[-86.95042,36.20406],[-86.95012,36.20396],[-86.94985,36.20383],[-86.94966,36.20371],[-86.94945,36.20358],[-86.94922,36.20345],[-86.94902,36.20335],[-86.94879,36.20323],[-86.94863,36.20311],[-86.94842,36.20293],[-86.94818,36.20278],[-86.94769,36.20246],[-86.94747,36.20226],[-86.94718,36.20199],[-86.94693,36.20176],[-86.94679,36.20167],[-86.94655,36.20146],[-86.94613,36.20108],[-86.94594,36.20092],[-86.94509,36.20026],[-86.94448,36.19968],[-86.94409,36.19933],[-86.94398,36.19922],[-86.94385,36.1991],[-86.94355,36.19875],[-86.94327,36.19832],[-86.943,36.19779],[-86.94283,36.19735],[-86.94276,36.19706],[-86.94266,36.19668],[-86.94256,36.19635],[-86.94247,36.19607],[-86.94237,36.19586],[-86.94234,36.19544],[-86.94234,36.19518],[-86.94232,36.19501],[-86.94227,36.19488],[-86.94227,36.19458],[-86.94228,36.19421],[-86.94227,36.19407],[-86.94229,36.19389],[-86.94229,36.19364],[-86.94228,36.19351],[-86.94225,36.19345],[-86.94223,36.19317],[-86.94223,36.19286],[-86.94225,36.19273],[-86.94226,36.19259],[-86.94225,36.19216],[-86.94235,36.19173],[-86.94239,36.19112],[-86.94244,36.19072],[-86.94241,36.1898],[-86.94257,36.18926],[-86.94255,36.18896],[-86.94252,36.18876],[-86.94261,36.18838],[-86.94262,36.18795],[-86.94262,36.1878],[-86.94266,36.18756],[-86.94269,36.18722],[-86.94282,36.18695],[-86.94296,36.18669],[-86.94309,36.18637],[-86.94322,36.18599],[-86.9433,36.18572],[-86.94335,36.18544],[-86.94339,36.18515],[-86.94343,36.18463],[-86.94342,36.18423],[-86.94345,36.18406],[-86.94342,36.18386],[-86.94342,36.1832],[-86.94343,36.1828],[-86.9434,36.18193],[-86.94335,36.18111],[-86.9433,36.18057],[-86.94325,36.18026],[-86.94315,36.17954],[-86.94315,36.1794],[-86.94312,36.17914],[-86.94308,36.17885],[-86.94302,36.17859],[-86.94292,36.17818],[-86.94283,36.17786],[-86.94276,36.17746],[-86.94277,36.17721],[-86.94278,36.17702],[-86.9428,36.1768],[-86.94285,36.17658],[-86.94287,36.17628],[-86.94281,36.17548],[-86.94274,36.17435],[-86.94274,36.1742],[-86.94273,36.17411],[-86.94269,36.17399],[-86.94269,36.17381],[-86.94273,36.17364],[-86.94271,36.17352],[-86.94264,36.17338],[-86.9426,36.17324],[-86.94266,36.17311],[-86.9427,36.17289],[-86.94269,36.17252],[-86.94266,36.17219],[-86.94262,36.17199],[-86.94263,36.17175],[-86.94259,36.17109],[-86.94259,36.17079],[-86.9426,36.17065],[-86.94259,36.17051],[-86.94256,36.17031],[-86.94251,36.17015],[-86.94254,36.16992],[-86.94257,36.16964],[-86.94258,36.16912],[-86.9426,36.16886],[-86.94259,36.16862],[-86.94259,36.16849],[-86.94262,36.16838],[-86.94259,36.16806],[-86.9426,36.16762],[-86.94259,36.16728],[-86.94262,36.16716],[-86.94262,36.16704],[-86.94268,36.16686],[-86.94275,36.16679],[-86.94274,36.16657],[-86.94272,36.16648],[-86.94274,36.16643],[-86.94273,36.16613],[-86.94277,36.16598],[-86.94275,36.16568],[-86.94267,36.16558],[-86.94263,36.16542],[-86.94255,36.16452],[-86.94253,36.16433],[-86.94235,36.16334],[-86.94214,36.16263],[-86.94203,36.16228],[-86.94201,36.16209],[-86.94196,36.1619],[-86.94191,36.16161],[-86.94185,36.16133],[-86.94177,36.16102],[-86.94167,36.16075],[-86.94154,36.1604],[-86.9415,36.16022],[-86.94142,36.15989],[-86.94136,36.15967],[-86.94126,36.1592],[-86.94123,36.15895],[-86.94121,36.15886],[-86.94117,36.1588],[-86.94114,36.15861],[-86.94113,36.15835],[-86.94108,36.15815],[-86.94108,36.15796],[-86.94109,36.15739],[-86.94108,36.1571],[-86.94111,36.15678],[-86.94112,36.15644],[-86.9411,36.15603],[-86.94111,36.15584],[-86.94099,36.15518],[-86.94093,36.15493],[-86.94079,36.15454],[-86.94068,36.15424],[-86.94056,36.15407],[-86.94046,36.15387],[-86.94036,36.15366],[-86.94007,36.15321],[-86.93953,36.1525],[-86.9395,36.15244],[-86.93946,36.15236],[-86.93933,36.15223],[-86.93914,36.15208],[-86.93894,36.15189],[-86.93882,36.15174],[-86.93871,36.15164],[-86.93858,36.15156],[-86.93835,36.15136],[-86.93823,36.1512],[-86.93804,36.15097],[-86.93769,36.15066],[-86.93727,36.15033],[-86.93696,36.15011],[-86.93685,36.14983],[-86.93656,36.14974],[-86.93641,36.14967],[-86.9363,36.1496],[-86.93606,36.14934],[-86.93583,36.14912],[-86.93563,36.14899],[-86.93549,36.14885],[-86.93537,36.14864],[-86.93529,36.14855],[-86.9352,36.1485],[-86.93496,36.14831],[-86.93491,36.14825],[-86.93481,36.14818],[-86.93449,36.14792],[-86.93439,36.14781],[-86.93423,36.14766],[-86.93408,36.14748],[-86.93394,36.14734],[-86.9337,36.14718],[-86.93358,36.14704],[-86.9335,36.14691],[-86.93314,36.14646],[-86.93305,36.14638],[-86.93294,36.14622],[-86.93251,36.1457],[-86.93247,36.14563],[-86.93241,36.1456],[-86.93223,36.14542],[-86.93216,36.14529],[-86.93197,36.14516],[-86.93188,36.14507],[-86.93184,36.14498],[-86.93165,36.14482],[-86.9313,36.14435],[-86.9311,36.14409],[-86.93087,36.14379],[-86.93068,36.1435],[-86.93059,36.1433],[-86.93027,36.14279],[-86.93019,36.14267],[-86.93001,36.14232],[-86.9297,36.14205],[-86.92943,36.14177],[-86.92904,36.14128],[-86.92889,36.14108],[-86.92864,36.14075],[-86.92848,36.14061],[-86.92822,36.14043],[-86.92778,36.14002],[-86.92738,36.13967],[-86.92668,36.1392],[-86.9264,36.13899],[-86.92617,36.13881],[-86.92598,36.1387],[-86.92568,36.13857],[-86.92781,36.13398],[-86.92746,36.13381],[-86.92712,36.13363],[-86.92677,36.13341],[-86.92647,36.13318],[-86.92622,36.13294],[-86.92633,36.13283],[-86.92643,36.13268],[-86.92653,36.13247],[-86.92668,36.13222],[-86.92686,36.13195],[-86.92714,36.1316]]]}},{"type":"Feature","properties":{"name":"Bells Bend"},"geometry":{"type":"Polygon","coordinates":[[[-86.94042,36.19031],[-86.94039,36.19091],[-86.94036,36.19118],[-86.9403,36.19141],[-86.9403,36.19155],[-86.94034,36.1917],[-86.94034,36.19186],[-86.94032,36.19202],[-86.94025,36.19219],[-86.94023,36.19241],[-86.94028,36.1928],[-86.94026,36.19309],[-86.94022,36.1935],[-86.94027,36.19377],[-86.94026,36.19399],[-86.94022,36.19418],[-86.94022,36.19438],[-86.9403,36.19457],[-86.94032,36.19468],[-86.94033,36.19502],[-86.94037,36.19524],[-86.94037,36.19559],[-86.9404,36.19576],[-86.94051,36.19617],[-86.9406,36.1967],[-86.94069,36.19695],[-86.94077,36.1972],[-86.9408,36.19746],[-86.94087,36.19767],[-86.941,36.19802],[-86.94122,36.19834],[-86.94143,36.1986],[-86.94168,36.19887],[-86.94183,36.19906],[-86.94196,36.1993],[-86.94211,36.19949],[-86.94232,36.19968],[-86.94258,36.19993],[-86.94272,36.20013],[-86.94288,36.20028],[-86.9431,36.20046],[-86.94336,36.2007],[-86.94359,36.20087],[-86.9438,36.20098],[-86.94409,36.20117],[-86.9443,36.20135],[-86.94482,36.20184],[-86.94488,36.20195],[-86.9449,36.20202],[-86.94486,36.20211],[-86.9446,36.20218],[-86.94524,36.20311],[-86.94379,36.20271],[-86.94259,36.2029],[-86.94138,36.20275],[-86.94043,36.203],[-86.94044,36.20357],[-86.93969,36.20386],[-86.93961,36.20398],[-86.93951,36.20403],[-86.93939,36.20421],[-86.93925,36.20432],[-86.93905,36.20438],[-86.93901,36.20429],[-86.93889,36.20433],[-86.93863,36.20439],[-86.93852,36.20439],[-86.93838,36.20433],[-86.93819,36.20428],[-86.9379,36.20429],[-86.93774,36.20428],[-86.93726,36.20429],[-86.93708,36.20427],[-86.93693,36.20423],[-86.93673,36.20419],[-86.93655,36.20418],[-86.93641,36.20421],[-86.93623,36.2042],[-86.93607,36.20426],[-86.93601,36.20436],[-86.93602,36.20449],[-86.93602,36.20455],[-86.93598,36.20467],[-86.93587,36.20478],[-86.93581,36.20491],[-86.93577,36.20499],[-86.93573,36.20506],[-86.93562,36.20509],[-86.93536,36.20511],[-86.9351,36.20509],[-86.93458,36.20504],[-86.93399,36.20506],[-86.93333,36.20509],[-86.93318,36.20516],[-86.93314,36.20525],[-86.93316,36.20539],[-86.93326,36.20554],[-86.93329,36.20567],[-86.93326,36.20578],[-86.93316,36.20592],[-86.93298,36.20602],[-86.93276,36.20611],[-86.93256,36.20612],[-86.9324,36.20607],[-86.93226,36.20604],[-86.93215,36.20606],[-86.93199,36.20614],[-86.93185,36.20627],[-86.93174,36.20634],[-86.93161,36.20638],[-86.93137,36.2064],[-86.93122,36.20646],[-86.93108,36.20659],[-86.93089,36.20666],[-86.93072,36.20666],[-86.93046,36.20658],[-86.93027,36.20657],[-86.93007,36.20657],[-86.92971,36.20661],[-86.9294,36.20663],[-86.92923,36.20671],[-86.92907,36.20679],[-86.92888,36.20689],[-86.92868,36.20708],[-86.92858,36.20722],[-86.92848,36.20723],[-86.92801,36.20589],[-86.9273,36.20418],[-86.92426,36.20406],[-86.92404,36.20378],[-86.92437,36.20352],[-86.92329,36.20227],[-86.9227,36.20082],[-86.92186,36.20008],[-86.92176,36.19923],[-86.9216,36.19888],[-86.92143,36.19854],[-86.92127,36.19817],[-86.9204,36.19731],[-86.91921,36.19563],[-86.91822,36.19572],[-86.91778,36.19568],[-86.91765,36.19613],[-86.91711,36.19606],[-86.91635,36.19581],[-86.91552,36.19584],[-86.91472,36.19557],[-86.91325,36.19481],[-86.91336,36.19451],[-86.91343,36.19418],[-86.91346,36.19399],[-86.91356,36.19369],[-86.91367,36.19342],[-86.91372,36.1932],[-86.91373,36.19291],[-86.91377,36.19273],[-86.91377,36.19261],[-86.91375,36.19219],[-86.91378,36.19188],[-86.91383,36.1916],[-86.91385,36.19135],[-86.91386,36.19103],[-86.91386,36.19087],[-86.9139,36.19077],[-86.91386,36.19067],[-86.91386,36.19046],[-86.91389,36.19031],[-86.91389,36.19007],[-86.91386,36.18976],[-86.91379,36.18943],[-86.91373,36.1892],[-86.91363,36.18898],[-86.9135,36.18876],[-86.91348,36.18868],[-86.91341,36.1886],[-86.91332,36.18844],[-86.91325,36.18821],[-86.91292,36.18755],[-86.91286,36.18744],[-86.91275,36.18734],[-86.91251,36.18691],[-86.91241,36.18669],[-86.91238,36.18654],[-86.91229,36.18639],[-86.91214,36.18619],[-86.91141,36.1851],[-86.91122,36.18474],[-86.91105,36.18445],[-86.9109,36.18429],[-86.91053,36.18393],[-86.91032,36.18369],[-86.91027,36.18367],[-86.91018,36.18353],[-86.91004,36.18339],[-86.90987,36.18321],[-86.90961,36.183],[-86.90912,36.1825],[-86.90902,36.18236],[-86.9089,36.18223],[-86.90881,36.18206],[-86.90868,36.18193],[-86.90855,36.18184],[-86.90829,36.18157],[-86.90817,36.18143],[-86.90807,36.18134],[-86.90797,36.18124],[-86.90788,36.18113],[-86.90777,36.18103],[-86.90765,36.18088],[-86.90734,36.18039],[-86.90701,36.17991],[-86.90674,36.17962],[-86.90585,36.1784],[-86.90566,36.17807],[-86.90575,36.17795],[-86.90564,36.17793],[-86.90553,36.17784],[-86.90536,36.17748],[-86.90493,36.17717],[-86.90476,36.17696],[-86.9046,36.17669],[-86.90442,36.17651],[-86.90432,36.17642],[-86.90429,36.17636],[-86.90426,36.17607],[-86.90391,36.17608],[-86.90383,36.17598],[-86.90361,36.17584],[-86.90346,36.17575],[-86.90326,36.17563],[-86.90309,36.17542],[-86.90283,36.17522],[-86.90266,36.17511],[-86.90248,36.17504],[-86.90208,36.17484],[-86.90156,36.17448],[-86.90136,36.17433],[-86.90101,36.17414],[-86.90076,36.17402],[-86.90045,36.17392],[-86.90027,36.17382],[-86.89995,36.17362],[-86.89967,36.17341],[-86.89951,36.17326],[-86.89929,36.17312],[-86.89915,36.17301],[-86.89868,36.17267],[-86.89854,36.17251],[-86.89833,36.17235],[-86.89809,36.17214],[-86.89798,36.17203],[-86.89769,36.17187],[-86.89746,36.17174],[-86.89728,36.1716],[-86.89718,36.17148],[-86.89706,36.17138],[-86.89694,36.1713],[-86.89687,36.17126],[-86.89671,36.17114],[-86.89666,36.17099],[-86.89653,36.17082],[-86.89637,36.17076],[-86.89618,36.17066],[-86.89603,36.17054],[-86.89599,36.17037],[-86.89592,36.17024],[-86.8958,36.17013],[-86.89564,36.17003],[-86.89527,36.16979],[-86.89514,36.16961],[-86.89496,36.16944],[-86.89482,36.16933],[-86.89481,36.16925],[-86.89495,36.16898],[-86.89482,36.16894],[-86.89461,36.16879],[-86.89398,36.16833],[-86.89341,36.16782],[-86.8931,36.16749],[-86.8927,36.16702],[-86.89253,36.1668],[-86.89207,36.16629],[-86.89146,36.16555],[-86.89102,36.16496],[-86.89055,36.16425],[-86.89032,36.16385],[-86.88997,36.16319],[-86.88958,36.16225],[-86.88941,36.16177],[-86.88921,36.16109],[-86.88904,36.16046],[-86.88896,36.16009],[-86.88887,36.15952],[-86.88888,36.15896],[-86.88889,36.15873],[-86.8889,36.15857],[-86.88885,36.15846],[-86.88884,36.15826],[-86.88885,36.15798],[-86.88891,36.15765],[-86.88897,36.15746],[-86.88903,36.15719],[-86.88908,36.15682],[-86.8891,36.15663],[-86.8891,36.15652],[-86.88913,36.15621],[-86.88919,36.15605],[-86.88926,36.15583],[-86.88926,36.15558],[-86.88923,36.15538],[-86.88919,36.15528],[-86.88919,36.15511],[-86.88923,36.15503],[-86.88928,36.15493],[-86.88937,36.15473],[-86.88943,36.15454],[-86.88944,36.15443],[-86.88953,36.15416],[-86.88963,36.15373],[-86.88977,36.15308],[-86.88985,36.15266],[-86.88987,36.15254],[-86.88987,36.15246],[-86.88992,36.15213],[-86.89015,36.15154],[-86.89013,36.15104],[-86.89017,36.15078],[-86.89025,36.15047],[-86.89036,36.15018],[-86.89042,36.14994],[-86.89046,36.14967],[-86.8905,36.14938],[-86.89059,36.14918],[-86.89063,36.14909],[-86.89068,36.14899],[-86.89072,36.14885],[-86.89073,36.14875],[-86.89083,36.14839],[-86.891,36.14791],[-86.89135,36.1472],[-86.89137,36.1472],[-86.8914,36.14699],[-86.89149,36.14687],[-86.89154,36.14676],[-86.89164,36.14658],[-86.89169,36.14649],[-86.89171,36.14625],[-86.8918,36.14601],[-86.89177,36.1459],[-86.89189,36.14566],[-86.8919,36.14559],[-86.89197,36.14548],[-86.89205,36.14525],[-86.89208,36.14509],[-86.89224,36.14475],[-86.89234,36.14456],[-86.89238,36.14448],[-86.89241,36.14433],[-86.8925,36.14415],[-86.89256,36.14401],[-86.89267,36.14395],[-86.89274,36.14381],[-86.89276,36.14373],[-86.89284,36.14361],[-86.89295,36.14337],[-86.89319,36.14307],[-86.89329,36.14284],[-86.89343,36.14267],[-86.89362,36.14245],[-86.89365,36.14233],[-86.89389,36.14205],[-86.89405,36.14188],[-86.89422,36.14173],[-86.89434,36.14163],[-86.8945,36.14143],[-86.89466,36.14132],[-86.89479,36.14117],[-86.895,36.14101],[-86.89518,36.14084],[-86.89536,36.14071],[-86.89553,36.14059],[-86.89578,36.14041],[-86.89586,36.14032],[-86.89596,36.14016],[-86.89608,36.14003],[-86.89619,36.13995],[-86.89629,36.13985],[-86.8964,36.1398],[-86.89652,36.13972],[-86.89675,36.13957],[-86.89697,36.13943],[-86.89709,36.13934],[-86.89714,36.13927],[-86.89728,36.13914],[-86.8975,36.13902],[-86.89755,36.13895],[-86.89767,36.13889],[-86.89777,36.13885],[-86.89805,36.13877],[-86.89831,36.13862],[-86.89859,36.13841],[-86.89876,36.1383],[-86.89896,36.13814],[-86.89903,36.13809],[-86.89912,36.13805],[-86.89945,36.13793],[-86.89967,36.13785],[-86.8999,36.13773],[-86.90016,36.13759],[-86.90041,36.13746],[-86.90063,36.13736],[-86.90084,36.1373],[-86.90121,36.13719],[-86.90138,36.13711],[-86.90179,36.13703],[-86.90208,36.13695],[-86.90221,36.13689],[-86.90234,36.13682],[-86.90252,36.13677],[-86.90263,36.13674],[-86.9028,36.13672],[-86.90327,36.13668],[-86.90361,36.13657],[-86.90385,36.13652],[-86.9041,36.1365],[-86.90426,36.13644],[-86.90439,36.13642],[-86.90452,36.13642],[-86.90466,36.13642],[-86.90491,36.13634],[-86.90516,36.13634],[-86.90572,36.13624],[-86.90617,36.13624],[-86.90653,36.13619],[-86.90693,36.13618],[-86.90753,36.13619],[-86.90799,36.13623],[-86.90827,36.13623],[-86.90851,36.13626],[-86.90898,36.13627],[-86.90947,36.1364],[-86.90989,36.13652],[-86.91006,36.13656],[-86.91021,36.13662],[-86.91058,36.13674],[-86.91087,36.13673],[-86.91145,36.13682],[-86.9116,36.13685],[-86.91173,36.13686],[-86.91192,36.13689],[-86.91234,36.13702],[-86.91271,36.13708],[-86.91326,36.13711],[-86.9142,36.1373],[-86.91472,36.13738],[-86.9151,36.14135],[-86.91548,36.14549],[-86.91559,36.14675],[-86.91571,36.14767],[-86.91625,36.14775],[-86.91677,36.1479],[-86.91726,36.14811],[-86.91769,36.14838],[-86.91803,36.14865],[-86.91832,36.14897],[-86.91855,36.14931],[-86.9187,36.14962],[-86.91921,36.1511],[-86.91949,36.15187],[-86.92017,36.15378],[-86.92064,36.15505],[-86.9208,36.15538],[-86.92103,36.15578],[-86.92138,36.15626],[-86.92173,36.15664],[-86.92199,36.15688],[-86.92237,36.15719],[-86.92315,36.15779],[-86.92343,36.15802],[-86.92375,36.15832],[-86.92399,36.15858],[-86.92417,36.15883],[-86.9244,36.15918],[-86.92458,36.15951],[-86.92668,36.15972],[-86.93388,36.16042],[-86.93988,36.16093],[-86.93994,36.16109],[-86.93996,36.1614],[-86.94004,36.16173],[-86.9401,36.16195],[-86.94016,36.16235],[-86.94018,36.16261],[-86.94023,36.16279],[-86.94024,36.16293],[-86.9403,36.16317],[-86.94037,36.1633],[-86.94048,36.16354],[-86.94051,36.16377],[-86.94056,36.16387],[-86.94061,36.16421],[-86.94064,36.16441],[-86.94066,36.16461],[-86.94074,36.16503],[-86.94077,36.16536],[-86.94079,36.16573],[-86.94081,36.1659],[-86.94083,36.16624],[-86.9409,36.16679],[-86.94089,36.16701],[-86.94086,36.16721],[-86.94087,36.16753],[-86.94086,36.16779],[-86.94086,36.16814],[-86.94087,36.1683],[-86.94088,36.16837],[-86.94085,36.16845],[-86.94081,36.1685],[-86.94079,36.16934],[-86.94075,36.16955],[-86.94078,36.16983],[-86.94074,36.17015],[-86.94072,36.17043],[-86.94075,36.17052],[-86.94075,36.17103],[-86.94077,36.1712],[-86.94075,36.17286],[-86.94073,36.17384],[-86.94074,36.17404],[-86.94078,36.17417],[-86.94072,36.17422],[-86.94067,36.17423],[-86.94049,36.17413],[-86.9403,36.17404],[-86.94013,36.17397],[-86.94,36.17394],[-86.93986,36.17395],[-86.9398,36.17397],[-86.9397,36.17397],[-86.9396,36.17394],[-86.93952,36.1739],[-86.93945,36.17383],[-86.93943,36.17387],[-86.93949,36.17394],[-86.93957,36.174],[-86.93963,36.17402],[-86.93974,36.17404],[-86.93984,36.17403],[-86.93994,36.17403],[-86.94011,36.17406],[-86.94025,36.1741],[-86.94037,36.17416],[-86.94046,36.17421],[-86.9406,36.17433],[-86.94069,36.17445],[-86.9407,36.17453],[-86.94068,36.17467],[-86.94071,36.17481],[-86.94075,36.175],[-86.94072,36.17528],[-86.94078,36.17572],[-86.94079,36.17624],[-86.9408,36.17665],[-86.94086,36.17703],[-86.94097,36.1775],[-86.941,36.17791],[-86.94091,36.17831],[-86.94091,36.17858],[-86.94095,36.17884],[-86.94109,36.17922],[-86.94128,36.17974],[-86.94132,36.18011],[-86.94136,36.18055],[-86.94139,36.1809],[-86.94136,36.18135],[-86.94133,36.18151],[-86.94137,36.18183],[-86.94144,36.18213],[-86.94149,36.18245],[-86.94142,36.18271],[-86.94139,36.18302],[-86.94143,36.18352],[-86.94142,36.18383],[-86.94137,36.18416],[-86.94135,36.18461],[-86.94137,36.18506],[-86.94136,36.18519],[-86.94131,36.18541],[-86.94133,36.18571],[-86.94126,36.18593],[-86.94117,36.18631],[-86.94111,36.18664],[-86.94104,36.18699],[-86.94093,36.18735],[-86.9409,36.18754],[-86.94087,36.18761],[-86.94088,36.18769],[-86.94087,36.18786],[-86.94082,36.18808],[-86.94075,36.18832],[-86.94065,36.18876],[-86.94057,36.18914],[-86.94051,36.18955],[-86.94044,36.19011],[-86.94042,36.19031]]]}},{"type":"Feature","properties":{"name":"Ensworth"},"geometry":{"type":"Polygon","coordinates":[[[-86.83919,36.12064],[-86.83933,36.11993],[-86.84051,36.12006],[-86.84055,36.12022],[-86.84116,36.12098],[-86.84214,36.12219],[-86.84236,36.12245],[-86.84186,36.1224],[-86.84178,36.1232],[-86.83998,36.12302],[-86.83981,36.12301],[-86.83965,36.12403],[-86.83953,36.12481],[-86.83945,36.12484],[-86.83858,36.12475],[-86.83781,36.12468],[-86.83788,36.12413],[-86.83781,36.12412],[-86.83781,36.12406],[-86.83786,36.12371],[-86.83796,36.12304],[-86.8378,36.123],[-86.83787,36.1229],[-86.83797,36.12275],[-86.83801,36.12264],[-86.83803,36.12245],[-86.83806,36.12229],[-86.83816,36.1223],[-86.83821,36.12203],[-86.83825,36.12165],[-86.83815,36.12165],[-86.83824,36.12091],[-86.83824,36.12081],[-86.83827,36.12076],[-86.83829,36.12059],[-86.83919,36.12064]]]}},{"type":"Feature","properties":{"name":"Hanover Park"},"geometry":{"type":"Polygon","coordinates":[[[-86.97348,36.05876],[-86.97404,36.05877],[-86.97421,36.05877],[-86.97581,36.0588],[-86.97553,36.06076],[-86.97514,36.06092],[-86.97405,36.06082],[-86.97387,36.06079],[-86.97085,36.06044],[-86.97091,36.05996],[-86.97101,36.05919],[-86.97107,36.0587],[-86.97224,36.05872],[-86.97348,36.05876]]]}},{"type":"Feature","properties":{"name":"Jackson Grove"},"geometry":{"type":"Polygon","coordinates":[[[-86.58989,36.1868],[-86.59147,36.18679],[-86.59353,36.18647],[-86.59346,36.1868],[-86.59337,36.18759],[-86.59271,36.18753],[-86.59262,36.18834],[-86.59324,36.18842],[-86.59315,36.18902],[-86.59306,36.18906],[-86.59216,36.18894],[-86.59064,36.18872],[-86.5908,36.18742],[-86.59058,36.18722],[-86.58983,36.18716],[-86.58989,36.1868]]]}},{"type":"Feature","properties":{"name":"Montague"},"geometry":{"type":"Polygon","coordinates":[[[-86.70278,36.24616],[-86.70289,36.24621],[-86.70304,36.24625],[-86.70319,36.24625],[-86.70335,36.24629],[-86.70346,36.2463],[-86.70354,36.24628],[-86.70362,36.24626],[-86.7037,36.24621],[-86.70395,36.24609],[-86.70412,36.24601],[-86.70441,36.24588],[-86.70458,36.24581],[-86.7047,36.24573],[-86.7048,36.2457],[-86.70517,36.24553],[-86.7053,36.24545],[-86.70549,36.24538],[-86.70573,36.24531],[-86.70588,36.24522],[-86.70608,36.24506],[-86.70621,36.24498],[-86.70634,36.24494],[-86.70652,36.24488],[-86.70669,36.2448],[-86.70702,36.24458],[-86.70727,36.2444],[-86.70749,36.24424],[-86.70765,36.24417],[-86.70777,36.2441],[-86.7079,36.24398],[-86.70806,36.24379],[-86.70816,36.24371],[-86.70827,36.24364],[-86.70856,36.24351],[-86.7088,36.24335],[-86.70904,36.24314],[-86.7092,36.24305],[-86.70929,36.24297],[-86.7094,36.24287],[-86.70949,36.24278],[-86.70958,36.24271],[-86.70964,36.24264],[-86.7098,36.24254],[-86.71,36.24239],[-86.71019,36.24219],[-86.71039,36.242],[-86.71059,36.24186],[-86.71081,36.24165],[-86.71092,36.24153],[-86.71108,36.2414],[-86.71124,36.24127],[-86.71141,36.24111],[-86.71172,36.24091],[-86.71184,36.24098],[-86.71186,36.24154],[-86.71189,36.24172],[-86.7122,36.24193],[-86.71226,36.2418],[-86.71273,36.24137],[-86.71293,36.24148],[-86.7133,36.24165],[-86.71365,36.24182],[-86.71369,36.2418],[-86.71433,36.24213],[-86.71545,36.24269],[-86.71465,36.24343],[-86.71327,36.24466],[-86.71229,36.24432],[-86.71142,36.24522],[-86.71097,36.24568],[-86.71208,36.24644],[-86.71088,36.24763],[-86.70985,36.24693],[-86.70975,36.24685],[-86.70867,36.24612],[-86.70733,36.24746],[-86.70638,36.24838],[-86.70539,36.24771],[-86.70527,36.24783],[-86.70493,36.24761],[-86.7047,36.24755],[-86.70455,36.24748],[-86.70436,36.24753],[-86.70411,36.2474],[-86.70394,36.2472],[-86.70389,36.24694],[-86.70368,36.24676],[-86.70313,36.24668],[-86.70278,36.24616]]]}},{"type":"Feature","properties":{"name":"Shepherd Hills"},"geometry":{"type":"Polygon","coordinates":[[[-86.69255,36.30015],[-86.69152,36.29925],[-86.6901,36.30026],[-86.68992,36.30013],[-86.68973,36.29996],[-86.68959,36.29976],[-86.68943,36.29981],[-86.68846,36.30013],[-86.68851,36.30025],[-86.68781,36.30089],[-86.68837,36.30128],[-86.6883,36.30133],[-86.68842,36.30141],[-86.68747,36.30204],[-86.68751,36.30207],[-86.68684,36.30275],[-86.68655,36.30253],[-86.68602,36.30216],[-86.68453,36.30109],[-86.68344,36.30033],[-86.68208,36.29935],[-86.68126,36.29875],[-86.67978,36.29766],[-86.6804,36.29695],[-86.68107,36.29609],[-86.68153,36.29547],[-86.68268,36.29588],[-86.68323,36.2949],[-86.68347,36.29456],[-86.68371,36.29427],[-86.68478,36.29331],[-86.68605,36.29447],[-86.68702,36.29534],[-86.68737,36.29623],[-86.68789,36.29642],[-86.68772,36.29673],[-86.68759,36.29689],[-86.68766,36.29693],[-86.68778,36.29679],[-86.68791,36.29656],[-86.68872,36.29677],[-86.68898,36.29634],[-86.68977,36.29521],[-86.69023,36.29499],[-86.69072,36.29457],[-86.69085,36.29448],[-86.69069,36.29437],[-86.69063,36.2943],[-86.69098,36.29401],[-86.69047,36.2937],[-86.69012,36.29354],[-86.6897,36.29345],[-86.68936,36.29322],[-86.68909,36.29288],[-86.68864,36.29243],[-86.68833,36.29212],[-86.68808,36.29177],[-86.68798,36.2913],[-86.68786,36.29104],[-86.68794,36.29062],[-86.68847,36.29048],[-86.68904,36.29097],[-86.68918,36.29103],[-86.68928,36.29116],[-86.68945,36.29124],[-86.68963,36.29131],[-86.68979,36.29134],[-86.69023,36.29132],[-86.69082,36.29128],[-86.69104,36.29161],[-86.69171,36.29206],[-86.69224,36.29254],[-86.69241,36.29267],[-86.69267,36.29311],[-86.69281,36.29354],[-86.69283,36.29399],[-86.69324,36.29398],[-86.69331,36.29511],[-86.69337,36.29508],[-86.69398,36.29507],[-86.69401,36.29559],[-86.69478,36.29625],[-86.69464,36.29635],[-86.69344,36.29673],[-86.69331,36.29684],[-86.69253,36.29712],[-86.69371,36.29817],[-86.69498,36.29929],[-86.69467,36.29938],[-86.69423,36.29959],[-86.69405,36.2994],[-86.69386,36.29926],[-86.69365,36.29916],[-86.69356,36.29928],[-86.69255,36.30015]]]}},{"type":"Feature","properties":{"name":"Southfork"},"geometry":{"type":"Polygon","coordinates":[[[-86.62506,36.22087],[-86.6251,36.22083],[-86.62722,36.22042],[-86.62719,36.22025],[-86.62707,36.21976],[-86.62692,36.21927],[-86.62699,36.21922],[-86.6273,36.21921],[-86.62736,36.21907],[-86.62748,36.21895],[-86.62733,36.21882],[-86.62733,36.21869],[-86.6273,36.21848],[-86.62922,36.2184],[-86.62982,36.21971],[-86.62937,36.21982],[-86.6299,36.22143],[-86.63219,36.221],[-86.63343,36.22077],[-86.63367,36.2228],[-86.63052,36.22306],[-86.62888,36.22316],[-86.62572,36.22337],[-86.62561,36.22276],[-86.62545,36.22211],[-86.62506,36.22087]]]}},{"type":"Feature","properties":{"name":"Perry Heights"},"geometry":{"type":"Polygon","coordinates":[[[-86.667,36.15171],[-86.66721,36.15158],[-86.66738,36.15133],[-86.66854,36.15156],[-86.66879,36.15161],[-86.66893,36.15162],[-86.66939,36.15166],[-86.67013,36.15181],[-86.67038,36.1516],[-86.67042,36.1513],[-86.67072,36.15133],[-86.67099,36.15147],[-86.67125,36.15151],[-86.67145,36.15156],[-86.6717,36.15331],[-86.67251,36.15312],[-86.67269,36.15372],[-86.67305,36.15476],[-86.67134,36.15512],[-86.66866,36.15484],[-86.66893,36.15369],[-86.66594,36.15332],[-86.66633,36.15267],[-86.6664,36.1525],[-86.66656,36.15209],[-86.66666,36.15167],[-86.66673,36.15164],[-86.667,36.15171]]]}},{"type":"Feature","properties":{"name":"Haynes Manor"},"geometry":{"type":"Polygon","coordinates":[[[-86.81754,36.21489],[-86.81763,36.21491],[-86.81776,36.21509],[-86.81835,36.21577],[-86.81855,36.21597],[-86.81882,36.21633],[-86.81919,36.21679],[-86.81936,36.217],[-86.81953,36.21724],[-86.82008,36.21796],[-86.82002,36.21861],[-86.81919,36.21886],[-86.81874,36.2188],[-86.81894,36.21911],[-86.81912,36.21934],[-86.8193,36.21966],[-86.81934,36.21988],[-86.81938,36.22044],[-86.8193,36.22133],[-86.81937,36.22174],[-86.81936,36.22236],[-86.81923,36.22365],[-86.81915,36.22459],[-86.81966,36.22464],[-86.8194,36.22507],[-86.81916,36.22529],[-86.81902,36.22551],[-86.81895,36.22573],[-86.819,36.22586],[-86.81903,36.22602],[-86.81898,36.22613],[-86.81896,36.22625],[-86.81821,36.22619],[-86.8182,36.22627],[-86.81769,36.22623],[-86.81741,36.22641],[-86.81718,36.22632],[-86.81531,36.22612],[-86.81522,36.22588],[-86.81477,36.22568],[-86.81474,36.22572],[-86.81433,36.22554],[-86.81516,36.22431],[-86.81159,36.22405],[-86.80769,36.22376],[-86.80728,36.22337],[-86.80704,36.22347],[-86.80651,36.22335],[-86.80637,36.22312],[-86.8062,36.22304],[-86.80603,36.22278],[-86.80606,36.22268],[-86.80582,36.22243],[-86.80575,36.22179],[-86.80652,36.2219],[-86.80674,36.22166],[-86.80699,36.22176],[-86.80724,36.22184],[-86.8073,36.22171],[-86.80762,36.22097],[-86.80785,36.22044],[-86.80765,36.22004],[-86.8077,36.21928],[-86.80792,36.21931],[-86.80793,36.21905],[-86.80776,36.2187],[-86.80768,36.21857],[-86.80756,36.21831],[-86.80735,36.21826],[-86.80747,36.21812],[-86.80735,36.21787],[-86.808,36.21768],[-86.81065,36.21691],[-86.81336,36.21611],[-86.81656,36.21517],[-86.81754,36.21489]]]}},{"type":"Feature","properties":{"name":"Belle Meade Links"},"geometry":{"type":"Polygon","coordinates":[[[-86.86128,36.097],[-86.86148,36.0968],[-86.86174,36.09662],[-86.86198,36.09653],[-86.86217,36.09648],[-86.86237,36.09646],[-86.86264,36.09648],[-86.86286,36.09653],[-86.86305,36.09661],[-86.86326,36.09675],[-86.86342,36.0969],[-86.86366,36.09718],[-86.8643,36.09794],[-86.86494,36.09867],[-86.86597,36.09989],[-86.86687,36.10092],[-86.86708,36.10122],[-86.86707,36.10131],[-86.86734,36.10136],[-86.86755,36.10145],[-86.86782,36.10155],[-86.868,36.1016],[-86.86801,36.10161],[-86.86899,36.10191],[-86.86858,36.10287],[-86.86858,36.10312],[-86.86833,36.10332],[-86.86764,36.10348],[-86.86747,36.10377],[-86.86838,36.10412],[-86.8676,36.10519],[-86.86647,36.10478],[-86.86591,36.10458],[-86.86566,36.10448],[-86.86472,36.10415],[-86.86376,36.1038],[-86.86258,36.10339],[-86.86156,36.10303],[-86.86063,36.1027],[-86.86082,36.10227],[-86.86107,36.10169],[-86.86121,36.10134],[-86.86124,36.10119],[-86.86126,36.10104],[-86.86125,36.10082],[-86.86126,36.10045],[-86.86121,36.09953],[-86.86118,36.09877],[-86.86116,36.09827],[-86.86114,36.0977],[-86.86115,36.09722],[-86.86128,36.097]]]}},{"type":"Feature","properties":{"name":"Donelson Hills"},"geometry":{"type":"Polygon","coordinates":[[[-86.6991,36.16429],[-86.69926,36.16414],[-86.69997,36.16431],[-86.7009,36.16455],[-86.70173,36.16481],[-86.70252,36.16515],[-86.70329,36.16553],[-86.70373,36.1658],[-86.70399,36.16589],[-86.70431,36.16589],[-86.70468,36.1657],[-86.7049,36.16558],[-86.70603,36.16507],[-86.70612,36.16503],[-86.70624,36.16502],[-86.70652,36.165],[-86.70682,36.16518],[-86.70725,36.16569],[-86.70734,36.16582],[-86.70769,36.16672],[-86.70778,36.16695],[-86.70779,36.16711],[-86.70788,36.16764],[-86.70798,36.16768],[-86.70859,36.16773],[-86.7089,36.16766],[-86.70914,36.16763],[-86.70979,36.16757],[-86.71077,36.1674],[-86.71147,36.16733],[-86.71142,36.16751],[-86.71124,36.1676],[-86.71092,36.16778],[-86.71062,36.16794],[-86.71031,36.16814],[-86.71004,36.16838],[-86.70976,36.16852],[-86.70953,36.1687],[-86.70923,36.16889],[-86.70893,36.16909],[-86.70865,36.16933],[-86.70851,36.16947],[-86.70835,36.16958],[-86.7082,36.16974],[-86.70808,36.16987],[-86.7079,36.17],[-86.70763,36.1702],[-86.70747,36.17027],[-86.70736,36.17041],[-86.70729,36.17049],[-86.70717,36.17056],[-86.70711,36.1707],[-86.70708,36.17079],[-86.70696,36.17086],[-86.70682,36.17092],[-86.70675,36.17102],[-86.70672,36.17113],[-86.70662,36.17124],[-86.70648,36.1713],[-86.70639,36.17144],[-86.70622,36.17163],[-86.70608,36.17173],[-86.70605,36.17184],[-86.70598,36.17195],[-86.70589,36.17202],[-86.70566,36.17211],[-86.70561,36.17225],[-86.70557,36.17239],[-86.70536,36.17256],[-86.70512,36.17284],[-86.7049,36.17303],[-86.70484,36.17313],[-86.70481,36.17321],[-86.7047,36.17344],[-86.70459,36.17358],[-86.70443,36.17375],[-86.70423,36.17391],[-86.70416,36.17399],[-86.70408,36.17406],[-86.70399,36.17414],[-86.70392,36.17431],[-86.70383,36.1744],[-86.70372,36.1745],[-86.70362,36.17459],[-86.70353,36.17478],[-86.70326,36.17512],[-86.7032,36.17529],[-86.70299,36.1755],[-86.70292,36.17566],[-86.7028,36.17582],[-86.70262,36.17612],[-86.70255,36.17633],[-86.70246,36.17652],[-86.70232,36.17668],[-86.70217,36.1768],[-86.70211,36.17688],[-86.70208,36.177],[-86.702,36.1771],[-86.7018,36.17722],[-86.70166,36.17735],[-86.70157,36.17747],[-86.70147,36.17771],[-86.70138,36.17786],[-86.70125,36.17803],[-86.70089,36.17839],[-86.70078,36.17856],[-86.70073,36.17866],[-86.70064,36.17875],[-86.70051,36.17877],[-86.7004,36.17879],[-86.70029,36.1789],[-86.70028,36.17901],[-86.70022,36.17912],[-86.7001,36.17921],[-86.69995,36.17937],[-86.69983,36.17965],[-86.69971,36.1798],[-86.69955,36.1799],[-86.69941,36.18012],[-86.69923,36.18027],[-86.69904,36.1804],[-86.6989,36.18057],[-86.69874,36.18072],[-86.69851,36.18086],[-86.69833,36.18103],[-86.69774,36.18055],[-86.69733,36.18065],[-86.69742,36.18056],[-86.69723,36.18043],[-86.69701,36.18065],[-86.69678,36.18049],[-86.69652,36.17922],[-86.69642,36.17918],[-86.69634,36.17892],[-86.6962,36.17862],[-86.69612,36.17847],[-86.69597,36.17825],[-86.69555,36.17772],[-86.69547,36.17757],[-86.69499,36.17727],[-86.69455,36.17685],[-86.6941,36.17644],[-86.69356,36.17598],[-86.69316,36.17569],[-86.6928,36.17547],[-86.69237,36.17526],[-86.69149,36.17481],[-86.6907,36.17441],[-86.69051,36.17413],[-86.69024,36.17391],[-86.69,36.17369],[-86.68998,36.17362],[-86.6897,36.17332],[-86.68972,36.17324],[-86.68964,36.17304],[-86.68965,36.17211],[-86.68967,36.17117],[-86.68967,36.17049],[-86.6896,36.16989],[-86.69006,36.16928],[-86.6902,36.16914],[-86.69029,36.16897],[-86.6904,36.16883],[-86.69117,36.16832],[-86.69227,36.16812],[-86.69257,36.16793],[-86.69297,36.16781],[-86.69351,36.16761],[-86.69401,36.16737],[-86.69422,36.16724],[-86.69425,36.16727],[-86.69476,36.16696],[-86.69544,36.16656],[-86.69546,36.16651],[-86.69694,36.16568],[-86.6972,36.16562],[-86.6976,36.16539],[-86.69789,36.16519],[-86.69819,36.16496],[-86.69845,36.16474],[-86.69865,36.16473],[-86.6991,36.16429]]]}},{"type":"Feature","properties":{"name":"Cloverland Acres"},"geometry":{"type":"Polygon","coordinates":[[[-86.76695,36.03236],[-86.76536,36.03219],[-86.76537,36.03215],[-86.76301,36.03191],[-86.76269,36.03188],[-86.76188,36.03182],[-86.76184,36.03197],[-86.76144,36.03445],[-86.76113,36.03634],[-86.75942,36.03686],[-86.75823,36.03721],[-86.75618,36.03657],[-86.75625,36.03642],[-86.75658,36.03547],[-86.75677,36.03514],[-86.75769,36.03341],[-86.75708,36.03321],[-86.75728,36.03283],[-86.75737,36.03239],[-86.75738,36.03234],[-86.75759,36.03237],[-86.75784,36.03236],[-86.75932,36.03213],[-86.7592,36.03165],[-86.7597,36.03117],[-86.75998,36.03115],[-86.7603,36.03088],[-86.75997,36.03073],[-86.76023,36.03019],[-86.76067,36.02967],[-86.76079,36.02953],[-86.76091,36.02929],[-86.76121,36.0281],[-86.76119,36.0278],[-86.76117,36.02695],[-86.76106,36.02678],[-86.76098,36.02676],[-86.76088,36.02651],[-86.76064,36.02566],[-86.76135,36.02544],[-86.76333,36.02651],[-86.7676,36.02879],[-86.76761,36.02911],[-86.76758,36.02935],[-86.76747,36.02933],[-86.76723,36.03087],[-86.7671,36.03161],[-86.76695,36.03236]]]}},{"type":"Feature","properties":{"name":"Oak Highlands"},"geometry":{"type":"Polygon","coordinates":[[[-86.67565,36.03451],[-86.67565,36.03451],[-86.67565,36.03451],[-86.6757,36.03452],[-86.67576,36.03452],[-86.67617,36.03457],[-86.67636,36.03459],[-86.67637,36.03459],[-86.67667,36.03463],[-86.67678,36.03464],[-86.67691,36.03466],[-86.67699,36.03467],[-86.67703,36.03467],[-86.67711,36.03468],[-86.67729,36.0347],[-86.67729,36.0347],[-86.67726,36.03465],[-86.67704,36.03427],[-86.67691,36.03404],[-86.67681,36.03388],[-86.67679,36.03384],[-86.67677,36.03381],[-86.67677,36.03381],[-86.67678,36.03378],[-86.67679,36.03369],[-86.67681,36.03362],[-86.67682,36.03356],[-86.67685,36.03339],[-86.67692,36.03296],[-86.67692,36.03296],[-86.67691,36.03297],[-86.67665,36.03308],[-86.67649,36.03315],[-86.67645,36.03316],[-86.67629,36.03323],[-86.67608,36.03332],[-86.67594,36.03338],[-86.67571,36.03348],[-86.67568,36.03349],[-86.67563,36.03351],[-86.67553,36.03356],[-86.67547,36.03358],[-86.6752,36.0337],[-86.6752,36.0337],[-86.67516,36.03372],[-86.67513,36.03373],[-86.67508,36.03366],[-86.67479,36.03321],[-86.67463,36.03297],[-86.67411,36.03219],[-86.6747,36.03184],[-86.67633,36.03197],[-86.67972,36.03231],[-86.67987,36.03237],[-86.68186,36.03259],[-86.68186,36.03262],[-86.68445,36.03285],[-86.68425,36.03467],[-86.68383,36.03722],[-86.68266,36.03711],[-86.68154,36.03701],[-86.67942,36.03683],[-86.67711,36.03662],[-86.67699,36.03644],[-86.67678,36.03616],[-86.67651,36.0358],[-86.67617,36.03531],[-86.67604,36.03513],[-86.67565,36.03451]]]}},{"type":"Feature","properties":{"name":"Northern Inglewood"},"geometry":{"type":"Polygon","coordinates":[[[-86.72665,36.23349],[-86.72617,36.23346],[-86.72587,36.23348],[-86.72566,36.23351],[-86.72569,36.23324],[-86.72499,36.23319],[-86.72499,36.23292],[-86.72576,36.23297],[-86.7267,36.23304],[-86.72675,36.2325],[-86.72573,36.23237],[-86.72575,36.23217],[-86.72566,36.23216],[-86.72571,36.23179],[-86.72551,36.23177],[-86.72557,36.23123],[-86.72563,36.23109],[-86.72573,36.23012],[-86.72576,36.22976],[-86.72578,36.22969],[-86.73027,36.23006],[-86.73044,36.2301],[-86.73093,36.23021],[-86.73064,36.23099],[-86.7303,36.23193],[-86.73,36.23275],[-86.72977,36.23337],[-86.72955,36.23387],[-86.7295,36.23389],[-86.72912,36.23379],[-86.72877,36.23372],[-86.72837,36.23363],[-86.72802,36.23359],[-86.72754,36.23355],[-86.72665,36.23349]],[[-86.72151,36.23406],[-86.72135,36.23164],[-86.72131,36.23108],[-86.72186,36.23113],[-86.72206,36.23117],[-86.72208,36.23159],[-86.72376,36.2317],[-86.72406,36.23172],[-86.72402,36.23219],[-86.724,36.23233],[-86.72442,36.23235],[-86.72444,36.23272],[-86.72447,36.23308],[-86.72388,36.23339],[-86.72387,36.23351],[-86.72357,36.23366],[-86.72352,36.23366],[-86.72351,36.23371],[-86.72328,36.23388],[-86.72318,36.23394],[-86.72317,36.23389],[-86.72298,36.23398],[-86.723,36.23406],[-86.72275,36.23403],[-86.72239,36.2341],[-86.72222,36.23411],[-86.72167,36.23406],[-86.72151,36.23406]]]}},{"type":"Feature","properties":{"name":"Rivercrest"},"geometry":{"type":"Polygon","coordinates":[[[-86.65184,36.17157],[-86.653,36.17097],[-86.65377,36.17196],[-86.65473,36.17319],[-86.65549,36.17416],[-86.65536,36.1743],[-86.65521,36.17457],[-86.65516,36.17472],[-86.65508,36.17482],[-86.65502,36.17489],[-86.65498,36.17499],[-86.65492,36.17508],[-86.65481,36.17521],[-86.65479,36.17536],[-86.65382,36.1741],[-86.65301,36.17309],[-86.65184,36.17157]]]}},{"type":"Feature","properties":{"name":"Gra-Mar Acres"},"geometry":{"type":"Polygon","coordinates":[[[-86.74009,36.23757],[-86.73934,36.2377],[-86.7384,36.23761],[-86.7375,36.23752],[-86.73647,36.23742],[-86.7356,36.23734],[-86.73476,36.23726],[-86.73388,36.23718],[-86.73274,36.23707],[-86.732,36.237],[-86.73174,36.23697],[-86.73101,36.2369],[-86.73044,36.23684],[-86.73044,36.23674],[-86.73025,36.2366],[-86.72995,36.23664],[-86.72958,36.23656],[-86.72897,36.2363],[-86.72904,36.23609],[-86.72901,36.23608],[-86.72929,36.23524],[-86.72965,36.23434],[-86.72977,36.23403],[-86.72987,36.23391],[-86.73027,36.23283],[-86.73022,36.23282],[-86.73034,36.23254],[-86.73055,36.23255],[-86.73089,36.23163],[-86.73161,36.22971],[-86.73172,36.22943],[-86.73232,36.22782],[-86.73387,36.22796],[-86.73602,36.22812],[-86.73602,36.22809],[-86.73805,36.22824],[-86.73834,36.22829],[-86.73898,36.22835],[-86.73903,36.22835],[-86.73997,36.22845],[-86.74145,36.22861],[-86.7425,36.22871],[-86.74335,36.22881],[-86.7439,36.22888],[-86.74441,36.22892],[-86.74495,36.22899],[-86.746,36.22911],[-86.74553,36.22982],[-86.74549,36.23003],[-86.74529,36.23024],[-86.74527,36.23034],[-86.74525,36.23059],[-86.74648,36.23072],[-86.74648,36.23082],[-86.74663,36.23083],[-86.74703,36.23088],[-86.74709,36.23097],[-86.74703,36.2316],[-86.74697,36.23209],[-86.74683,36.23299],[-86.74652,36.23347],[-86.74648,36.23355],[-86.74592,36.23415],[-86.74567,36.23437],[-86.74537,36.23458],[-86.74503,36.23484],[-86.7447,36.23509],[-86.74462,36.23508],[-86.74424,36.23539],[-86.74385,36.23577],[-86.7437,36.23592],[-86.74342,36.2361],[-86.74296,36.23657],[-86.74277,36.23671],[-86.74267,36.2368],[-86.74242,36.23691],[-86.74216,36.23698],[-86.74125,36.23724],[-86.74009,36.23757]]]}},{"type":"Feature","properties":{"name":"Rayon City"},"geometry":{"type":"Polygon","coordinates":[[[-86.67356,36.26255],[-86.67355,36.26259],[-86.67346,36.26266],[-86.6734,36.26272],[-86.67347,36.26275],[-86.67351,36.26279],[-86.67359,36.26274],[-86.67367,36.26268],[-86.67372,36.2626],[-86.67379,36.26262],[-86.67392,36.26278],[-86.67411,36.26302],[-86.67415,36.26311],[-86.67425,36.26316],[-86.67438,36.26326],[-86.67502,36.2639],[-86.67532,36.2642],[-86.67543,36.26434],[-86.67557,36.26436],[-86.67569,36.26443],[-86.67571,36.26449],[-86.67579,36.2646],[-86.67585,36.26465],[-86.67594,36.26468],[-86.6763,36.26496],[-86.6764,36.26508],[-86.67652,36.26511],[-86.67661,36.2652],[-86.6767,36.2653],[-86.67685,36.26542],[-86.67707,36.26563],[-86.67725,36.26573],[-86.67728,36.26584],[-86.67739,36.26589],[-86.67758,36.26598],[-86.67804,36.2664],[-86.67868,36.26692],[-86.67879,36.26702],[-86.67885,36.26713],[-86.67907,36.26725],[-86.6795,36.26769],[-86.67974,36.26795],[-86.6801,36.2684],[-86.68031,36.26866],[-86.68046,36.26883],[-86.68053,36.26901],[-86.68065,36.26913],[-86.6807,36.26928],[-86.68087,36.26947],[-86.681,36.26968],[-86.68101,36.26976],[-86.68108,36.26981],[-86.68145,36.2704],[-86.68157,36.27052],[-86.68159,36.27066],[-86.6817,36.27088],[-86.68184,36.27113],[-86.68204,36.27137],[-86.68217,36.27162],[-86.68239,36.27197],[-86.68254,36.27219],[-86.68274,36.27258],[-86.68303,36.27311],[-86.68327,36.27365],[-86.68357,36.27425],[-86.68408,36.27527],[-86.68439,36.27596],[-86.68472,36.27677],[-86.685,36.27758],[-86.68527,36.27841],[-86.68557,36.27951],[-86.68578,36.28052],[-86.68599,36.28186],[-86.68616,36.28349],[-86.68611,36.28458],[-86.68598,36.28568],[-86.68594,36.28585],[-86.68585,36.2861],[-86.68564,36.28689],[-86.68557,36.28699],[-86.6856,36.2871],[-86.68552,36.28721],[-86.68543,36.28737],[-86.6853,36.28755],[-86.68533,36.28769],[-86.68522,36.2879],[-86.68521,36.28796],[-86.68513,36.288],[-86.68506,36.28809],[-86.68494,36.28826],[-86.68471,36.28854],[-86.6845,36.28881],[-86.68416,36.28919],[-86.68406,36.28936],[-86.6837,36.28974],[-86.68351,36.28991],[-86.68337,36.29006],[-86.68327,36.29011],[-86.68323,36.29018],[-86.68324,36.29026],[-86.68309,36.29045],[-86.6828,36.29073],[-86.68262,36.29104],[-86.68248,36.29116],[-86.68228,36.29128],[-86.68218,36.2914],[-86.68201,36.29171],[-86.68185,36.29193],[-86.6818,36.29207],[-86.68168,36.29218],[-86.68158,36.29233],[-86.68142,36.29248],[-86.68113,36.29289],[-86.68095,36.29311],[-86.68085,36.2933],[-86.68051,36.29369],[-86.68026,36.29406],[-86.67995,36.29447],[-86.67963,36.29496],[-86.67949,36.29515],[-86.67931,36.29536],[-86.67861,36.29611],[-86.67832,36.29639],[-86.67804,36.29664],[-86.67794,36.29676],[-86.67777,36.29703],[-86.67753,36.29723],[-86.6773,36.29753],[-86.67702,36.29773],[-86.67666,36.29805],[-86.67625,36.29835],[-86.67544,36.29887],[-86.67458,36.2994],[-86.67417,36.29961],[-86.67352,36.2999],[-86.67281,36.30013],[-86.6717,36.30028],[-86.67132,36.30035],[-86.67067,36.30037],[-86.67024,36.30037],[-86.66952,36.30031],[-86.66869,36.30012],[-86.66847,36.29957],[-86.66358,36.29824],[-86.6632,36.29035],[-86.66375,36.29033],[-86.66416,36.29026],[-86.66446,36.29017],[-86.66492,36.28997],[-86.66527,36.28974],[-86.66591,36.28922],[-86.66659,36.28869],[-86.66991,36.28603],[-86.67023,36.28582],[-86.67067,36.28559],[-86.6713,36.28534],[-86.67185,36.28515],[-86.67269,36.28485],[-86.67323,36.2846],[-86.67371,36.28428],[-86.67591,36.28254],[-86.67605,36.28246],[-86.67463,36.28129],[-86.67244,36.2795],[-86.67166,36.27887],[-86.67106,36.27836],[-86.67044,36.27785],[-86.67001,36.2775],[-86.66953,36.27712],[-86.66922,36.27687],[-86.66902,36.27671],[-86.6689,36.27663],[-86.66883,36.27655],[-86.66868,36.27644],[-86.66838,36.27629],[-86.66816,36.27616],[-86.6678,36.27587],[-86.66744,36.27558],[-86.6671,36.2753],[-86.6666,36.2749],[-86.66619,36.27457],[-86.66565,36.27412],[-86.6652,36.27376],[-86.66469,36.27333],[-86.66404,36.27283],[-86.66389,36.27271],[-86.66334,36.27224],[-86.66264,36.27165],[-86.66175,36.27089],[-86.66108,36.27031],[-86.6625,36.26929],[-86.66182,36.26933],[-86.66123,36.26916],[-86.66071,36.2688],[-86.66015,36.2684],[-86.65997,36.26827],[-86.65979,36.2681],[-86.65919,36.26772],[-86.65797,36.26694],[-86.65716,36.26638],[-86.65688,36.266],[-86.65653,36.26547],[-86.65634,36.26505],[-86.65618,36.26459],[-86.65612,36.26429],[-86.65606,36.26376],[-86.65604,36.26351],[-86.65605,36.26319],[-86.65609,36.26246],[-86.65612,36.26185],[-86.65617,36.26093],[-86.65618,36.26068],[-86.65617,36.26044],[-86.65612,36.26006],[-86.65599,36.25956],[-86.65591,36.25934],[-86.65579,36.25909],[-86.6557,36.25891],[-86.65556,36.25868],[-86.65519,36.25818],[-86.65481,36.25774],[-86.65391,36.25693],[-86.65335,36.25642],[-86.65272,36.25588],[-86.65296,36.25582],[-86.6533,36.25582],[-86.65346,36.25577],[-86.6536,36.2557],[-86.65399,36.25599],[-86.65418,36.2558],[-86.65487,36.25518],[-86.65598,36.25418],[-86.65652,36.25461],[-86.65875,36.25268],[-86.66116,36.25058],[-86.6612,36.25065],[-86.66129,36.25071],[-86.66144,36.25081],[-86.66151,36.25085],[-86.66157,36.25094],[-86.66174,36.25106],[-86.66193,36.25123],[-86.66205,36.25133],[-86.66222,36.25144],[-86.66232,36.25155],[-86.66238,36.25164],[-86.66251,36.25175],[-86.66262,36.25186],[-86.66275,36.25195],[-86.66287,36.2521],[-86.66298,36.25224],[-86.66313,36.25237],[-86.66328,36.25244],[-86.66342,36.25253],[-86.66361,36.25269],[-86.66371,36.25275],[-86.66382,36.2528],[-86.66391,36.25296],[-86.66404,36.25307],[-86.66412,36.25314],[-86.66433,36.25328],[-86.66464,36.2535],[-86.66488,36.25366],[-86.66503,36.25371],[-86.66534,36.25389],[-86.66559,36.25404],[-86.66584,36.25419],[-86.66608,36.25431],[-86.66619,36.25438],[-86.66624,36.25443],[-86.6662,36.2545],[-86.66612,36.25457],[-86.66601,36.25459],[-86.66611,36.25463],[-86.66624,36.2546],[-86.66631,36.25453],[-86.66634,36.25452],[-86.66672,36.25478],[-86.66696,36.25493],[-86.66716,36.25506],[-86.66728,36.25513],[-86.66749,36.25534],[-86.6676,36.25541],[-86.66772,36.25551],[-86.66787,36.25564],[-86.66804,36.25573],[-86.66829,36.25593],[-86.66858,36.25616],[-86.66871,36.25623],[-86.66894,36.25639],[-86.66935,36.2567],[-86.66952,36.25683],[-86.66965,36.25688],[-86.66971,36.25695],[-86.66973,36.25704],[-86.66977,36.25709],[-86.66996,36.25716],[-86.67002,36.2572],[-86.67006,36.25729],[-86.67019,36.25742],[-86.67041,36.25778],[-86.67087,36.25852],[-86.67102,36.25871],[-86.67118,36.25888],[-86.67129,36.25896],[-86.67134,36.25906],[-86.67139,36.2591],[-86.67135,36.25914],[-86.67133,36.25919],[-86.67147,36.25935],[-86.67154,36.25946],[-86.67165,36.2597],[-86.67169,36.25979],[-86.67181,36.25991],[-86.67197,36.26014],[-86.67193,36.26022],[-86.67209,36.26047],[-86.67239,36.2609],[-86.67243,36.26096],[-86.67253,36.26104],[-86.67259,36.26115],[-86.67268,36.26123],[-86.67268,36.26133],[-86.67281,36.26152],[-86.67286,36.26164],[-86.67297,36.26174],[-86.67318,36.26209],[-86.6732,36.26216],[-86.67332,36.26221],[-86.67337,36.26226],[-86.67338,36.26236],[-86.67346,36.26239],[-86.67356,36.26255]]]}},{"type":"Feature","properties":{"name":"Fleetwood"},"geometry":{"type":"Polygon","coordinates":[[[-86.61507,36.17005],[-86.61511,36.17001],[-86.61525,36.17001],[-86.61821,36.17029],[-86.61874,36.17204],[-86.61943,36.17464],[-86.61824,36.17452],[-86.61721,36.17441],[-86.61559,36.17423],[-86.6156,36.17406],[-86.61502,36.17408],[-86.61509,36.17363],[-86.61506,36.17323],[-86.61455,36.17329],[-86.61466,36.17261],[-86.61332,36.17244],[-86.61345,36.17153],[-86.6148,36.17168],[-86.61507,36.17005]]]}},{"type":"Feature","properties":{"name":"Tulip Grove"},"geometry":{"type":"Polygon","coordinates":[[[-86.59915,36.19722],[-86.59948,36.19701],[-86.59999,36.19662],[-86.60035,36.19642],[-86.60113,36.1964],[-86.60141,36.1966],[-86.60156,36.19666],[-86.60185,36.19676],[-86.60207,36.19686],[-86.60249,36.19709],[-86.6023,36.19875],[-86.60211,36.20025],[-86.60287,36.20024],[-86.60499,36.20027],[-86.60542,36.20074],[-86.60529,36.2013],[-86.60543,36.20141],[-86.60542,36.20179],[-86.60516,36.20181],[-86.60529,36.20224],[-86.60512,36.20236],[-86.60498,36.20266],[-86.60449,36.2039],[-86.60413,36.2049],[-86.60375,36.20568],[-86.60352,36.20603],[-86.60324,36.20603],[-86.6029,36.20644],[-86.60317,36.20657],[-86.60352,36.20665],[-86.60409,36.20674],[-86.6043,36.20677],[-86.60502,36.20685],[-86.6054,36.20688],[-86.60579,36.20703],[-86.60647,36.2071],[-86.60725,36.20718],[-86.60641,36.21017],[-86.60633,36.2104],[-86.60395,36.2105],[-86.60258,36.21057],[-86.60151,36.21061],[-86.60126,36.21062],[-86.60124,36.21088],[-86.60118,36.21173],[-86.6011,36.21306],[-86.60106,36.21392],[-86.60047,36.21389],[-86.60031,36.21387],[-86.59976,36.21386],[-86.59918,36.21379],[-86.59901,36.21376],[-86.59859,36.21371],[-86.598,36.21358],[-86.59764,36.21353],[-86.59723,36.21347],[-86.59666,36.21341],[-86.59649,36.21338],[-86.59617,36.21337],[-86.59539,36.21331],[-86.59509,36.2133],[-86.59292,36.21315],[-86.59264,36.2131],[-86.59257,36.21322],[-86.59247,36.21404],[-86.59168,36.21398],[-86.59083,36.21346],[-86.59108,36.21209],[-86.59115,36.21207],[-86.59153,36.21102],[-86.59124,36.21068],[-86.59131,36.21057],[-86.59104,36.21044],[-86.591,36.20961],[-86.5915,36.20976],[-86.59158,36.20952],[-86.59167,36.20917],[-86.59176,36.20863],[-86.59198,36.20736],[-86.59206,36.20687],[-86.59221,36.2064],[-86.59111,36.20629],[-86.59109,36.20605],[-86.59119,36.2055],[-86.59128,36.205],[-86.59168,36.20526],[-86.59219,36.20515],[-86.59223,36.20512],[-86.59243,36.20517],[-86.59238,36.20502],[-86.59314,36.20487],[-86.59385,36.20496],[-86.5943,36.20518],[-86.5947,36.20421],[-86.59477,36.20401],[-86.5949,36.20375],[-86.59503,36.20367],[-86.59533,36.2036],[-86.59565,36.20369],[-86.59613,36.20383],[-86.59629,36.20403],[-86.59689,36.20468],[-86.59708,36.20482],[-86.59752,36.2049],[-86.59773,36.20481],[-86.59794,36.20467],[-86.59807,36.20439],[-86.59787,36.20338],[-86.5981,36.20323],[-86.59859,36.20311],[-86.5982,36.20181],[-86.59827,36.20177],[-86.59849,36.20142],[-86.59855,36.2012],[-86.59842,36.20065],[-86.59834,36.20032],[-86.59828,36.20012],[-86.59816,36.19982],[-86.59803,36.19952],[-86.5979,36.19902],[-86.59767,36.1982],[-86.59766,36.19802],[-86.59786,36.19786],[-86.59826,36.1977],[-86.59851,36.19759],[-86.59915,36.19722]]]}},{"type":"Feature","properties":{"name":"Neelys Bend"},"geometry":{"type":"Polygon","coordinates":[[[-86.64838,36.20961],[-86.64684,36.21382],[-86.64635,36.21517],[-86.64577,36.21682],[-86.64926,36.21713],[-86.64997,36.21497],[-86.65074,36.21504],[-86.65174,36.20996],[-86.65411,36.2102],[-86.65301,36.21468],[-86.65281,36.21556],[-86.65268,36.21746],[-86.65394,36.21776],[-86.65426,36.217],[-86.65436,36.21676],[-86.65456,36.21651],[-86.6532,36.21632],[-86.65328,36.21552],[-86.65387,36.21489],[-86.65444,36.21522],[-86.65523,36.21566],[-86.65577,36.21577],[-86.65645,36.21583],[-86.65705,36.21597],[-86.65732,36.2146],[-86.65771,36.21226],[-86.65793,36.21106],[-86.65896,36.20643],[-86.65932,36.20483],[-86.6596,36.20358],[-86.65962,36.20341],[-86.66011,36.20119],[-86.6606,36.19933],[-86.66121,36.19698],[-86.66353,36.19691],[-86.66395,36.19447],[-86.66186,36.19467],[-86.66209,36.19386],[-86.66234,36.19382],[-86.6627,36.19374],[-86.6633,36.19364],[-86.66387,36.19359],[-86.6641,36.19359],[-86.6643,36.19358],[-86.66474,36.19356],[-86.66524,36.19357],[-86.66562,36.19362],[-86.6659,36.19364],[-86.66623,36.19364],[-86.66681,36.19372],[-86.66723,36.1938],[-86.66746,36.19388],[-86.66804,36.19409],[-86.66845,36.19436],[-86.66868,36.19459],[-86.66971,36.19593],[-86.66996,36.19624],[-86.67021,36.19658],[-86.67062,36.19705],[-86.67083,36.19736],[-86.67106,36.19766],[-86.67116,36.1978],[-86.67126,36.19803],[-86.67142,36.19821],[-86.67148,36.19836],[-86.67158,36.19846],[-86.6717,36.1987],[-86.67183,36.19885],[-86.67187,36.19899],[-86.67198,36.19929],[-86.67208,36.19943],[-86.67211,36.19954],[-86.67226,36.19982],[-86.67232,36.1999],[-86.67235,36.19999],[-86.67242,36.20015],[-86.67247,36.2002],[-86.67252,36.20037],[-86.67261,36.20074],[-86.67271,36.20095],[-86.6728,36.20116],[-86.67284,36.20131],[-86.67294,36.20145],[-86.673,36.20165],[-86.67301,36.20178],[-86.67305,36.20188],[-86.67315,36.20201],[-86.67321,36.20215],[-86.67332,36.20229],[-86.6734,36.20244],[-86.6735,36.20266],[-86.6737,36.20296],[-86.67387,36.20323],[-86.67401,36.2034],[-86.67404,36.20351],[-86.67414,36.20364],[-86.67428,36.20382],[-86.67434,36.20391],[-86.67443,36.204],[-86.67451,36.20423],[-86.67462,36.20444],[-86.67473,36.20462],[-86.67487,36.20478],[-86.67498,36.20504],[-86.6751,36.20524],[-86.67515,36.20542],[-86.67516,36.20553],[-86.67522,36.2056],[-86.67537,36.20596],[-86.67548,36.2063],[-86.67554,36.20661],[-86.67559,36.20694],[-86.67567,36.20726],[-86.67567,36.20751],[-86.6757,36.2077],[-86.67574,36.20786],[-86.67575,36.208],[-86.67575,36.20823],[-86.67574,36.20835],[-86.67578,36.20845],[-86.67578,36.20853],[-86.67579,36.2087],[-86.67583,36.209],[-86.67587,36.20915],[-86.67585,36.20935],[-86.67584,36.20952],[-86.67584,36.20975],[-86.67589,36.21003],[-86.67594,36.21028],[-86.67593,36.21052],[-86.67594,36.21075],[-86.67592,36.2109],[-86.67594,36.2113],[-86.67602,36.21179],[-86.67602,36.21192],[-86.67605,36.21217],[-86.67614,36.21239],[-86.67624,36.21257],[-86.67628,36.21289],[-86.67633,36.21309],[-86.67638,36.21345],[-86.67636,36.21358],[-86.67639,36.21375],[-86.67643,36.21388],[-86.67647,36.21399],[-86.67648,36.2142],[-86.67651,36.21437],[-86.67658,36.21454],[-86.67653,36.21478],[-86.67659,36.21505],[-86.67656,36.21527],[-86.67652,36.2155],[-86.67654,36.21576],[-86.67661,36.21592],[-86.67663,36.21603],[-86.67666,36.21633],[-86.67666,36.2167],[-86.67666,36.21715],[-86.67668,36.21735],[-86.67672,36.21754],[-86.67674,36.21774],[-86.67672,36.21793],[-86.67677,36.2182],[-86.67677,36.21841],[-86.67681,36.21857],[-86.6768,36.21879],[-86.6768,36.21898],[-86.67683,36.21919],[-86.67685,36.21936],[-86.6769,36.21951],[-86.67692,36.21978],[-86.67689,36.21994],[-86.67684,36.22013],[-86.67686,36.22066],[-86.67685,36.22115],[-86.67685,36.22132],[-86.67688,36.22151],[-86.67689,36.22169],[-86.67688,36.22185],[-86.67685,36.222],[-86.67684,36.22255],[-86.6768,36.22283],[-86.67674,36.22311],[-86.67675,36.22333],[-86.67679,36.22346],[-86.67683,36.22356],[-86.67678,36.2238],[-86.67673,36.22397],[-86.67671,36.22411],[-86.67671,36.22457],[-86.67675,36.22477],[-86.67668,36.22489],[-86.67665,36.22496],[-86.67665,36.22505],[-86.67668,36.22522],[-86.67666,36.22542],[-86.67668,36.22567],[-86.67671,36.22579],[-86.67675,36.22588],[-86.67677,36.22602],[-86.67675,36.22617],[-86.67679,36.22644],[-86.67686,36.22699],[-86.67696,36.22788],[-86.67711,36.22838],[-86.6772,36.22864],[-86.67734,36.229],[-86.6775,36.22935],[-86.67768,36.22968],[-86.67815,36.23072],[-86.67823,36.23106],[-86.67835,36.23136],[-86.67848,36.2317],[-86.67865,36.23209],[-86.67873,36.23222],[-86.67891,36.23244],[-86.67903,36.23273],[-86.67911,36.23292],[-86.67928,36.23321],[-86.67956,36.23373],[-86.67962,36.2339],[-86.6797,36.23403],[-86.6798,36.23429],[-86.6799,36.23441],[-86.67996,36.23463],[-86.67999,36.2347],[-86.68005,36.23475],[-86.68006,36.23483],[-86.68009,36.23488],[-86.68024,36.23502],[-86.68027,36.23519],[-86.68033,36.23534],[-86.68046,36.23554],[-86.68057,36.23568],[-86.68063,36.23587],[-86.67878,36.23575],[-86.67538,36.23552],[-86.67218,36.23531],[-86.67054,36.23521],[-86.67036,36.23523],[-86.6705,36.23567],[-86.67069,36.23645],[-86.671,36.23763],[-86.66464,36.23908],[-86.66503,36.23978],[-86.66151,36.24128],[-86.65928,36.24224],[-86.65794,36.24344],[-86.65777,36.24327],[-86.65755,36.24304],[-86.65748,36.24294],[-86.6574,36.24289],[-86.65735,36.24278],[-86.65727,36.24273],[-86.65716,36.24263],[-86.65703,36.24252],[-86.65699,36.24242],[-86.6569,36.24233],[-86.65674,36.2422],[-86.65671,36.24206],[-86.65678,36.24205],[-86.65706,36.24206],[-86.65733,36.24207],[-86.65732,36.24201],[-86.65699,36.242],[-86.65674,36.24196],[-86.65651,36.24189],[-86.65645,36.24181],[-86.65637,36.2417],[-86.65628,36.24158],[-86.65618,36.24151],[-86.65578,36.2411],[-86.65562,36.24087],[-86.65547,36.24069],[-86.6553,36.24057],[-86.65514,36.24035],[-86.65501,36.24026],[-86.65482,36.24006],[-86.65466,36.23984],[-86.65452,36.23972],[-86.65436,36.23964],[-86.65423,36.23954],[-86.65417,36.2394],[-86.65405,36.23927],[-86.6541,36.23912],[-86.65389,36.23916],[-86.65368,36.239],[-86.65342,36.23877],[-86.65307,36.23847],[-86.65287,36.23827],[-86.65272,36.23813],[-86.65252,36.238],[-86.65242,36.23792],[-86.65235,36.23783],[-86.65221,36.23775],[-86.65208,36.23759],[-86.65201,36.23748],[-86.65187,36.23736],[-86.65165,36.23717],[-86.65146,36.23699],[-86.65155,36.23688],[-86.6513,36.23686],[-86.65103,36.2367],[-86.65073,36.23637],[-86.65065,36.2363],[-86.65056,36.23623],[-86.65049,36.23613],[-86.65031,36.23597],[-86.64999,36.23552],[-86.64984,36.23527],[-86.64962,36.23497],[-86.64936,36.23455],[-86.6492,36.23416],[-86.64911,36.23398],[-86.6491,36.23395],[-86.64902,36.23389],[-86.64899,36.23379],[-86.64894,36.2337],[-86.64884,36.23357],[-86.64878,36.2334],[-86.64869,36.23324],[-86.64858,36.23306],[-86.6485,36.23285],[-86.64845,36.23277],[-86.64835,36.2327],[-86.6483,36.23249],[-86.64819,36.23225],[-86.64819,36.23201],[-86.64815,36.2319],[-86.64808,36.23181],[-86.64785,36.23152],[-86.64771,36.23144],[-86.64762,36.23135],[-86.64758,36.23125],[-86.64748,36.23111],[-86.64741,36.23098],[-86.64727,36.23063],[-86.64721,36.23046],[-86.64713,36.23027],[-86.64695,36.22985],[-86.64677,36.22946],[-86.64655,36.22895],[-86.64651,36.22884],[-86.64638,36.2286],[-86.64634,36.22849],[-86.64621,36.22824],[-86.64621,36.2281],[-86.64619,36.22803],[-86.64611,36.22794],[-86.64608,36.22786],[-86.64606,36.22775],[-86.64601,36.2276],[-86.64595,36.22745],[-86.64583,36.22725],[-86.64574,36.22696],[-86.64561,36.22667],[-86.64556,36.22655],[-86.64562,36.2265],[-86.64586,36.22653],[-86.64583,36.22648],[-86.64569,36.22642],[-86.6455,36.22628],[-86.64541,36.22618],[-86.64532,36.22604],[-86.64521,36.22577],[-86.64518,36.22565],[-86.64514,36.22542],[-86.64508,36.22535],[-86.64499,36.22508],[-86.64494,36.22485],[-86.6449,36.2247],[-86.64485,36.2246],[-86.64485,36.22446],[-86.64482,36.22429],[-86.64475,36.22406],[-86.64469,36.22392],[-86.64467,36.22379],[-86.64464,36.22369],[-86.64455,36.2234],[-86.64454,36.22321],[-86.64457,36.22305],[-86.64454,36.22295],[-86.64446,36.22284],[-86.64435,36.22263],[-86.64424,36.22231],[-86.64421,36.22209],[-86.64416,36.22177],[-86.64406,36.22148],[-86.64393,36.22118],[-86.6439,36.22095],[-86.64384,36.22075],[-86.64384,36.22057],[-86.64377,36.2204],[-86.6437,36.22018],[-86.64372,36.22006],[-86.64371,36.21999],[-86.64367,36.21993],[-86.64361,36.21988],[-86.6436,36.21977],[-86.64367,36.21962],[-86.64365,36.21956],[-86.64353,36.21941],[-86.64355,36.2193],[-86.64347,36.21922],[-86.64341,36.21912],[-86.64341,36.21896],[-86.64338,36.21883],[-86.6433,36.21864],[-86.6433,36.21831],[-86.64321,36.21812],[-86.64311,36.21779],[-86.64299,36.21752],[-86.64298,36.21743],[-86.64297,36.21736],[-86.64289,36.21726],[-86.64275,36.21697],[-86.64265,36.21667],[-86.64257,36.21637],[-86.64244,36.21612],[-86.6423,36.21594],[-86.64236,36.2158],[-86.6423,36.21573],[-86.64218,36.21565],[-86.6422,36.21549],[-86.64221,36.21529],[-86.64214,36.2151],[-86.64197,36.2149],[-86.6418,36.21455],[-86.64167,36.21416],[-86.64144,36.21384],[-86.64127,36.21329],[-86.64098,36.21284],[-86.64068,36.21225],[-86.64039,36.21165],[-86.64,36.21049],[-86.63982,36.2099],[-86.63977,36.20924],[-86.6398,36.20874],[-86.64238,36.209],[-86.64702,36.20948],[-86.64838,36.20961]]]}},{"type":"Feature","properties":{"name":"Amber Hills"},"geometry":{"type":"Polygon","coordinates":[[[-86.95413,36.05504],[-86.95399,36.05556],[-86.95393,36.05585],[-86.95383,36.05612],[-86.95361,36.05666],[-86.95334,36.05731],[-86.95316,36.05773],[-86.95285,36.05848],[-86.95182,36.05831],[-86.95113,36.05821],[-86.95146,36.05724],[-86.95153,36.05726],[-86.95162,36.05717],[-86.95168,36.05708],[-86.9518,36.05678],[-86.95216,36.05614],[-86.95187,36.05608],[-86.95227,36.05491],[-86.95296,36.05496],[-86.95413,36.05504]]]}},{"type":"Feature","properties":{"name":"Hermitage Hills"},"geometry":{"type":"Polygon","coordinates":[[[-86.6252,36.19278],[-86.6252,36.19277],[-86.62529,36.19267],[-86.6252,36.19278]],[[-86.6252,36.19278],[-86.62574,36.19314],[-86.62611,36.19275],[-86.62634,36.19255],[-86.62697,36.19198],[-86.62765,36.19135],[-86.62811,36.19178],[-86.62832,36.19186],[-86.62871,36.19202],[-86.62894,36.19207],[-86.62931,36.19215],[-86.6297,36.19222],[-86.62986,36.19225],[-86.62989,36.19184],[-86.62997,36.19097],[-86.63005,36.19006],[-86.6303,36.18991],[-86.63057,36.18984],[-86.63066,36.19019],[-86.63095,36.19016],[-86.63157,36.19016],[-86.63344,36.19033],[-86.63343,36.1904],[-86.63443,36.19051],[-86.63512,36.19062],[-86.63617,36.19323],[-86.63609,36.19353],[-86.63604,36.19383],[-86.63588,36.19493],[-86.63566,36.19633],[-86.6355,36.19737],[-86.63778,36.1976],[-86.63756,36.19887],[-86.6353,36.19864],[-86.63502,36.20053],[-86.63475,36.20239],[-86.63723,36.20364],[-86.63845,36.20486],[-86.6394,36.20537],[-86.63998,36.20568],[-86.63971,36.206],[-86.63935,36.20663],[-86.63891,36.20727],[-86.63862,36.20765],[-86.63852,36.20776],[-86.63847,36.20785],[-86.63832,36.20807],[-86.63809,36.2079],[-86.63773,36.20823],[-86.63745,36.20862],[-86.63736,36.20873],[-86.63705,36.20894],[-86.63703,36.20918],[-86.63631,36.21013],[-86.63551,36.21116],[-86.63512,36.21118],[-86.63495,36.21102],[-86.63509,36.21077],[-86.63477,36.21072],[-86.63472,36.21065],[-86.63446,36.2108],[-86.63493,36.21145],[-86.63499,36.21169],[-86.63514,36.21224],[-86.63504,36.21274],[-86.63461,36.21269],[-86.63459,36.21276],[-86.63419,36.21266],[-86.63413,36.21279],[-86.63406,36.21288],[-86.63395,36.21297],[-86.63382,36.21305],[-86.63364,36.21311],[-86.63339,36.21312],[-86.63312,36.21307],[-86.63306,36.21319],[-86.63267,36.21393],[-86.63142,36.21252],[-86.6285,36.21318],[-86.62804,36.21309],[-86.62827,36.21136],[-86.62848,36.2097],[-86.62868,36.20846],[-86.62903,36.20637],[-86.62878,36.20613],[-86.62875,36.20605],[-86.6286,36.20587],[-86.62833,36.20604],[-86.62784,36.20577],[-86.62731,36.20534],[-86.62714,36.20521],[-86.62689,36.20512],[-86.6263,36.20466],[-86.62634,36.20429],[-86.62615,36.20427],[-86.62614,36.20381],[-86.62614,36.2036],[-86.62622,36.20295],[-86.62634,36.20273],[-86.6264,36.20233],[-86.62644,36.20233],[-86.6265,36.20189],[-86.62583,36.20183],[-86.62552,36.20183],[-86.62404,36.202],[-86.62354,36.20207],[-86.6237,36.20058],[-86.62119,36.20102],[-86.62102,36.20038],[-86.62092,36.20008],[-86.62197,36.19989],[-86.62199,36.19994],[-86.62228,36.19989],[-86.62229,36.19992],[-86.62293,36.19981],[-86.62294,36.19975],[-86.6229,36.19964],[-86.62266,36.19895],[-86.62263,36.19867],[-86.62289,36.19864],[-86.62333,36.19858],[-86.62327,36.19816],[-86.62326,36.19778],[-86.62324,36.1972],[-86.6232,36.1969],[-86.62311,36.19663],[-86.62295,36.19639],[-86.6228,36.19621],[-86.62282,36.19615],[-86.623,36.19603],[-86.62327,36.1958],[-86.62358,36.19545],[-86.62396,36.19501],[-86.6243,36.19461],[-86.62469,36.19416],[-86.62505,36.19374],[-86.62511,36.19372],[-86.6246,36.1934],[-86.62473,36.19328],[-86.6252,36.19278]]]}},{"type":"Feature","properties":{"name":"Hermitage Estates"},"geometry":{"type":"Polygon","coordinates":[[[-86.60959,36.20443],[-86.61001,36.20378],[-86.61089,36.20255],[-86.61037,36.20194],[-86.61104,36.20154],[-86.61257,36.20063],[-86.61321,36.20026],[-86.61344,36.19999],[-86.61359,36.19982],[-86.61361,36.1997],[-86.61365,36.19956],[-86.61332,36.1994],[-86.61299,36.19916],[-86.61267,36.19891],[-86.61226,36.19859],[-86.61181,36.19827],[-86.61133,36.19798],[-86.6105,36.19756],[-86.61012,36.19742],[-86.60869,36.1973],[-86.60865,36.19724],[-86.60865,36.19657],[-86.60884,36.19629],[-86.6093,36.19559],[-86.61012,36.19595],[-86.61187,36.19674],[-86.61216,36.1954],[-86.61219,36.19524],[-86.61244,36.19487],[-86.61233,36.19485],[-86.61293,36.19393],[-86.61333,36.1933],[-86.61362,36.19342],[-86.61419,36.19517],[-86.61725,36.19544],[-86.61721,36.1957],[-86.61726,36.19578],[-86.61708,36.19626],[-86.61742,36.19676],[-86.61752,36.19715],[-86.61725,36.19717],[-86.6171,36.19814],[-86.61776,36.2002],[-86.61722,36.20077],[-86.61707,36.20095],[-86.6174,36.20116],[-86.61743,36.20125],[-86.61734,36.20139],[-86.61704,36.20172],[-86.61676,36.20209],[-86.61612,36.20278],[-86.61564,36.20325],[-86.61522,36.20369],[-86.61489,36.20403],[-86.6145,36.20441],[-86.61442,36.20443],[-86.61414,36.20432],[-86.6138,36.20423],[-86.61355,36.2042],[-86.61337,36.20419],[-86.61308,36.20416],[-86.61275,36.20409],[-86.6125,36.20401],[-86.61224,36.20391],[-86.61165,36.20464],[-86.60959,36.20443]],[[-86.61621,36.20505],[-86.61643,36.20501],[-86.61672,36.20501],[-86.61672,36.20462],[-86.61676,36.20446],[-86.6168,36.20432],[-86.61686,36.20416],[-86.61695,36.20404],[-86.61708,36.20395],[-86.61724,36.20389],[-86.61738,36.20388],[-86.61738,36.20374],[-86.61743,36.20331],[-86.61741,36.20304],[-86.61735,36.20289],[-86.61725,36.20276],[-86.61805,36.20213],[-86.61859,36.20246],[-86.61842,36.20432],[-86.61822,36.20649],[-86.61795,36.20653],[-86.61718,36.20721],[-86.61739,36.20739],[-86.61753,36.20769],[-86.61736,36.20805],[-86.61698,36.20817],[-86.61378,36.20784],[-86.61382,36.20747],[-86.61324,36.2074],[-86.61408,36.20702],[-86.61423,36.20681],[-86.61426,36.20677],[-86.61447,36.20665],[-86.61463,36.20651],[-86.6149,36.20623],[-86.61513,36.20598],[-86.61541,36.20566],[-86.61567,36.2054],[-86.61581,36.20525],[-86.61596,36.20514],[-86.61621,36.20505]]]}},{"type":"Feature","properties":{"name":"Crieve Hall"},"geometry":{"type":"Polygon","coordinates":[[[-86.77452,36.05227],[-86.77449,36.05266],[-86.77442,36.05306],[-86.77428,36.05355],[-86.77427,36.05374],[-86.77427,36.05394],[-86.77418,36.05434],[-86.774,36.0549],[-86.77364,36.05584],[-86.77294,36.05715],[-86.77275,36.05754],[-86.77215,36.05901],[-86.77188,36.05951],[-86.77163,36.06004],[-86.77134,36.06048],[-86.77105,36.06037],[-86.77045,36.06169],[-86.77001,36.06266],[-86.76962,36.0635],[-86.76942,36.06394],[-86.76914,36.0652],[-86.76899,36.06586],[-86.76865,36.06605],[-86.76853,36.06705],[-86.7685,36.06736],[-86.76837,36.06816],[-86.76802,36.06973],[-86.76786,36.07033],[-86.76777,36.07058],[-86.76765,36.07085],[-86.76731,36.07146],[-86.76709,36.07177],[-86.76684,36.07208],[-86.76669,36.0723],[-86.76628,36.073],[-86.76647,36.07308],[-86.76682,36.07321],[-86.76652,36.07378],[-86.76669,36.07406],[-86.76602,36.07467],[-86.76528,36.07536],[-86.76442,36.07578],[-86.76444,36.07582],[-86.76358,36.07626],[-86.76283,36.07663],[-86.76223,36.07693],[-86.7616,36.07725],[-86.76148,36.07675],[-86.76151,36.07668],[-86.76141,36.07642],[-86.76172,36.07637],[-86.76163,36.07613],[-86.76119,36.07478],[-86.75926,36.07495],[-86.75898,36.07507],[-86.75902,36.07521],[-86.759,36.07543],[-86.75831,36.07536],[-86.7577,36.07582],[-86.75674,36.07578],[-86.75607,36.07575],[-86.75564,36.07534],[-86.75477,36.07529],[-86.7543,36.07525],[-86.75368,36.07525],[-86.75252,36.07524],[-86.75224,36.07526],[-86.75161,36.07538],[-86.75125,36.07496],[-86.75073,36.07509],[-86.75068,36.07496],[-86.75,36.07513],[-86.7493,36.07565],[-86.74895,36.07525],[-86.74859,36.07513],[-86.74788,36.07502],[-86.74659,36.07501],[-86.74646,36.07488],[-86.74591,36.07488],[-86.74543,36.07483],[-86.74531,36.07494],[-86.74303,36.07489],[-86.74189,36.07486],[-86.7408,36.07483],[-86.73871,36.07476],[-86.738,36.0747],[-86.73769,36.07458],[-86.73746,36.07468],[-86.73716,36.07454],[-86.73689,36.07465],[-86.73635,36.07506],[-86.7363,36.07487],[-86.73526,36.0747],[-86.73513,36.07458],[-86.73471,36.07447],[-86.73476,36.07436],[-86.73464,36.07425],[-86.73424,36.07409],[-86.73405,36.07407],[-86.733,36.07398],[-86.73306,36.0728],[-86.73339,36.07249],[-86.73345,36.07234],[-86.73381,36.07217],[-86.734,36.07216],[-86.73447,36.07215],[-86.73454,36.07227],[-86.7352,36.07222],[-86.73555,36.07241],[-86.73615,36.0718],[-86.73887,36.07117],[-86.7388,36.07037],[-86.73898,36.06972],[-86.73942,36.06965],[-86.73984,36.06876],[-86.73998,36.06865],[-86.74025,36.06803],[-86.74032,36.06805],[-86.74091,36.06768],[-86.74148,36.06757],[-86.74189,36.06761],[-86.74187,36.06757],[-86.74381,36.06783],[-86.74547,36.06761],[-86.74694,36.06837],[-86.74705,36.06803],[-86.74725,36.06776],[-86.74745,36.06757],[-86.74778,36.06734],[-86.74811,36.0672],[-86.74853,36.06709],[-86.74857,36.06695],[-86.74885,36.06488],[-86.74913,36.06279],[-86.74929,36.06059],[-86.7494,36.05935],[-86.74792,36.05922],[-86.74832,36.05847],[-86.74897,36.05801],[-86.74911,36.05789],[-86.74866,36.05761],[-86.74797,36.05724],[-86.74753,36.05694],[-86.74717,36.05662],[-86.74693,36.05638],[-86.74708,36.05591],[-86.74719,36.05556],[-86.74765,36.05506],[-86.75009,36.0537],[-86.7512,36.0538],[-86.75281,36.05393],[-86.75293,36.05329],[-86.75253,36.05326],[-86.75248,36.05265],[-86.75189,36.05266],[-86.7517,36.05272],[-86.75139,36.05273],[-86.75123,36.05257],[-86.75097,36.05234],[-86.75111,36.05209],[-86.7513,36.05191],[-86.75138,36.05177],[-86.7515,36.05162],[-86.75159,36.05151],[-86.75182,36.05171],[-86.7519,36.05183],[-86.75194,36.05196],[-86.75196,36.05207],[-86.75203,36.05211],[-86.75221,36.05211],[-86.75246,36.05211],[-86.75245,36.051],[-86.75261,36.05099],[-86.75315,36.05092],[-86.75346,36.05099],[-86.75368,36.05112],[-86.75382,36.05114],[-86.75413,36.05116],[-86.75421,36.0512],[-86.75433,36.05116],[-86.75451,36.05099],[-86.75458,36.0509],[-86.75477,36.05076],[-86.75488,36.05069],[-86.75512,36.05063],[-86.75536,36.05059],[-86.75551,36.05057],[-86.7556,36.05058],[-86.75585,36.05065],[-86.756,36.05057],[-86.75637,36.05012],[-86.75641,36.05006],[-86.75678,36.04978],[-86.75695,36.04966],[-86.75708,36.04949],[-86.75725,36.04935],[-86.75739,36.04916],[-86.75754,36.0491],[-86.75764,36.04911],[-86.75751,36.04862],[-86.75749,36.04833],[-86.7575,36.04808],[-86.75807,36.04808],[-86.75835,36.04806],[-86.75952,36.04808],[-86.75989,36.04809],[-86.76019,36.04817],[-86.76038,36.04826],[-86.7605,36.04815],[-86.7617,36.04821],[-86.76394,36.04835],[-86.76387,36.04913],[-86.76407,36.04893],[-86.76415,36.0489],[-86.76431,36.04891],[-86.76456,36.04866],[-86.76488,36.04866],[-86.76523,36.04857],[-86.76673,36.04874],[-86.76695,36.04689],[-86.7697,36.04718],[-86.76965,36.04769],[-86.77115,36.04788],[-86.77103,36.04892],[-86.7729,36.04914],[-86.77464,36.04989],[-86.77463,36.0509],[-86.77454,36.05097],[-86.77452,36.05227]]]}},{"type":"Feature","properties":{"name":"Brandywine Farms"},"geometry":{"type":"Polygon","coordinates":[[[-86.6238,36.23235],[-86.62349,36.23418],[-86.62343,36.23431],[-86.62315,36.23586],[-86.62314,36.23589],[-86.62326,36.2359],[-86.62324,36.23622],[-86.62324,36.23632],[-86.62325,36.23731],[-86.62326,36.23828],[-86.62328,36.23943],[-86.62332,36.24209],[-86.62332,36.24236],[-86.62356,36.24228],[-86.62347,36.24265],[-86.62352,36.2427],[-86.62348,36.24334],[-86.62351,36.2438],[-86.62331,36.24403],[-86.62291,36.24399],[-86.62239,36.24393],[-86.62181,36.24363],[-86.62156,36.24312],[-86.62104,36.24262],[-86.62049,36.24208],[-86.61994,36.24156],[-86.61926,36.24089],[-86.61845,36.24118],[-86.61897,36.24179],[-86.61961,36.2431],[-86.61958,36.2435],[-86.61912,36.24369],[-86.6181,36.24373],[-86.6171,36.24345],[-86.6161,36.24284],[-86.61597,36.243],[-86.61588,36.24322],[-86.61498,36.24312],[-86.61497,36.24304],[-86.61472,36.24296],[-86.61459,36.24301],[-86.61435,36.24301],[-86.61414,36.243],[-86.61399,36.243],[-86.61366,36.24286],[-86.61351,36.24278],[-86.6134,36.24266],[-86.61328,36.24259],[-86.61332,36.24245],[-86.61314,36.24231],[-86.61313,36.24208],[-86.6132,36.24186],[-86.61306,36.24171],[-86.61312,36.24163],[-86.61305,36.24152],[-86.61275,36.24143],[-86.61235,36.24177],[-86.61248,36.24208],[-86.61271,36.24219],[-86.61248,36.24254],[-86.61275,36.24273],[-86.61272,36.243],[-86.61314,36.24318],[-86.61306,36.24354],[-86.61302,36.24363],[-86.61259,36.2436],[-86.61157,36.24334],[-86.61033,36.24303],[-86.6085,36.24255],[-86.60869,36.24136],[-86.60889,36.24],[-86.60899,36.23925],[-86.60927,36.2372],[-86.6096,36.23492],[-86.60987,36.23319],[-86.61021,36.23096],[-86.61124,36.23107],[-86.61538,36.23146],[-86.61667,36.23159],[-86.61721,36.23163],[-86.62022,36.23192],[-86.62118,36.23202],[-86.62117,36.23206],[-86.62266,36.2322],[-86.6238,36.23235]]]}},{"type":"Feature","properties":{"name":"Eva Mor Heights"},"geometry":{"type":"Polygon","coordinates":[[[-86.67449,36.1677],[-86.67449,36.16771],[-86.67448,36.16771],[-86.67449,36.1677]],[[-86.67449,36.1677],[-86.67458,36.16726],[-86.67468,36.16688],[-86.67491,36.1661],[-86.675,36.16582],[-86.67503,36.16558],[-86.67509,36.16532],[-86.67518,36.16483],[-86.67526,36.16453],[-86.67535,36.1643],[-86.67554,36.16364],[-86.67565,36.16351],[-86.6759,36.16324],[-86.67591,36.16321],[-86.67699,36.1634],[-86.67716,36.16342],[-86.67725,36.16297],[-86.67738,36.16237],[-86.67752,36.16201],[-86.67771,36.16172],[-86.678,36.16139],[-86.67829,36.16106],[-86.67872,36.1614],[-86.67897,36.16122],[-86.6796,36.16107],[-86.67996,36.16099],[-86.68081,36.16133],[-86.68124,36.16139],[-86.68117,36.16176],[-86.68112,36.16204],[-86.68091,36.16308],[-86.68082,36.16351],[-86.68074,36.16389],[-86.68057,36.16477],[-86.68041,36.16565],[-86.68018,36.16677],[-86.68008,36.16738],[-86.67989,36.16863],[-86.67815,36.16839],[-86.67582,36.16809],[-86.67569,36.16787],[-86.67522,36.16778],[-86.67504,36.16779],[-86.675,36.168],[-86.67455,36.16794],[-86.67444,36.1679],[-86.6745,36.16771],[-86.67449,36.1677]]]}},{"type":"Feature","properties":{"name":"East Lake"},"geometry":{"type":"Polygon","coordinates":[[[-86.64031,36.13438],[-86.64108,36.13508],[-86.64044,36.13546],[-86.64031,36.13561],[-86.64006,36.13572],[-86.63992,36.13602],[-86.63981,36.13666],[-86.63972,36.13724],[-86.63964,36.13745],[-86.63959,36.13788],[-86.63955,36.13809],[-86.63928,36.13871],[-86.63925,36.13882],[-86.63924,36.13974],[-86.63929,36.13974],[-86.63935,36.13995],[-86.6396,36.1401],[-86.63997,36.14041],[-86.64063,36.14093],[-86.64058,36.14119],[-86.64055,36.14143],[-86.64049,36.14175],[-86.64044,36.14178],[-86.63979,36.14178],[-86.63848,36.14177],[-86.63779,36.14175],[-86.63793,36.14095],[-86.63811,36.13987],[-86.63796,36.1398],[-86.63813,36.13894],[-86.63845,36.13866],[-86.63829,36.13829],[-86.63854,36.13806],[-86.63846,36.13784],[-86.63861,36.13692],[-86.63876,36.13598],[-86.63898,36.13568],[-86.63882,36.13543],[-86.63908,36.1351],[-86.63853,36.13478],[-86.63834,36.13467],[-86.63821,36.13455],[-86.63757,36.13397],[-86.63764,36.1338],[-86.63744,36.13353],[-86.63721,36.13317],[-86.63755,36.13305],[-86.6377,36.13288],[-86.63802,36.13281],[-86.6382,36.13284],[-86.6383,36.13301],[-86.6384,36.13316],[-86.63859,36.13338],[-86.63875,36.13353],[-86.63878,36.13372],[-86.63903,36.1339],[-86.6394,36.13417],[-86.6396,36.13416],[-86.6396,36.13431],[-86.63985,36.13451],[-86.64004,36.1346],[-86.64031,36.13438]]]}},{"type":"Feature","properties":{"name":"Percy Priest Woods"},"geometry":{"type":"Polygon","coordinates":[[[-86.62961,36.12868],[-86.62969,36.12758],[-86.62973,36.12734],[-86.62986,36.12636],[-86.6311,36.12648],[-86.6344,36.12686],[-86.63457,36.12566],[-86.63532,36.12553],[-86.63594,36.12652],[-86.63741,36.12604],[-86.63794,36.12762],[-86.63869,36.12737],[-86.63927,36.12756],[-86.63969,36.1279],[-86.63988,36.12805],[-86.64052,36.12832],[-86.64128,36.12767],[-86.64218,36.12822],[-86.64108,36.12981],[-86.64131,36.12993],[-86.64153,36.13007],[-86.64149,36.13038],[-86.64144,36.13055],[-86.64144,36.1308],[-86.64063,36.13133],[-86.63907,36.13112],[-86.63827,36.131],[-86.6377,36.13092],[-86.63749,36.13089],[-86.63711,36.13084],[-86.6338,36.13035],[-86.63402,36.1292],[-86.63086,36.12881],[-86.62961,36.12868]]]}},{"type":"Feature","properties":{"name":"Bonnie Brae"},"geometry":{"type":"Polygon","coordinates":[[[-86.73208,36.26891],[-86.73406,36.26912],[-86.73391,36.26985],[-86.73372,36.27039],[-86.7334,36.27136],[-86.73424,36.27156],[-86.73427,36.27149],[-86.73435,36.27151],[-86.73509,36.27147],[-86.73533,36.27112],[-86.73573,36.27122],[-86.73567,36.27157],[-86.73555,36.27215],[-86.7354,36.27239],[-86.73528,36.27305],[-86.73523,36.27335],[-86.73508,36.27381],[-86.73499,36.27435],[-86.73495,36.27467],[-86.73499,36.27493],[-86.73502,36.27521],[-86.73474,36.27622],[-86.73429,36.27751],[-86.73184,36.27735],[-86.7316,36.27717],[-86.73111,36.27698],[-86.73038,36.2768],[-86.73043,36.27614],[-86.73058,36.27353],[-86.73063,36.27299],[-86.73129,36.27112],[-86.73175,36.2698],[-86.73208,36.26891]]]}},{"type":"Feature","properties":{"name":"Bransford Avenue"},"geometry":{"type":"Polygon","coordinates":[[[-86.76714,36.12841],[-86.76749,36.12936],[-86.76777,36.13015],[-86.76808,36.13102],[-86.76835,36.13174],[-86.76916,36.13181],[-86.76909,36.13226],[-86.76951,36.1323],[-86.76953,36.13234],[-86.76946,36.13279],[-86.768,36.13265],[-86.76808,36.13217],[-86.76731,36.13209],[-86.76752,36.13082],[-86.76747,36.13077],[-86.76726,36.1302],[-86.76674,36.12874],[-86.76678,36.12847],[-86.76714,36.12841]]]}},{"type":"Feature","properties":{"name":"Cane Ridge Farms"},"geometry":{"type":"Polygon","coordinates":[[[-86.64497,36.0233],[-86.64449,36.02307],[-86.64428,36.02296],[-86.644,36.02279],[-86.64383,36.02267],[-86.64359,36.0224],[-86.6435,36.02227],[-86.64342,36.02209],[-86.64337,36.02184],[-86.64462,36.02168],[-86.64654,36.02141],[-86.64645,36.02101],[-86.64552,36.021],[-86.64528,36.01986],[-86.64577,36.01977],[-86.64638,36.01826],[-86.64675,36.01763],[-86.64773,36.01747],[-86.64763,36.01779],[-86.64883,36.01788],[-86.64884,36.01786],[-86.6501,36.01798],[-86.65245,36.01821],[-86.65439,36.01841],[-86.65661,36.01871],[-86.65729,36.0188],[-86.65827,36.01894],[-86.65804,36.02014],[-86.65773,36.02176],[-86.65755,36.02284],[-86.65751,36.02309],[-86.65741,36.02304],[-86.65733,36.02296],[-86.65619,36.02261],[-86.65612,36.02298],[-86.65493,36.02286],[-86.65339,36.02269],[-86.65105,36.0224],[-86.65073,36.02443],[-86.64849,36.02423],[-86.64794,36.02314],[-86.64758,36.02256],[-86.64547,36.02353],[-86.64497,36.0233]]]}},{"type":"Feature","properties":{"name":"Cedar Crest"},"geometry":{"type":"Polygon","coordinates":[[[-86.92004,36.11874],[-86.91835,36.11989],[-86.91762,36.1185],[-86.91657,36.11651],[-86.91742,36.11587],[-86.91881,36.11481],[-86.92004,36.11874]]]}},{"type":"Feature","properties":{"name":"Chase Creek"},"geometry":{"type":"Polygon","coordinates":[[[-86.95056,36.04268],[-86.95049,36.04294],[-86.95048,36.04302],[-86.95026,36.04362],[-86.9492,36.04332],[-86.9482,36.04321],[-86.94455,36.04282],[-86.94512,36.04245],[-86.94577,36.04196],[-86.94654,36.04142],[-86.94755,36.04075],[-86.94833,36.04025],[-86.94855,36.04005],[-86.95181,36.03837],[-86.95172,36.03877],[-86.95151,36.03949],[-86.95122,36.04043],[-86.95115,36.04072],[-86.95056,36.04268]]]}},{"type":"Feature","properties":{"name":"Duncanwood Brookmeade"},"geometry":{"type":"Polygon","coordinates":[[[-86.79953,36.09867],[-86.79932,36.09976],[-86.79527,36.09947],[-86.79276,36.0993],[-86.79286,36.09884],[-86.79289,36.0986],[-86.79297,36.09821],[-86.79299,36.09793],[-86.79302,36.09763],[-86.79305,36.09744],[-86.79298,36.09701],[-86.79461,36.09714],[-86.79451,36.09772],[-86.79595,36.09783],[-86.796,36.0973],[-86.79943,36.09753],[-86.79938,36.09852],[-86.79935,36.09865],[-86.79953,36.09867]]]}},{"type":"Feature","properties":{"name":"Forest Cove"},"geometry":{"type":"Polygon","coordinates":[[[-86.63131,36.07454],[-86.63051,36.07446],[-86.62995,36.0744],[-86.62987,36.07436],[-86.62984,36.0743],[-86.6299,36.07416],[-86.62977,36.07408],[-86.62934,36.07395],[-86.62913,36.07384],[-86.62845,36.074],[-86.62817,36.07377],[-86.62802,36.07391],[-86.62743,36.07364],[-86.62644,36.07364],[-86.62553,36.07363],[-86.62561,36.07282],[-86.6258,36.07271],[-86.62596,36.07269],[-86.62666,36.07262],[-86.6272,36.07244],[-86.62771,36.07227],[-86.62826,36.07187],[-86.62865,36.07158],[-86.62946,36.07245],[-86.63005,36.0731],[-86.63065,36.07379],[-86.63106,36.07422],[-86.63131,36.07454]]]}},{"type":"Feature","properties":{"name":"Hillhurst"},"geometry":{"type":"Polygon","coordinates":[[[-86.77288,36.22334],[-86.77262,36.22473],[-86.77251,36.22556],[-86.77241,36.22675],[-86.77238,36.22716],[-86.77232,36.22736],[-86.77217,36.22756],[-86.77219,36.22778],[-86.77208,36.2281],[-86.77178,36.22861],[-86.77146,36.22929],[-86.77119,36.22965],[-86.77094,36.22999],[-86.77067,36.23014],[-86.77007,36.23023],[-86.76962,36.23033],[-86.76895,36.23042],[-86.76839,36.23047],[-86.76791,36.2305],[-86.76723,36.23052],[-86.76656,36.23051],[-86.76605,36.23048],[-86.76574,36.23045],[-86.76495,36.23036],[-86.76426,36.23025],[-86.76313,36.23004],[-86.76261,36.22994],[-86.76301,36.22818],[-86.76306,36.22815],[-86.76319,36.22761],[-86.76314,36.22757],[-86.76327,36.22701],[-86.76144,36.2267],[-86.76146,36.2262],[-86.76146,36.22601],[-86.76157,36.22511],[-86.76196,36.22531],[-86.76257,36.2256],[-86.76312,36.22529],[-86.76323,36.22544],[-86.76329,36.22555],[-86.76423,36.22523],[-86.76428,36.22526],[-86.76515,36.22493],[-86.7647,36.22415],[-86.76477,36.22411],[-86.76465,36.22394],[-86.76451,36.22382],[-86.76449,36.2238],[-86.76501,36.22329],[-86.76447,36.22265],[-86.76671,36.22284],[-86.77288,36.22334]]]}},{"type":"Feature","properties":{"name":"Lakewood Village"},"geometry":{"type":"Polygon","coordinates":[[[-86.58466,36.04668],[-86.58724,36.04697],[-86.58644,36.05071],[-86.58403,36.05043],[-86.58433,36.04866],[-86.58451,36.0477],[-86.58466,36.04668]]]}},{"type":"Feature","properties":{"name":"McMurray-Huntingdon"},"geometry":{"type":"Polygon","coordinates":[[[-86.74308,36.05176],[-86.74295,36.05263],[-86.74239,36.05257],[-86.74194,36.05234],[-86.74062,36.05167],[-86.74041,36.05194],[-86.74046,36.05231],[-86.74047,36.05246],[-86.7404,36.05282],[-86.74027,36.05327],[-86.73996,36.05399],[-86.73945,36.05385],[-86.73891,36.05368],[-86.73774,36.05332],[-86.7373,36.05322],[-86.73702,36.05321],[-86.73677,36.05325],[-86.73641,36.05341],[-86.7362,36.05356],[-86.73605,36.05366],[-86.7361,36.05382],[-86.73606,36.0544],[-86.73603,36.05543],[-86.736,36.05543],[-86.73578,36.05742],[-86.73547,36.06098],[-86.73543,36.06148],[-86.73569,36.0615],[-86.73526,36.06164],[-86.73514,36.06134],[-86.73497,36.06132],[-86.73487,36.06125],[-86.73472,36.06116],[-86.73449,36.06108],[-86.73439,36.06103],[-86.73428,36.06091],[-86.73414,36.06082],[-86.73399,36.06077],[-86.73395,36.06068],[-86.73382,36.06061],[-86.73372,36.06051],[-86.73355,36.0604],[-86.73348,36.06032],[-86.73327,36.06021],[-86.73315,36.06015],[-86.73299,36.06011],[-86.7328,36.06003],[-86.7326,36.05998],[-86.73244,36.05994],[-86.73231,36.05985],[-86.73212,36.0598],[-86.73193,36.05961],[-86.73178,36.05944],[-86.73157,36.05925],[-86.73128,36.05896],[-86.73108,36.05878],[-86.73096,36.05854],[-86.73082,36.05832],[-86.73071,36.05988],[-86.73041,36.05992],[-86.72985,36.06056],[-86.72888,36.06013],[-86.72635,36.05959],[-86.72431,36.05913],[-86.72266,36.05879],[-86.72271,36.05812],[-86.72247,36.05812],[-86.7224,36.05815],[-86.72121,36.05826],[-86.72022,36.05835],[-86.72042,36.05687],[-86.72055,36.05587],[-86.71853,36.05569],[-86.71723,36.05561],[-86.71667,36.05554],[-86.71583,36.05548],[-86.71569,36.05502],[-86.71527,36.0538],[-86.71484,36.05245],[-86.71578,36.05253],[-86.71796,36.05269],[-86.71962,36.05283],[-86.71961,36.05267],[-86.71953,36.05246],[-86.71998,36.05232],[-86.72188,36.05176],[-86.72209,36.05026],[-86.72224,36.04929],[-86.72249,36.04713],[-86.72254,36.04646],[-86.72333,36.04634],[-86.72413,36.04622],[-86.7244,36.04605],[-86.72512,36.04619],[-86.72531,36.04624],[-86.72779,36.04676],[-86.72777,36.04688],[-86.7285,36.04695],[-86.72887,36.04698],[-86.72912,36.04704],[-86.72975,36.04717],[-86.73069,36.04738],[-86.73171,36.04759],[-86.73342,36.04795],[-86.73458,36.04819],[-86.73512,36.04832],[-86.73561,36.04848],[-86.73648,36.04877],[-86.7373,36.04904],[-86.738,36.04928],[-86.73869,36.04951],[-86.73946,36.04992],[-86.74021,36.05029],[-86.74016,36.0505],[-86.74094,36.05066],[-86.74188,36.05114],[-86.74308,36.05176]]]}},{"type":"Feature","properties":{"name":"Mountainview"},"geometry":{"type":"Polygon","coordinates":[[[-86.73484,36.02655],[-86.7359,36.02664],[-86.73564,36.0287],[-86.73555,36.02949],[-86.7355,36.02981],[-86.73565,36.03026],[-86.73615,36.03047],[-86.73666,36.03069],[-86.73757,36.0314],[-86.73751,36.03194],[-86.73742,36.03216],[-86.73739,36.03232],[-86.73645,36.03215],[-86.73645,36.03315],[-86.73464,36.033],[-86.73384,36.03296],[-86.73285,36.03292],[-86.73114,36.03287],[-86.73036,36.03284],[-86.73021,36.03283],[-86.72804,36.03229],[-86.72822,36.03026],[-86.72918,36.03021],[-86.7293,36.02937],[-86.72932,36.0292],[-86.72937,36.02839],[-86.72945,36.02729],[-86.72953,36.02669],[-86.72961,36.02652],[-86.72965,36.02621],[-86.73284,36.02642],[-86.73379,36.02649],[-86.73484,36.02655]]]}},{"type":"Feature","properties":{"name":"Priest Lake Meadows"},"geometry":{"type":"Polygon","coordinates":[[[-86.61597,36.0855],[-86.61601,36.08528],[-86.61591,36.08519],[-86.61584,36.08493],[-86.61583,36.08473],[-86.61576,36.08409],[-86.61574,36.08379],[-86.61572,36.08354],[-86.61567,36.08288],[-86.61568,36.08248],[-86.61569,36.08214],[-86.61567,36.08198],[-86.61571,36.08179],[-86.61565,36.08147],[-86.6156,36.08131],[-86.6155,36.08114],[-86.61535,36.08087],[-86.61512,36.08064],[-86.61506,36.08058],[-86.61479,36.08043],[-86.61316,36.07956],[-86.61281,36.07941],[-86.61317,36.07904],[-86.61338,36.07886],[-86.61392,36.07838],[-86.61473,36.07755],[-86.61494,36.07735],[-86.6153,36.07699],[-86.61564,36.07667],[-86.61572,36.0766],[-86.61594,36.07643],[-86.61648,36.07598],[-86.61665,36.07583],[-86.61708,36.07529],[-86.61727,36.07512],[-86.61689,36.07479],[-86.61713,36.0734],[-86.61895,36.07355],[-86.62062,36.07367],[-86.62221,36.07382],[-86.62256,36.07385],[-86.62404,36.07399],[-86.62481,36.07406],[-86.6252,36.0741],[-86.62601,36.07417],[-86.62886,36.07445],[-86.62884,36.07482],[-86.62884,36.07491],[-86.62908,36.07493],[-86.62904,36.07522],[-86.6296,36.07525],[-86.62956,36.07563],[-86.63197,36.07604],[-86.63145,36.07634],[-86.63137,36.07684],[-86.63177,36.07689],[-86.63168,36.07735],[-86.63166,36.07743],[-86.63142,36.07789],[-86.63207,36.07798],[-86.6321,36.07815],[-86.63219,36.07831],[-86.63235,36.0786],[-86.63263,36.07866],[-86.63283,36.07882],[-86.63295,36.07883],[-86.63299,36.07888],[-86.63257,36.07921],[-86.63231,36.07943],[-86.6314,36.08017],[-86.63051,36.0809],[-86.62997,36.08133],[-86.62975,36.08152],[-86.62935,36.08184],[-86.62902,36.08214],[-86.62884,36.08237],[-86.6289,36.08239],[-86.62883,36.08249],[-86.62874,36.08269],[-86.62855,36.08285],[-86.62849,36.08307],[-86.62847,36.08319],[-86.62785,36.08298],[-86.62729,36.08287],[-86.62697,36.08276],[-86.62685,36.08319],[-86.62676,36.08316],[-86.62714,36.08346],[-86.62676,36.08395],[-86.62568,36.0835],[-86.62539,36.08349],[-86.625,36.08346],[-86.62444,36.08327],[-86.62387,36.08311],[-86.62337,36.0832],[-86.62276,36.08335],[-86.62239,36.08348],[-86.62151,36.08347],[-86.62123,36.08281],[-86.61915,36.08585],[-86.61655,36.08557],[-86.61611,36.08553],[-86.61597,36.0855]]]}},{"type":"Feature","properties":{"name":"Rainwood"},"geometry":{"type":"Polygon","coordinates":[[[-86.77793,36.24351],[-86.77788,36.24389],[-86.77782,36.24434],[-86.77683,36.24426],[-86.77677,36.24419],[-86.77684,36.24343],[-86.77793,36.24351]]]}},{"type":"Feature","properties":{"name":"River Glen"},"geometry":{"type":"Polygon","coordinates":[[[-86.70939,36.23902],[-86.70881,36.23974],[-86.70918,36.23989],[-86.70906,36.24001],[-86.70744,36.24143],[-86.70676,36.24199],[-86.70565,36.24275],[-86.70449,36.24331],[-86.70456,36.24356],[-86.70454,36.24362],[-86.70442,36.24365],[-86.70442,36.24355],[-86.70262,36.24382],[-86.70198,36.24391],[-86.7015,36.24191],[-86.70106,36.24004],[-86.70085,36.23919],[-86.70078,36.23906],[-86.70075,36.23888],[-86.70109,36.23852],[-86.70185,36.23815],[-86.70205,36.23833],[-86.70238,36.23811],[-86.70354,36.23735],[-86.70382,36.23718],[-86.70441,36.23748],[-86.7051,36.23702],[-86.70534,36.23709],[-86.70561,36.23724],[-86.70584,36.23733],[-86.7061,36.23739],[-86.70621,36.2374],[-86.70626,36.23744],[-86.70669,36.23766],[-86.70727,36.23795],[-86.70827,36.23846],[-86.70899,36.23882],[-86.70939,36.23902]]]}},{"type":"Feature","properties":{"name":"Stanford Village"},"geometry":{"type":"Polygon","coordinates":[[[-86.68661,36.0232],[-86.68661,36.02318],[-86.68621,36.02313],[-86.68593,36.02309],[-86.68531,36.02302],[-86.68454,36.02293],[-86.68512,36.02218],[-86.68609,36.02091],[-86.68637,36.02051],[-86.68645,36.0204],[-86.68651,36.02032],[-86.68666,36.02027],[-86.68717,36.02007],[-86.68739,36.0199],[-86.68749,36.01979],[-86.68748,36.01956],[-86.68743,36.01936],[-86.68737,36.01921],[-86.68842,36.01792],[-86.68892,36.01731],[-86.69061,36.01748],[-86.69019,36.02048],[-86.68994,36.02046],[-86.68975,36.02192],[-86.68964,36.02258],[-86.68849,36.02355],[-86.68827,36.02343],[-86.68808,36.02337],[-86.68744,36.0233],[-86.68661,36.0232]]]}},{"type":"Feature","properties":{"name":"Willow Trace"},"geometry":{"type":"Polygon","coordinates":[[[-86.80216,36.23887],[-86.80252,36.23889],[-86.80257,36.23883],[-86.80229,36.24056],[-86.79939,36.24031],[-86.7976,36.23909],[-86.80136,36.23716],[-86.80082,36.2388],[-86.80097,36.23885],[-86.80112,36.23886],[-86.80168,36.23886],[-86.80216,36.23887]]]}},{"type":"Feature","properties":{"name":"Pine Forest"},"geometry":{"type":"Polygon","coordinates":[[[-86.94496,36.08741],[-86.94545,36.08839],[-86.94591,36.08931],[-86.94642,36.09032],[-86.94702,36.09151],[-86.94601,36.09231],[-86.94625,36.0936],[-86.94444,36.09455],[-86.94387,36.09339],[-86.94327,36.09221],[-86.94196,36.09128],[-86.94208,36.08991],[-86.94261,36.08948],[-86.94223,36.08919],[-86.94251,36.08895],[-86.94292,36.08863],[-86.94333,36.08834],[-86.94415,36.08784],[-86.94496,36.08741]]]}},{"type":"Feature","properties":{"name":"Whitworth"},"geometry":{"type":"Polygon","coordinates":[[[-86.82599,36.12907],[-86.82577,36.13046],[-86.82394,36.13026],[-86.82362,36.13018],[-86.82341,36.13015],[-86.82327,36.13016],[-86.82282,36.13009],[-86.82266,36.13056],[-86.82204,36.13085],[-86.82192,36.13069],[-86.82171,36.13047],[-86.8214,36.13022],[-86.82115,36.13008],[-86.82076,36.12992],[-86.8205,36.12984],[-86.82025,36.12976],[-86.81987,36.12957],[-86.81957,36.12939],[-86.81933,36.12921],[-86.81911,36.12901],[-86.81887,36.12875],[-86.81859,36.12852],[-86.81827,36.12834],[-86.81804,36.12823],[-86.81785,36.12815],[-86.81762,36.12809],[-86.81725,36.12801],[-86.81702,36.12798],[-86.81696,36.12792],[-86.81701,36.1273],[-86.81706,36.12731],[-86.8172,36.12599],[-86.81791,36.12525],[-86.81847,36.12461],[-86.81953,36.12339],[-86.82119,36.12351],[-86.82263,36.12363],[-86.82253,36.12495],[-86.82244,36.12595],[-86.82235,36.12698],[-86.82284,36.12719],[-86.82391,36.12767],[-86.82535,36.12831],[-86.82552,36.12824],[-86.82577,36.12795],[-86.82587,36.12792],[-86.82611,36.12802],[-86.82607,36.12835],[-86.82599,36.12907]]]}},{"type":"Feature","properties":{"name":"Woodberry Park"},"geometry":{"type":"Polygon","coordinates":[[[-86.67927,36.15772],[-86.67897,36.15802],[-86.67854,36.15847],[-86.67851,36.15854],[-86.67788,36.15972],[-86.67605,36.1606],[-86.67628,36.1609],[-86.6749,36.16156],[-86.67471,36.16165],[-86.67432,36.16184],[-86.67348,36.16224],[-86.67347,36.16219],[-86.67316,36.16235],[-86.67186,36.16297],[-86.67081,36.16113],[-86.66689,36.16158],[-86.66484,36.16182],[-86.66435,36.16178],[-86.66457,36.1606],[-86.6648,36.15933],[-86.66744,36.1582],[-86.66729,36.15795],[-86.66785,36.15772],[-86.66802,36.15774],[-86.66817,36.1576],[-86.66861,36.15749],[-86.66909,36.1574],[-86.66965,36.15736],[-86.67048,36.15731],[-86.67097,36.15737],[-86.67169,36.15748],[-86.67205,36.15749],[-86.67208,36.15789],[-86.67226,36.15793],[-86.67234,36.15772],[-86.67334,36.15765],[-86.67342,36.15768],[-86.67381,36.15761],[-86.67437,36.15746],[-86.67485,36.15731],[-86.67597,36.15692],[-86.67705,36.15655],[-86.67808,36.15621],[-86.67822,36.15648],[-86.67953,36.15593],[-86.68096,36.15641],[-86.68082,36.1567],[-86.68079,36.15689],[-86.68078,36.15754],[-86.68026,36.15752],[-86.67985,36.15772],[-86.67927,36.15772]]]}},{"type":"Feature","properties":{"name":"Lakeside Woods Estates"},"geometry":{"type":"Polygon","coordinates":[[[-86.61624,36.17657],[-86.61611,36.17637],[-86.61614,36.17632],[-86.61634,36.17623],[-86.61653,36.17619],[-86.61677,36.17621],[-86.61789,36.17642],[-86.61875,36.17658],[-86.6188,36.17647],[-86.61895,36.17553],[-86.61972,36.17554],[-86.62071,36.17539],[-86.6225,36.17515],[-86.62296,36.17648],[-86.6229,36.17689],[-86.62444,36.17703],[-86.62437,36.17797],[-86.61946,36.17754],[-86.61946,36.17751],[-86.61881,36.1779],[-86.6178,36.17668],[-86.61658,36.17645],[-86.61624,36.17657]]]}},{"type":"Feature","properties":{"name":"Hermitage Meadows"},"geometry":{"type":"Polygon","coordinates":[[[-86.61301,36.1753],[-86.61289,36.17643],[-86.61294,36.17643],[-86.6128,36.17748],[-86.61078,36.17731],[-86.61094,36.17546],[-86.61057,36.17437],[-86.6118,36.17449],[-86.6117,36.17518],[-86.61191,36.17518],[-86.61301,36.1753]]]}},{"type":"Feature","properties":{"name":"Lexington (Fox Run)"},"geometry":{"type":"Polygon","coordinates":[[[-86.59768,36.22507],[-86.59767,36.22544],[-86.59764,36.22574],[-86.59633,36.22559],[-86.59433,36.22542],[-86.59443,36.22483],[-86.59471,36.22327],[-86.59493,36.22214],[-86.59523,36.22062],[-86.59746,36.2209],[-86.59744,36.22161],[-86.59744,36.2227],[-86.59752,36.22357],[-86.59764,36.22437],[-86.59768,36.22476],[-86.59768,36.22507]]]}},{"type":"Feature","properties":{"name":"Caleb Chase"},"geometry":{"type":"Polygon","coordinates":[[[-86.59809,36.22562],[-86.59812,36.22489],[-86.59805,36.22411],[-86.59895,36.22401],[-86.60142,36.22432],[-86.60194,36.22439],[-86.6018,36.22497],[-86.60313,36.22509],[-86.60306,36.22555],[-86.60296,36.22622],[-86.60101,36.22598],[-86.59901,36.22574],[-86.59809,36.22562]]]}},{"type":"Feature","properties":{"name":"Villages of Larchwood"},"geometry":{"type":"Polygon","coordinates":[[[-86.63576,36.14193],[-86.6341,36.1422],[-86.6343,36.14285],[-86.63437,36.14319],[-86.63519,36.14329],[-86.63571,36.14334],[-86.63655,36.14344],[-86.63645,36.14446],[-86.63693,36.14442],[-86.63733,36.14452],[-86.63764,36.14464],[-86.63794,36.1449],[-86.63811,36.14516],[-86.63828,36.14546],[-86.6384,36.14577],[-86.63867,36.14634],[-86.63902,36.14623],[-86.63967,36.14628],[-86.63953,36.14761],[-86.64091,36.14792],[-86.63966,36.14869],[-86.63875,36.14928],[-86.63678,36.15058],[-86.63396,36.15233],[-86.63185,36.15363],[-86.63074,36.15372],[-86.63023,36.15374],[-86.6304,36.153],[-86.63087,36.15119],[-86.62932,36.15102],[-86.62935,36.15068],[-86.62851,36.15011],[-86.62719,36.14966],[-86.62735,36.14911],[-86.62733,36.14862],[-86.62782,36.14853],[-86.62768,36.14802],[-86.62827,36.14792],[-86.62848,36.14744],[-86.62863,36.14734],[-86.62883,36.14698],[-86.62848,36.14679],[-86.62862,36.14665],[-86.62876,36.14652],[-86.62894,36.14636],[-86.62912,36.14602],[-86.6293,36.14573],[-86.6296,36.14513],[-86.62955,36.1445],[-86.62928,36.14414],[-86.62959,36.14399],[-86.62945,36.14341],[-86.62901,36.14331],[-86.62879,36.143],[-86.62892,36.14275],[-86.62901,36.14258],[-86.63027,36.14272],[-86.63035,36.1423],[-86.63058,36.14102],[-86.63309,36.14129],[-86.63364,36.13861],[-86.63389,36.13736],[-86.63442,36.13795],[-86.63497,36.13859],[-86.63526,36.13892],[-86.63557,36.13928],[-86.63582,36.13957],[-86.63615,36.13995],[-86.63649,36.14034],[-86.63685,36.14079],[-86.63691,36.1409],[-86.63692,36.14095],[-86.63696,36.14103],[-86.63706,36.1413],[-86.6371,36.14152],[-86.63707,36.14172],[-86.63695,36.1418],[-86.63576,36.14193]]]}},{"type":"Feature","properties":{"name":"Meadows at Seven Points"},"geometry":{"type":"Polygon","coordinates":[[[-86.58409,36.15154],[-86.58372,36.15149],[-86.58369,36.15153],[-86.57782,36.15098],[-86.57772,36.1514],[-86.57715,36.15138],[-86.5769,36.15262],[-86.57676,36.15341],[-86.57661,36.15433],[-86.5754,36.15425],[-86.57433,36.15418],[-86.57354,36.15407],[-86.5738,36.15261],[-86.57389,36.15214],[-86.57415,36.15101],[-86.57067,36.15019],[-86.57072,36.14986],[-86.57076,36.14961],[-86.57078,36.14949],[-86.57084,36.14894],[-86.57085,36.14863],[-86.57082,36.1483],[-86.57075,36.14798],[-86.57062,36.14759],[-86.57321,36.1479],[-86.57464,36.14806],[-86.57466,36.14794],[-86.5754,36.14801],[-86.57649,36.14814],[-86.57786,36.14831],[-86.5775,36.14997],[-86.57927,36.15012],[-86.5815,36.15031],[-86.58244,36.1504],[-86.58392,36.1506],[-86.58393,36.15111],[-86.58409,36.15154]]]}},{"type":"Feature","properties":{"name":"Priest Lake"},"geometry":{"type":"Polygon","coordinates":[[[-86.61354,36.08903],[-86.61395,36.08911],[-86.61431,36.08917],[-86.61484,36.08925],[-86.61531,36.0893],[-86.61458,36.08989],[-86.6155,36.09108],[-86.61481,36.09244],[-86.61431,36.09294],[-86.61441,36.09447],[-86.61347,36.09551],[-86.61475,36.09817],[-86.61384,36.09806],[-86.61347,36.09904],[-86.61178,36.0983],[-86.61057,36.09927],[-86.60857,36.09895],[-86.60827,36.0995],[-86.60811,36.09982],[-86.60765,36.09966],[-86.60679,36.09919],[-86.60658,36.09949],[-86.60647,36.09969],[-86.60619,36.10022],[-86.60612,36.10032],[-86.60601,36.10063],[-86.60592,36.10094],[-86.60587,36.10115],[-86.60586,36.10137],[-86.60585,36.10178],[-86.60587,36.10195],[-86.60584,36.10206],[-86.60576,36.10223],[-86.60566,36.10236],[-86.6055,36.10248],[-86.60532,36.10256],[-86.60507,36.10261],[-86.60487,36.1026],[-86.60444,36.10257],[-86.60414,36.10255],[-86.60408,36.1025],[-86.60408,36.10216],[-86.60405,36.10176],[-86.60404,36.10168],[-86.60395,36.1014],[-86.60387,36.10114],[-86.60381,36.10091],[-86.60363,36.10036],[-86.60355,36.1001],[-86.60344,36.09974],[-86.60335,36.09943],[-86.60329,36.09924],[-86.60323,36.099],[-86.60318,36.09871],[-86.60316,36.0984],[-86.60316,36.09816],[-86.60319,36.09793],[-86.60319,36.09782],[-86.60323,36.09758],[-86.60336,36.09717],[-86.60342,36.09702],[-86.60347,36.0969],[-86.60358,36.09668],[-86.60378,36.09636],[-86.6039,36.09615],[-86.60414,36.09575],[-86.60425,36.09557],[-86.60439,36.09535],[-86.60472,36.09481],[-86.60511,36.09416],[-86.60515,36.09415],[-86.60548,36.09355],[-86.60544,36.09354],[-86.60566,36.09319],[-86.60582,36.09289],[-86.60595,36.09262],[-86.60602,36.09239],[-86.60623,36.09173],[-86.60629,36.09153],[-86.6063,36.09143],[-86.60645,36.09091],[-86.60655,36.09062],[-86.6066,36.09037],[-86.60692,36.08932],[-86.60704,36.08929],[-86.60722,36.08928],[-86.60768,36.08917],[-86.60764,36.08944],[-86.61015,36.08982],[-86.61009,36.09019],[-86.60997,36.0908],[-86.6101,36.09115],[-86.61008,36.09129],[-86.6102,36.09162],[-86.60983,36.09195],[-86.61191,36.09215],[-86.61179,36.0927],[-86.61336,36.09256],[-86.61392,36.09179],[-86.61417,36.09147],[-86.61428,36.09113],[-86.61415,36.09089],[-86.61379,36.09041],[-86.6137,36.0903],[-86.61351,36.09005],[-86.61335,36.09009],[-86.61339,36.08989],[-86.61345,36.08964],[-86.61354,36.08903]]]}},{"type":"Feature","properties":{"name":"Haywood Lane"},"geometry":{"type":"Polygon","coordinates":[[[-86.71659,36.0685],[-86.71666,36.06875],[-86.71608,36.06868],[-86.71539,36.0686],[-86.71466,36.06853],[-86.71388,36.06845],[-86.71299,36.06834],[-86.71233,36.06827],[-86.71148,36.06818],[-86.71076,36.06818],[-86.71017,36.06822],[-86.70921,36.06831],[-86.70846,36.06838],[-86.70802,36.06842],[-86.70778,36.06842],[-86.70745,36.06839],[-86.70704,36.06833],[-86.70665,36.06828],[-86.70637,36.06821],[-86.70591,36.06814],[-86.70494,36.06818],[-86.70443,36.0682],[-86.70392,36.06824],[-86.70363,36.06832],[-86.70331,36.0685],[-86.70382,36.065],[-86.70453,36.06505],[-86.70515,36.06508],[-86.70568,36.06513],[-86.7061,36.06515],[-86.7135,36.06567],[-86.71582,36.06581],[-86.71617,36.06698],[-86.71654,36.06829],[-86.71659,36.0685]]]}},{"type":"Feature","properties":{"name":"Forest View Park"},"geometry":{"type":"Polygon","coordinates":[[[-86.61957,36.06552],[-86.6196,36.06533],[-86.6197,36.06458],[-86.62242,36.06491],[-86.62385,36.06506],[-86.62383,36.06577],[-86.62408,36.06604],[-86.62484,36.06651],[-86.62552,36.06693],[-86.62602,36.06666],[-86.62759,36.06586],[-86.62905,36.06725],[-86.62914,36.06726],[-86.62992,36.06796],[-86.62979,36.06805],[-86.62999,36.06822],[-86.62978,36.06836],[-86.62953,36.06853],[-86.62972,36.06864],[-86.62991,36.06881],[-86.62967,36.06901],[-86.62991,36.06917],[-86.6293,36.07044],[-86.62906,36.07095],[-86.62864,36.07157],[-86.62826,36.07187],[-86.62777,36.07223],[-86.62771,36.07227],[-86.62725,36.07242],[-86.62672,36.07261],[-86.6258,36.07271],[-86.62561,36.07282],[-86.62556,36.07328],[-86.62552,36.07363],[-86.62637,36.07364],[-86.62743,36.07364],[-86.62802,36.07391],[-86.62817,36.07377],[-86.62845,36.074],[-86.62879,36.07392],[-86.62874,36.07429],[-86.62808,36.07423],[-86.6278,36.0742],[-86.62578,36.07401],[-86.62512,36.07394],[-86.62476,36.07394],[-86.62431,36.0739],[-86.62375,36.07386],[-86.62338,36.07384],[-86.62306,36.07381],[-86.62306,36.07379],[-86.62251,36.07373],[-86.62193,36.07366],[-86.62196,36.07337],[-86.62182,36.07326],[-86.62197,36.07315],[-86.62199,36.07289],[-86.62194,36.07273],[-86.62192,36.07246],[-86.62157,36.07218],[-86.62144,36.07203],[-86.62132,36.07183],[-86.62071,36.07093],[-86.62043,36.07053],[-86.62014,36.0701],[-86.61977,36.06966],[-86.6192,36.06898],[-86.61909,36.06898],[-86.61922,36.0681],[-86.61936,36.06717],[-86.61929,36.06716],[-86.61941,36.06646],[-86.6195,36.06592],[-86.61957,36.06552]]]}},{"type":"Feature","properties":{"name":"Forge Ridge"},"geometry":{"type":"Polygon","coordinates":[[[-86.66163,36.09399],[-86.66116,36.09477],[-86.66013,36.09457],[-86.66002,36.09464],[-86.65964,36.09473],[-86.65946,36.09477],[-86.65671,36.09529],[-86.656,36.09431],[-86.6563,36.09407],[-86.65662,36.09408],[-86.65662,36.09365],[-86.65678,36.09365],[-86.6571,36.09365],[-86.65739,36.09365],[-86.65761,36.09365],[-86.65791,36.09363],[-86.65901,36.09374],[-86.66036,36.09386],[-86.66163,36.09399]]]}},{"type":"Feature","properties":{"name":"Pinnacle Point"},"geometry":{"type":"Polygon","coordinates":[[[-86.6617,36.08622],[-86.66075,36.08628],[-86.65906,36.08638],[-86.65472,36.08639],[-86.6545,36.08639],[-86.65212,36.0868],[-86.65219,36.08631],[-86.65243,36.08565],[-86.6526,36.08517],[-86.65303,36.08477],[-86.65348,36.08463],[-86.65349,36.08443],[-86.65352,36.08429],[-86.65338,36.08386],[-86.65367,36.08358],[-86.65419,36.08356],[-86.65442,36.0837],[-86.6548,36.08393],[-86.65485,36.08384],[-86.65492,36.0837],[-86.65462,36.08347],[-86.65427,36.08326],[-86.6538,36.08317],[-86.65326,36.0831],[-86.65299,36.08298],[-86.65273,36.08281],[-86.65256,36.08262],[-86.65241,36.08246],[-86.65212,36.08222],[-86.65213,36.08215],[-86.65301,36.08141],[-86.65385,36.08205],[-86.65418,36.08229],[-86.65451,36.08257],[-86.65486,36.08261],[-86.65541,36.08239],[-86.65541,36.08233],[-86.65604,36.08227],[-86.65647,36.08223],[-86.65695,36.0823],[-86.6574,36.08274],[-86.65765,36.08357],[-86.65808,36.08362],[-86.65822,36.08363],[-86.6591,36.08346],[-86.65933,36.08334],[-86.65979,36.08379],[-86.66202,36.08395],[-86.66198,36.08437],[-86.66194,36.08467],[-86.66184,36.08505],[-86.6618,36.08525],[-86.6617,36.08622]]]}},{"type":"Feature","properties":{"name":"Ransom Place"},"geometry":{"type":"Polygon","coordinates":[[[-86.65895,36.08638],[-86.65885,36.08838],[-86.66079,36.08871],[-86.66158,36.08885],[-86.66126,36.0892],[-86.66112,36.08941],[-86.66103,36.08961],[-86.66094,36.08995],[-86.66091,36.09049],[-86.66088,36.09068],[-86.66083,36.09084],[-86.66077,36.09097],[-86.66069,36.09112],[-86.65988,36.09107],[-86.65944,36.09105],[-86.65879,36.09084],[-86.658,36.09071],[-86.65744,36.09052],[-86.65613,36.09008],[-86.65509,36.08973],[-86.65507,36.09013],[-86.65389,36.08994],[-86.6537,36.08992],[-86.65209,36.08974],[-86.65171,36.09001],[-86.65141,36.08947],[-86.65138,36.0893],[-86.65125,36.08923],[-86.65115,36.08913],[-86.65101,36.08892],[-86.65103,36.08885],[-86.65228,36.08837],[-86.65258,36.08826],[-86.65253,36.08816],[-86.65225,36.08769],[-86.65214,36.08749],[-86.65205,36.08724],[-86.652,36.08682],[-86.65457,36.08639],[-86.65668,36.08638],[-86.65895,36.08638]]]}},{"type":"Feature","properties":{"name":"Piccadilly Square"},"geometry":{"type":"Polygon","coordinates":[[[-86.6617,36.08393],[-86.6604,36.08384],[-86.65979,36.08379],[-86.65933,36.08334],[-86.65907,36.08348],[-86.65822,36.08363],[-86.65765,36.08357],[-86.65756,36.08327],[-86.6574,36.08274],[-86.65695,36.0823],[-86.65693,36.08182],[-86.65694,36.08142],[-86.65675,36.0812],[-86.65683,36.08106],[-86.65702,36.08066],[-86.65705,36.08022],[-86.65709,36.08021],[-86.65711,36.07964],[-86.65719,36.0781],[-86.65783,36.07757],[-86.65806,36.07738],[-86.65858,36.07697],[-86.65915,36.07653],[-86.65943,36.07631],[-86.65978,36.07614],[-86.66008,36.07603],[-86.6603,36.07596],[-86.66067,36.07589],[-86.66098,36.07586],[-86.66146,36.07597],[-86.66227,36.07613],[-86.66256,36.07634],[-86.66268,36.07641],[-86.66302,36.07643],[-86.66335,36.07633],[-86.66399,36.07637],[-86.6642,36.07639],[-86.66591,36.07652],[-86.66602,36.07629],[-86.66707,36.07639],[-86.66787,36.07662],[-86.66938,36.07707],[-86.66984,36.07718],[-86.67042,36.07798],[-86.67045,36.078],[-86.67024,36.07819],[-86.67008,36.07839],[-86.66978,36.07864],[-86.66945,36.07889],[-86.66913,36.07908],[-86.66874,36.0793],[-86.66837,36.07951],[-86.66804,36.07973],[-86.6678,36.07992],[-86.66757,36.08013],[-86.66742,36.08027],[-86.66724,36.08048],[-86.6656,36.08048],[-86.66549,36.0806],[-86.66532,36.08091],[-86.66478,36.08139],[-86.66463,36.08162],[-86.66453,36.08239],[-86.66329,36.08242],[-86.66301,36.08234],[-86.66227,36.08233],[-86.6617,36.08393]]]}},{"type":"Feature","properties":{"name":"Hunters Run"},"geometry":{"type":"Polygon","coordinates":[[[-86.66245,36.06892],[-86.66071,36.06974],[-86.65902,36.06915],[-86.6581,36.06881],[-86.65703,36.06844],[-86.65635,36.06819],[-86.65646,36.06672],[-86.65831,36.0669],[-86.66018,36.06707],[-86.6615,36.06718],[-86.66161,36.06759],[-86.66181,36.06806],[-86.66199,36.0683],[-86.66245,36.06892]]]}},{"type":"Feature","properties":{"name":"Hickory Woods Estates"},"geometry":{"type":"Polygon","coordinates":[[[-86.58847,36.03752],[-86.58798,36.03745],[-86.58771,36.03741],[-86.58713,36.03735],[-86.58639,36.03731],[-86.58587,36.03724],[-86.58468,36.0371],[-86.58252,36.03683],[-86.58311,36.03505],[-86.58352,36.03383],[-86.58106,36.03352],[-86.57924,36.03328],[-86.57972,36.03054],[-86.57739,36.03014],[-86.57569,36.02983],[-86.57503,36.02971],[-86.57517,36.02962],[-86.57538,36.0294],[-86.57559,36.02917],[-86.57583,36.02897],[-86.57597,36.0288],[-86.57621,36.02863],[-86.57646,36.02844],[-86.57663,36.02827],[-86.57668,36.02821],[-86.57674,36.02803],[-86.57686,36.02782],[-86.57705,36.02764],[-86.57725,36.02753],[-86.57749,36.02744],[-86.57783,36.02732],[-86.57836,36.02699],[-86.57856,36.02684],[-86.57872,36.02671],[-86.57875,36.0266],[-86.57891,36.02653],[-86.57932,36.02644],[-86.57974,36.02634],[-86.58005,36.02628],[-86.58026,36.0263],[-86.58063,36.0264],[-86.58091,36.02648],[-86.58209,36.02664],[-86.58247,36.02659],[-86.58299,36.02643],[-86.58347,36.02632],[-86.58361,36.02629],[-86.58385,36.02628],[-86.58414,36.0262],[-86.58456,36.02611],[-86.58496,36.02602],[-86.58516,36.02597],[-86.58552,36.0258],[-86.58577,36.02572],[-86.58612,36.02566],[-86.58651,36.02564],[-86.58683,36.02563],[-86.5871,36.02558],[-86.58811,36.02648],[-86.58923,36.02748],[-86.58967,36.02788],[-86.59011,36.02832],[-86.59051,36.02859],[-86.59115,36.02916],[-86.59212,36.03003],[-86.59124,36.03059],[-86.59166,36.03081],[-86.59117,36.031],[-86.59084,36.03112],[-86.59,36.0323],[-86.58923,36.03348],[-86.58893,36.0344],[-86.58877,36.03557],[-86.58847,36.03752]]]}},{"type":"Feature","properties":{"name":"Indian Creek Estates"},"geometry":{"type":"Polygon","coordinates":[[[-86.68172,36.01373],[-86.68156,36.01377],[-86.68154,36.01374],[-86.6803,36.01401],[-86.68029,36.0145],[-86.68006,36.01441],[-86.67978,36.01434],[-86.67942,36.01428],[-86.67904,36.01427],[-86.67847,36.01425],[-86.67944,36.00878],[-86.67958,36.00879],[-86.67984,36.0072],[-86.68451,36.00763],[-86.68698,36.00783],[-86.68952,36.00805],[-86.68992,36.0081],[-86.69001,36.00811],[-86.68991,36.00883],[-86.68941,36.01186],[-86.68922,36.012],[-86.68895,36.01219],[-86.68875,36.01232],[-86.6885,36.01238],[-86.68828,36.01238],[-86.68802,36.01228],[-86.6876,36.01217],[-86.68717,36.01212],[-86.68688,36.01211],[-86.68657,36.01216],[-86.68616,36.01222],[-86.68572,36.01226],[-86.68529,36.01225],[-86.68487,36.01224],[-86.68474,36.01222],[-86.68462,36.01224],[-86.68392,36.01213],[-86.68387,36.01232],[-86.68374,36.01254],[-86.68356,36.01276],[-86.68339,36.01298],[-86.68326,36.01333],[-86.68318,36.01353],[-86.68305,36.01369],[-86.68263,36.01369],[-86.68195,36.0137],[-86.68172,36.01373]]]}},{"type":"Feature","properties":{"name":"Highlands of Brentwood"},"geometry":{"type":"Polygon","coordinates":[[[-86.7209,36.03335],[-86.72089,36.03408],[-86.72069,36.03525],[-86.71965,36.0352],[-86.71833,36.03603],[-86.71774,36.03549],[-86.71741,36.03556],[-86.71686,36.0355],[-86.71615,36.03584],[-86.71532,36.03574],[-86.71449,36.03559],[-86.7137,36.03572],[-86.71349,36.03577],[-86.71344,36.03534],[-86.71333,36.03468],[-86.71322,36.03401],[-86.71317,36.03363],[-86.71321,36.03358],[-86.71359,36.03354],[-86.71383,36.03352],[-86.71395,36.0335],[-86.7148,36.03402],[-86.71516,36.03363],[-86.71558,36.03315],[-86.71578,36.03299],[-86.71659,36.03306],[-86.71823,36.03316],[-86.7209,36.03335]]]}},{"type":"Feature","properties":{"name":"Colemont"},"geometry":{"type":"Polygon","coordinates":[[[-86.6967,36.05794],[-86.69709,36.05831],[-86.69777,36.05894],[-86.69802,36.05913],[-86.69819,36.05925],[-86.69843,36.05937],[-86.69861,36.05917],[-86.69879,36.05895],[-86.69915,36.05841],[-86.69945,36.05855],[-86.69929,36.05966],[-86.6992,36.06019],[-86.6991,36.06081],[-86.69882,36.06097],[-86.69902,36.06133],[-86.69895,36.06202],[-86.69853,36.06199],[-86.6972,36.06186],[-86.69703,36.06195],[-86.69627,36.06197],[-86.69615,36.06178],[-86.69565,36.06174],[-86.69513,36.06168],[-86.69483,36.06151],[-86.69441,36.06169],[-86.69414,36.06143],[-86.69403,36.06151],[-86.69398,36.06157],[-86.69385,36.06153],[-86.69354,36.06135],[-86.69313,36.06144],[-86.69218,36.06136],[-86.69167,36.06124],[-86.6916,36.06136],[-86.69147,36.06131],[-86.69104,36.06127],[-86.69028,36.06148],[-86.69,36.06103],[-86.68971,36.06115],[-86.68952,36.0608],[-86.68977,36.06072],[-86.68938,36.05986],[-86.6892,36.0598],[-86.68996,36.05812],[-86.69001,36.05804],[-86.68997,36.05783],[-86.69012,36.05737],[-86.68989,36.05733],[-86.69002,36.05686],[-86.68985,36.05674],[-86.68981,36.05666],[-86.68975,36.05641],[-86.68962,36.05591],[-86.6898,36.0552],[-86.6899,36.05486],[-86.68998,36.05441],[-86.69002,36.05416],[-86.69005,36.05399],[-86.69002,36.05383],[-86.69,36.05366],[-86.69021,36.05331],[-86.69042,36.0534],[-86.69062,36.05352],[-86.69087,36.05372],[-86.69107,36.0539],[-86.69132,36.05409],[-86.69156,36.05425],[-86.69194,36.05444],[-86.69226,36.05455],[-86.69266,36.05464],[-86.69303,36.05471],[-86.69342,36.05476],[-86.69388,36.0548],[-86.69423,36.05483],[-86.69456,36.05486],[-86.695,36.05489],[-86.69535,36.05496],[-86.69568,36.05507],[-86.69611,36.05527],[-86.69661,36.0555],[-86.69708,36.05572],[-86.6983,36.05628],[-86.69771,36.05717],[-86.6972,36.05755],[-86.6967,36.05794]]]}},{"type":"Feature","properties":{"name":"Paragon Mills"},"geometry":{"type":"Polygon","coordinates":[[[-86.7126,36.09675],[-86.71199,36.09665],[-86.71195,36.09678],[-86.71063,36.09654],[-86.7106,36.09665],[-86.7092,36.09639],[-86.70938,36.0952],[-86.70964,36.0934],[-86.70969,36.09291],[-86.70979,36.09231],[-86.70981,36.09222],[-86.70997,36.09206],[-86.70986,36.09185],[-86.71002,36.09178],[-86.71038,36.09165],[-86.71044,36.09111],[-86.70985,36.09103],[-86.70987,36.09089],[-86.70994,36.09043],[-86.71003,36.08996],[-86.71007,36.08998],[-86.71022,36.0896],[-86.71018,36.08944],[-86.71034,36.08905],[-86.71019,36.08899],[-86.7103,36.08839],[-86.71042,36.08779],[-86.71048,36.08738],[-86.71175,36.08749],[-86.7125,36.08755],[-86.71282,36.08758],[-86.71341,36.08763],[-86.71393,36.08768],[-86.71378,36.08867],[-86.71414,36.08899],[-86.71434,36.08954],[-86.71449,36.09001],[-86.71476,36.09042],[-86.71511,36.09091],[-86.71576,36.09187],[-86.71569,36.09186],[-86.71529,36.09203],[-86.7156,36.09257],[-86.71581,36.09305],[-86.71587,36.09315],[-86.71563,36.09323],[-86.71529,36.09327],[-86.71499,36.09334],[-86.7148,36.0934],[-86.71313,36.09308],[-86.71282,36.09406],[-86.71259,36.09474],[-86.71257,36.09523],[-86.71268,36.09565],[-86.7126,36.09566],[-86.71252,36.09575],[-86.71255,36.09586],[-86.71267,36.09597],[-86.71267,36.09607],[-86.71266,36.09615],[-86.71267,36.0964],[-86.71265,36.09656],[-86.7126,36.09675]]]}},{"type":"Feature","properties":{"name":"Providence Park"},"geometry":{"type":"Polygon","coordinates":[[[-86.70945,36.09471],[-86.7092,36.09639],[-86.70915,36.09639],[-86.70815,36.09513],[-86.70767,36.09448],[-86.70711,36.09379],[-86.70568,36.09203],[-86.70458,36.09068],[-86.704,36.08997],[-86.70431,36.08788],[-86.70446,36.08688],[-86.70591,36.08701],[-86.70584,36.0883],[-86.70672,36.08871],[-86.70656,36.08965],[-86.70684,36.0902],[-86.70695,36.09041],[-86.70711,36.09062],[-86.70705,36.09087],[-86.70724,36.09089],[-86.70746,36.09094],[-86.70759,36.09102],[-86.70794,36.09118],[-86.70823,36.09133],[-86.70849,36.09144],[-86.70869,36.09147],[-86.70884,36.09145],[-86.70897,36.09142],[-86.70915,36.09134],[-86.70925,36.09127],[-86.70946,36.09139],[-86.70965,36.09157],[-86.70982,36.09177],[-86.70997,36.09205],[-86.70995,36.0921],[-86.7098,36.09225],[-86.70945,36.09471]]]}},{"type":"Feature","properties":{"name":"Hillbrook"},"geometry":{"type":"Polygon","coordinates":[[[-86.71021,36.07097],[-86.71019,36.07112],[-86.71019,36.0712],[-86.71035,36.07121],[-86.71097,36.07124],[-86.71096,36.07142],[-86.71089,36.07224],[-86.71084,36.07293],[-86.71142,36.0735],[-86.71206,36.07414],[-86.71207,36.0758],[-86.71211,36.07684],[-86.71208,36.07873],[-86.71207,36.0791],[-86.71204,36.07929],[-86.71206,36.07944],[-86.71223,36.07968],[-86.71278,36.08048],[-86.71274,36.08078],[-86.71311,36.08094],[-86.71347,36.08143],[-86.71356,36.08156],[-86.71355,36.0816],[-86.71204,36.08205],[-86.71156,36.08219],[-86.71092,36.08241],[-86.71061,36.08251],[-86.71036,36.08259],[-86.70958,36.08283],[-86.70953,36.08282],[-86.70924,36.0829],[-86.70878,36.08304],[-86.70797,36.08327],[-86.70726,36.0835],[-86.70678,36.08364],[-86.70666,36.08371],[-86.70597,36.08365],[-86.70593,36.08352],[-86.70603,36.08218],[-86.70635,36.08197],[-86.70609,36.08167],[-86.70591,36.08148],[-86.70604,36.0814],[-86.70577,36.0811],[-86.70615,36.08089],[-86.70647,36.08072],[-86.70616,36.08038],[-86.706,36.08022],[-86.70612,36.08015],[-86.70599,36.08],[-86.7062,36.0798],[-86.70574,36.07996],[-86.70574,36.07992],[-86.7054,36.07998],[-86.70517,36.0791],[-86.70493,36.07918],[-86.70446,36.0794],[-86.704,36.0789],[-86.70421,36.07843],[-86.70407,36.07761],[-86.70402,36.0774],[-86.70358,36.07699],[-86.70369,36.07639],[-86.70376,36.07586],[-86.7042,36.07506],[-86.706,36.07485],[-86.70617,36.07474],[-86.70732,36.07393],[-86.70803,36.07343],[-86.7082,36.07317],[-86.70883,36.07315],[-86.70943,36.07312],[-86.70957,36.07104],[-86.70966,36.07089],[-86.70973,36.07091],[-86.70986,36.07092],[-86.71003,36.07094],[-86.71021,36.07097]]]}},{"type":"Feature","properties":{"name":"Curreywood Acres"},"geometry":{"type":"Polygon","coordinates":[[[-86.70894,36.10578],[-86.70723,36.1056],[-86.70705,36.10551],[-86.70693,36.10546],[-86.70661,36.10539],[-86.70635,36.10537],[-86.70548,36.1053],[-86.70555,36.10479],[-86.70485,36.10414],[-86.70412,36.10407],[-86.70233,36.10391],[-86.7024,36.10341],[-86.70222,36.10343],[-86.7015,36.10336],[-86.70082,36.1033],[-86.69924,36.10316],[-86.69951,36.10154],[-86.69991,36.09876],[-86.70024,36.09888],[-86.70051,36.09897],[-86.70069,36.09904],[-86.70085,36.09904],[-86.70116,36.09902],[-86.70147,36.09903],[-86.70181,36.0991],[-86.70199,36.09903],[-86.70211,36.09897],[-86.70231,36.09895],[-86.70277,36.09897],[-86.70301,36.09898],[-86.70309,36.09902],[-86.7032,36.09902],[-86.70335,36.09906],[-86.70345,36.0991],[-86.7036,36.09922],[-86.7041,36.09959],[-86.70462,36.1],[-86.70543,36.10061],[-86.70604,36.10108],[-86.70633,36.10133],[-86.70653,36.10152],[-86.70708,36.10211],[-86.70755,36.10273],[-86.70776,36.10306],[-86.70796,36.10341],[-86.70826,36.10404],[-86.70858,36.10487],[-86.70894,36.10578]]]}},{"type":"Feature","properties":{"name":"Skyline Village"},"geometry":{"type":"Polygon","coordinates":[[[-86.78252,36.27206],[-86.7791,36.27174],[-86.77711,36.27156],[-86.77566,36.27144],[-86.77582,36.27087],[-86.7759,36.27052],[-86.77604,36.26966],[-86.77621,36.26875],[-86.77631,36.2682],[-86.77732,36.2683],[-86.77726,36.26894],[-86.77889,36.26908],[-86.78097,36.26926],[-86.78321,36.26946],[-86.78416,36.26955],[-86.7854,36.26952],[-86.78533,36.26962],[-86.78519,36.26974],[-86.78492,36.26991],[-86.78469,36.27003],[-86.78434,36.27017],[-86.78285,36.27012],[-86.78264,36.27124],[-86.78252,36.27206]]]}},{"type":"Feature","properties":{"name":"Chateau Valley"},"geometry":{"type":"Polygon","coordinates":[[[-86.81387,36.21579],[-86.81294,36.21606],[-86.81273,36.21556],[-86.81283,36.21552],[-86.81228,36.21527],[-86.81126,36.2147],[-86.80998,36.21399],[-86.80979,36.21369],[-86.80936,36.21373],[-86.80987,36.21324],[-86.80933,36.21209],[-86.81054,36.21153],[-86.81225,36.21076],[-86.81238,36.21067],[-86.81353,36.21015],[-86.81394,36.21094],[-86.81559,36.21012],[-86.81565,36.21033],[-86.81565,36.21051],[-86.81561,36.21087],[-86.81554,36.2117],[-86.81561,36.21181],[-86.81561,36.2122],[-86.81558,36.21255],[-86.8157,36.21276],[-86.81579,36.21286],[-86.81624,36.21332],[-86.81668,36.21372],[-86.81348,36.21466],[-86.81387,36.21579]]]}},{"type":"Feature","properties":{"name":"Oak Valley"},"geometry":{"type":"Polygon","coordinates":[[[-86.76561,36.23446],[-86.76145,36.23407],[-86.76166,36.23297],[-86.76178,36.23229],[-86.76182,36.23211],[-86.76116,36.23202],[-86.76129,36.23136],[-86.76145,36.2304],[-86.76208,36.23056],[-86.76295,36.23074],[-86.76365,36.23087],[-86.76439,36.231],[-86.76517,36.23109],[-86.76589,36.23117],[-86.76646,36.23123],[-86.76673,36.23125],[-86.76709,36.23126],[-86.76759,36.23122],[-86.7679,36.23118],[-86.76812,36.23112],[-86.76865,36.23099],[-86.76864,36.23113],[-86.76861,36.23124],[-86.76879,36.23121],[-86.76993,36.23113],[-86.76939,36.23175],[-86.76887,36.23222],[-86.76817,36.2328],[-86.76734,36.23341],[-86.76656,36.23393],[-86.76561,36.23446]]]}},{"type":"Feature","properties":{"name":"Banbury Crossing"},"geometry":{"type":"Polygon","coordinates":[[[-86.75279,36.02586],[-86.75139,36.02574],[-86.74975,36.02561],[-86.74824,36.0255],[-86.74786,36.026],[-86.74723,36.02585],[-86.74658,36.02569],[-86.74427,36.0252],[-86.74392,36.02522],[-86.74324,36.02509],[-86.74258,36.02515],[-86.74249,36.025],[-86.74243,36.02478],[-86.74245,36.0245],[-86.74253,36.02385],[-86.74784,36.0243],[-86.74796,36.02431],[-86.74808,36.02322],[-86.74639,36.02308],[-86.74676,36.02028],[-86.74722,36.02029],[-86.74749,36.02025],[-86.74794,36.02015],[-86.74853,36.01996],[-86.7488,36.01989],[-86.75002,36.01955],[-86.74996,36.02024],[-86.75175,36.02053],[-86.75268,36.02068],[-86.75307,36.02096],[-86.75375,36.02134],[-86.75398,36.02162],[-86.75433,36.0217],[-86.75473,36.02196],[-86.75463,36.02202],[-86.75421,36.02303],[-86.75392,36.02378],[-86.75374,36.02422],[-86.75364,36.02422],[-86.75352,36.02455],[-86.75306,36.02557],[-86.75279,36.02586]]]}},{"type":"Feature","properties":{"name":"Neighbors of Granny White"},"geometry":{"type":"Polygon","coordinates":[[[-86.81393,36.06226],[-86.81254,36.06206],[-86.81116,36.06201],[-86.81148,36.06081],[-86.81071,36.06047],[-86.80997,36.06],[-86.80959,36.05909],[-86.80911,36.05793],[-86.80889,36.05741],[-86.80872,36.05719],[-86.80845,36.05683],[-86.80741,36.05628],[-86.80623,36.05565],[-86.80587,36.05523],[-86.80463,36.05378],[-86.80439,36.05356],[-86.80624,36.05286],[-86.80631,36.05261],[-86.80628,36.05209],[-86.80611,36.05177],[-86.80585,36.05153],[-86.80568,36.05089],[-86.80544,36.0507],[-86.80515,36.05074],[-86.80495,36.05138],[-86.80493,36.05195],[-86.8044,36.05254],[-86.80331,36.05248],[-86.80336,36.05158],[-86.80268,36.05137],[-86.80219,36.05023],[-86.80303,36.04923],[-86.80404,36.04917],[-86.80414,36.04859],[-86.805,36.04798],[-86.80517,36.04689],[-86.80633,36.04702],[-86.80795,36.04715],[-86.80848,36.0472],[-86.81039,36.04668],[-86.81072,36.04668],[-86.81112,36.04659],[-86.81165,36.04673],[-86.81282,36.04661],[-86.81278,36.04595],[-86.81256,36.04592],[-86.81259,36.04544],[-86.81266,36.04512],[-86.81271,36.04479],[-86.81242,36.04472],[-86.81263,36.0438],[-86.81578,36.04416],[-86.81575,36.04477],[-86.81578,36.04541],[-86.81589,36.04673],[-86.81585,36.04674],[-86.81594,36.04769],[-86.81595,36.04791],[-86.816,36.0484],[-86.81608,36.04927],[-86.8161,36.04977],[-86.8161,36.05022],[-86.81613,36.05069],[-86.81611,36.05094],[-86.81611,36.05128],[-86.81613,36.05132],[-86.81608,36.05219],[-86.81602,36.05293],[-86.81599,36.05329],[-86.81595,36.05379],[-86.81591,36.05432],[-86.81585,36.05479],[-86.81578,36.0552],[-86.81558,36.0563],[-86.81534,36.05761],[-86.81538,36.05761],[-86.81523,36.0586],[-86.81516,36.05885],[-86.81512,36.05908],[-86.81508,36.05923],[-86.81503,36.05937],[-86.81493,36.05963],[-86.81453,36.06059],[-86.8143,36.06118],[-86.81434,36.0612],[-86.81416,36.06164],[-86.81393,36.06226]]]}},{"type":"Feature","properties":{"name":"Parkview"},"geometry":{"type":"Polygon","coordinates":[[[-86.80022,36.10115],[-86.80006,36.10126],[-86.79986,36.10134],[-86.79947,36.10148],[-86.79906,36.10162],[-86.79864,36.10176],[-86.79838,36.10185],[-86.79829,36.10183],[-86.79807,36.10175],[-86.7974,36.10171],[-86.79566,36.10163],[-86.79397,36.10154],[-86.79295,36.1015],[-86.79127,36.10143],[-86.79099,36.10188],[-86.79084,36.10186],[-86.79079,36.1018],[-86.79092,36.10111],[-86.79096,36.10085],[-86.791,36.1005],[-86.79101,36.10002],[-86.79241,36.09998],[-86.79533,36.10012],[-86.79824,36.10028],[-86.79882,36.10031],[-86.79932,36.10035],[-86.80047,36.10053],[-86.80042,36.10085],[-86.80035,36.10099],[-86.80022,36.10115]]]}},{"type":"Feature","properties":{"name":"Belle Oaks"},"geometry":{"type":"Polygon","coordinates":[[[-86.60185,36.06982],[-86.59962,36.06958],[-86.59963,36.06919],[-86.59848,36.06762],[-86.59949,36.06711],[-86.59984,36.06695],[-86.60003,36.06685],[-86.6004,36.06664],[-86.60135,36.06782],[-86.60199,36.06865],[-86.60185,36.06982]]]}},{"type":"Feature","properties":{"name":"Pebble Creek"},"geometry":{"type":"Polygon","coordinates":[[[-86.66241,36.07503],[-86.65704,36.07441],[-86.65633,36.07431],[-86.65671,36.07081],[-86.65685,36.06991],[-86.65712,36.06847],[-86.66101,36.06984],[-86.66395,36.07096],[-86.66402,36.07111],[-86.66416,36.07153],[-86.66422,36.07201],[-86.66419,36.07229],[-86.66411,36.07263],[-86.66397,36.073],[-86.66374,36.07334],[-86.66326,36.07396],[-86.6631,36.07421],[-86.66241,36.07503]]]}},{"type":"Feature","properties":{"name":"Riverpoint"},"geometry":{"type":"Polygon","coordinates":[[[-86.665,36.17024],[-86.66458,36.17112],[-86.66432,36.17134],[-86.66413,36.17145],[-86.66399,36.17155],[-86.66372,36.17168],[-86.66356,36.1716],[-86.66334,36.17147],[-86.66306,36.17136],[-86.66288,36.17128],[-86.66258,36.17121],[-86.66226,36.17117],[-86.66184,36.17109],[-86.66155,36.17108],[-86.6613,36.17109],[-86.66102,36.17111],[-86.66075,36.17118],[-86.66053,36.17125],[-86.66026,36.17131],[-86.66012,36.17082],[-86.65964,36.17023],[-86.65981,36.17002],[-86.65977,36.16997],[-86.66029,36.16913],[-86.66078,36.1691],[-86.66239,36.16893],[-86.66237,36.16906],[-86.66369,36.1692],[-86.66364,36.16947],[-86.66421,36.16952],[-86.66413,36.16995],[-86.6651,36.17012],[-86.665,36.17024]]]}},{"type":"Feature","properties":{"name":"Heritage Meadows"},"geometry":{"type":"Polygon","coordinates":[[[-86.60848,36.19805],[-86.6085,36.19857],[-86.60844,36.199],[-86.60828,36.19951],[-86.6081,36.19981],[-86.60792,36.20011],[-86.60778,36.20034],[-86.60611,36.20029],[-86.60571,36.20029],[-86.60426,36.20025],[-86.603,36.20023],[-86.60211,36.20025],[-86.60249,36.19709],[-86.60304,36.19725],[-86.60315,36.19725],[-86.60326,36.19723],[-86.60361,36.19715],[-86.60381,36.19705],[-86.60416,36.19688],[-86.6045,36.19676],[-86.60482,36.19659],[-86.60497,36.1965],[-86.60506,36.19643],[-86.6053,36.19624],[-86.60605,36.19583],[-86.60681,36.19773],[-86.60762,36.19758],[-86.60793,36.19804],[-86.60848,36.19805]]]}},{"type":"Feature","properties":{"name":"Capitol View"},"geometry":{"type":"Polygon","coordinates":[[[-86.76686,36.20638],[-86.76675,36.20662],[-86.76701,36.20666],[-86.76673,36.20741],[-86.76657,36.20753],[-86.76647,36.20832],[-86.76655,36.20846],[-86.76621,36.20882],[-86.76586,36.20922],[-86.76579,36.20934],[-86.76545,36.20973],[-86.76517,36.21004],[-86.76504,36.21061],[-86.76478,36.21118],[-86.76458,36.21126],[-86.76438,36.21155],[-86.76454,36.21162],[-86.76445,36.21176],[-86.76441,36.21176],[-86.7642,36.21237],[-86.76408,36.21248],[-86.76384,36.21311],[-86.76393,36.21314],[-86.76381,36.2134],[-86.76364,36.21387],[-86.76349,36.21384],[-86.76345,36.21396],[-86.76274,36.21369],[-86.76247,36.21423],[-86.76355,36.21458],[-86.76343,36.21499],[-86.7634,36.21513],[-86.76331,36.21552],[-86.76297,36.21549],[-86.76296,36.21621],[-86.76287,36.21618],[-86.76268,36.21617],[-86.76282,36.21656],[-86.76263,36.21722],[-86.76235,36.21716],[-86.76203,36.21713],[-86.76194,36.21746],[-86.76152,36.2188],[-86.76169,36.21885],[-86.76118,36.22039],[-86.76012,36.22024],[-86.7601,36.2205],[-86.76002,36.22049],[-86.76,36.22103],[-86.76104,36.22118],[-86.76096,36.22153],[-86.7592,36.22128],[-86.75769,36.22107],[-86.75694,36.22097],[-86.75528,36.22073],[-86.755,36.22069],[-86.75483,36.22063],[-86.75463,36.22051],[-86.75421,36.22055],[-86.75406,36.22053],[-86.75377,36.22047],[-86.75369,36.22051],[-86.75328,36.22044],[-86.75337,36.22041],[-86.75258,36.22026],[-86.75091,36.21977],[-86.75027,36.21937],[-86.74971,36.21902],[-86.74921,36.21879],[-86.74885,36.21843],[-86.74853,36.21605],[-86.74878,36.21483],[-86.74903,36.2136],[-86.74909,36.21337],[-86.74908,36.21325],[-86.74911,36.21308],[-86.74911,36.21285],[-86.74917,36.21259],[-86.7496,36.21074],[-86.7495,36.21058],[-86.75002,36.20801],[-86.74996,36.20781],[-86.75007,36.20707],[-86.7505,36.20534],[-86.75056,36.2048],[-86.75243,36.20491],[-86.75277,36.2049],[-86.75406,36.20498],[-86.7573,36.2052],[-86.75835,36.20527],[-86.75964,36.20536],[-86.75993,36.2054],[-86.76081,36.20545],[-86.7619,36.20553],[-86.76297,36.20561],[-86.7635,36.2056],[-86.76412,36.20562],[-86.76446,36.20564],[-86.76544,36.2057],[-86.7665,36.2058],[-86.76693,36.20585],[-86.76709,36.20588],[-86.76686,36.20638]]]}},{"type":"Feature","properties":{"name":"Cobblestone Corners"},"geometry":{"type":"Polygon","coordinates":[[[-86.7458,36.22166],[-86.74622,36.22191],[-86.74566,36.22439],[-86.74564,36.22476],[-86.74431,36.22517],[-86.74424,36.22502],[-86.74419,36.22498],[-86.74381,36.22449],[-86.74462,36.22405],[-86.74477,36.22382],[-86.74493,36.22337],[-86.74495,36.22303],[-86.74477,36.22291],[-86.74486,36.22254],[-86.74555,36.22279],[-86.7458,36.22166]]]}},{"type":"Feature","properties":{"name":"Beacon Square"},"geometry":{"type":"Polygon","coordinates":[[[-86.89566,36.13825],[-86.89544,36.13845],[-86.89534,36.13852],[-86.89524,36.13861],[-86.89517,36.13864],[-86.89509,36.13873],[-86.89479,36.13897],[-86.89466,36.13906],[-86.89461,36.13912],[-86.8943,36.13937],[-86.89419,36.13944],[-86.89414,36.13951],[-86.89392,36.13968],[-86.89382,36.13982],[-86.89372,36.13991],[-86.89364,36.14],[-86.89351,36.14011],[-86.89341,36.1402],[-86.89331,36.14026],[-86.89323,36.14033],[-86.89302,36.14061],[-86.89287,36.14077],[-86.89283,36.14085],[-86.89271,36.141],[-86.8926,36.14107],[-86.89248,36.14116],[-86.89241,36.14124],[-86.89233,36.14133],[-86.89223,36.14141],[-86.89204,36.14162],[-86.89179,36.14193],[-86.89169,36.14203],[-86.89156,36.14219],[-86.89144,36.14248],[-86.89139,36.14255],[-86.89135,36.14266],[-86.8912,36.14279],[-86.89112,36.14285],[-86.89096,36.14274],[-86.89082,36.14264],[-86.8907,36.14258],[-86.89046,36.14252],[-86.89024,36.14252],[-86.89001,36.1426],[-86.88987,36.14265],[-86.88974,36.14265],[-86.88941,36.14244],[-86.8893,36.14236],[-86.88918,36.1423],[-86.88894,36.1422],[-86.88885,36.14201],[-86.88878,36.1419],[-86.88868,36.14173],[-86.8886,36.14162],[-86.88849,36.14151],[-86.88817,36.14124],[-86.88807,36.14114],[-86.88788,36.14091],[-86.88781,36.14077],[-86.88773,36.14067],[-86.88756,36.14045],[-86.88803,36.14011],[-86.88871,36.1396],[-86.88934,36.13913],[-86.88986,36.13874],[-86.89046,36.1383],[-86.89146,36.13755],[-86.89229,36.13694],[-86.8928,36.13656],[-86.89315,36.13687],[-86.89325,36.13698],[-86.89306,36.13712],[-86.89364,36.13765],[-86.89392,36.13778],[-86.89423,36.13787],[-86.89449,36.13797],[-86.8952,36.13819],[-86.89566,36.13825]]]}},{"type":"Feature","properties":{"name":"Centenary"},"geometry":{"type":"Polygon","coordinates":[[[-86.92747,36.13122],[-86.92726,36.13118],[-86.92721,36.13132],[-86.92713,36.13138],[-86.92693,36.13138],[-86.92693,36.13086],[-86.92689,36.13001],[-86.92683,36.12845],[-86.9268,36.12758],[-86.92665,36.12745],[-86.92649,36.12698],[-86.92651,36.12685],[-86.92653,36.12671],[-86.92656,36.1266],[-86.92654,36.12646],[-86.92654,36.12641],[-86.92654,36.12635],[-86.92659,36.12628],[-86.92661,36.12609],[-86.92652,36.12598],[-86.92692,36.12605],[-86.92717,36.12396],[-86.9274,36.12208],[-86.92776,36.12202],[-86.92831,36.122],[-86.92884,36.12205],[-86.92921,36.12212],[-86.92969,36.1222],[-86.9301,36.12225],[-86.93047,36.12226],[-86.93068,36.12225],[-86.93092,36.12221],[-86.93122,36.12214],[-86.93148,36.12205],[-86.93169,36.12195],[-86.93183,36.12187],[-86.93201,36.12175],[-86.93223,36.12164],[-86.93237,36.12159],[-86.93271,36.12151],[-86.93294,36.12147],[-86.93398,36.12128],[-86.93488,36.1211],[-86.93532,36.12244],[-86.93591,36.12233],[-86.9364,36.12385],[-86.93652,36.12386],[-86.93746,36.12437],[-86.93841,36.12472],[-86.93898,36.12491],[-86.9406,36.12577],[-86.94127,36.12637],[-86.94215,36.12716],[-86.94269,36.12814],[-86.94183,36.12807],[-86.94172,36.1288],[-86.9395,36.12857],[-86.93654,36.13129],[-86.93582,36.131],[-86.93486,36.13098],[-86.9331,36.13195],[-86.93235,36.13212],[-86.93176,36.13218],[-86.9296,36.13199],[-86.92731,36.1318],[-86.92738,36.13146],[-86.92747,36.13122]]]}},{"type":"Feature","properties":{"name":"Colonies"},"geometry":{"type":"Polygon","coordinates":[[[-86.95587,36.05062],[-86.95568,36.05091],[-86.95542,36.05128],[-86.9552,36.05153],[-86.95517,36.05151],[-86.95482,36.05194],[-86.95467,36.05208],[-86.95467,36.05211],[-86.95502,36.05224],[-86.9552,36.05256],[-86.95519,36.05266],[-86.9551,36.053],[-86.95493,36.05298],[-86.95486,36.05296],[-86.95469,36.05302],[-86.95457,36.05302],[-86.95437,36.05299],[-86.9543,36.05291],[-86.95428,36.05303],[-86.95416,36.05487],[-86.95382,36.05484],[-86.95351,36.05481],[-86.95302,36.05477],[-86.95233,36.05472],[-86.95184,36.05468],[-86.95163,36.05465],[-86.95151,36.05464],[-86.95129,36.05458],[-86.95108,36.05448],[-86.95091,36.05436],[-86.95079,36.05419],[-86.95081,36.05412],[-86.95094,36.05405],[-86.95115,36.05393],[-86.95143,36.05372],[-86.95167,36.05352],[-86.95191,36.05329],[-86.95203,36.05312],[-86.95214,36.05286],[-86.9522,36.05247],[-86.95231,36.05174],[-86.95244,36.05105],[-86.95256,36.05044],[-86.95268,36.04983],[-86.95305,36.04987],[-86.9535,36.04995],[-86.95405,36.05006],[-86.95454,36.05018],[-86.95528,36.05042],[-86.95587,36.05062]]]}},{"type":"Feature","properties":{"name":"Linton South Harpeth"},"geometry":{"type":"Polygon","coordinates":[[[-87.04321,36.00998],[-87.03845,36.00964],[-87.03364,36.00929],[-87.0331,36.01341],[-87.03087,36.01248],[-87.02889,36.01248],[-87.0288,36.01159],[-87.02863,36.01002],[-87.0288,36.00982],[-87.02875,36.00881],[-87.02841,36.0083],[-87.02836,36.00747],[-87.02824,36.00678],[-87.02838,36.00657],[-87.02873,36.00484],[-87.02884,36.00431],[-87.029,36.00354],[-87.02906,36.0033],[-87.02925,36.00291],[-87.02952,36.00264],[-87.02955,36.00266],[-87.02993,36.00231],[-87.03072,36.00165],[-87.03167,36.00087],[-87.0326,36.0001],[-87.03335,35.9995],[-87.03378,35.99915],[-87.03402,35.99899],[-87.03436,35.9988],[-87.0346,35.99867],[-87.03482,35.99859],[-87.03501,35.99852],[-87.03521,35.99841],[-87.03545,35.99826],[-87.03564,35.9981],[-87.03582,35.9979],[-87.03596,35.99771],[-87.03612,35.9975],[-87.03634,35.99723],[-87.03663,35.99684],[-87.03703,35.99628],[-87.0375,35.99566],[-87.038,35.99497],[-87.03821,35.99468],[-87.03843,35.99448],[-87.03868,35.99432],[-87.03899,35.9942],[-87.03937,35.99413],[-87.0399,35.99404],[-87.04077,35.9939],[-87.04127,35.99589],[-87.04222,36.00013],[-87.04272,36.00179],[-87.04301,36.00275],[-87.04361,36.00551],[-87.04349,36.00682],[-87.04321,36.00998]]]}},{"type":"Feature","properties":{"name":"Highlands of Harpeth Trace"},"geometry":{"type":"Polygon","coordinates":[[[-86.8948,36.08237],[-86.8936,36.08235],[-86.89295,36.08249],[-86.89124,36.08304],[-86.8904,36.08299],[-86.88956,36.08294],[-86.88893,36.08267],[-86.8886,36.08274],[-86.88845,36.083],[-86.88831,36.08312],[-86.88809,36.08349],[-86.88686,36.08313],[-86.88633,36.08328],[-86.886,36.08301],[-86.88599,36.08261],[-86.8861,36.08249],[-86.88609,36.08215],[-86.88724,36.0822],[-86.88765,36.08187],[-86.88811,36.08173],[-86.88844,36.08142],[-86.88848,36.08117],[-86.88831,36.08037],[-86.88821,36.07981],[-86.88796,36.07954],[-86.88924,36.07936],[-86.88937,36.07916],[-86.88951,36.07925],[-86.89,36.07914],[-86.88995,36.07902],[-86.89046,36.07894],[-86.89072,36.07863],[-86.89134,36.07818],[-86.8919,36.07798],[-86.89267,36.07873],[-86.89264,36.07932],[-86.89197,36.07984],[-86.89261,36.08042],[-86.89349,36.08097],[-86.89495,36.08124],[-86.8948,36.08237]]]}},{"type":"Feature","properties":{"name":"Gold Key"},"geometry":{"type":"Polygon","coordinates":[[[-86.86465,36.21553],[-86.86472,36.21566],[-86.86486,36.21619],[-86.86492,36.21653],[-86.86498,36.21684],[-86.865,36.2173],[-86.86229,36.21788],[-86.8608,36.21803],[-86.85967,36.21825],[-86.85982,36.21897],[-86.85993,36.21949],[-86.85989,36.22008],[-86.86054,36.22026],[-86.86009,36.22203],[-86.85898,36.22158],[-86.85909,36.22141],[-86.85897,36.22091],[-86.85839,36.22101],[-86.85821,36.22103],[-86.85793,36.22102],[-86.85791,36.22108],[-86.85705,36.22115],[-86.85706,36.22065],[-86.85667,36.22066],[-86.85359,36.22041],[-86.85336,36.22038],[-86.8531,36.22037],[-86.85284,36.22034],[-86.85249,36.22031],[-86.85208,36.22028],[-86.8516,36.22026],[-86.85106,36.22021],[-86.85034,36.22016],[-86.85023,36.2197],[-86.85008,36.2192],[-86.85002,36.21901],[-86.84993,36.21882],[-86.84981,36.21863],[-86.84966,36.21841],[-86.85058,36.21844],[-86.85038,36.2172],[-86.85036,36.21707],[-86.84975,36.21713],[-86.84923,36.21717],[-86.84916,36.21714],[-86.84907,36.21677],[-86.849,36.21657],[-86.84884,36.21615],[-86.84872,36.21588],[-86.84863,36.21567],[-86.84854,36.21545],[-86.84844,36.21513],[-86.84834,36.21474],[-86.84826,36.21428],[-86.84823,36.2139],[-86.84822,36.21349],[-86.84824,36.21312],[-86.84825,36.2129],[-86.84828,36.21269],[-86.84839,36.21237],[-86.84852,36.21213],[-86.84875,36.21191],[-86.84906,36.21171],[-86.84924,36.21163],[-86.8494,36.21158],[-86.84999,36.21142],[-86.85028,36.21135],[-86.85116,36.21109],[-86.85007,36.20937],[-86.85081,36.20912],[-86.85083,36.20916],[-86.85133,36.20899],[-86.85144,36.2087],[-86.85333,36.20841],[-86.85368,36.20815],[-86.85463,36.20693],[-86.8549,36.20683],[-86.85518,36.20646],[-86.85582,36.20678],[-86.85699,36.20731],[-86.85782,36.20767],[-86.85807,36.20776],[-86.85916,36.20811],[-86.85917,36.20802],[-86.86078,36.20847],[-86.86254,36.20888],[-86.86296,36.2089],[-86.86407,36.20905],[-86.86408,36.20902],[-86.86532,36.20912],[-86.86607,36.21183],[-86.86619,36.21242],[-86.86639,36.21318],[-86.86589,36.21325],[-86.86404,36.21364],[-86.86465,36.21553]]]}},{"type":"Feature","properties":{"name":"Oakmont"},"geometry":{"type":"Polygon","coordinates":[[[-86.74509,36.0305],[-86.74512,36.02998],[-86.7452,36.02998],[-86.74523,36.02944],[-86.74521,36.0289],[-86.74518,36.02753],[-86.74656,36.0273],[-86.74657,36.02634],[-86.74495,36.02674],[-86.74477,36.02621],[-86.74443,36.02523],[-86.74658,36.02569],[-86.74786,36.026],[-86.74699,36.03068],[-86.74557,36.03054],[-86.74509,36.0305]]]}},{"type":"Feature","properties":{"name":"Scottsboro"},"geometry":{"type":"Polygon","coordinates":[[[-86.90329,36.24368],[-86.90543,36.24495],[-86.90858,36.24752],[-86.91119,36.2497],[-86.90874,36.2539],[-86.90563,36.25355],[-86.90492,36.25349],[-86.90286,36.25335],[-86.90167,36.25629],[-86.9021,36.25637],[-86.90233,36.25641],[-86.9026,36.25642],[-86.90286,36.2565],[-86.90409,36.25656],[-86.90431,36.25635],[-86.90521,36.25608],[-86.90587,36.256],[-86.90676,36.25663],[-86.90779,36.25684],[-86.90788,36.25779],[-86.90808,36.25798],[-86.90848,36.25813],[-86.90876,36.25819],[-86.9092,36.25833],[-86.90935,36.25841],[-86.91035,36.25869],[-86.91239,36.25919],[-86.91172,36.25985],[-86.91033,36.26021],[-86.90773,36.26073],[-86.90754,36.26068],[-86.90641,36.26145],[-86.90513,36.26116],[-86.90501,36.2613],[-86.90411,36.26122],[-86.90324,36.26112],[-86.9026,36.26108],[-86.90239,36.26106],[-86.90239,36.26086],[-86.90242,36.26083],[-86.89872,36.26052],[-86.89881,36.25962],[-86.8935,36.25953],[-86.89349,36.25979],[-86.89342,36.25979],[-86.89332,36.25979],[-86.89327,36.26012],[-86.89318,36.26039],[-86.89306,36.26064],[-86.8929,36.26091],[-86.89257,36.26127],[-86.89213,36.26163],[-86.89162,36.2619],[-86.89146,36.26195],[-86.89129,36.26198],[-86.89145,36.26215],[-86.89161,36.26229],[-86.89173,36.26247],[-86.89206,36.26319],[-86.89222,36.26343],[-86.89237,36.26361],[-86.89284,36.26407],[-86.89305,36.26429],[-86.89323,36.26455],[-86.89335,36.26484],[-86.89341,36.26514],[-86.89338,36.26568],[-86.89628,36.26597],[-86.89683,36.26608],[-86.89757,36.26662],[-86.89725,36.27013],[-86.899,36.27059],[-86.89883,36.27068],[-86.89852,36.27097],[-86.89826,36.27166],[-86.89712,36.2716],[-86.8969,36.27314],[-86.8953,36.27305],[-86.89217,36.27299],[-86.88913,36.27291],[-86.8891,36.27342],[-86.88878,36.2732],[-86.88869,36.27315],[-86.88832,36.27312],[-86.88817,36.2731],[-86.88804,36.27306],[-86.8879,36.27301],[-86.88811,36.2709],[-86.88931,36.2709],[-86.88941,36.26623],[-86.88801,36.26576],[-86.88782,36.26504],[-86.88764,36.265],[-86.8865,36.26384],[-86.8857,36.2658],[-86.88555,36.26558],[-86.88543,36.26536],[-86.88532,36.26524],[-86.88518,36.26517],[-86.8851,36.26517],[-86.88498,36.26424],[-86.88396,36.26383],[-86.88316,36.2641],[-86.88231,36.26248],[-86.8827,36.26149],[-86.88312,36.26127],[-86.88119,36.26064],[-86.87927,36.26044],[-86.8786,36.25809],[-86.87714,36.25771],[-86.87598,36.25603],[-86.87572,36.25566],[-86.87536,36.25495],[-86.87389,36.25541],[-86.87299,36.2553],[-86.87286,36.25352],[-86.87215,36.25294],[-86.87227,36.25125],[-86.87052,36.25124],[-86.87043,36.25097],[-86.87036,36.25077],[-86.87041,36.25039],[-86.87055,36.24948],[-86.87057,36.24949],[-86.87096,36.2488],[-86.87184,36.24869],[-86.87257,36.24868],[-86.87349,36.24806],[-86.87385,36.24788],[-86.8749,36.24754],[-86.87625,36.24711],[-86.87644,36.24699],[-86.87638,36.24683],[-86.87615,36.24599],[-86.87601,36.24557],[-86.87776,36.2457],[-86.87815,36.24482],[-86.87876,36.24357],[-86.87943,36.24249],[-86.8797,36.24208],[-86.88003,36.24163],[-86.88226,36.23806],[-86.88319,36.23582],[-86.8833,36.23497],[-86.88328,36.23481],[-86.88318,36.23478],[-86.88353,36.23351],[-86.88354,36.23236],[-86.88341,36.2317],[-86.88688,36.23192],[-86.88768,36.22669],[-86.88888,36.22679],[-86.88828,36.22306],[-86.88695,36.22253],[-86.8861,36.22181],[-86.88594,36.22109],[-86.88678,36.22115],[-86.88702,36.21925],[-86.88545,36.21918],[-86.88566,36.21788],[-86.88584,36.21674],[-86.88592,36.21622],[-86.88598,36.21566],[-86.8801,36.214],[-86.87974,36.21444],[-86.87702,36.2143],[-86.87571,36.21428],[-86.87447,36.2141],[-86.87456,36.21347],[-86.87279,36.21333],[-86.8729,36.21266],[-86.87289,36.21177],[-86.87287,36.21039],[-86.87297,36.21028],[-86.87311,36.20945],[-86.87267,36.20914],[-86.87219,36.20862],[-86.87179,36.20819],[-86.87172,36.20806],[-86.8717,36.2079],[-86.87173,36.20776],[-86.87181,36.20763],[-86.8719,36.2064],[-86.8717,36.20639],[-86.87156,36.20742],[-86.87085,36.20539],[-86.8708,36.20497],[-86.87025,36.20303],[-86.8695,36.20156],[-86.86955,36.20121],[-86.87228,36.20158],[-86.87294,36.19706],[-86.87319,36.19539],[-86.87337,36.19555],[-86.87358,36.19582],[-86.87365,36.19593],[-86.87378,36.19607],[-86.87396,36.19622],[-86.87412,36.19632],[-86.87435,36.19644],[-86.87453,36.19656],[-86.87479,36.19674],[-86.87491,36.19687],[-86.87502,36.197],[-86.8752,36.19712],[-86.87529,36.19715],[-86.87536,36.19721],[-86.87542,36.1973],[-86.87559,36.19747],[-86.87575,36.19771],[-86.87587,36.19779],[-86.87606,36.19796],[-86.8763,36.19812],[-86.87645,36.19825],[-86.87653,36.1984],[-86.87683,36.19863],[-86.87749,36.1991],[-86.87774,36.19922],[-86.87784,36.1993],[-86.87792,36.19938],[-86.87804,36.19944],[-86.87841,36.19971],[-86.87882,36.20005],[-86.87915,36.20033],[-86.87951,36.20059],[-86.87993,36.20094],[-86.88031,36.20121],[-86.88082,36.20154],[-86.88109,36.20174],[-86.88127,36.20185],[-86.88147,36.20198],[-86.88174,36.20215],[-86.88199,36.20234],[-86.88262,36.20277],[-86.8832,36.20312],[-86.88356,36.20337],[-86.88371,36.20346],[-86.88383,36.20356],[-86.88401,36.20363],[-86.88411,36.20364],[-86.88424,36.20371],[-86.8844,36.20385],[-86.88451,36.20399],[-86.88462,36.20405],[-86.88477,36.20407],[-86.88494,36.20417],[-86.88499,36.20424],[-86.88507,36.2043],[-86.88523,36.20434],[-86.88535,36.20439],[-86.88542,36.20445],[-86.88549,36.20455],[-86.88593,36.20479],[-86.88626,36.20493],[-86.88665,36.20509],[-86.88684,36.20514],[-86.88713,36.20525],[-86.88746,36.2054],[-86.88808,36.20568],[-86.88852,36.20586],[-86.88895,36.20606],[-86.88929,36.20619],[-86.88938,36.20622],[-86.88951,36.20626],[-86.88967,36.2063],[-86.88976,36.20636],[-86.88991,36.20639],[-86.89003,36.20641],[-86.89015,36.20647],[-86.89043,36.20657],[-86.89055,36.20663],[-86.89078,36.20671],[-86.89113,36.2068],[-86.89154,36.2069],[-86.89177,36.20693],[-86.89233,36.20715],[-86.89269,36.20729],[-86.89296,36.20734],[-86.89323,36.20738],[-86.8935,36.2074],[-86.89381,36.20747],[-86.89403,36.20752],[-86.89431,36.20757],[-86.8949,36.20763],[-86.89508,36.20764],[-86.89549,36.20771],[-86.89573,36.20776],[-86.89591,36.20779],[-86.89621,36.20784],[-86.89658,36.20786],[-86.8973,36.20792],[-86.89768,36.20791],[-86.89813,36.20787],[-86.89851,36.20787],[-86.8987,36.20788],[-86.89895,36.20781],[-86.89915,36.20779],[-86.8993,36.20782],[-86.89961,36.20784],[-86.90003,36.20777],[-86.90032,36.20774],[-86.90056,36.20769],[-86.9008,36.20766],[-86.90093,36.20762],[-86.90126,36.20759],[-86.90173,36.2075],[-86.90222,36.20733],[-86.90288,36.2071],[-86.90302,36.20708],[-86.90348,36.20689],[-86.90384,36.2067],[-86.90423,36.20643],[-86.90457,36.20618],[-86.90495,36.20589],[-86.90528,36.20569],[-86.90551,36.20551],[-86.90562,36.20543],[-86.90568,36.20535],[-86.90593,36.20514],[-86.90616,36.20498],[-86.90648,36.20469],[-86.90704,36.20421],[-86.90725,36.20394],[-86.90738,36.20381],[-86.90767,36.20345],[-86.908,36.20308],[-86.90821,36.20282],[-86.90834,36.20262],[-86.90895,36.20185],[-86.90908,36.20173],[-86.90927,36.2015],[-86.90935,36.20134],[-86.90941,36.20117],[-86.9095,36.20105],[-86.90962,36.20094],[-86.90979,36.20073],[-86.90986,36.20063],[-86.90998,36.20045],[-86.9102,36.20017],[-86.91049,36.19979],[-86.91079,36.19942],[-86.91099,36.19913],[-86.91118,36.19874],[-86.91129,36.19854],[-86.91138,36.19841],[-86.91149,36.19824],[-86.9117,36.19786],[-86.91202,36.19722],[-86.91225,36.19681],[-86.91241,36.19646],[-86.91254,36.19619],[-86.91285,36.19572],[-86.91295,36.19554],[-86.91308,36.19526],[-86.91316,36.19507],[-86.91325,36.19481],[-86.91443,36.19541],[-86.91472,36.19557],[-86.91552,36.19584],[-86.91635,36.19581],[-86.91711,36.19606],[-86.91765,36.19613],[-86.91778,36.19568],[-86.91822,36.19572],[-86.91921,36.19563],[-86.9204,36.19731],[-86.92127,36.19817],[-86.92144,36.1986],[-86.92176,36.19923],[-86.92186,36.20008],[-86.9227,36.20082],[-86.92329,36.20227],[-86.92437,36.20352],[-86.92404,36.20378],[-86.92426,36.20406],[-86.9273,36.20418],[-86.92755,36.20483],[-86.92787,36.20556],[-86.92813,36.20621],[-86.92848,36.20723],[-86.92858,36.20722],[-86.92873,36.20702],[-86.92885,36.20691],[-86.929,36.20682],[-86.92916,36.20675],[-86.92934,36.20665],[-86.92953,36.20661],[-86.92978,36.2066],[-86.93014,36.20656],[-86.93039,36.20657],[-86.93076,36.20667],[-86.93089,36.20666],[-86.93105,36.2066],[-86.93125,36.20644],[-86.9314,36.2064],[-86.93158,36.20639],[-86.93177,36.20633],[-86.93185,36.20627],[-86.93198,36.20615],[-86.93215,36.20606],[-86.93226,36.20604],[-86.93237,36.20605],[-86.93252,36.20611],[-86.93273,36.20612],[-86.93293,36.20605],[-86.93311,36.20596],[-86.93322,36.20585],[-86.93327,36.20575],[-86.93328,36.20562],[-86.93326,36.20554],[-86.93315,36.20536],[-86.93314,36.20525],[-86.93321,36.20515],[-86.93333,36.20509],[-86.93358,36.20508],[-86.93434,36.20504],[-86.93479,36.20506],[-86.93536,36.20511],[-86.93558,36.2051],[-86.93568,36.20508],[-86.93577,36.20502],[-86.9358,36.20495],[-86.93583,36.20485],[-86.93591,36.20474],[-86.93598,36.20467],[-86.93602,36.20455],[-86.93601,36.20436],[-86.93607,36.20426],[-86.93623,36.2042],[-86.93643,36.20421],[-86.93655,36.20418],[-86.93673,36.20419],[-86.93701,36.20426],[-86.93726,36.20429],[-86.9374,36.20429],[-86.93768,36.20428],[-86.9379,36.20429],[-86.93803,36.20429],[-86.93816,36.20427],[-86.93829,36.2043],[-86.93846,36.20437],[-86.93863,36.20439],[-86.93882,36.20434],[-86.93899,36.2043],[-86.93905,36.20438],[-86.93922,36.20434],[-86.93935,36.20425],[-86.93952,36.20404],[-86.9396,36.20399],[-86.93968,36.20386],[-86.94044,36.20357],[-86.94043,36.203],[-86.94138,36.20275],[-86.94259,36.2029],[-86.94379,36.20271],[-86.94524,36.20311],[-86.9446,36.20218],[-86.945,36.20208],[-86.94575,36.20279],[-86.94589,36.20289],[-86.94594,36.20298],[-86.94605,36.20308],[-86.94624,36.20319],[-86.94631,36.20327],[-86.9464,36.20341],[-86.94654,36.20353],[-86.94669,36.2036],[-86.9471,36.20402],[-86.94741,36.20427],[-86.94737,36.20428],[-86.94726,36.20429],[-86.94723,36.20434],[-86.94724,36.20446],[-86.9473,36.20451],[-86.94739,36.20452],[-86.94753,36.20445],[-86.94767,36.20444],[-86.94777,36.20447],[-86.94789,36.20454],[-86.94808,36.20462],[-86.94835,36.2047],[-86.9487,36.20489],[-86.94876,36.20516],[-86.95002,36.20556],[-86.9511,36.20591],[-86.95191,36.20626],[-86.95236,36.20633],[-86.95304,36.20641],[-86.95394,36.20647],[-86.95441,36.20654],[-86.95543,36.20676],[-86.95723,36.20715],[-86.95959,36.20771],[-86.95954,36.20793],[-86.95976,36.20793],[-86.9606,36.2081],[-86.96283,36.20867],[-86.9632,36.20879],[-86.96337,36.20846],[-86.96342,36.20843],[-86.96357,36.20844],[-86.96376,36.20848],[-86.96393,36.20854],[-86.96415,36.20859],[-86.96438,36.20864],[-86.96457,36.20868],[-86.96472,36.20874],[-86.96491,36.20882],[-86.96516,36.20894],[-86.96547,36.20902],[-86.96568,36.20905],[-86.96595,36.20912],[-86.96642,36.20927],[-86.96662,36.20932],[-86.96692,36.20944],[-86.9675,36.20952],[-86.96801,36.20968],[-86.96828,36.20976],[-86.96846,36.2099],[-86.96878,36.21003],[-86.96907,36.21019],[-86.96932,36.21029],[-86.96966,36.21036],[-86.96992,36.21046],[-86.97016,36.21056],[-86.97053,36.21071],[-86.97137,36.2109],[-86.97163,36.21103],[-86.97194,36.2111],[-86.97226,36.21116],[-86.97247,36.21123],[-86.9726,36.21126],[-86.97297,36.21122],[-86.97324,36.21127],[-86.97356,36.2113],[-86.97385,36.21133],[-86.9743,36.21133],[-86.9746,36.21133],[-86.97484,36.21136],[-86.97504,36.21136],[-86.9752,36.21134],[-86.97537,36.21135],[-86.97553,36.21129],[-86.97602,36.21128],[-86.97648,36.21128],[-86.97661,36.2113],[-86.97684,36.21127],[-86.97732,36.21123],[-86.97793,36.21122],[-86.97842,36.21119],[-86.97885,36.21115],[-86.97899,36.21118],[-86.97919,36.21117],[-86.97943,36.21113],[-86.97962,36.21111],[-86.97982,36.21112],[-86.98016,36.21107],[-86.98055,36.21108],[-86.98083,36.21107],[-86.98104,36.21107],[-86.98131,36.21101],[-86.98168,36.21099],[-86.98185,36.21101],[-86.98229,36.211],[-86.98245,36.21102],[-86.98283,36.211],[-86.98321,36.21099],[-86.98333,36.21099],[-86.98346,36.21099],[-86.98359,36.21095],[-86.98381,36.21093],[-86.98411,36.21093],[-86.98451,36.21093],[-86.98499,36.21095],[-86.98461,36.21219],[-86.98418,36.21371],[-86.98276,36.21326],[-86.98274,36.21338],[-86.98225,36.21352],[-86.98233,36.21372],[-86.98217,36.21411],[-86.98206,36.2144],[-86.98196,36.21473],[-86.98187,36.215],[-86.98179,36.21513],[-86.9817,36.21524],[-86.98152,36.21538],[-86.98138,36.21543],[-86.98121,36.21553],[-86.98092,36.21571],[-86.98068,36.21595],[-86.98054,36.21623],[-86.98037,36.21621],[-86.97947,36.21656],[-86.97925,36.21663],[-86.97842,36.21706],[-86.97694,36.21657],[-86.97689,36.21682],[-86.97622,36.2176],[-86.97576,36.21772],[-86.97593,36.21847],[-86.97661,36.21955],[-86.97675,36.21966],[-86.97644,36.22034],[-86.97614,36.221],[-86.97618,36.22115],[-86.97429,36.22438],[-86.97354,36.22569],[-86.9732,36.22625],[-86.97296,36.22652],[-86.97267,36.22676],[-86.97227,36.22702],[-86.97173,36.22734],[-86.97085,36.22781],[-86.97008,36.2282],[-86.96942,36.22852],[-86.9689,36.22875],[-86.96791,36.22919],[-86.96676,36.22969],[-86.9661,36.22999],[-86.96558,36.23022],[-86.96476,36.23059],[-86.96402,36.2309],[-86.96339,36.23113],[-86.96293,36.23127],[-86.9619,36.23158],[-86.961,36.23185],[-86.95989,36.23225],[-86.95902,36.23254],[-86.95825,36.23277],[-86.95728,36.23304],[-86.95654,36.23327],[-86.95589,36.2335],[-86.95522,36.23381],[-86.95336,36.23484],[-86.95239,36.23538],[-86.9519,36.23566],[-86.9514,36.23603],[-86.95081,36.2365],[-86.95058,36.23663],[-86.95009,36.23685],[-86.94962,36.23708],[-86.95132,36.23843],[-86.95096,36.2429],[-86.95072,36.24595],[-86.95201,36.24604],[-86.95325,36.24608],[-86.95276,36.24936],[-86.95253,36.25093],[-86.9525,36.25145],[-86.95241,36.25414],[-86.95232,36.25641],[-86.95228,36.25696],[-86.93589,36.25643],[-86.9357,36.25875],[-86.92736,36.25766],[-86.92761,36.25376],[-86.91962,36.25376],[-86.92045,36.24933],[-86.91722,36.25045],[-86.91694,36.24852],[-86.91286,36.24867],[-86.91202,36.24819],[-86.90975,36.24693],[-86.91049,36.24555],[-86.90357,36.24311],[-86.90329,36.24368]]]}},{"type":"Feature","properties":{"name":"Warner Park Valley & Highlands"},"geometry":{"type":"Polygon","coordinates":[[[-86.88532,36.07951],[-86.88534,36.0802],[-86.88605,36.08019],[-86.88609,36.08215],[-86.8861,36.08249],[-86.88599,36.0825],[-86.886,36.08301],[-86.88633,36.08328],[-86.88627,36.08429],[-86.88603,36.08462],[-86.88622,36.08497],[-86.88606,36.08502],[-86.88624,36.08553],[-86.8865,36.08582],[-86.88638,36.086],[-86.88574,36.08599],[-86.88553,36.08599],[-86.88555,36.08651],[-86.88553,36.08704],[-86.88546,36.08805],[-86.88541,36.08903],[-86.88535,36.09005],[-86.88533,36.09055],[-86.88531,36.09101],[-86.88529,36.09119],[-86.88529,36.09159],[-86.88522,36.09244],[-86.88511,36.09251],[-86.8846,36.09277],[-86.88321,36.09343],[-86.88193,36.09405],[-86.88046,36.09476],[-86.87956,36.09521],[-86.87853,36.09571],[-86.87762,36.09615],[-86.87735,36.09628],[-86.87665,36.09662],[-86.87619,36.09683],[-86.87536,36.09723],[-86.87402,36.09788],[-86.87507,36.09653],[-86.87555,36.09591],[-86.876,36.09534],[-86.87623,36.09505],[-86.87646,36.09475],[-86.87691,36.09419],[-86.87709,36.09394],[-86.87762,36.09326],[-86.87865,36.09195],[-86.87949,36.09089],[-86.88027,36.08988],[-86.88088,36.0891],[-86.88117,36.08868],[-86.8818,36.08769],[-86.88214,36.08707],[-86.88235,36.08666],[-86.88261,36.08597],[-86.8829,36.08514],[-86.88318,36.08436],[-86.88349,36.08353],[-86.88374,36.08283],[-86.88406,36.08198],[-86.88434,36.08127],[-86.88451,36.08086],[-86.88481,36.08021],[-86.88525,36.07947],[-86.88532,36.07951]]]}},{"type":"Feature","properties":{"name":"Candlewood"},"geometry":{"type":"Polygon","coordinates":[[[-86.68085,36.24691],[-86.67968,36.24745],[-86.67848,36.248],[-86.67719,36.24787],[-86.67854,36.24725],[-86.67801,36.24688],[-86.67945,36.24562],[-86.68085,36.24691]]]}},{"type":"Feature","properties":{"name":"Leopole Road"},"geometry":{"type":"Polygon","coordinates":[[[-86.71077,36.07664],[-86.70983,36.0767],[-86.7098,36.0765],[-86.70977,36.07638],[-86.70949,36.0761],[-86.70977,36.07587],[-86.70941,36.07454],[-86.70974,36.07381],[-86.71003,36.07376],[-86.71048,36.07348],[-86.71077,36.07377],[-86.7111,36.07408],[-86.71079,36.07431],[-86.71075,36.0744],[-86.71085,36.07505],[-86.7109,36.07609],[-86.71077,36.07664]]]}},{"type":"Feature","properties":{"name":"Una"},"geometry":{"type":"Polygon","coordinates":[[[-86.65413,36.09531],[-86.65456,36.09562],[-86.65446,36.09568],[-86.65495,36.09598],[-86.6551,36.09618],[-86.65526,36.09644],[-86.65564,36.09656],[-86.65621,36.09693],[-86.65687,36.09736],[-86.65694,36.09728],[-86.65806,36.09802],[-86.65887,36.09855],[-86.65877,36.09872],[-86.6596,36.09929],[-86.65973,36.09912],[-86.66004,36.09931],[-86.66,36.09934],[-86.66025,36.09957],[-86.66045,36.09981],[-86.66047,36.09975],[-86.66196,36.1007],[-86.66185,36.10148],[-86.66182,36.10175],[-86.66163,36.10221],[-86.66122,36.10269],[-86.66075,36.10336],[-86.66045,36.10381],[-86.65821,36.10716],[-86.65376,36.10676],[-86.65317,36.11095],[-86.6546,36.11109],[-86.65425,36.11366],[-86.65536,36.11383],[-86.65513,36.11806],[-86.65443,36.11794],[-86.65363,36.11777],[-86.65322,36.11761],[-86.65281,36.11739],[-86.6528,36.11709],[-86.65235,36.11685],[-86.65208,36.11688],[-86.6511,36.11614],[-86.65078,36.11592],[-86.65041,36.11573],[-86.6499,36.1155],[-86.64975,36.11544],[-86.64959,36.1153],[-86.64736,36.11438],[-86.6439,36.11322],[-86.6429,36.11285],[-86.64221,36.11288],[-86.64203,36.113],[-86.64156,36.11298],[-86.64123,36.11293],[-86.64113,36.11293],[-86.64093,36.11285],[-86.64042,36.11283],[-86.63999,36.11269],[-86.63984,36.11287],[-86.63962,36.11286],[-86.63961,36.11291],[-86.63836,36.11284],[-86.63745,36.11276],[-86.63639,36.11265],[-86.63507,36.1125],[-86.6336,36.11233],[-86.63119,36.11203],[-86.6311,36.11202],[-86.63032,36.11162],[-86.63023,36.11141],[-86.63013,36.11105],[-86.63005,36.11052],[-86.63003,36.11018],[-86.63002,36.10971],[-86.63004,36.10922],[-86.63007,36.10865],[-86.63008,36.10814],[-86.6301,36.1077],[-86.63028,36.10729],[-86.63065,36.10672],[-86.63143,36.1058],[-86.63226,36.10483],[-86.63292,36.10408],[-86.63309,36.10384],[-86.63327,36.10348],[-86.63337,36.10318],[-86.63345,36.10275],[-86.63345,36.10259],[-86.63353,36.10196],[-86.63363,36.10157],[-86.63373,36.10133],[-86.63407,36.10086],[-86.63441,36.10054],[-86.63459,36.1004],[-86.63481,36.10027],[-86.6351,36.10012],[-86.6353,36.10001],[-86.63542,36.09987],[-86.63546,36.09974],[-86.63543,36.09954],[-86.63535,36.09942],[-86.6351,36.09918],[-86.63483,36.09889],[-86.63448,36.0984],[-86.63424,36.09809],[-86.63405,36.09788],[-86.63388,36.09772],[-86.63377,36.0976],[-86.63371,36.09744],[-86.63372,36.09724],[-86.63386,36.09659],[-86.6341,36.09551],[-86.63433,36.09436],[-86.63441,36.09431],[-86.63491,36.09461],[-86.63527,36.09484],[-86.63532,36.09465],[-86.63541,36.09334],[-86.63609,36.09342],[-86.63655,36.09349],[-86.63798,36.09361],[-86.63757,36.09578],[-86.63823,36.09576],[-86.63819,36.09638],[-86.63873,36.09646],[-86.63914,36.09648],[-86.63921,36.09574],[-86.63988,36.09572],[-86.63993,36.09379],[-86.64155,36.09391],[-86.64264,36.094],[-86.64265,36.09395],[-86.64387,36.09405],[-86.64629,36.09423],[-86.64706,36.0943],[-86.64717,36.0936],[-86.65089,36.09396],[-86.65291,36.09416],[-86.65371,36.09548],[-86.65413,36.09531]]]}},{"type":"Feature","properties":{"name":"West Meade Park"},"geometry":{"type":"Polygon","coordinates":[[[-86.90686,36.09036],[-86.90677,36.0904],[-86.90664,36.09047],[-86.90618,36.09082],[-86.90554,36.09149],[-86.90528,36.09178],[-86.90504,36.09209],[-86.90481,36.09293],[-86.90459,36.09341],[-86.90442,36.09358],[-86.9037,36.09396],[-86.90323,36.09416],[-86.90233,36.09478],[-86.90155,36.09502],[-86.90049,36.0953],[-86.90008,36.0953],[-86.89974,36.09527],[-86.89923,36.09529],[-86.89941,36.09611],[-86.89968,36.09642],[-86.89966,36.09644],[-86.89962,36.0965],[-86.89969,36.09692],[-86.89876,36.09703],[-86.89869,36.09737],[-86.89876,36.09751],[-86.89859,36.09764],[-86.89854,36.0974],[-86.89855,36.09717],[-86.89641,36.09803],[-86.89536,36.09662],[-86.89482,36.09614],[-86.8945,36.09586],[-86.89438,36.09575],[-86.89449,36.09564],[-86.89465,36.09568],[-86.89484,36.09548],[-86.89307,36.09441],[-86.89212,36.09422],[-86.89116,36.09195],[-86.89112,36.09182],[-86.89048,36.09033],[-86.89112,36.0899],[-86.89143,36.08973],[-86.89197,36.0895],[-86.89263,36.08931],[-86.89299,36.08922],[-86.89336,36.08914],[-86.89374,36.08907],[-86.8939,36.08901],[-86.89405,36.08892],[-86.89419,36.0888],[-86.89428,36.08868],[-86.89435,36.08851],[-86.89438,36.08835],[-86.8944,36.08805],[-86.89445,36.08774],[-86.89452,36.08752],[-86.89465,36.08726],[-86.89478,36.08705],[-86.89481,36.08688],[-86.89475,36.08657],[-86.89472,36.08637],[-86.89475,36.08628],[-86.89492,36.08606],[-86.89497,36.08595],[-86.89502,36.08582],[-86.89504,36.08559],[-86.89501,36.08542],[-86.89623,36.08572],[-86.89773,36.08606],[-86.89838,36.08621],[-86.89961,36.08598],[-86.90019,36.08591],[-86.90169,36.08571],[-86.9025,36.08529],[-86.9023,36.08722],[-86.90309,36.08818],[-86.90495,36.08879],[-86.90536,36.08905],[-86.90632,36.08984],[-86.90654,36.09003],[-86.90686,36.09036]]]}},{"type":"Feature","properties":{"name":"Bellevue Highlands"},"geometry":{"type":"Polygon","coordinates":[[[-86.95852,36.04954],[-86.95304,36.04853],[-86.95317,36.04824],[-86.95324,36.04806],[-86.95335,36.04786],[-86.9536,36.04761],[-86.95373,36.04748],[-86.95395,36.04728],[-86.95444,36.04698],[-86.95526,36.04751],[-86.95673,36.04741],[-86.95885,36.04724],[-86.95877,36.0479],[-86.95852,36.04954]]]}},{"type":"Feature","properties":{"name":"Cliffdale"},"geometry":{"type":"Polygon","coordinates":[[[-86.66873,36.17118],[-86.66826,36.17398],[-86.66819,36.17442],[-86.66835,36.17447],[-86.66729,36.17493],[-86.66722,36.17478],[-86.66711,36.17466],[-86.66704,36.1745],[-86.66689,36.17434],[-86.66664,36.17406],[-86.66657,36.17396],[-86.66652,36.17385],[-86.66646,36.17376],[-86.66626,36.17356],[-86.66606,36.17341],[-86.66593,36.17325],[-86.66557,36.17298],[-86.6653,36.17275],[-86.66535,36.17161],[-86.66558,36.17068],[-86.66605,36.17069],[-86.66606,36.17088],[-86.66614,36.17097],[-86.66638,36.1711],[-86.66645,36.17145],[-86.66688,36.17143],[-86.66745,36.17141],[-86.66746,36.17114],[-86.66873,36.17118]]]}},{"type":"Feature","properties":{"name":"Coopertown Farms"},"geometry":{"type":"Polygon","coordinates":[[[-86.90728,36.37915],[-86.90791,36.38157],[-86.90834,36.38317],[-86.90912,36.38391],[-86.91051,36.38434],[-86.90977,36.38537],[-86.90924,36.38685],[-86.90342,36.38614],[-86.90186,36.38592],[-86.9014,36.38614],[-86.90114,36.38597],[-86.90082,36.38586],[-86.90173,36.37952],[-86.9036,36.37972],[-86.90513,36.37989],[-86.90571,36.37979],[-86.9072,36.37925],[-86.90728,36.37915]]]}},{"type":"Feature","properties":{"name":"Dalemere Area"},"geometry":{"type":"Polygon","coordinates":[[[-86.77311,36.27874],[-86.77296,36.27902],[-86.77242,36.27928],[-86.77136,36.27984],[-86.77095,36.28005],[-86.7698,36.28065],[-86.76956,36.28065],[-86.76462,36.28021],[-86.76461,36.2802],[-86.7646,36.28195],[-86.76267,36.28196],[-86.75636,36.28109],[-86.75642,36.28052],[-86.75646,36.28005],[-86.7565,36.27972],[-86.75655,36.27917],[-86.75657,36.27887],[-86.75649,36.27862],[-86.75639,36.27848],[-86.75623,36.27833],[-86.75609,36.27825],[-86.75581,36.27816],[-86.75463,36.27802],[-86.75426,36.27796],[-86.754,36.27793],[-86.75347,36.27786],[-86.75141,36.27761],[-86.75224,36.27607],[-86.75351,36.2737],[-86.75396,36.27284],[-86.75427,36.27222],[-86.75478,36.27128],[-86.75571,36.26951],[-86.75576,36.26946],[-86.75587,36.26945],[-86.75648,36.26957],[-86.75709,36.2697],[-86.7577,36.26987],[-86.75777,36.26978],[-86.75811,36.26989],[-86.75873,36.27014],[-86.75917,36.27035],[-86.75956,36.27056],[-86.75986,36.27074],[-86.76026,36.271],[-86.76064,36.27127],[-86.76107,36.27163],[-86.76129,36.27184],[-86.76152,36.27208],[-86.76206,36.27264],[-86.76246,36.27309],[-86.76291,36.27357],[-86.76328,36.27395],[-86.76366,36.27435],[-86.76392,36.27458],[-86.76418,36.2748],[-86.7644,36.27498],[-86.76476,36.27524],[-86.76504,36.27542],[-86.76543,36.27566],[-86.76579,36.27586],[-86.76633,36.27612],[-86.76691,36.27636],[-86.76771,36.27667],[-86.76871,36.27705],[-86.76991,36.2775],[-86.76989,36.27753],[-86.77054,36.27778],[-86.77123,36.27804],[-86.77213,36.27838],[-86.77266,36.27858],[-86.77311,36.27874]]]}},{"type":"Feature","properties":{"name":"Gloucester Square"},"geometry":{"type":"Polygon","coordinates":[[[-86.81302,36.11835],[-86.81288,36.11932],[-86.80942,36.11897],[-86.80986,36.11837],[-86.8101,36.11803],[-86.81302,36.11835]]]}},{"type":"Feature","properties":{"name":"Spence Lane"},"geometry":{"type":"Polygon","coordinates":[[[-86.72222,36.14708],[-86.72209,36.14835],[-86.72188,36.14998],[-86.7218,36.15057],[-86.72179,36.15073],[-86.72171,36.15131],[-86.71926,36.15105],[-86.71943,36.14992],[-86.71966,36.14995],[-86.71971,36.14955],[-86.71889,36.14946],[-86.71898,36.14888],[-86.71912,36.1489],[-86.7192,36.14828],[-86.71939,36.14667],[-86.72011,36.14674],[-86.72014,36.14669],[-86.72028,36.14663],[-86.72042,36.1467],[-86.72044,36.1468],[-86.7204,36.14687],[-86.72124,36.14696],[-86.72125,36.147],[-86.72222,36.14708]]]}},{"type":"Feature","properties":{"name":"Lincoya Hills"},"geometry":{"type":"Polygon","coordinates":[[[-86.67348,36.17469],[-86.67417,36.17422],[-86.67467,36.1747],[-86.67515,36.17508],[-86.67648,36.176],[-86.67843,36.17736],[-86.67835,36.17787],[-86.67814,36.17914],[-86.67811,36.17938],[-86.67805,36.1796],[-86.67797,36.18011],[-86.67793,36.18011],[-86.67782,36.1808],[-86.6777,36.18165],[-86.67771,36.18187],[-86.67756,36.18281],[-86.67751,36.18294],[-86.67731,36.18342],[-86.67693,36.18417],[-86.67689,36.18416],[-86.67656,36.18483],[-86.6764,36.18517],[-86.67529,36.18743],[-86.67414,36.18724],[-86.67166,36.18679],[-86.67162,36.18672],[-86.67096,36.1866],[-86.67082,36.18646],[-86.66994,36.18631],[-86.67002,36.18577],[-86.67017,36.18466],[-86.67029,36.18462],[-86.66987,36.18376],[-86.66892,36.18367],[-86.6691,36.18272],[-86.66912,36.1826],[-86.66914,36.18111],[-86.66752,36.17935],[-86.66784,36.17844],[-86.66861,36.17627],[-86.67046,36.17738],[-86.67166,36.17808],[-86.67249,36.1786],[-86.67282,36.17632],[-86.67297,36.17529],[-86.67305,36.17462],[-86.67348,36.17469]]]}},{"type":"Feature","properties":{"name":"Highland Heights"},"geometry":{"type":"Polygon","coordinates":[[[-86.76716,36.20565],[-86.76709,36.20569],[-86.76595,36.20559],[-86.76485,36.2055],[-86.76347,36.20544],[-86.75852,36.20512],[-86.75755,36.20504],[-86.75466,36.20486],[-86.75389,36.2048],[-86.75356,36.20478],[-86.75244,36.20472],[-86.75126,36.20465],[-86.75112,36.20454],[-86.75199,36.20375],[-86.75212,36.20357],[-86.75204,36.20327],[-86.7516,36.20269],[-86.75131,36.20228],[-86.75127,36.20194],[-86.75146,36.2014],[-86.75152,36.20116],[-86.75163,36.20076],[-86.75181,36.2003],[-86.75193,36.19982],[-86.75197,36.19976],[-86.75221,36.19895],[-86.75225,36.19871],[-86.75237,36.1983],[-86.75245,36.19797],[-86.75254,36.19772],[-86.75271,36.19672],[-86.75276,36.19638],[-86.75278,36.19622],[-86.7528,36.19586],[-86.75288,36.19559],[-86.75287,36.19544],[-86.75285,36.19541],[-86.7535,36.19495],[-86.75422,36.19441],[-86.7544,36.19443],[-86.75513,36.19361],[-86.75722,36.19378],[-86.75867,36.19392],[-86.75991,36.19402],[-86.76034,36.19406],[-86.76064,36.19409],[-86.76109,36.19412],[-86.76141,36.19414],[-86.7617,36.19415],[-86.76197,36.19407],[-86.76228,36.19397],[-86.76254,36.19382],[-86.76263,36.19377],[-86.76276,36.19372],[-86.76295,36.19367],[-86.76345,36.19369],[-86.76507,36.19385],[-86.76734,36.19406],[-86.77075,36.19437],[-86.7715,36.19444],[-86.77134,36.19557],[-86.77152,36.19559],[-86.77141,36.19599],[-86.77129,36.19637],[-86.77023,36.19624],[-86.77007,36.19709],[-86.76993,36.19714],[-86.76985,36.1976],[-86.76912,36.19748],[-86.76904,36.19792],[-86.76887,36.19855],[-86.76794,36.19842],[-86.76784,36.19914],[-86.76837,36.19918],[-86.76825,36.19997],[-86.76817,36.20007],[-86.76785,36.20187],[-86.76755,36.20358],[-86.76726,36.20508],[-86.76716,36.20565]]]}},{"type":"Feature","properties":{"name":"Hillsboro-West End"},"geometry":{"type":"Polygon","coordinates":[[[-86.82511,36.1345],[-86.8243,36.13481],[-86.82379,36.13504],[-86.82365,36.13511],[-86.82356,36.13509],[-86.82338,36.13518],[-86.82313,36.13533],[-86.82302,36.13535],[-86.82278,36.13535],[-86.82246,36.13515],[-86.8223,36.1349],[-86.82221,36.13476],[-86.82187,36.1349],[-86.82173,36.13485],[-86.8215,36.13448],[-86.82107,36.13466],[-86.81974,36.13522],[-86.81978,36.13545],[-86.81932,36.13565],[-86.81945,36.1359],[-86.81964,36.13631],[-86.81961,36.13638],[-86.81959,36.13663],[-86.81979,36.13676],[-86.81997,36.13693],[-86.82017,36.13712],[-86.8202,36.13724],[-86.81986,36.13757],[-86.82038,36.13791],[-86.81988,36.1384],[-86.81974,36.13857],[-86.81945,36.13881],[-86.81894,36.1393],[-86.81875,36.13943],[-86.81876,36.13947],[-86.81875,36.13953],[-86.81776,36.14043],[-86.81681,36.14127],[-86.81554,36.14241],[-86.81464,36.14129],[-86.81391,36.14035],[-86.81341,36.13972],[-86.81327,36.13953],[-86.81307,36.1393],[-86.81297,36.13924],[-86.81265,36.13899],[-86.81231,36.13878],[-86.81199,36.13868],[-86.81165,36.13863],[-86.81098,36.13857],[-86.8081,36.13824],[-86.80781,36.13819],[-86.80532,36.13795],[-86.80496,36.13791],[-86.80286,36.13772],[-86.80243,36.13768],[-86.8009,36.13753],[-86.80063,36.13752],[-86.80012,36.13746],[-86.80011,36.13737],[-86.79883,36.13724],[-86.79878,36.13722],[-86.79876,36.13732],[-86.79824,36.13727],[-86.79827,36.13718],[-86.79808,36.1372],[-86.79702,36.13709],[-86.79684,36.13707],[-86.7964,36.13699],[-86.79601,36.13686],[-86.79597,36.13682],[-86.796,36.13674],[-86.79607,36.13666],[-86.79619,36.13651],[-86.79645,36.13625],[-86.79672,36.13606],[-86.79701,36.13589],[-86.79776,36.13552],[-86.79799,36.13543],[-86.79836,36.13527],[-86.79873,36.13515],[-86.79874,36.13511],[-86.79873,36.1351],[-86.79904,36.135],[-86.79955,36.13506],[-86.79975,36.13508],[-86.79979,36.1348],[-86.80019,36.13467],[-86.8004,36.13469],[-86.80042,36.13455],[-86.80097,36.13461],[-86.80125,36.13464],[-86.80141,36.13328],[-86.80142,36.13313],[-86.80161,36.13135],[-86.80161,36.13127],[-86.80158,36.13121],[-86.80172,36.13092],[-86.80197,36.13049],[-86.80209,36.13034],[-86.80243,36.1297],[-86.80241,36.12969],[-86.80312,36.12847],[-86.80317,36.12837],[-86.8036,36.12761],[-86.80381,36.12743],[-86.80438,36.12678],[-86.80459,36.12654],[-86.80473,36.12638],[-86.80511,36.12595],[-86.80537,36.12566],[-86.80559,36.12544],[-86.80564,36.12542],[-86.80589,36.12544],[-86.80589,36.12528],[-86.8063,36.12481],[-86.80687,36.12485],[-86.80757,36.12271],[-86.8077,36.12237],[-86.80775,36.12225],[-86.80733,36.12213],[-86.8074,36.12193],[-86.80751,36.12168],[-86.8076,36.12155],[-86.80754,36.12154],[-86.8077,36.12125],[-86.80797,36.12086],[-86.8082,36.12064],[-86.80829,36.1205],[-86.80876,36.11988],[-86.80933,36.1191],[-86.81137,36.1193],[-86.81169,36.11934],[-86.81212,36.11939],[-86.81213,36.11924],[-86.81288,36.11932],[-86.81296,36.1188],[-86.8131,36.11877],[-86.8141,36.11892],[-86.81409,36.11901],[-86.81424,36.11902],[-86.81534,36.11914],[-86.8153,36.11941],[-86.81547,36.11945],[-86.81606,36.11951],[-86.81604,36.11963],[-86.81706,36.11974],[-86.81707,36.11961],[-86.81732,36.11965],[-86.81836,36.11975],[-86.81859,36.11975],[-86.81882,36.11978],[-86.82158,36.12007],[-86.82172,36.12011],[-86.82175,36.11984],[-86.82242,36.11991],[-86.82228,36.12073],[-86.82206,36.12072],[-86.82205,36.12096],[-86.81971,36.12327],[-86.81953,36.12339],[-86.81883,36.1242],[-86.81806,36.12509],[-86.8172,36.12599],[-86.81713,36.12664],[-86.81706,36.12731],[-86.81701,36.1273],[-86.81696,36.1279],[-86.81691,36.12819],[-86.8168,36.129],[-86.81705,36.12926],[-86.81744,36.13002],[-86.8177,36.13041],[-86.818,36.13087],[-86.81844,36.13129],[-86.81868,36.13166],[-86.81879,36.13189],[-86.8189,36.13206],[-86.81918,36.13247],[-86.81964,36.13318],[-86.81971,36.13333],[-86.81978,36.13327],[-86.82028,36.13306],[-86.82046,36.13302],[-86.82073,36.13297],[-86.82098,36.13292],[-86.82115,36.1329],[-86.82116,36.13292],[-86.82144,36.13287],[-86.8215,36.13286],[-86.82225,36.13277],[-86.82249,36.13278],[-86.82242,36.1326],[-86.82249,36.13251],[-86.82247,36.13228],[-86.82246,36.13184],[-86.82312,36.13176],[-86.82312,36.1316],[-86.82369,36.13153],[-86.82394,36.13026],[-86.82577,36.13046],[-86.82541,36.13265],[-86.82526,36.13358],[-86.82511,36.1345]]]}},{"type":"Feature","properties":{"name":"Castleman-Hobbs"},"geometry":{"type":"Polygon","coordinates":[[[-86.83055,36.102],[-86.8287,36.10183],[-86.82824,36.10178],[-86.82637,36.10161],[-86.82377,36.10136],[-86.82287,36.10128],[-86.82228,36.10124],[-86.82163,36.10117],[-86.82163,36.10104],[-86.82167,36.10082],[-86.82177,36.10052],[-86.82195,36.10013],[-86.82223,36.09973],[-86.82231,36.09971],[-86.82258,36.09981],[-86.82273,36.09971],[-86.82306,36.099],[-86.82359,36.09918],[-86.82694,36.09949],[-86.82766,36.09969],[-86.82774,36.09896],[-86.82838,36.09913],[-86.82847,36.09841],[-86.82858,36.09738],[-86.82872,36.09592],[-86.82895,36.09354],[-86.82976,36.09365],[-86.82977,36.09359],[-86.83095,36.09371],[-86.83143,36.09376],[-86.83157,36.09399],[-86.83124,36.09631],[-86.83103,36.09778],[-86.83077,36.09988],[-86.83075,36.10004],[-86.83064,36.10107],[-86.83055,36.102]]]}},{"type":"Feature","properties":{"name":"Bluefields"},"geometry":{"type":"Polygon","coordinates":[[[-86.67446,36.16783],[-86.67396,36.16779],[-86.67363,36.16776],[-86.67359,36.1684],[-86.67359,36.16913],[-86.67246,36.16894],[-86.67224,36.1689],[-86.67188,36.1687],[-86.67171,36.16866],[-86.67161,36.16881],[-86.67132,36.16907],[-86.67141,36.16922],[-86.67147,36.16932],[-86.6714,36.16939],[-86.67074,36.1693],[-86.67075,36.16924],[-86.67026,36.16916],[-86.66984,36.16908],[-86.66963,36.169],[-86.66896,36.16888],[-86.66841,36.16834],[-86.66786,36.16779],[-86.6675,36.16743],[-86.667,36.16705],[-86.66675,36.16686],[-86.66664,36.16678],[-86.66608,36.16648],[-86.6659,36.16639],[-86.66585,36.16645],[-86.66547,36.16627],[-86.66501,36.16607],[-86.66461,36.16591],[-86.66488,36.16554],[-86.66422,36.16547],[-86.66434,36.16483],[-86.66438,36.1647],[-86.66453,36.16377],[-86.66465,36.163],[-86.66485,36.16181],[-86.66687,36.16159],[-86.66941,36.16129],[-86.67081,36.16112],[-86.67123,36.16188],[-86.67186,36.16297],[-86.67271,36.16256],[-86.67347,36.16219],[-86.67348,36.16224],[-86.67471,36.16165],[-86.67505,36.16193],[-86.6754,36.16222],[-86.67563,36.16234],[-86.6757,36.16236],[-86.67569,36.16248],[-86.67618,36.16289],[-86.67594,36.16316],[-86.67587,36.16325],[-86.67565,36.16351],[-86.67554,36.16363],[-86.67531,36.16439],[-86.67528,36.16443],[-86.67513,36.16505],[-86.67507,36.16545],[-86.67501,36.16576],[-86.67488,36.1662],[-86.6747,36.1668],[-86.67458,36.16727],[-86.67449,36.16771],[-86.67446,36.16783]]]}},{"type":"Feature","properties":{"name":"Hunters Branch"},"geometry":{"type":"Polygon","coordinates":[[[-86.7129,36.0334],[-86.71281,36.03343],[-86.71241,36.03336],[-86.71182,36.03324],[-86.71148,36.03317],[-86.71124,36.03314],[-86.71044,36.03298],[-86.71051,36.03273],[-86.71073,36.03188],[-86.71007,36.03175],[-86.70983,36.03168],[-86.70933,36.03147],[-86.70863,36.03077],[-86.70841,36.03061],[-86.70793,36.03028],[-86.70744,36.02993],[-86.70764,36.02848],[-86.70916,36.02855],[-86.71064,36.02861],[-86.71142,36.02866],[-86.71247,36.02872],[-86.71245,36.03011],[-86.7125,36.03086],[-86.71258,36.03152],[-86.71273,36.03246],[-86.7129,36.0334]]]}},{"type":"Feature","properties":{"name":"Asheford Crossing"},"geometry":{"type":"Polygon","coordinates":[[[-86.63049,36.04358],[-86.63003,36.04372],[-86.62996,36.04371],[-86.62982,36.04378],[-86.62973,36.04388],[-86.62948,36.04405],[-86.62924,36.04425],[-86.62915,36.04434],[-86.62878,36.04475],[-86.62847,36.04507],[-86.62841,36.04512],[-86.62835,36.04514],[-86.62782,36.0448],[-86.62768,36.04492],[-86.62646,36.04481],[-86.62453,36.04466],[-86.6237,36.04458],[-86.62319,36.04458],[-86.62292,36.04457],[-86.62307,36.0433],[-86.62308,36.04319],[-86.62322,36.04199],[-86.62395,36.03666],[-86.62603,36.03689],[-86.62616,36.03698],[-86.62592,36.03882],[-86.6257,36.04047],[-86.6255,36.04202],[-86.62816,36.04227],[-86.62984,36.04244],[-86.6295,36.04289],[-86.62966,36.04299],[-86.6299,36.04299],[-86.63038,36.04327],[-86.63024,36.04343],[-86.63049,36.04358]]]}},{"type":"Feature","properties":{"name":"Fredericksburg"},"geometry":{"type":"Polygon","coordinates":[[[-86.76832,36.04006],[-86.76828,36.04012],[-86.76822,36.04013],[-86.767,36.04],[-86.76574,36.03987],[-86.76419,36.0397],[-86.76372,36.03964],[-86.76284,36.0396],[-86.7615,36.03959],[-86.75988,36.03964],[-86.75745,36.03966],[-86.75622,36.03967],[-86.75431,36.03969],[-86.7536,36.03976],[-86.75329,36.03982],[-86.75297,36.03991],[-86.75323,36.03735],[-86.75324,36.03726],[-86.75424,36.03734],[-86.75457,36.03738],[-86.75481,36.03574],[-86.75619,36.03657],[-86.75666,36.03672],[-86.75823,36.03721],[-86.76113,36.03633],[-86.7613,36.03529],[-86.76157,36.03359],[-86.76173,36.03258],[-86.76183,36.03196],[-86.76316,36.03211],[-86.76474,36.03226],[-86.76503,36.03229],[-86.76541,36.03237],[-86.7655,36.03234],[-86.76571,36.03236],[-86.7657,36.03242],[-86.76746,36.0326],[-86.76686,36.03665],[-86.76842,36.03674],[-86.7685,36.03675],[-86.76846,36.03736],[-86.76846,36.03761],[-86.7684,36.03834],[-86.76836,36.03842],[-86.76836,36.03928],[-86.76834,36.03959],[-86.76832,36.04006]]]}},{"type":"Feature","properties":{"name":"Sadler Village"},"geometry":{"type":"Polygon","coordinates":[[[-86.74714,36.12971],[-86.7466,36.12957],[-86.74644,36.12952],[-86.74641,36.12957],[-86.74596,36.12927],[-86.74599,36.12919],[-86.74548,36.12884],[-86.74533,36.12875],[-86.74488,36.12843],[-86.74463,36.12745],[-86.745,36.12645],[-86.74501,36.12641],[-86.74498,36.12641],[-86.74526,36.12566],[-86.74531,36.12563],[-86.74645,36.12567],[-86.74674,36.12569],[-86.74732,36.12571],[-86.74812,36.12575],[-86.74851,36.12576],[-86.74822,36.12621],[-86.74821,36.12623],[-86.74793,36.12616],[-86.74774,36.12611],[-86.74743,36.12694],[-86.74717,36.12709],[-86.74753,36.1272],[-86.74806,36.12734],[-86.74775,36.12813],[-86.74714,36.12971]]]}},{"type":"Feature","properties":{"name":"Traceside"},"geometry":{"type":"Polygon","coordinates":[[[-86.96659,36.03328],[-86.96643,36.0342],[-86.96491,36.03556],[-86.96556,36.03621],[-86.96526,36.0364],[-86.96563,36.03676],[-86.96505,36.03733],[-86.96474,36.03762],[-86.96469,36.03759],[-86.96445,36.03781],[-86.96424,36.03802],[-86.96364,36.03862],[-86.9637,36.03862],[-86.96259,36.0397],[-86.96214,36.0401],[-86.96171,36.04052],[-86.95983,36.03958],[-86.96023,36.03915],[-86.95748,36.03888],[-86.95549,36.03869],[-86.95386,36.03853],[-86.9533,36.03848],[-86.9527,36.03843],[-86.9528,36.03774],[-86.95314,36.03752],[-86.954,36.037],[-86.95476,36.03653],[-86.95623,36.0356],[-86.95847,36.03422],[-86.96004,36.03321],[-86.96162,36.03227],[-86.96293,36.03143],[-86.96587,36.03174],[-86.96682,36.03184],[-86.96659,36.03328]]]}},{"type":"Feature","properties":{"name":"McCrory Heights"},"geometry":{"type":"Polygon","coordinates":[[[-86.97341,36.03936],[-86.97362,36.03976],[-86.97376,36.03995],[-86.97389,36.0401],[-86.9735,36.04009],[-86.97279,36.04133],[-86.97238,36.0413],[-86.97235,36.04158],[-86.96963,36.04133],[-86.96944,36.04131],[-86.96953,36.04036],[-86.96964,36.04036],[-86.9697,36.03968],[-86.9697,36.03963],[-86.96984,36.03931],[-86.97155,36.03947],[-86.97303,36.03961],[-86.97312,36.03906],[-86.97324,36.03844],[-86.97325,36.03872],[-86.97331,36.03907],[-86.97341,36.03936]]]}},{"type":"Feature","properties":{"name":"McCrory Trace"},"geometry":{"type":"Polygon","coordinates":[[[-86.98031,36.04439],[-86.98032,36.04536],[-86.97946,36.04538],[-86.97917,36.04536],[-86.9778,36.04523],[-86.97769,36.04615],[-86.97445,36.04586],[-86.97461,36.04488],[-86.97485,36.04294],[-86.97509,36.04172],[-86.9752,36.04099],[-86.97649,36.04167],[-86.97755,36.04238],[-86.97886,36.04337],[-86.98031,36.04439]]]}},{"type":"Feature","properties":{"name":"Rolling River Estates"},"geometry":{"type":"Polygon","coordinates":[[[-86.97075,36.06252],[-86.96966,36.06249],[-86.96963,36.0634],[-86.96959,36.06445],[-86.96855,36.06441],[-86.96807,36.06442],[-86.96776,36.06443],[-86.9675,36.06446],[-86.96719,36.06453],[-86.96683,36.0646],[-86.96669,36.06466],[-86.96657,36.06474],[-86.96645,36.06489],[-86.96639,36.06506],[-86.96629,36.06531],[-86.96596,36.06581],[-86.96575,36.06609],[-86.96564,36.06625],[-86.96551,36.06648],[-86.96543,36.06675],[-86.96536,36.06697],[-86.96523,36.06734],[-86.96518,36.06746],[-86.96422,36.06734],[-86.96208,36.06712],[-86.96047,36.06697],[-86.96053,36.06648],[-86.96063,36.06635],[-86.96067,36.06597],[-86.96101,36.06599],[-86.96148,36.0652],[-86.96157,36.06509],[-86.96225,36.06392],[-86.96231,36.06382],[-86.96246,36.06268],[-86.96237,36.06267],[-86.96259,36.06119],[-86.96283,36.05956],[-86.96323,36.05959],[-86.96362,36.05654],[-86.96442,36.05668],[-86.96486,36.05674],[-86.96537,36.05672],[-86.96581,36.05669],[-86.96619,36.05663],[-86.96621,36.05658],[-86.96669,36.0565],[-86.96707,36.05644],[-86.96742,36.05643],[-86.96743,36.05646],[-86.96789,36.05646],[-86.96831,36.05648],[-86.96888,36.05654],[-86.96915,36.05656],[-86.96946,36.05656],[-86.96978,36.05661],[-86.97017,36.05669],[-86.97045,36.05679],[-86.97051,36.05679],[-86.97058,36.05683],[-86.97085,36.05692],[-86.97113,36.057],[-86.97082,36.05941],[-86.97068,36.06045],[-86.97071,36.06065],[-86.97078,36.06076],[-86.9709,36.06086],[-86.97074,36.06104],[-86.97074,36.06145],[-86.97075,36.06252]]]}},{"type":"Feature","properties":{"name":"Belle Meade Highlands"},"geometry":{"type":"Polygon","coordinates":[[[-86.86794,36.09542],[-86.86791,36.09523],[-86.86764,36.09524],[-86.86666,36.09517],[-86.86648,36.09516],[-86.86604,36.09513],[-86.86576,36.09488],[-86.86598,36.09453],[-86.8662,36.09419],[-86.8664,36.09386],[-86.86659,36.09349],[-86.86671,36.09323],[-86.86681,36.0929],[-86.86687,36.09242],[-86.86694,36.09149],[-86.86701,36.09066],[-86.86714,36.08918],[-86.86721,36.08835],[-86.8673,36.08734],[-86.86735,36.08671],[-86.8674,36.08614],[-86.86745,36.08589],[-86.86749,36.08572],[-86.86765,36.08548],[-86.86782,36.08523],[-86.86848,36.08562],[-86.86866,36.08583],[-86.86865,36.08593],[-86.86888,36.08589],[-86.86936,36.0859],[-86.87015,36.08594],[-86.87106,36.08599],[-86.87155,36.08602],[-86.87188,36.08602],[-86.87215,36.08602],[-86.87239,36.08604],[-86.87277,36.0861],[-86.87312,36.08613],[-86.87321,36.08774],[-86.87371,36.08795],[-86.87422,36.08823],[-86.87423,36.09002],[-86.8751,36.09032],[-86.87484,36.09082],[-86.87661,36.09142],[-86.87761,36.09176],[-86.87796,36.09189],[-86.87837,36.09207],[-86.87794,36.0926],[-86.87718,36.09357],[-86.87601,36.09507],[-86.87492,36.09645],[-86.87484,36.09655],[-86.87465,36.0968],[-86.87465,36.0968],[-86.87428,36.09727],[-86.87397,36.09767],[-86.87392,36.09774],[-86.87391,36.09774],[-86.87368,36.09804],[-86.87363,36.0981],[-86.8731,36.09876],[-86.87302,36.09888],[-86.87265,36.09936],[-86.87265,36.09937],[-86.87255,36.09949],[-86.87239,36.09973],[-86.87224,36.09994],[-86.87206,36.10018],[-86.87199,36.10028],[-86.8719,36.10041],[-86.87189,36.10043],[-86.87181,36.10054],[-86.87123,36.10036],[-86.87089,36.10022],[-86.8708,36.10019],[-86.87056,36.10009],[-86.87056,36.10009],[-86.87045,36.10005],[-86.87045,36.10005],[-86.87044,36.10005],[-86.87042,36.10004],[-86.87042,36.10004],[-86.87042,36.10004],[-86.8704,36.10003],[-86.87039,36.10003],[-86.87038,36.10002],[-86.87038,36.10002],[-86.87037,36.10002],[-86.87035,36.10001],[-86.87034,36.10001],[-86.87033,36.1],[-86.87033,36.1],[-86.87031,36.09999],[-86.8703,36.09999],[-86.8703,36.09999],[-86.8703,36.09999],[-86.87029,36.09999],[-86.87028,36.09998],[-86.87015,36.09989],[-86.87016,36.09989],[-86.87005,36.09983],[-86.86992,36.09973],[-86.86973,36.09956],[-86.8696,36.09941],[-86.86945,36.09919],[-86.86931,36.0989],[-86.86926,36.09877],[-86.86904,36.0982],[-86.86876,36.09752],[-86.8684,36.09661],[-86.86811,36.09588],[-86.86794,36.09542]]]}},{"type":"Feature","properties":{"name":"Bellevue Manor/1776 Estates"},"geometry":{"type":"Polygon","coordinates":[[[-86.96068,36.0883],[-86.95933,36.08871],[-86.95844,36.08984],[-86.95798,36.08916],[-86.95727,36.08948],[-86.95728,36.08962],[-86.95781,36.0902],[-86.95711,36.09059],[-86.95629,36.09001],[-86.95507,36.08914],[-86.95438,36.08864],[-86.95416,36.08846],[-86.9529,36.08831],[-86.95287,36.08835],[-86.95209,36.08844],[-86.95193,36.08866],[-86.95176,36.08882],[-86.95153,36.08898],[-86.9513,36.0891],[-86.95124,36.08913],[-86.95161,36.08975],[-86.95197,36.08994],[-86.95125,36.09071],[-86.95152,36.09098],[-86.95069,36.09139],[-86.95056,36.09116],[-86.94982,36.09111],[-86.94936,36.09103],[-86.94915,36.09076],[-86.94905,36.09078],[-86.94894,36.09073],[-86.94841,36.09091],[-86.94913,36.09212],[-86.94882,36.09233],[-86.94763,36.09272],[-86.94731,36.09207],[-86.94663,36.09073],[-86.94604,36.08955],[-86.94553,36.08855],[-86.94496,36.08741],[-86.94576,36.08701],[-86.94615,36.08685],[-86.94652,36.08666],[-86.94708,36.08639],[-86.94787,36.08602],[-86.94827,36.08584],[-86.94914,36.08542],[-86.95007,36.08498],[-86.95041,36.08481],[-86.95144,36.08433],[-86.95151,36.08433],[-86.95226,36.08397],[-86.95288,36.08368],[-86.95399,36.08313],[-86.95384,36.08381],[-86.95436,36.08378],[-86.95565,36.08366],[-86.95698,36.08375],[-86.9582,36.08383],[-86.9589,36.08389],[-86.95941,36.08553],[-86.95979,36.08675],[-86.96023,36.08741],[-86.9605,36.08799],[-86.96068,36.0883]]]}},{"type":"Feature","properties":{"name":"Hooten Hows"},"geometry":{"type":"Polygon","coordinates":[[[-86.97329,36.07757],[-86.97166,36.07832],[-86.96932,36.07941],[-86.96734,36.08032],[-86.96663,36.08067],[-86.96592,36.07989],[-86.96575,36.07972],[-86.96554,36.07957],[-86.96536,36.07949],[-86.96518,36.07942],[-86.96488,36.07935],[-86.96464,36.07932],[-86.96444,36.07932],[-86.9642,36.07935],[-86.96422,36.07926],[-86.96385,36.07894],[-86.96448,36.07788],[-86.96495,36.07765],[-86.96493,36.07764],[-86.96506,36.07757],[-86.96765,36.07634],[-86.96988,36.07528],[-86.97029,36.0751],[-86.97079,36.07491],[-86.97118,36.07479],[-86.97175,36.07464],[-86.9722,36.07455],[-86.97292,36.07444],[-86.97357,36.0744],[-86.97353,36.07561],[-86.9735,36.0757],[-86.97351,36.07619],[-86.97329,36.07757]]]}},{"type":"Feature","properties":{"name":"River Plantation"},"geometry":{"type":"Polygon","coordinates":[[[-86.9455,36.07601],[-86.94551,36.07598],[-86.94552,36.07596],[-86.94553,36.07593],[-86.94554,36.07591],[-86.94555,36.07588],[-86.94556,36.07585],[-86.94557,36.07583],[-86.94558,36.0758],[-86.94559,36.07577],[-86.9456,36.07575],[-86.94561,36.07572],[-86.94562,36.07569],[-86.94563,36.07567],[-86.94564,36.07564],[-86.94565,36.07561],[-86.94566,36.07559],[-86.94567,36.07556],[-86.94568,36.07553],[-86.94569,36.07551],[-86.9457,36.07548],[-86.94571,36.07545],[-86.94571,36.07542],[-86.94572,36.0754],[-86.94573,36.07537],[-86.94574,36.07534],[-86.94575,36.07532],[-86.94576,36.07529],[-86.94576,36.07526],[-86.94577,36.07524],[-86.94578,36.07521],[-86.94579,36.07518],[-86.94579,36.07515],[-86.94579,36.07515],[-86.9458,36.07513],[-86.94581,36.0751],[-86.94581,36.07509],[-86.94581,36.07507],[-86.94582,36.07504],[-86.94583,36.07502],[-86.94583,36.07499],[-86.94584,36.07496],[-86.94585,36.07494],[-86.94585,36.07491],[-86.94586,36.07488],[-86.94586,36.07485],[-86.94587,36.07483],[-86.94587,36.0748],[-86.94588,36.07477],[-86.94588,36.07474],[-86.94589,36.07472],[-86.94589,36.07469],[-86.9459,36.07466],[-86.9459,36.07463],[-86.94591,36.0746],[-86.94591,36.07458],[-86.94592,36.07455],[-86.94592,36.07452],[-86.94592,36.07449],[-86.94593,36.07447],[-86.94608,36.0735],[-86.94613,36.07317],[-86.94613,36.07314],[-86.94614,36.07311],[-86.94614,36.07307],[-86.94614,36.07304],[-86.94615,36.07301],[-86.94615,36.07297],[-86.94616,36.07294],[-86.94616,36.07291],[-86.94617,36.07287],[-86.94617,36.07284],[-86.94618,36.0728],[-86.94619,36.07277],[-86.94619,36.07274],[-86.9462,36.0727],[-86.94621,36.07267],[-86.94621,36.07264],[-86.94622,36.0726],[-86.94623,36.07257],[-86.94624,36.07254],[-86.94625,36.0725],[-86.94626,36.07247],[-86.94626,36.07244],[-86.94627,36.07241],[-86.94628,36.0724],[-86.94628,36.07237],[-86.94629,36.07234],[-86.94631,36.07231],[-86.94632,36.07227],[-86.94633,36.07224],[-86.94634,36.07221],[-86.94635,36.07218],[-86.94636,36.07214],[-86.94637,36.07211],[-86.94639,36.07208],[-86.9464,36.07205],[-86.94641,36.07202],[-86.94643,36.07198],[-86.94644,36.07195],[-86.94645,36.07192],[-86.94647,36.07189],[-86.94648,36.07186],[-86.9465,36.07182],[-86.94651,36.07179],[-86.94653,36.07176],[-86.94654,36.07173],[-86.94656,36.0717],[-86.94658,36.07167],[-86.94659,36.07164],[-86.94659,36.07164],[-86.94661,36.07161],[-86.94663,36.07157],[-86.94665,36.07154],[-86.94666,36.07151],[-86.94668,36.07148],[-86.9467,36.07145],[-86.94672,36.07142],[-86.94674,36.07139],[-86.94676,36.07136],[-86.94677,36.07133],[-86.94679,36.0713],[-86.94683,36.07124],[-86.94702,36.07097],[-86.94704,36.07095],[-86.94706,36.07092],[-86.94707,36.0709],[-86.94709,36.07087],[-86.94711,36.07085],[-86.94713,36.07083],[-86.94715,36.0708],[-86.94717,36.07078],[-86.94719,36.07076],[-86.9472,36.07073],[-86.94722,36.07071],[-86.94724,36.07069],[-86.94726,36.07066],[-86.94728,36.07064],[-86.9473,36.07062],[-86.94732,36.07059],[-86.94734,36.07057],[-86.94736,36.07055],[-86.94739,36.07053],[-86.94741,36.0705],[-86.94743,36.07048],[-86.94745,36.07046],[-86.94747,36.07044],[-86.94749,36.07042],[-86.94751,36.07039],[-86.94754,36.07037],[-86.94795,36.06996],[-86.94745,36.06964],[-86.94605,36.06874],[-86.946,36.06871],[-86.94612,36.0686],[-86.94578,36.06839],[-86.94504,36.06789],[-86.94456,36.06757],[-86.94459,36.06754],[-86.94378,36.06702],[-86.94248,36.06619],[-86.94168,36.06568],[-86.94107,36.06528],[-86.9405,36.06493],[-86.93977,36.06451],[-86.94046,36.06406],[-86.94114,36.06362],[-86.94185,36.06316],[-86.94229,36.06287],[-86.94257,36.06262],[-86.9427,36.06247],[-86.943,36.06232],[-86.94315,36.06206],[-86.94359,36.06125],[-86.94381,36.06085],[-86.94377,36.06083],[-86.94399,36.06045],[-86.94443,36.06062],[-86.94467,36.0607],[-86.94492,36.06038],[-86.94548,36.06066],[-86.94545,36.06055],[-86.94553,36.0601],[-86.94565,36.06016],[-86.94588,36.0602],[-86.94607,36.06023],[-86.94623,36.06031],[-86.94643,36.06037],[-86.94666,36.06042],[-86.94684,36.06051],[-86.94697,36.06061],[-86.94724,36.06079],[-86.94753,36.06094],[-86.94763,36.06101],[-86.94769,36.0611],[-86.94773,36.06118],[-86.94781,36.06127],[-86.94802,36.06138],[-86.94818,36.0615],[-86.94826,36.0616],[-86.94833,36.0617],[-86.94843,36.06178],[-86.94855,36.06184],[-86.94868,36.06195],[-86.94881,36.06216],[-86.94892,36.06225],[-86.94914,36.06232],[-86.94944,36.06245],[-86.94953,36.06249],[-86.94969,36.06254],[-86.95005,36.06261],[-86.95033,36.06263],[-86.95082,36.06265],[-86.95099,36.06264],[-86.95123,36.0626],[-86.9514,36.06255],[-86.95162,36.06254],[-86.95197,36.06259],[-86.95229,36.0626],[-86.95244,36.06262],[-86.95256,36.06269],[-86.95272,36.06284],[-86.95296,36.06302],[-86.95307,36.06312],[-86.95327,36.06335],[-86.95342,36.06364],[-86.9535,36.06391],[-86.95366,36.06439],[-86.95384,36.06481],[-86.95399,36.06512],[-86.95406,36.06529],[-86.95413,36.06538],[-86.95438,36.0658],[-86.95443,36.06596],[-86.95445,36.06607],[-86.95445,36.06624],[-86.95441,36.06652],[-86.95432,36.06718],[-86.95424,36.06771],[-86.9542,36.06791],[-86.95417,36.06818],[-86.95415,36.0687],[-86.95416,36.06922],[-86.95416,36.06955],[-86.95413,36.06979],[-86.95415,36.0705],[-86.95417,36.07066],[-86.95417,36.07086],[-86.95415,36.07149],[-86.95416,36.0719],[-86.9541,36.07218],[-86.95406,36.07246],[-86.95412,36.07265],[-86.95341,36.07251],[-86.95278,36.07237],[-86.95355,36.07336],[-86.95401,36.07396],[-86.95364,36.07416],[-86.95293,36.07452],[-86.95277,36.07469],[-86.95261,36.07483],[-86.95241,36.07495],[-86.95233,36.075],[-86.95226,36.07501],[-86.95196,36.07496],[-86.95171,36.07474],[-86.95169,36.07485],[-86.95162,36.07491],[-86.95153,36.07494],[-86.95142,36.07492],[-86.95133,36.07484],[-86.95131,36.07474],[-86.95134,36.07464],[-86.95101,36.07478],[-86.95039,36.07532],[-86.9501,36.07556],[-86.94951,36.07586],[-86.94951,36.07596],[-86.9495,36.07605],[-86.9489,36.07601],[-86.94824,36.07607],[-86.94778,36.07611],[-86.94741,36.07616],[-86.94675,36.07629],[-86.94616,36.07645],[-86.94575,36.07632],[-86.9455,36.07601]]]}},{"type":"Feature","properties":{"name":"Cross Timbers"},"geometry":{"type":"Polygon","coordinates":[[[-86.94341,36.08487],[-86.94317,36.08501],[-86.94298,36.08507],[-86.94272,36.08513],[-86.94255,36.08514],[-86.94215,36.08511],[-86.94136,36.08504],[-86.94041,36.08495],[-86.93963,36.08488],[-86.93957,36.08486],[-86.93955,36.08482],[-86.93953,36.08468],[-86.93946,36.0845],[-86.93938,36.08436],[-86.93927,36.08422],[-86.93912,36.08403],[-86.93853,36.08334],[-86.93815,36.08287],[-86.93764,36.08231],[-86.93719,36.0818],[-86.93697,36.08154],[-86.93648,36.08098],[-86.93622,36.08068],[-86.93607,36.08045],[-86.93589,36.08052],[-86.93545,36.08068],[-86.93451,36.0804],[-86.93503,36.07988],[-86.93519,36.07946],[-86.93489,36.07894],[-86.93504,36.07861],[-86.93483,36.07813],[-86.9347,36.07787],[-86.93464,36.07755],[-86.9347,36.07754],[-86.93471,36.07722],[-86.93465,36.0772],[-86.93471,36.0771],[-86.93469,36.07611],[-86.93423,36.07563],[-86.93392,36.07561],[-86.93325,36.07586],[-86.93309,36.07623],[-86.93286,36.07623],[-86.93248,36.07601],[-86.93217,36.07611],[-86.93189,36.07593],[-86.93183,36.07465],[-86.93152,36.07466],[-86.93146,36.07395],[-86.93207,36.07393],[-86.93317,36.07392],[-86.93354,36.07393],[-86.93349,36.0745],[-86.93314,36.07447],[-86.93343,36.07514],[-86.93349,36.07526],[-86.93366,36.07522],[-86.93395,36.07518],[-86.93454,36.07516],[-86.93495,36.07515],[-86.935,36.07519],[-86.93502,36.07529],[-86.93507,36.07548],[-86.93517,36.07572],[-86.93531,36.07601],[-86.93554,36.07598],[-86.93563,36.07594],[-86.93601,36.07586],[-86.93632,36.07582],[-86.93646,36.07581],[-86.93668,36.07582],[-86.93694,36.07584],[-86.93719,36.07588],[-86.93724,36.07575],[-86.93737,36.07534],[-86.93699,36.07523],[-86.93721,36.07472],[-86.93849,36.07509],[-86.94028,36.07561],[-86.94158,36.07599],[-86.94235,36.07621],[-86.94279,36.07634],[-86.94347,36.07653],[-86.94336,36.07719],[-86.94313,36.07857],[-86.94306,36.07904],[-86.94294,36.07978],[-86.94202,36.08106],[-86.94415,36.08123],[-86.94407,36.08189],[-86.94405,36.08202],[-86.94401,36.08261],[-86.94393,36.08328],[-86.94388,36.08383],[-86.94384,36.08419],[-86.94382,36.08429],[-86.94376,36.08442],[-86.94365,36.0846],[-86.94341,36.08487]]]}},{"type":"Feature","properties":{"name":"Walnut Hill"},"geometry":{"type":"Polygon","coordinates":[[[-86.93519,36.07946],[-86.93498,36.07994],[-86.93451,36.0804],[-86.93448,36.08064],[-86.93425,36.08233],[-86.93408,36.08351],[-86.93389,36.08333],[-86.9337,36.08312],[-86.93351,36.08288],[-86.93334,36.08266],[-86.93322,36.08245],[-86.93315,36.08226],[-86.93312,36.082],[-86.93312,36.08154],[-86.93311,36.08133],[-86.93293,36.08132],[-86.93289,36.08123],[-86.93257,36.08089],[-86.93244,36.08076],[-86.93235,36.08063],[-86.93222,36.0804],[-86.93212,36.08034],[-86.93199,36.08024],[-86.93165,36.08011],[-86.9306,36.08014],[-86.93012,36.0801],[-86.92984,36.07993],[-86.92958,36.07977],[-86.92984,36.07722],[-86.92994,36.07622],[-86.93088,36.07619],[-86.93098,36.07619],[-86.93098,36.07595],[-86.93189,36.07593],[-86.93217,36.07611],[-86.93248,36.07601],[-86.93286,36.07623],[-86.93309,36.07623],[-86.93325,36.07586],[-86.93392,36.07561],[-86.93423,36.07563],[-86.93469,36.07611],[-86.93471,36.0771],[-86.93465,36.0772],[-86.93471,36.07722],[-86.9347,36.07754],[-86.93464,36.07755],[-86.9347,36.07787],[-86.93483,36.07813],[-86.93488,36.07826],[-86.93504,36.07861],[-86.93489,36.07894],[-86.93519,36.07946]]]}},{"type":"Feature","properties":{"name":"Birkdale Place"},"geometry":{"type":"Polygon","coordinates":[[[-86.94056,36.06894],[-86.94054,36.06907],[-86.94045,36.06979],[-86.94036,36.07046],[-86.93979,36.0704],[-86.93939,36.07035],[-86.9395,36.06962],[-86.93962,36.06893],[-86.93996,36.06893],[-86.94022,36.06892],[-86.94056,36.06894]]]}},{"type":"Feature","properties":{"name":"Sylvan Heights"},"geometry":{"type":"Polygon","coordinates":[[[-86.83539,36.15231],[-86.83469,36.15234],[-86.83394,36.15236],[-86.83317,36.15239],[-86.83257,36.15241],[-86.83206,36.15243],[-86.83138,36.15245],[-86.83088,36.15247],[-86.83003,36.15254],[-86.82918,36.15259],[-86.82829,36.15261],[-86.82808,36.15262],[-86.82741,36.15263],[-86.82658,36.15265],[-86.82606,36.15267],[-86.82522,36.15269],[-86.82458,36.1527],[-86.82365,36.15271],[-86.82345,36.15276],[-86.82315,36.15279],[-86.82318,36.15245],[-86.82311,36.1524],[-86.82303,36.15221],[-86.8231,36.15158],[-86.82333,36.1495],[-86.82339,36.149],[-86.82298,36.14896],[-86.82286,36.14815],[-86.82351,36.14732],[-86.82415,36.14651],[-86.8247,36.14583],[-86.82505,36.14537],[-86.82515,36.14544],[-86.82532,36.14505],[-86.82572,36.14484],[-86.82612,36.14468],[-86.82661,36.14454],[-86.82705,36.14446],[-86.82767,36.14441],[-86.82838,36.14443],[-86.82896,36.14448],[-86.82912,36.14453],[-86.82947,36.14456],[-86.8296,36.14457],[-86.82959,36.14461],[-86.83029,36.14468],[-86.83081,36.14474],[-86.83084,36.14467],[-86.8312,36.14471],[-86.83264,36.14482],[-86.83302,36.14485],[-86.8333,36.14489],[-86.83377,36.14505],[-86.83412,36.14523],[-86.83443,36.14548],[-86.83462,36.14569],[-86.83476,36.14588],[-86.83491,36.14622],[-86.83495,36.1464],[-86.83482,36.1464],[-86.83484,36.14659],[-86.83486,36.14679],[-86.83488,36.14818],[-86.83484,36.14832],[-86.83483,36.14873],[-86.83486,36.14879],[-86.83488,36.14921],[-86.83501,36.14934],[-86.83501,36.14981],[-86.835,36.15014],[-86.835,36.15084],[-86.83503,36.15127],[-86.83508,36.1515],[-86.83515,36.15174],[-86.83525,36.15202],[-86.83539,36.15231]]]}},{"type":"Feature","properties":{"name":"Hadley Park"},"geometry":{"type":"Polygon","coordinates":[[[-86.82781,36.16296],[-86.82674,36.16313],[-86.82594,36.16326],[-86.8245,36.16347],[-86.82278,36.16373],[-86.82169,36.16389],[-86.82051,36.16408],[-86.81995,36.16417],[-86.81981,36.16358],[-86.81987,36.16348],[-86.82027,36.16342],[-86.82035,36.1634],[-86.82027,36.16305],[-86.82042,36.16281],[-86.82062,36.16238],[-86.82075,36.16222],[-86.82076,36.16208],[-86.82091,36.16176],[-86.82116,36.16137],[-86.82129,36.16118],[-86.82141,36.161],[-86.82153,36.16085],[-86.82168,36.1606],[-86.82181,36.16039],[-86.82178,36.16037],[-86.8219,36.16021],[-86.82195,36.16007],[-86.82216,36.15984],[-86.82227,36.15956],[-86.82228,36.15944],[-86.82243,36.15916],[-86.82262,36.15918],[-86.82278,36.15919],[-86.82335,36.15925],[-86.82385,36.15929],[-86.82403,36.15931],[-86.82419,36.15933],[-86.82448,36.15924],[-86.8249,36.15915],[-86.82498,36.15919],[-86.82506,36.15953],[-86.82524,36.15948],[-86.82572,36.15936],[-86.82589,36.1601],[-86.82606,36.16082],[-86.82628,36.16179],[-86.82684,36.1617],[-86.82749,36.1616],[-86.82769,36.16242],[-86.82781,36.16296]]]}},{"type":"Feature","properties":{"name":"Hope Gardens"},"geometry":{"type":"Polygon","coordinates":[[[-86.79541,36.16765],[-86.79657,36.16936],[-86.79683,36.16943],[-86.79762,36.17062],[-86.7977,36.17079],[-86.79817,36.17149],[-86.79773,36.17161],[-86.79766,36.17165],[-86.79695,36.17182],[-86.79586,36.17208],[-86.79468,36.17236],[-86.79341,36.17268],[-86.79249,36.17292],[-86.79157,36.17315],[-86.79153,36.17313],[-86.79122,36.17262],[-86.79094,36.17214],[-86.79055,36.1716],[-86.79043,36.17138],[-86.79007,36.17087],[-86.78958,36.17012],[-86.79023,36.16984],[-86.79036,36.16984],[-86.79238,36.16894],[-86.79334,36.16853],[-86.79541,36.16765]]]}},{"type":"Feature","properties":{"name":"Germantown"},"geometry":{"type":"Polygon","coordinates":[[[-86.78312,36.18338],[-86.7831,36.18331],[-86.7831,36.18331],[-86.7831,36.1833],[-86.7831,36.1833],[-86.7831,36.18329],[-86.7831,36.18329],[-86.7831,36.18328],[-86.7831,36.18328],[-86.7831,36.18327],[-86.78311,36.18327],[-86.78311,36.18326],[-86.78311,36.18326],[-86.78311,36.18325],[-86.78311,36.18323],[-86.78311,36.18322],[-86.78311,36.18321],[-86.7831,36.18319],[-86.7831,36.18318],[-86.78309,36.18317],[-86.78309,36.18316],[-86.78308,36.18314],[-86.78307,36.18313],[-86.78306,36.18312],[-86.78305,36.1831],[-86.78304,36.18308],[-86.78303,36.18307],[-86.78302,36.18305],[-86.78301,36.18304],[-86.78301,36.18302],[-86.783,36.183],[-86.78299,36.18299],[-86.78298,36.18297],[-86.78296,36.18295],[-86.78295,36.18292],[-86.78293,36.18289],[-86.78292,36.18287],[-86.7829,36.18284],[-86.7829,36.18283],[-86.78289,36.18281],[-86.78288,36.18278],[-86.78287,36.18275],[-86.78287,36.18273],[-86.78286,36.1827],[-86.78286,36.18267],[-86.78285,36.18264],[-86.78285,36.18261],[-86.78285,36.18258],[-86.78286,36.18255],[-86.78286,36.18252],[-86.78286,36.18249],[-86.78285,36.18246],[-86.78285,36.18244],[-86.78285,36.18241],[-86.78284,36.18238],[-86.78284,36.18235],[-86.78283,36.18232],[-86.78282,36.18229],[-86.7828,36.1822],[-86.78279,36.18218],[-86.78278,36.18215],[-86.78278,36.18212],[-86.78277,36.18209],[-86.78277,36.18206],[-86.78276,36.18203],[-86.78276,36.18201],[-86.78275,36.18198],[-86.78275,36.18195],[-86.78274,36.18193],[-86.78274,36.18192],[-86.78274,36.18189],[-86.78273,36.18186],[-86.78273,36.18183],[-86.78273,36.18181],[-86.78273,36.18179],[-86.78273,36.18178],[-86.78273,36.18177],[-86.78273,36.18175],[-86.78273,36.18174],[-86.78273,36.18173],[-86.78273,36.18171],[-86.78273,36.1817],[-86.78273,36.18169],[-86.78272,36.18167],[-86.78272,36.18167],[-86.78272,36.18167],[-86.78272,36.18166],[-86.78272,36.18166],[-86.78272,36.18166],[-86.78272,36.18166],[-86.78272,36.18165],[-86.78272,36.18165],[-86.78272,36.18165],[-86.78271,36.18164],[-86.78271,36.18155],[-86.7827,36.18143],[-86.78269,36.18133],[-86.78269,36.18128],[-86.78268,36.18118],[-86.78267,36.18114],[-86.78267,36.18113],[-86.78267,36.18112],[-86.78267,36.18111],[-86.78267,36.1811],[-86.78267,36.18109],[-86.78267,36.18107],[-86.78267,36.18105],[-86.78267,36.18103],[-86.78267,36.18101],[-86.78266,36.18099],[-86.78266,36.18097],[-86.78266,36.18095],[-86.78265,36.18093],[-86.78265,36.18091],[-86.78264,36.18089],[-86.78263,36.18078],[-86.78263,36.18075],[-86.78263,36.18075],[-86.78263,36.18074],[-86.78263,36.18074],[-86.78263,36.18074],[-86.78263,36.18073],[-86.78263,36.18073],[-86.78263,36.18072],[-86.78263,36.18072],[-86.78263,36.18071],[-86.78263,36.18071],[-86.78262,36.18071],[-86.78262,36.1807],[-86.78262,36.1807],[-86.78262,36.1807],[-86.78262,36.18069],[-86.78262,36.18069],[-86.78262,36.18069],[-86.78262,36.18068],[-86.78262,36.18068],[-86.78262,36.18068],[-86.78262,36.18068],[-86.78261,36.18067],[-86.78261,36.18066],[-86.78261,36.18065],[-86.78261,36.18064],[-86.78261,36.18063],[-86.78261,36.18062],[-86.78261,36.18061],[-86.78261,36.1806],[-86.78262,36.18059],[-86.78262,36.18058],[-86.78262,36.18058],[-86.78262,36.18057],[-86.78262,36.18056],[-86.78262,36.18056],[-86.78262,36.18055],[-86.78262,36.18055],[-86.78262,36.18054],[-86.78262,36.18053],[-86.78262,36.18053],[-86.78262,36.18052],[-86.78262,36.18052],[-86.78262,36.18051],[-86.78262,36.18051],[-86.78262,36.1805],[-86.78262,36.1805],[-86.78262,36.18049],[-86.78262,36.18048],[-86.78262,36.18048],[-86.78262,36.18047],[-86.78262,36.18047],[-86.78262,36.18046],[-86.78262,36.18046],[-86.78262,36.18045],[-86.78262,36.18045],[-86.78262,36.18044],[-86.78262,36.18044],[-86.78262,36.18043],[-86.78262,36.18043],[-86.78262,36.18042],[-86.78262,36.18042],[-86.78262,36.18038],[-86.78261,36.18034],[-86.78261,36.18033],[-86.78261,36.18033],[-86.78261,36.18033],[-86.78261,36.18032],[-86.78261,36.18032],[-86.78261,36.18032],[-86.78261,36.18031],[-86.78261,36.18031],[-86.78261,36.1803],[-86.78261,36.1803],[-86.78261,36.18029],[-86.78261,36.18029],[-86.78261,36.18028],[-86.78261,36.18028],[-86.78261,36.18027],[-86.78261,36.18027],[-86.78261,36.18027],[-86.78261,36.18026],[-86.78261,36.18026],[-86.78261,36.18025],[-86.7826,36.18025],[-86.7826,36.18024],[-86.7826,36.18024],[-86.7826,36.18024],[-86.7826,36.18023],[-86.7826,36.18023],[-86.7826,36.18022],[-86.7826,36.18022],[-86.7826,36.18021],[-86.7826,36.18021],[-86.7826,36.1802],[-86.7826,36.1802],[-86.7826,36.18019],[-86.7826,36.18019],[-86.7826,36.18018],[-86.7826,36.18018],[-86.7826,36.18017],[-86.7826,36.18017],[-86.7826,36.18016],[-86.7826,36.18016],[-86.7826,36.18015],[-86.7826,36.18015],[-86.7826,36.18015],[-86.7826,36.18014],[-86.7826,36.18014],[-86.7826,36.18013],[-86.7826,36.18013],[-86.7826,36.18013],[-86.7826,36.18012],[-86.7826,36.18012],[-86.7826,36.18012],[-86.7826,36.18011],[-86.7826,36.18011],[-86.7826,36.1801],[-86.7826,36.1801],[-86.7826,36.18009],[-86.7826,36.18009],[-86.7826,36.18008],[-86.7826,36.18008],[-86.7826,36.18007],[-86.7826,36.18007],[-86.7826,36.18006],[-86.7826,36.18006],[-86.7826,36.18006],[-86.7826,36.18005],[-86.7826,36.18005],[-86.7826,36.18005],[-86.7826,36.18004],[-86.78259,36.18004],[-86.78259,36.18004],[-86.78259,36.18003],[-86.78259,36.18003],[-86.78259,36.18002],[-86.78259,36.18002],[-86.78258,36.18002],[-86.78258,36.18001],[-86.78258,36.18001],[-86.78258,36.18],[-86.78259,36.18],[-86.78259,36.17999],[-86.78259,36.17999],[-86.78259,36.17998],[-86.78259,36.17997],[-86.78259,36.17997],[-86.78259,36.17996],[-86.78259,36.17996],[-86.78259,36.17995],[-86.78258,36.17994],[-86.78258,36.17994],[-86.78258,36.17993],[-86.78258,36.17992],[-86.78258,36.17992],[-86.78258,36.17992],[-86.78257,36.17991],[-86.78257,36.17991],[-86.78257,36.1799],[-86.78257,36.1799],[-86.78257,36.17989],[-86.78257,36.17989],[-86.78257,36.17988],[-86.78257,36.17988],[-86.78257,36.17987],[-86.78256,36.17986],[-86.78256,36.17986],[-86.78256,36.17985],[-86.78256,36.17984],[-86.78256,36.17984],[-86.78255,36.17983],[-86.78255,36.17982],[-86.78255,36.17982],[-86.78255,36.17981],[-86.78255,36.1798],[-86.78255,36.1798],[-86.78255,36.17979],[-86.78255,36.17978],[-86.78255,36.17977],[-86.78255,36.17977],[-86.78255,36.17976],[-86.78255,36.17975],[-86.78255,36.17975],[-86.78255,36.17974],[-86.78255,36.17973],[-86.78255,36.17972],[-86.78255,36.17971],[-86.78255,36.17971],[-86.78255,36.1797],[-86.78256,36.17969],[-86.78256,36.17968],[-86.78256,36.17967],[-86.78257,36.17966],[-86.78257,36.17965],[-86.78258,36.17964],[-86.78258,36.17964],[-86.78258,36.17963],[-86.78258,36.17963],[-86.78258,36.17962],[-86.78258,36.17962],[-86.78259,36.17961],[-86.78259,36.17961],[-86.78259,36.1796],[-86.78259,36.1796],[-86.78259,36.17959],[-86.78259,36.17958],[-86.78259,36.17958],[-86.78259,36.17957],[-86.7826,36.17956],[-86.7826,36.17956],[-86.7826,36.17955],[-86.7826,36.17954],[-86.7826,36.17953],[-86.7826,36.17953],[-86.7826,36.17952],[-86.7826,36.17951],[-86.7826,36.1795],[-86.7826,36.1795],[-86.7826,36.17949],[-86.7826,36.17948],[-86.7826,36.17947],[-86.7826,36.17946],[-86.7826,36.17946],[-86.7826,36.17945],[-86.7826,36.17945],[-86.7826,36.17944],[-86.7826,36.17944],[-86.7826,36.17943],[-86.7826,36.17943],[-86.7826,36.17942],[-86.7826,36.17942],[-86.7826,36.17941],[-86.78261,36.17941],[-86.78261,36.1794],[-86.78261,36.1794],[-86.78261,36.17939],[-86.78261,36.17939],[-86.78261,36.17939],[-86.78261,36.17938],[-86.78262,36.17938],[-86.78262,36.17937],[-86.78262,36.17937],[-86.78262,36.17936],[-86.78262,36.17936],[-86.78262,36.17935],[-86.78262,36.17935],[-86.78262,36.17935],[-86.78262,36.17935],[-86.78262,36.17934],[-86.78262,36.17934],[-86.78262,36.17933],[-86.78262,36.17933],[-86.78262,36.17932],[-86.78262,36.17932],[-86.78262,36.17932],[-86.78261,36.17931],[-86.78261,36.17931],[-86.78261,36.1793],[-86.78261,36.1793],[-86.78261,36.1793],[-86.78261,36.17929],[-86.78261,36.17928],[-86.7826,36.17927],[-86.7826,36.17926],[-86.7826,36.17925],[-86.78259,36.17925],[-86.78259,36.17924],[-86.78259,36.17923],[-86.78259,36.17922],[-86.78258,36.17921],[-86.78258,36.17921],[-86.78257,36.1792],[-86.78257,36.17919],[-86.78256,36.17918],[-86.78256,36.17917],[-86.78256,36.17917],[-86.78256,36.17916],[-86.78256,36.17915],[-86.78256,36.17914],[-86.78256,36.17913],[-86.78256,36.17912],[-86.78256,36.17911],[-86.78256,36.1791],[-86.78256,36.17909],[-86.78256,36.17908],[-86.78256,36.17907],[-86.78255,36.17906],[-86.78255,36.17905],[-86.78255,36.17904],[-86.78255,36.17903],[-86.78254,36.17902],[-86.78254,36.17902],[-86.78254,36.17901],[-86.78254,36.179],[-86.78254,36.17899],[-86.78254,36.17898],[-86.78254,36.17897],[-86.78254,36.17897],[-86.78254,36.17896],[-86.78254,36.17895],[-86.78254,36.17894],[-86.78254,36.17894],[-86.78254,36.17893],[-86.78254,36.17892],[-86.78254,36.17891],[-86.78254,36.1789],[-86.78254,36.17889],[-86.78253,36.17889],[-86.78253,36.17888],[-86.78253,36.17887],[-86.78253,36.17886],[-86.78252,36.17885],[-86.78252,36.17884],[-86.78251,36.17883],[-86.78251,36.17882],[-86.78251,36.17881],[-86.78251,36.1788],[-86.7825,36.17879],[-86.7825,36.17878],[-86.7825,36.17877],[-86.7825,36.17876],[-86.7825,36.17875],[-86.7825,36.17874],[-86.7825,36.17872],[-86.7825,36.17871],[-86.7825,36.1787],[-86.7825,36.17869],[-86.78249,36.17868],[-86.78249,36.17867],[-86.78249,36.17865],[-86.78248,36.17864],[-86.78248,36.17863],[-86.78248,36.17863],[-86.78248,36.17862],[-86.78248,36.17861],[-86.78248,36.1786],[-86.78248,36.17859],[-86.78248,36.17859],[-86.78248,36.17859],[-86.78248,36.17858],[-86.78248,36.17857],[-86.78248,36.17856],[-86.78248,36.17856],[-86.78248,36.17855],[-86.78248,36.17854],[-86.78247,36.17853],[-86.78247,36.17853],[-86.78247,36.17853],[-86.78247,36.17852],[-86.78247,36.17851],[-86.78247,36.1785],[-86.78247,36.1785],[-86.78247,36.17849],[-86.78246,36.17848],[-86.78246,36.17847],[-86.78245,36.17846],[-86.78245,36.17845],[-86.78244,36.17844],[-86.78244,36.17843],[-86.78244,36.17842],[-86.78244,36.17841],[-86.78244,36.1784],[-86.78244,36.17839],[-86.78244,36.17838],[-86.78244,36.17837],[-86.78244,36.17837],[-86.78244,36.17836],[-86.78244,36.17836],[-86.78244,36.17835],[-86.78244,36.17834],[-86.78244,36.17834],[-86.78244,36.17833],[-86.78244,36.17833],[-86.78244,36.17832],[-86.78244,36.17831],[-86.78244,36.1783],[-86.78244,36.17829],[-86.78244,36.17828],[-86.78243,36.17827],[-86.78243,36.17827],[-86.78243,36.17826],[-86.78242,36.17825],[-86.78242,36.17824],[-86.78242,36.17823],[-86.78242,36.17822],[-86.78242,36.17821],[-86.78241,36.1782],[-86.78241,36.17819],[-86.78241,36.17818],[-86.78241,36.17816],[-86.78241,36.17815],[-86.78241,36.17814],[-86.7824,36.17813],[-86.7824,36.17813],[-86.7824,36.17812],[-86.7824,36.1781],[-86.78239,36.17809],[-86.78239,36.17808],[-86.78238,36.17806],[-86.78237,36.17805],[-86.78237,36.17804],[-86.78236,36.17802],[-86.78235,36.17801],[-86.78234,36.178],[-86.78232,36.17796],[-86.7823,36.17792],[-86.7823,36.17791],[-86.78229,36.1779],[-86.78228,36.17789],[-86.78227,36.17788],[-86.78226,36.17786],[-86.78226,36.17785],[-86.78225,36.17784],[-86.78224,36.17783],[-86.78224,36.17782],[-86.78223,36.17781],[-86.78223,36.1778],[-86.78222,36.17778],[-86.78221,36.17778],[-86.78221,36.17778],[-86.78221,36.17777],[-86.78221,36.17776],[-86.7822,36.17775],[-86.7822,36.17774],[-86.78219,36.17773],[-86.78219,36.17772],[-86.78219,36.1777],[-86.78218,36.17769],[-86.78218,36.17768],[-86.78218,36.17767],[-86.78218,36.17766],[-86.78218,36.17765],[-86.78218,36.17764],[-86.78218,36.17763],[-86.78218,36.17762],[-86.78218,36.17761],[-86.78218,36.1776],[-86.78218,36.17759],[-86.78219,36.17758],[-86.78219,36.17758],[-86.78219,36.17757],[-86.78219,36.17756],[-86.78219,36.17755],[-86.78219,36.17755],[-86.78219,36.17754],[-86.78219,36.17753],[-86.78219,36.17752],[-86.78219,36.17752],[-86.78219,36.17751],[-86.78219,36.1775],[-86.7822,36.17749],[-86.7822,36.17748],[-86.7822,36.17748],[-86.7822,36.17747],[-86.7822,36.17746],[-86.7822,36.17745],[-86.78219,36.17744],[-86.78219,36.17744],[-86.78219,36.17743],[-86.78219,36.17742],[-86.78219,36.17741],[-86.78219,36.1774],[-86.78219,36.17739],[-86.78219,36.17738],[-86.78219,36.17737],[-86.78219,36.17736],[-86.78218,36.17735],[-86.78218,36.17734],[-86.78218,36.17734],[-86.78216,36.17729],[-86.78214,36.17724],[-86.78214,36.17724],[-86.78214,36.17723],[-86.78214,36.17722],[-86.78214,36.17721],[-86.78214,36.17721],[-86.78214,36.1772],[-86.78213,36.17719],[-86.78213,36.17719],[-86.78213,36.17718],[-86.78213,36.17717],[-86.78212,36.17716],[-86.78212,36.17716],[-86.78212,36.17715],[-86.78212,36.17714],[-86.78211,36.17713],[-86.78211,36.17713],[-86.78211,36.17712],[-86.7821,36.17711],[-86.7821,36.17711],[-86.7821,36.1771],[-86.78208,36.17706],[-86.78206,36.17702],[-86.78206,36.17701],[-86.78206,36.17701],[-86.78205,36.17701],[-86.78205,36.177],[-86.78205,36.177],[-86.78205,36.177],[-86.78204,36.177],[-86.78203,36.17699],[-86.78203,36.17699],[-86.78202,36.17699],[-86.78202,36.17699],[-86.78201,36.17699],[-86.782,36.17699],[-86.782,36.17699],[-86.78199,36.177],[-86.78199,36.177],[-86.78198,36.177],[-86.78198,36.177],[-86.78197,36.177],[-86.78197,36.177],[-86.78196,36.177],[-86.78196,36.177],[-86.78195,36.177],[-86.78194,36.177],[-86.78194,36.177],[-86.78193,36.17699],[-86.78193,36.17699],[-86.78192,36.17699],[-86.78192,36.17698],[-86.78192,36.17698],[-86.78192,36.17697],[-86.78192,36.17697],[-86.78191,36.17696],[-86.78191,36.17695],[-86.78191,36.17694],[-86.78191,36.17693],[-86.78191,36.17692],[-86.78191,36.17691],[-86.78191,36.1769],[-86.78191,36.17689],[-86.78191,36.17688],[-86.78191,36.17687],[-86.78191,36.17686],[-86.78191,36.17685],[-86.78191,36.17684],[-86.78191,36.17683],[-86.78191,36.17682],[-86.78191,36.17681],[-86.78191,36.1768],[-86.78191,36.17679],[-86.78191,36.17678],[-86.78192,36.17677],[-86.78192,36.17676],[-86.78192,36.17675],[-86.78192,36.17674],[-86.78192,36.17673],[-86.78192,36.17672],[-86.78192,36.17671],[-86.78192,36.1767],[-86.78192,36.17669],[-86.78192,36.17669],[-86.78192,36.17669],[-86.78192,36.17669],[-86.78192,36.17667],[-86.78193,36.17666],[-86.78193,36.17665],[-86.78193,36.17664],[-86.78193,36.17663],[-86.78193,36.17662],[-86.78193,36.17661],[-86.78193,36.1766],[-86.78193,36.17659],[-86.78193,36.17657],[-86.78193,36.17656],[-86.78193,36.17655],[-86.78192,36.17654],[-86.78192,36.17653],[-86.78192,36.17652],[-86.78192,36.17651],[-86.78191,36.1765],[-86.78191,36.17648],[-86.78191,36.17647],[-86.7819,36.17646],[-86.7819,36.17645],[-86.7819,36.17645],[-86.78189,36.17644],[-86.78189,36.17643],[-86.78189,36.17643],[-86.78189,36.17642],[-86.78188,36.17642],[-86.78188,36.17641],[-86.78188,36.1764],[-86.78188,36.1764],[-86.78188,36.17639],[-86.78187,36.17638],[-86.78187,36.17636],[-86.78187,36.17635],[-86.78186,36.17634],[-86.78186,36.17633],[-86.78186,36.17632],[-86.78185,36.17631],[-86.78185,36.1763],[-86.78185,36.17629],[-86.78184,36.17628],[-86.78184,36.17627],[-86.78184,36.17626],[-86.78182,36.17623],[-86.7818,36.1762],[-86.7818,36.17619],[-86.78179,36.17618],[-86.78179,36.17617],[-86.78178,36.17616],[-86.78178,36.17615],[-86.78177,36.17614],[-86.78177,36.17613],[-86.78177,36.17613],[-86.78177,36.17613],[-86.78177,36.17612],[-86.78176,36.17611],[-86.78176,36.1761],[-86.78175,36.17609],[-86.78175,36.17607],[-86.78175,36.17606],[-86.78174,36.17605],[-86.78174,36.17604],[-86.78173,36.17603],[-86.78173,36.17602],[-86.78172,36.17601],[-86.78172,36.176],[-86.78171,36.17599],[-86.78229,36.17584],[-86.78244,36.17579],[-86.78303,36.17563],[-86.78359,36.17549],[-86.78364,36.17555],[-86.78388,36.17549],[-86.78429,36.17538],[-86.78426,36.17533],[-86.78473,36.17521],[-86.7849,36.17517],[-86.78492,36.17516],[-86.78492,36.17513],[-86.78603,36.17486],[-86.78633,36.17477],[-86.78736,36.17448],[-86.78758,36.17439],[-86.78765,36.17431],[-86.78789,36.17424],[-86.78809,36.17417],[-86.78868,36.17403],[-86.78899,36.17395],[-86.79009,36.17368],[-86.79036,36.17366],[-86.7913,36.17343],[-86.79134,36.17345],[-86.79163,36.17391],[-86.79251,36.17529],[-86.79261,36.17545],[-86.79289,36.17577],[-86.79305,36.17598],[-86.79349,36.17665],[-86.79367,36.17692],[-86.79382,36.17706],[-86.79499,36.17883],[-86.79498,36.1789],[-86.79383,36.1794],[-86.7919,36.18023],[-86.79147,36.18043],[-86.79129,36.1805],[-86.79035,36.1812],[-86.78926,36.18202],[-86.78899,36.1816],[-86.78863,36.18104],[-86.78863,36.18104],[-86.78849,36.1811],[-86.78824,36.18122],[-86.78764,36.18147],[-86.78748,36.18153],[-86.78755,36.18163],[-86.78756,36.18178],[-86.78731,36.18235],[-86.78705,36.18294],[-86.78701,36.18296],[-86.78693,36.18283],[-86.78678,36.18289],[-86.78568,36.18335],[-86.78549,36.18305],[-86.7853,36.18314],[-86.78533,36.18319],[-86.78534,36.18321],[-86.78535,36.18324],[-86.78536,36.18327],[-86.78537,36.18329],[-86.78538,36.18332],[-86.78538,36.18333],[-86.78538,36.18335],[-86.78539,36.18338],[-86.78539,36.1834],[-86.78539,36.18343],[-86.78539,36.18346],[-86.78539,36.18348],[-86.78539,36.18349],[-86.78539,36.18352],[-86.78539,36.18354],[-86.78538,36.18357],[-86.78538,36.1836],[-86.78537,36.18363],[-86.78536,36.18365],[-86.78536,36.18365],[-86.78535,36.18368],[-86.78535,36.1837],[-86.78459,36.18399],[-86.78448,36.18403],[-86.78459,36.18429],[-86.78454,36.18431],[-86.78448,36.18433],[-86.78448,36.18433],[-86.78343,36.18475],[-86.78343,36.18473],[-86.78343,36.18471],[-86.78343,36.18468],[-86.78343,36.18466],[-86.78343,36.18464],[-86.78343,36.18462],[-86.78343,36.18462],[-86.78342,36.1846],[-86.78342,36.18458],[-86.78342,36.18456],[-86.78342,36.18454],[-86.78342,36.18451],[-86.78342,36.18448],[-86.78341,36.18447],[-86.78341,36.18446],[-86.78341,36.18446],[-86.78341,36.18443],[-86.78341,36.1844],[-86.78341,36.18437],[-86.7834,36.18435],[-86.7834,36.18432],[-86.7834,36.18431],[-86.7834,36.18431],[-86.78339,36.18429],[-86.78339,36.18426],[-86.78339,36.18424],[-86.78338,36.18421],[-86.78338,36.18418],[-86.78337,36.18415],[-86.78337,36.18415],[-86.78337,36.18413],[-86.78336,36.1841],[-86.78336,36.18407],[-86.78335,36.18404],[-86.78335,36.18403],[-86.78335,36.18402],[-86.78334,36.18399],[-86.78333,36.18397],[-86.78333,36.18394],[-86.78332,36.18392],[-86.78332,36.18389],[-86.78331,36.18388],[-86.78331,36.18387],[-86.7833,36.18385],[-86.7833,36.18382],[-86.78329,36.1838],[-86.78328,36.18378],[-86.78328,36.18375],[-86.78327,36.18372],[-86.78326,36.18372],[-86.78326,36.1837],[-86.78325,36.18367],[-86.78324,36.18364],[-86.78322,36.18361],[-86.78321,36.18358],[-86.7832,36.18357],[-86.7832,36.18355],[-86.78319,36.18353],[-86.78317,36.1835],[-86.78316,36.18347],[-86.78314,36.18345],[-86.78314,36.18345],[-86.78314,36.18345],[-86.78314,36.18344],[-86.78312,36.18338]]]}},{"type":"Feature","properties":{"name":"Cumberland Gardens"},"geometry":{"type":"Polygon","coordinates":[[[-86.82149,36.18779],[-86.82125,36.1877],[-86.82076,36.18741],[-86.81993,36.18693],[-86.81979,36.18687],[-86.81911,36.18648],[-86.81858,36.1862],[-86.81725,36.1855],[-86.81694,36.18535],[-86.81573,36.18471],[-86.81591,36.18347],[-86.81609,36.18212],[-86.81625,36.18088],[-86.81633,36.18035],[-86.81693,36.18038],[-86.81783,36.18041],[-86.81935,36.18048],[-86.81982,36.18051],[-86.82064,36.18059],[-86.82162,36.18069],[-86.82289,36.18084],[-86.82361,36.18092],[-86.82393,36.18095],[-86.82417,36.18107],[-86.824,36.18222],[-86.82384,36.18324],[-86.82371,36.18411],[-86.82358,36.18499],[-86.82352,36.18528],[-86.82343,36.18558],[-86.8233,36.18577],[-86.82315,36.18594],[-86.82284,36.18631],[-86.82243,36.18681],[-86.82205,36.18726],[-86.82209,36.18727],[-86.82184,36.18757],[-86.82181,36.18754],[-86.82166,36.18772],[-86.82149,36.18779]]]}},{"type":"Feature","properties":{"name":"Rolling Acres"},"geometry":{"type":"Polygon","coordinates":[[[-86.73406,36.18049],[-86.73399,36.18097],[-86.73381,36.18238],[-86.73322,36.18233],[-86.73315,36.18247],[-86.73228,36.18363],[-86.73136,36.18486],[-86.73126,36.18499],[-86.73045,36.18608],[-86.72986,36.18687],[-86.72977,36.18701],[-86.72962,36.18733],[-86.72951,36.1877],[-86.72942,36.18801],[-86.72931,36.18829],[-86.72848,36.18819],[-86.72845,36.18827],[-86.72838,36.1883],[-86.72818,36.18823],[-86.72802,36.18819],[-86.72777,36.18815],[-86.72743,36.18771],[-86.72719,36.1872],[-86.72713,36.18705],[-86.72697,36.18654],[-86.72683,36.18653],[-86.72675,36.18596],[-86.72658,36.18488],[-86.72653,36.18439],[-86.72648,36.18369],[-86.72647,36.18307],[-86.7265,36.18251],[-86.72656,36.18181],[-86.72674,36.18048],[-86.72751,36.18053],[-86.72851,36.18066],[-86.72863,36.18024],[-86.72885,36.17944],[-86.7292,36.17822],[-86.72935,36.17794],[-86.72957,36.1777],[-86.72982,36.17752],[-86.73021,36.17733],[-86.73068,36.17723],[-86.73105,36.17723],[-86.73126,36.17726],[-86.73146,36.1773],[-86.73172,36.17739],[-86.73199,36.17754],[-86.73223,36.17774],[-86.73238,36.17795],[-86.73249,36.17817],[-86.73255,36.17845],[-86.73255,36.17866],[-86.73245,36.17935],[-86.73231,36.18033],[-86.73406,36.18049]]]}},{"type":"Feature","properties":{"name":"Gillock St/Hilltop Ln."},"geometry":{"type":"Polygon","coordinates":[[[-86.73628,36.21609],[-86.73607,36.21662],[-86.73532,36.21637],[-86.73458,36.21612],[-86.73457,36.21606],[-86.73441,36.21601],[-86.73452,36.21585],[-86.73389,36.21564],[-86.73379,36.21563],[-86.73367,36.21565],[-86.73323,36.21544],[-86.73236,36.21501],[-86.73248,36.21483],[-86.73268,36.21477],[-86.73337,36.21383],[-86.73431,36.21256],[-86.73439,36.21254],[-86.73465,36.21265],[-86.73505,36.21285],[-86.73535,36.21306],[-86.73563,36.21331],[-86.73557,36.2134],[-86.7358,36.2135],[-86.73593,36.21366],[-86.73614,36.21388],[-86.73637,36.21414],[-86.73663,36.21445],[-86.73659,36.21485],[-86.73658,36.21505],[-86.73648,36.2156],[-86.73634,36.21597],[-86.73628,36.21609]]]}},{"type":"Feature","properties":{"name":"Harbor Village"},"geometry":{"type":"Polygon","coordinates":[[[-86.68872,36.29677],[-86.68791,36.29656],[-86.68781,36.29674],[-86.68772,36.29686],[-86.68766,36.29693],[-86.68759,36.29689],[-86.68768,36.29678],[-86.68776,36.29666],[-86.68789,36.29642],[-86.68782,36.29639],[-86.68737,36.29623],[-86.68702,36.29534],[-86.68478,36.29331],[-86.68588,36.29237],[-86.68593,36.29238],[-86.687,36.29149],[-86.6877,36.29085],[-86.68794,36.29062],[-86.68786,36.29104],[-86.68796,36.29126],[-86.68809,36.2918],[-86.68833,36.29212],[-86.68909,36.29288],[-86.68935,36.29322],[-86.6897,36.29345],[-86.69012,36.29354],[-86.69047,36.2937],[-86.69098,36.29401],[-86.69063,36.2943],[-86.69085,36.29448],[-86.69072,36.29457],[-86.69043,36.29482],[-86.69031,36.29492],[-86.69023,36.29499],[-86.68977,36.29521],[-86.68918,36.29606],[-86.68898,36.29634],[-86.68872,36.29677]]]}},{"type":"Feature","properties":{"name":"Edgehill (ONE)"},"geometry":{"type":"Polygon","coordinates":[[[-86.78952,36.15104],[-86.78873,36.15096],[-86.7879,36.15088],[-86.78691,36.15077],[-86.78614,36.15069],[-86.78616,36.15062],[-86.78593,36.15042],[-86.78596,36.15031],[-86.78608,36.15023],[-86.78612,36.15006],[-86.78542,36.14999],[-86.78472,36.14949],[-86.78446,36.1494],[-86.7836,36.14898],[-86.78269,36.14852],[-86.7816,36.14829],[-86.78088,36.14814],[-86.78018,36.14808],[-86.77919,36.14796],[-86.77915,36.14736],[-86.77912,36.14693],[-86.77917,36.14684],[-86.77913,36.14638],[-86.77912,36.14615],[-86.77911,36.14594],[-86.77908,36.14594],[-86.77906,36.14567],[-86.77909,36.14567],[-86.77906,36.14495],[-86.77902,36.14396],[-86.77899,36.14396],[-86.77898,36.14362],[-86.77898,36.14349],[-86.77896,36.14331],[-86.77884,36.14185],[-86.77881,36.14156],[-86.77871,36.14084],[-86.77867,36.14058],[-86.77859,36.14003],[-86.77849,36.13931],[-86.77847,36.13899],[-86.77853,36.13864],[-86.7788,36.13758],[-86.77884,36.13736],[-86.77898,36.13645],[-86.779,36.13631],[-86.77905,36.13597],[-86.77906,36.13583],[-86.77909,36.13555],[-86.77914,36.13555],[-86.77922,36.13482],[-86.77927,36.1344],[-86.77933,36.13436],[-86.77978,36.13434],[-86.77998,36.13432],[-86.78042,36.13437],[-86.78072,36.13442],[-86.78193,36.13459],[-86.78269,36.13469],[-86.78391,36.13486],[-86.78478,36.13498],[-86.78506,36.13504],[-86.78533,36.13512],[-86.78568,36.13531],[-86.78596,36.13553],[-86.78628,36.13576],[-86.78658,36.13592],[-86.78697,36.13606],[-86.78717,36.13612],[-86.78738,36.13616],[-86.78777,36.1362],[-86.7884,36.13625],[-86.7889,36.13628],[-86.78916,36.13628],[-86.78938,36.13627],[-86.78998,36.13618],[-86.7905,36.1361],[-86.79088,36.13605],[-86.79123,36.13604],[-86.79144,36.13606],[-86.79184,36.13611],[-86.79212,36.13616],[-86.79256,36.1362],[-86.7927,36.13622],[-86.79307,36.13627],[-86.79338,36.13632],[-86.79372,36.13636],[-86.79378,36.13641],[-86.79373,36.13665],[-86.79353,36.13776],[-86.79336,36.13859],[-86.793,36.14047],[-86.79283,36.14149],[-86.79281,36.14164],[-86.79276,36.14197],[-86.79251,36.14323],[-86.79252,36.14337],[-86.79245,36.14382],[-86.7924,36.14382],[-86.7923,36.14446],[-86.79208,36.14567],[-86.79189,36.14676],[-86.79169,36.14787],[-86.79154,36.14814],[-86.79133,36.14928],[-86.78994,36.14912],[-86.78993,36.14921],[-86.79003,36.14922],[-86.78991,36.14932],[-86.78985,36.14942],[-86.78955,36.15101],[-86.78952,36.15104]]]}},{"type":"Feature","properties":{"name":"Historic Old Hickory Village"},"geometry":{"type":"Polygon","coordinates":[[[-86.65617,36.26631],[-86.65547,36.26635],[-86.65496,36.26634],[-86.65452,36.2664],[-86.65403,36.26653],[-86.65371,36.2666],[-86.65337,36.26661],[-86.65295,36.26657],[-86.65265,36.2665],[-86.65224,36.26632],[-86.65198,36.26641],[-86.65101,36.26665],[-86.65057,36.26675],[-86.65057,36.26636],[-86.65027,36.26648],[-86.64966,36.26647],[-86.64992,36.26693],[-86.65044,36.26682],[-86.65129,36.26872],[-86.65143,36.26904],[-86.65164,36.26939],[-86.65176,36.26955],[-86.65164,36.2698],[-86.65134,36.26991],[-86.65059,36.26993],[-86.64988,36.27117],[-86.64994,36.27005],[-86.65011,36.26999],[-86.64987,36.27],[-86.64971,36.27037],[-86.64956,36.27062],[-86.64912,36.27051],[-86.64918,36.27068],[-86.6493,36.27081],[-86.64924,36.27094],[-86.64936,36.27102],[-86.64875,36.27139],[-86.64863,36.27173],[-86.64859,36.27186],[-86.64834,36.27208],[-86.64797,36.27226],[-86.64772,36.27228],[-86.64756,36.27188],[-86.64748,36.27173],[-86.64736,36.27155],[-86.64719,36.27162],[-86.64713,36.27208],[-86.64696,36.2723],[-86.64692,36.27246],[-86.64655,36.27292],[-86.64643,36.27298],[-86.6461,36.27299],[-86.64557,36.27285],[-86.64523,36.2727],[-86.64513,36.27259],[-86.6451,36.27244],[-86.64514,36.27223],[-86.64505,36.27202],[-86.64508,36.27192],[-86.64469,36.27131],[-86.64437,36.2717],[-86.64397,36.27197],[-86.64386,36.27176],[-86.64374,36.27145],[-86.64373,36.27095],[-86.64369,36.27078],[-86.64365,36.26975],[-86.64366,36.26916],[-86.6437,36.26835],[-86.6437,36.2679],[-86.64374,36.2672],[-86.64373,36.26629],[-86.64374,36.26563],[-86.64372,36.26478],[-86.64362,36.26394],[-86.64355,36.26318],[-86.64342,36.26249],[-86.64331,36.26188],[-86.64314,36.26107],[-86.64291,36.26029],[-86.64271,36.2597],[-86.64257,36.25935],[-86.64248,36.25905],[-86.64235,36.25875],[-86.64229,36.25865],[-86.64226,36.25855],[-86.64214,36.25808],[-86.64182,36.25706],[-86.64164,36.25678],[-86.64144,36.25652],[-86.64137,36.25638],[-86.64127,36.25613],[-86.64126,36.25597],[-86.64108,36.25572],[-86.64097,36.25551],[-86.64085,36.25523],[-86.64089,36.25522],[-86.6408,36.25509],[-86.64075,36.25495],[-86.64056,36.25484],[-86.64044,36.25463],[-86.64031,36.25441],[-86.64025,36.25431],[-86.64017,36.25405],[-86.64016,36.25364],[-86.6401,36.25329],[-86.64065,36.25329],[-86.64082,36.25329],[-86.64084,36.25306],[-86.64092,36.25284],[-86.6412,36.25237],[-86.64129,36.25223],[-86.64144,36.25201],[-86.64161,36.25174],[-86.64198,36.25116],[-86.64217,36.25101],[-86.64145,36.2506],[-86.64102,36.25036],[-86.64093,36.25023],[-86.6409,36.24991],[-86.64142,36.24946],[-86.64245,36.2486],[-86.64253,36.24866],[-86.64256,36.24863],[-86.64352,36.24937],[-86.64418,36.24989],[-86.64419,36.25032],[-86.64438,36.25034],[-86.64477,36.25037],[-86.64493,36.25047],[-86.64551,36.25088],[-86.64558,36.25097],[-86.64566,36.25108],[-86.64568,36.25121],[-86.64593,36.25125],[-86.64667,36.2518],[-86.64771,36.25258],[-86.64778,36.25271],[-86.64803,36.25284],[-86.64844,36.25311],[-86.64906,36.25355],[-86.64937,36.25377],[-86.64951,36.25382],[-86.64966,36.25389],[-86.64992,36.25409],[-86.65025,36.25433],[-86.65048,36.25451],[-86.65082,36.25475],[-86.65098,36.25488],[-86.65153,36.25531],[-86.65144,36.25532],[-86.65187,36.25561],[-86.65234,36.256],[-86.65251,36.25615],[-86.65318,36.25676],[-86.65375,36.25727],[-86.65436,36.25782],[-86.65474,36.25821],[-86.65497,36.25848],[-86.65513,36.2587],[-86.6553,36.25899],[-86.65545,36.2593],[-86.6556,36.2597],[-86.65571,36.26024],[-86.65575,36.26076],[-86.65577,36.26091],[-86.65574,36.26094],[-86.65573,36.26113],[-86.65571,36.26149],[-86.65569,36.26202],[-86.65564,36.26312],[-86.65562,36.2635],[-86.65564,36.26387],[-86.65568,36.26433],[-86.65577,36.26474],[-86.65587,36.26503],[-86.65604,36.26542],[-86.65584,36.26555],[-86.65571,36.26607],[-86.65582,36.26613],[-86.65619,36.26622],[-86.65617,36.26631]]]}},{"type":"Feature","properties":{"name":"Brandywine Place"},"geometry":{"type":"Polygon","coordinates":[[[-86.62557,36.23857],[-86.62473,36.23846],[-86.62326,36.23827],[-86.62325,36.2377],[-86.62325,36.23707],[-86.62324,36.23664],[-86.62324,36.23615],[-86.62326,36.2359],[-86.62314,36.23589],[-86.62315,36.23586],[-86.62331,36.23496],[-86.62343,36.23431],[-86.62435,36.23441],[-86.62533,36.23454],[-86.62575,36.23458],[-86.62585,36.23465],[-86.62615,36.23501],[-86.62594,36.23508],[-86.62581,36.23625],[-86.62563,36.23802],[-86.62557,36.23857]]]}},{"type":"Feature","properties":{"name":"Bianca Square"},"geometry":{"type":"Polygon","coordinates":[[[-86.64475,36.15938],[-86.64463,36.16002],[-86.64455,36.16051],[-86.64409,36.16023],[-86.64373,36.16001],[-86.64353,36.15988],[-86.64354,36.15982],[-86.64366,36.15968],[-86.64378,36.15951],[-86.64386,36.15927],[-86.64387,36.1592],[-86.64475,36.15938]]]}},{"type":"Feature","properties":{"name":"Cottonport"},"geometry":{"type":"Polygon","coordinates":[[[-86.75458,36.03133],[-86.75427,36.03131],[-86.75293,36.0312],[-86.75205,36.03113],[-86.75126,36.03106],[-86.75029,36.03096],[-86.75072,36.03],[-86.75112,36.02915],[-86.75148,36.02841],[-86.752,36.02733],[-86.7522,36.02694],[-86.75248,36.02637],[-86.75264,36.02604],[-86.75288,36.02575],[-86.75306,36.02557],[-86.75309,36.02546],[-86.75326,36.02508],[-86.75352,36.0245],[-86.75361,36.02431],[-86.75364,36.02422],[-86.75374,36.02422],[-86.75393,36.02378],[-86.75411,36.02332],[-86.75434,36.02274],[-86.75449,36.02238],[-86.75463,36.02202],[-86.75473,36.02196],[-86.75558,36.02238],[-86.75639,36.02277],[-86.75763,36.02336],[-86.75777,36.02344],[-86.7573,36.02417],[-86.75669,36.02511],[-86.75626,36.02564],[-86.75552,36.02656],[-86.75561,36.0266],[-86.75557,36.0267],[-86.7555,36.0273],[-86.75537,36.02838],[-86.75519,36.02983],[-86.75502,36.03138],[-86.75458,36.03133]]]}},{"type":"Feature","properties":{"name":"Sunnyside"},"geometry":{"type":"Polygon","coordinates":[[[-86.78857,36.13595],[-86.78851,36.13603],[-86.78828,36.13602],[-86.78766,36.13597],[-86.78731,36.13593],[-86.78702,36.13585],[-86.78669,36.13572],[-86.78637,36.13554],[-86.78608,36.13532],[-86.78588,36.13516],[-86.78564,36.13503],[-86.78542,36.13492],[-86.78505,36.1348],[-86.78474,36.13474],[-86.78368,36.13461],[-86.78272,36.13447],[-86.78181,36.13434],[-86.78182,36.13406],[-86.78102,36.13421],[-86.78078,36.1342],[-86.78051,36.13418],[-86.78021,36.13416],[-86.77991,36.13412],[-86.77966,36.1341],[-86.77951,36.13411],[-86.77934,36.1341],[-86.77927,36.13405],[-86.77925,36.13399],[-86.77927,36.13374],[-86.77931,36.13332],[-86.77935,36.13294],[-86.77934,36.13261],[-86.77931,36.13245],[-86.77923,36.13217],[-86.77912,36.13186],[-86.77901,36.13157],[-86.77885,36.13112],[-86.77859,36.13037],[-86.77837,36.12973],[-86.778,36.12866],[-86.77798,36.12852],[-86.77791,36.12831],[-86.77834,36.12822],[-86.77786,36.1268],[-86.7785,36.12666],[-86.77785,36.12468],[-86.77874,36.12449],[-86.77848,36.12374],[-86.77699,36.12407],[-86.77637,36.12213],[-86.77587,36.12062],[-86.77536,36.11902],[-86.7752,36.1193],[-86.77498,36.11955],[-86.7746,36.1185],[-86.7747,36.11821],[-86.77487,36.11817],[-86.77529,36.11748],[-86.77625,36.11731],[-86.77681,36.11727],[-86.77717,36.11696],[-86.77743,36.11678],[-86.77823,36.11669],[-86.77893,36.11661],[-86.78054,36.11649],[-86.78114,36.11644],[-86.78275,36.11648],[-86.7834,36.11651],[-86.78338,36.11659],[-86.78354,36.1166],[-86.78374,36.11659],[-86.78432,36.11657],[-86.78509,36.11655],[-86.78586,36.11653],[-86.78626,36.11648],[-86.78685,36.11642],[-86.78691,36.1168],[-86.78714,36.11694],[-86.78807,36.117],[-86.78914,36.11706],[-86.79001,36.11711],[-86.79023,36.11718],[-86.7902,36.11753],[-86.79102,36.11758],[-86.79098,36.11797],[-86.79086,36.11814],[-86.79107,36.1182],[-86.79105,36.11834],[-86.79143,36.11836],[-86.79165,36.11806],[-86.79192,36.1181],[-86.79294,36.11827],[-86.79304,36.11786],[-86.79312,36.1178],[-86.79326,36.11782],[-86.79331,36.11763],[-86.79363,36.11739],[-86.79389,36.11734],[-86.79399,36.11733],[-86.79399,36.11722],[-86.79404,36.1168],[-86.79473,36.1166],[-86.79542,36.11649],[-86.79612,36.11634],[-86.79679,36.1164],[-86.7968,36.11633],[-86.79714,36.11637],[-86.79729,36.11635],[-86.79787,36.11654],[-86.79713,36.11747],[-86.79674,36.11795],[-86.79636,36.11841],[-86.79611,36.11872],[-86.79581,36.11911],[-86.79555,36.11953],[-86.79534,36.11989],[-86.7952,36.12018],[-86.79504,36.12057],[-86.79497,36.12073],[-86.79484,36.12119],[-86.79473,36.12173],[-86.79461,36.12233],[-86.79447,36.12301],[-86.79442,36.12328],[-86.79434,36.12364],[-86.79418,36.12446],[-86.79392,36.12576],[-86.79386,36.1263],[-86.79387,36.12665],[-86.79397,36.1271],[-86.79411,36.12746],[-86.79434,36.12784],[-86.79476,36.12848],[-86.79509,36.12898],[-86.79454,36.12921],[-86.79366,36.12912],[-86.79298,36.12904],[-86.79275,36.12901],[-86.79248,36.12899],[-86.79231,36.12899],[-86.79237,36.12914],[-86.79235,36.12926],[-86.79227,36.13041],[-86.79224,36.13083],[-86.79027,36.13065],[-86.78902,36.13052],[-86.78868,36.1305],[-86.78864,36.13067],[-86.78862,36.13092],[-86.78856,36.13155],[-86.7885,36.13185],[-86.78851,36.13205],[-86.78853,36.13249],[-86.78859,36.133],[-86.78866,36.13371],[-86.78875,36.13445],[-86.78878,36.13472],[-86.78882,36.13509],[-86.7888,36.13532],[-86.78872,36.13558],[-86.78857,36.13595]]]}},{"type":"Feature","properties":{"name":"Bayview"},"geometry":{"type":"Polygon","coordinates":[[[-86.63215,36.09683],[-86.63144,36.09672],[-86.63068,36.09659],[-86.62956,36.09647],[-86.62894,36.09638],[-86.62841,36.09631],[-86.62734,36.09616],[-86.62578,36.09597],[-86.62527,36.09591],[-86.62541,36.09515],[-86.62532,36.09491],[-86.62499,36.09403],[-86.62497,36.09382],[-86.62512,36.09375],[-86.6259,36.09376],[-86.62593,36.09335],[-86.62624,36.09343],[-86.6265,36.09296],[-86.62662,36.09217],[-86.62669,36.0919],[-86.62624,36.09183],[-86.62639,36.09145],[-86.6268,36.0915],[-86.6274,36.09166],[-86.62781,36.0917],[-86.62773,36.09216],[-86.62764,36.09269],[-86.62751,36.09335],[-86.62739,36.09383],[-86.62828,36.09394],[-86.62834,36.0939],[-86.62915,36.09403],[-86.63009,36.0936],[-86.63113,36.09385],[-86.63161,36.09396],[-86.63201,36.09417],[-86.63235,36.09439],[-86.63258,36.09455],[-86.63215,36.09683]]]}},{"type":"Feature","properties":{"name":"Radnor"},"geometry":{"type":"Polygon","coordinates":[[[-86.73572,36.09204],[-86.73571,36.09202],[-86.73569,36.092],[-86.73569,36.09199],[-86.73568,36.09198],[-86.73567,36.09197],[-86.73566,36.09194],[-86.73564,36.09192],[-86.73563,36.0919],[-86.73561,36.09188],[-86.7356,36.09186],[-86.73558,36.09184],[-86.73558,36.09183],[-86.73557,36.09182],[-86.73555,36.0918],[-86.73554,36.09178],[-86.73552,36.09176],[-86.73551,36.09175],[-86.73551,36.09174],[-86.73543,36.09164],[-86.73543,36.09164],[-86.73533,36.09151],[-86.73533,36.0915],[-86.73528,36.09145],[-86.73522,36.09138],[-86.73522,36.09137],[-86.73522,36.09137],[-86.73513,36.09127],[-86.73512,36.09125],[-86.73589,36.09125],[-86.73597,36.09125],[-86.73629,36.09124],[-86.7363,36.09124],[-86.73631,36.09112],[-86.73649,36.09113],[-86.7367,36.09114],[-86.7368,36.09115],[-86.7368,36.09115],[-86.7368,36.09108],[-86.7369,36.09109],[-86.73815,36.09125],[-86.73971,36.09144],[-86.7405,36.09155],[-86.74122,36.09164],[-86.74135,36.09165],[-86.74154,36.09168],[-86.74155,36.09168],[-86.74162,36.09169],[-86.74163,36.09169],[-86.74172,36.0917],[-86.74203,36.09174],[-86.74206,36.09174],[-86.74236,36.09178],[-86.7427,36.09182],[-86.7427,36.09182],[-86.7431,36.09188],[-86.74314,36.09188],[-86.74317,36.09189],[-86.74321,36.09189],[-86.74324,36.09189],[-86.74328,36.0919],[-86.74331,36.0919],[-86.74335,36.0919],[-86.74338,36.09191],[-86.74342,36.09191],[-86.74345,36.09192],[-86.74349,36.09192],[-86.74353,36.09192],[-86.74356,36.09192],[-86.7436,36.09193],[-86.74363,36.09193],[-86.74377,36.09194],[-86.74391,36.09195],[-86.74405,36.09196],[-86.74423,36.09196],[-86.74424,36.09196],[-86.74443,36.09196],[-86.74443,36.09196],[-86.74443,36.09196],[-86.74444,36.09196],[-86.74448,36.09196],[-86.74457,36.09196],[-86.74458,36.09196],[-86.74458,36.09196],[-86.74472,36.09196],[-86.74472,36.09196],[-86.74483,36.09196],[-86.74486,36.09196],[-86.74486,36.09196],[-86.74495,36.09195],[-86.74506,36.09195],[-86.74506,36.09195],[-86.74525,36.09194],[-86.74525,36.09194],[-86.74526,36.09194],[-86.74545,36.09192],[-86.74545,36.09192],[-86.74552,36.09192],[-86.74564,36.09191],[-86.74565,36.09191],[-86.74584,36.09189],[-86.74584,36.09189],[-86.74584,36.09189],[-86.74603,36.09186],[-86.74604,36.09186],[-86.74623,36.09183],[-86.74623,36.09183],[-86.74642,36.0918],[-86.74642,36.0918],[-86.74661,36.09177],[-86.74661,36.09177],[-86.74661,36.09177],[-86.7468,36.09174],[-86.7468,36.09174],[-86.74699,36.0917],[-86.74699,36.0917],[-86.74717,36.09166],[-86.74718,36.09166],[-86.74718,36.09166],[-86.74718,36.09166],[-86.74736,36.09162],[-86.74737,36.09161],[-86.74755,36.09157],[-86.74755,36.09157],[-86.74755,36.09157],[-86.74775,36.09151],[-86.74776,36.09151],[-86.74795,36.09145],[-86.74796,36.09145],[-86.74815,36.09138],[-86.74816,36.09138],[-86.74829,36.09134],[-86.74951,36.09084],[-86.75005,36.09056],[-86.75023,36.09046],[-86.75077,36.09012],[-86.7511,36.09023],[-86.75077,36.091],[-86.75065,36.09099],[-86.75061,36.09135],[-86.75059,36.09162],[-86.75054,36.09216],[-86.75055,36.09311],[-86.75058,36.09387],[-86.75058,36.094],[-86.75063,36.09516],[-86.75099,36.09858],[-86.74964,36.09865],[-86.74969,36.10166],[-86.7497,36.10179],[-86.7497,36.10181],[-86.74971,36.10424],[-86.74973,36.10605],[-86.74974,36.10754],[-86.74979,36.11102],[-86.7493,36.11104],[-86.7484,36.111],[-86.74747,36.11093],[-86.74722,36.11093],[-86.74648,36.11087],[-86.74605,36.11084],[-86.74582,36.11082],[-86.7457,36.11082],[-86.74551,36.11076],[-86.74531,36.11065],[-86.74517,36.11052],[-86.74502,36.11027],[-86.74487,36.10998],[-86.74426,36.10878],[-86.74377,36.10784],[-86.74365,36.1076],[-86.74355,36.10741],[-86.74332,36.10696],[-86.74299,36.1063],[-86.74262,36.10559],[-86.7424,36.10514],[-86.74208,36.10451],[-86.74181,36.10401],[-86.74156,36.10352],[-86.74128,36.10297],[-86.74109,36.10261],[-86.74085,36.10212],[-86.74048,36.10138],[-86.74022,36.10087],[-86.74016,36.10075],[-86.73974,36.09991],[-86.7392,36.09884],[-86.73866,36.09779],[-86.73859,36.09765],[-86.73852,36.09752],[-86.73846,36.0974],[-86.73839,36.09727],[-86.73823,36.09694],[-86.7381,36.09669],[-86.73797,36.09644],[-86.7379,36.09631],[-86.73784,36.09619],[-86.73769,36.0959],[-86.73765,36.09583],[-86.73755,36.09562],[-86.73742,36.09538],[-86.7373,36.09513],[-86.73721,36.09496],[-86.73707,36.0947],[-86.73696,36.09446],[-86.73683,36.09422],[-86.7367,36.09396],[-86.73667,36.0939],[-86.73657,36.0937],[-86.73645,36.09346],[-86.73641,36.09338],[-86.73626,36.09309],[-86.73626,36.09308],[-86.73615,36.09288],[-86.7361,36.09277],[-86.73595,36.09248],[-86.73594,36.09246],[-86.73583,36.09223],[-86.73583,36.09223],[-86.73582,36.09222],[-86.73582,36.09221],[-86.73581,36.0922],[-86.73581,36.09219],[-86.7358,36.09218],[-86.7358,36.09217],[-86.73579,36.09216],[-86.73579,36.09215],[-86.73578,36.09215],[-86.73578,36.09214],[-86.73577,36.09212],[-86.73576,36.09211],[-86.73575,36.09209],[-86.73574,36.09207],[-86.73573,36.09205],[-86.73572,36.09204]]]}},{"type":"Feature","properties":{"name":"Sterling Oaks"},"geometry":{"type":"Polygon","coordinates":[[[-86.74846,36.03677],[-86.74845,36.03684],[-86.74823,36.03681],[-86.74769,36.03674],[-86.74697,36.03667],[-86.74635,36.03666],[-86.74602,36.03665],[-86.74595,36.03709],[-86.74496,36.03704],[-86.7442,36.03698],[-86.74362,36.03695],[-86.74363,36.03677],[-86.74365,36.03597],[-86.74368,36.03497],[-86.74371,36.03436],[-86.74373,36.034],[-86.74384,36.034],[-86.74498,36.03409],[-86.74593,36.03415],[-86.74638,36.03419],[-86.74642,36.03389],[-86.74644,36.03372],[-86.74648,36.03342],[-86.74668,36.03344],[-86.74672,36.03319],[-86.74677,36.03292],[-86.7468,36.03269],[-86.74685,36.0323],[-86.7469,36.03192],[-86.74696,36.03149],[-86.74705,36.03099],[-86.74707,36.03084],[-86.7473,36.03087],[-86.74823,36.03094],[-86.74933,36.03102],[-86.74927,36.03153],[-86.74899,36.03363],[-86.74889,36.03362],[-86.74878,36.03444],[-86.74863,36.03554],[-86.74846,36.03677]]]}},{"type":"Feature","properties":{"name":"Copperfield"},"geometry":{"type":"Polygon","coordinates":[[[-86.74924,36.04139],[-86.74884,36.04151],[-86.74851,36.04156],[-86.74831,36.04158],[-86.74813,36.04158],[-86.74817,36.04094],[-86.74821,36.03972],[-86.74826,36.03894],[-86.74828,36.03846],[-86.74829,36.03828],[-86.74831,36.03818],[-86.74838,36.03807],[-86.74845,36.0379],[-86.74845,36.03778],[-86.74836,36.03771],[-86.74813,36.03764],[-86.74819,36.03721],[-86.74825,36.03681],[-86.74845,36.03684],[-86.74846,36.03677],[-86.74852,36.03636],[-86.74861,36.03567],[-86.7487,36.03499],[-86.74883,36.03404],[-86.74889,36.03362],[-86.74899,36.03363],[-86.74905,36.03311],[-86.74934,36.031],[-86.75009,36.03106],[-86.75123,36.03116],[-86.7519,36.03122],[-86.75178,36.03203],[-86.75152,36.03376],[-86.75138,36.03468],[-86.75117,36.03612],[-86.75106,36.03684],[-86.75103,36.03703],[-86.75081,36.03703],[-86.75063,36.03847],[-86.75059,36.03885],[-86.74959,36.0389],[-86.74954,36.03968],[-86.74943,36.0413],[-86.74924,36.04139]]]}},{"type":"Feature","properties":{"name":"Glencliff"},"geometry":{"type":"Polygon","coordinates":[[[-86.7447,36.11076],[-86.74381,36.1107],[-86.74099,36.11044],[-86.74033,36.11038],[-86.73832,36.11018],[-86.73656,36.11],[-86.73621,36.10997],[-86.73576,36.10991],[-86.73478,36.10982],[-86.73447,36.10979],[-86.73357,36.1097],[-86.73276,36.10962],[-86.73209,36.10958],[-86.73119,36.10955],[-86.73098,36.10957],[-86.73047,36.10958],[-86.73045,36.10944],[-86.72857,36.10928],[-86.72847,36.10917],[-86.72861,36.10896],[-86.72799,36.10894],[-86.7279,36.10902],[-86.72774,36.1091],[-86.72734,36.10906],[-86.72723,36.10897],[-86.72717,36.109],[-86.7271,36.10899],[-86.72689,36.10885],[-86.72647,36.10879],[-86.72647,36.10883],[-86.72619,36.10876],[-86.72618,36.1088],[-86.72535,36.10862],[-86.72483,36.10859],[-86.72424,36.10859],[-86.72423,36.10862],[-86.7238,36.10863],[-86.72349,36.10853],[-86.72294,36.1084],[-86.72292,36.10851],[-86.72237,36.10836],[-86.72171,36.10812],[-86.72085,36.10781],[-86.72063,36.10756],[-86.72046,36.1074],[-86.71994,36.10687],[-86.71936,36.10629],[-86.71862,36.10565],[-86.71798,36.10515],[-86.71727,36.10466],[-86.71659,36.1042],[-86.71594,36.1038],[-86.71542,36.10344],[-86.71501,36.10312],[-86.71454,36.10272],[-86.71404,36.10224],[-86.71326,36.10143],[-86.71272,36.10082],[-86.71236,36.10084],[-86.71211,36.10056],[-86.71224,36.10027],[-86.71141,36.09927],[-86.71063,36.09834],[-86.71081,36.09786],[-86.71048,36.09776],[-86.70999,36.09716],[-86.70992,36.09736],[-86.7094,36.09672],[-86.7101,36.09684],[-86.71006,36.09696],[-86.71175,36.09726],[-86.71172,36.09739],[-86.71392,36.09779],[-86.71444,36.09786],[-86.71448,36.09761],[-86.71585,36.09764],[-86.71586,36.0975],[-86.71736,36.09754],[-86.71827,36.09737],[-86.71904,36.09716],[-86.71973,36.09693],[-86.72026,36.09671],[-86.72095,36.09635],[-86.72127,36.09617],[-86.72167,36.09593],[-86.72203,36.09568],[-86.72226,36.0955],[-86.72276,36.0951],[-86.72333,36.09463],[-86.72375,36.09428],[-86.72412,36.09398],[-86.72455,36.09363],[-86.72498,36.09328],[-86.72539,36.09295],[-86.72585,36.09265],[-86.72626,36.09241],[-86.72653,36.09227],[-86.72715,36.09201],[-86.72794,36.09174],[-86.72871,36.09153],[-86.72935,36.09138],[-86.72992,36.09128],[-86.73058,36.09119],[-86.73133,36.09113],[-86.73135,36.09106],[-86.73232,36.09107],[-86.73324,36.09107],[-86.73418,36.09108],[-86.73446,36.09109],[-86.7347,36.09132],[-86.7349,36.09154],[-86.73497,36.0916],[-86.73525,36.09192],[-86.73522,36.09194],[-86.73562,36.09279],[-86.73581,36.0928],[-86.73606,36.0933],[-86.73609,36.09336],[-86.73619,36.09355],[-86.73648,36.09411],[-86.73693,36.09499],[-86.73793,36.09694],[-86.73843,36.09793],[-86.73926,36.09951],[-86.73934,36.09969],[-86.73974,36.10048],[-86.74035,36.10171],[-86.74048,36.10194],[-86.7408,36.10257],[-86.74087,36.10275],[-86.74146,36.1039],[-86.74208,36.10512],[-86.74215,36.10525],[-86.74243,36.10579],[-86.74267,36.10627],[-86.74279,36.10645],[-86.74302,36.10688],[-86.74338,36.10757],[-86.74333,36.10763],[-86.74343,36.10777],[-86.74366,36.10818],[-86.74443,36.10971],[-86.74457,36.10995],[-86.74486,36.11055],[-86.74487,36.11059],[-86.74483,36.1107],[-86.7447,36.11076]]]}},{"type":"Feature","properties":{"name":"Wedgewood Houston (SNAP)"},"geometry":{"type":"Polygon","coordinates":[[[-86.77516,36.13892],[-86.77514,36.1391],[-86.77447,36.13902],[-86.77414,36.13897],[-86.77398,36.139],[-86.77377,36.13896],[-86.77374,36.13915],[-86.77361,36.13961],[-86.77343,36.14004],[-86.77332,36.14023],[-86.77305,36.14068],[-86.77279,36.14107],[-86.7724,36.14163],[-86.77231,36.1416],[-86.77228,36.14182],[-86.77213,36.14181],[-86.77196,36.14184],[-86.77175,36.14183],[-86.77159,36.1418],[-86.77153,36.14224],[-86.77142,36.14244],[-86.77133,36.14257],[-86.77121,36.14269],[-86.77107,36.14278],[-86.77044,36.14308],[-86.76955,36.1435],[-86.76929,36.14313],[-86.76923,36.14307],[-86.76904,36.14304],[-86.76838,36.14297],[-86.76822,36.14296],[-86.76806,36.14293],[-86.76773,36.14289],[-86.76754,36.14288],[-86.76653,36.14276],[-86.76604,36.14271],[-86.76582,36.14268],[-86.76537,36.14235],[-86.7651,36.14214],[-86.765,36.14211],[-86.76469,36.14165],[-86.7646,36.14151],[-86.7643,36.14106],[-86.76421,36.14093],[-86.76388,36.14044],[-86.76374,36.14026],[-86.76293,36.13919],[-86.76233,36.13836],[-86.76197,36.13788],[-86.76183,36.13771],[-86.76144,36.13718],[-86.76103,36.13664],[-86.76098,36.13656],[-86.76073,36.13631],[-86.76043,36.13589],[-86.76024,36.13563],[-86.76025,36.13557],[-86.7603,36.13555],[-86.76051,36.13557],[-86.76115,36.13562],[-86.76225,36.13571],[-86.76234,36.13558],[-86.76246,36.13516],[-86.76274,36.13408],[-86.76289,36.1335],[-86.76353,36.13358],[-86.76352,36.13365],[-86.76448,36.13373],[-86.76477,36.13376],[-86.7649,36.13304],[-86.76501,36.13235],[-86.76556,36.13241],[-86.76691,36.13254],[-86.76775,36.13263],[-86.76809,36.13266],[-86.76908,36.13276],[-86.76997,36.13284],[-86.77089,36.13293],[-86.77117,36.13295],[-86.77167,36.133],[-86.77217,36.13305],[-86.77205,36.13387],[-86.77202,36.13406],[-86.7722,36.13411],[-86.77241,36.13415],[-86.77319,36.13423],[-86.77344,36.13428],[-86.77415,36.13435],[-86.7747,36.1344],[-86.77703,36.1344],[-86.77743,36.1344],[-86.77822,36.13438],[-86.77888,36.13437],[-86.77896,36.13442],[-86.77894,36.13482],[-86.7789,36.13528],[-86.77881,36.13607],[-86.77878,36.13623],[-86.77869,36.13678],[-86.77861,36.13741],[-86.77851,36.13758],[-86.77847,36.13777],[-86.77851,36.13777],[-86.77838,36.13827],[-86.77828,36.13843],[-86.77822,36.13879],[-86.77827,36.13879],[-86.77825,36.13904],[-86.77825,36.13912],[-86.77819,36.13915],[-86.77684,36.13902],[-86.77516,36.13892]]]}},{"type":"Feature","properties":{"name":"Woodland-in-Waverly"},"geometry":{"type":"Polygon","coordinates":[[[-86.77898,36.13412],[-86.77888,36.13415],[-86.77877,36.13415],[-86.77843,36.13416],[-86.77706,36.13418],[-86.77709,36.13394],[-86.77672,36.13391],[-86.77673,36.1338],[-86.7766,36.13379],[-86.7755,36.13277],[-86.77517,36.13227],[-86.77519,36.13196],[-86.77512,36.13193],[-86.77497,36.13178],[-86.77481,36.13158],[-86.77467,36.13126],[-86.77451,36.13129],[-86.77402,36.13082],[-86.77374,36.13024],[-86.77353,36.12983],[-86.77338,36.12936],[-86.77321,36.12883],[-86.77312,36.12856],[-86.7735,36.12847],[-86.77412,36.12832],[-86.7748,36.12818],[-86.77516,36.12914],[-86.7752,36.12928],[-86.77652,36.12898],[-86.77778,36.12869],[-86.77807,36.12954],[-86.77847,36.13072],[-86.77908,36.13247],[-86.77912,36.13269],[-86.77912,36.1329],[-86.77908,36.13336],[-86.77898,36.13412]]]}},{"type":"Feature","properties":{"name":"Chestnut Hill (TAG)"},"geometry":{"type":"Polygon","coordinates":[[[-86.77018,36.15037],[-86.76973,36.15056],[-86.7692,36.15054],[-86.76904,36.15058],[-86.76919,36.15081],[-86.76878,36.15077],[-86.7687,36.15083],[-86.76838,36.15072],[-86.76805,36.15061],[-86.76789,36.15047],[-86.76761,36.15047],[-86.76699,36.15026],[-86.76621,36.15],[-86.76579,36.14985],[-86.76546,36.14973],[-86.76447,36.1494],[-86.76355,36.1491],[-86.76263,36.14879],[-86.76238,36.14871],[-86.76197,36.14858],[-86.7613,36.14835],[-86.76077,36.14817],[-86.76055,36.1481],[-86.76031,36.14801],[-86.75933,36.1477],[-86.75875,36.1475],[-86.75819,36.14731],[-86.75784,36.14719],[-86.75724,36.147],[-86.75591,36.14655],[-86.7561,36.14582],[-86.75642,36.14585],[-86.75645,36.14571],[-86.7566,36.14481],[-86.75674,36.14482],[-86.75674,36.14468],[-86.75692,36.1436],[-86.75701,36.14361],[-86.75709,36.1431],[-86.7568,36.14307],[-86.75701,36.14215],[-86.75717,36.14216],[-86.75719,36.14203],[-86.75753,36.1406],[-86.75725,36.14038],[-86.7565,36.14031],[-86.75618,36.14028],[-86.75602,36.14024],[-86.75591,36.14019],[-86.75597,36.13957],[-86.756,36.1393],[-86.75605,36.1389],[-86.7561,36.13845],[-86.75671,36.13854],[-86.75744,36.13865],[-86.75795,36.13873],[-86.75867,36.13884],[-86.75934,36.13895],[-86.75967,36.139],[-86.76055,36.13958],[-86.76062,36.13954],[-86.76076,36.13963],[-86.7607,36.13976],[-86.76081,36.13984],[-86.7609,36.14002],[-86.76102,36.14012],[-86.76111,36.1402],[-86.76128,36.1401],[-86.76132,36.14004],[-86.76179,36.14036],[-86.76274,36.14101],[-86.76261,36.14106],[-86.76265,36.14109],[-86.76295,36.1413],[-86.76313,36.14127],[-86.76344,36.14148],[-86.76351,36.14145],[-86.76384,36.14166],[-86.76391,36.14173],[-86.76418,36.1419],[-86.76415,36.14193],[-86.76485,36.14237],[-86.76499,36.14251],[-86.76625,36.14443],[-86.76674,36.14516],[-86.76802,36.14713],[-86.76859,36.14798],[-86.7693,36.14905],[-86.77018,36.15037]]]}},{"type":"Feature","properties":{"name":"Belmont-Hillsboro"},"geometry":{"type":"Polygon","coordinates":[[[-86.80108,36.13333],[-86.80096,36.1336],[-86.80082,36.13378],[-86.80055,36.13374],[-86.80051,36.13404],[-86.80042,36.13409],[-86.80028,36.13418],[-86.80004,36.1343],[-86.79998,36.13429],[-86.79973,36.13426],[-86.7997,36.13445],[-86.79952,36.13448],[-86.79912,36.13462],[-86.79914,36.13455],[-86.79855,36.1345],[-86.79836,36.13448],[-86.79829,36.13487],[-86.79823,36.13492],[-86.79784,36.13508],[-86.79747,36.13522],[-86.79729,36.13528],[-86.79724,36.13528],[-86.79721,36.13526],[-86.79691,36.13522],[-86.79689,36.13535],[-86.79686,36.13553],[-86.79683,36.13553],[-86.79624,36.13583],[-86.79632,36.1353],[-86.79631,36.13516],[-86.79659,36.13328],[-86.79662,36.13309],[-86.79663,36.13289],[-86.79605,36.13283],[-86.79589,36.1328],[-86.79577,36.13275],[-86.79565,36.13265],[-86.79559,36.13255],[-86.79556,36.13244],[-86.79558,36.13204],[-86.79562,36.13155],[-86.79565,36.13093],[-86.79571,36.13018],[-86.79572,36.12972],[-86.79566,36.12951],[-86.79555,36.12922],[-86.79533,36.12888],[-86.79509,36.12898],[-86.79454,36.12921],[-86.79281,36.12902],[-86.79231,36.12899],[-86.79237,36.12914],[-86.79233,36.12959],[-86.79224,36.13083],[-86.78893,36.13051],[-86.78896,36.13018],[-86.78905,36.12928],[-86.78906,36.12915],[-86.78909,36.12887],[-86.78914,36.12862],[-86.78917,36.12817],[-86.78921,36.12775],[-86.78923,36.12756],[-86.78927,36.1271],[-86.78933,36.12652],[-86.78934,36.12633],[-86.78937,36.12596],[-86.78939,36.12583],[-86.78942,36.12569],[-86.78951,36.12535],[-86.7896,36.12514],[-86.78965,36.12493],[-86.78978,36.12438],[-86.78973,36.12437],[-86.78977,36.12424],[-86.78981,36.12425],[-86.78985,36.12413],[-86.78984,36.12395],[-86.78987,36.12385],[-86.79009,36.12297],[-86.79035,36.12201],[-86.7904,36.12177],[-86.79047,36.12164],[-86.79066,36.12093],[-86.79065,36.12081],[-86.79072,36.12055],[-86.79077,36.12047],[-86.79092,36.11995],[-86.79094,36.11971],[-86.79105,36.11931],[-86.79115,36.11892],[-86.79118,36.11879],[-86.79127,36.11866],[-86.79132,36.11851],[-86.79165,36.11806],[-86.79294,36.11827],[-86.79298,36.1181],[-86.79304,36.11786],[-86.79312,36.1178],[-86.79326,36.11782],[-86.79327,36.11778],[-86.79331,36.11763],[-86.79363,36.11739],[-86.7939,36.11733],[-86.79399,36.11722],[-86.79404,36.1168],[-86.79467,36.1166],[-86.79536,36.11651],[-86.79612,36.11634],[-86.79679,36.1164],[-86.7968,36.11633],[-86.79714,36.11637],[-86.79729,36.11635],[-86.79787,36.11654],[-86.79818,36.11666],[-86.79867,36.11687],[-86.79931,36.1172],[-86.79956,36.11735],[-86.80003,36.11796],[-86.80035,36.11827],[-86.80021,36.11838],[-86.80035,36.11847],[-86.80077,36.11883],[-86.80081,36.11896],[-86.80118,36.11914],[-86.80145,36.11936],[-86.80172,36.11977],[-86.80234,36.1206],[-86.80263,36.12095],[-86.80268,36.12108],[-86.80277,36.12131],[-86.80288,36.12149],[-86.80325,36.12181],[-86.80362,36.12217],[-86.80394,36.12227],[-86.80446,36.1228],[-86.80438,36.12318],[-86.80434,36.12334],[-86.80456,36.12337],[-86.80462,36.12348],[-86.8045,36.12402],[-86.80584,36.12413],[-86.8059,36.1244],[-86.80575,36.12476],[-86.80567,36.12488],[-86.805,36.1258],[-86.8048,36.12595],[-86.8048,36.12603],[-86.80468,36.12609],[-86.80449,36.12629],[-86.80446,36.12638],[-86.80392,36.12695],[-86.80373,36.12716],[-86.80342,36.12751],[-86.80345,36.12751],[-86.80314,36.12807],[-86.80301,36.12826],[-86.80284,36.12855],[-86.80245,36.12929],[-86.80234,36.12945],[-86.80195,36.13018],[-86.80184,36.13038],[-86.80139,36.1312],[-86.80133,36.13167],[-86.80133,36.13175],[-86.80129,36.13209],[-86.80124,36.13251],[-86.80118,36.13307],[-86.80114,36.13318],[-86.80108,36.13333]]]}},{"type":"Feature","properties":{"name":"Cherokee Park"},"geometry":{"type":"Polygon","coordinates":[[[-86.84242,36.13628],[-86.84215,36.1364],[-86.84196,36.13648],[-86.8418,36.13653],[-86.84094,36.13675],[-86.83997,36.13701],[-86.83891,36.13728],[-86.83783,36.13757],[-86.83701,36.13778],[-86.8368,36.13779],[-86.83552,36.13811],[-86.83467,36.13833],[-86.83466,36.13828],[-86.83437,36.13834],[-86.83434,36.1383],[-86.83445,36.13713],[-86.83447,36.13697],[-86.83373,36.13688],[-86.83386,36.13594],[-86.83389,36.13566],[-86.83395,36.13517],[-86.83404,36.13446],[-86.8341,36.13395],[-86.83424,36.13292],[-86.8337,36.13175],[-86.83453,36.13151],[-86.83479,36.13142],[-86.8358,36.13109],[-86.83673,36.13078],[-86.83773,36.13046],[-86.83836,36.13024],[-86.8386,36.1306],[-86.83921,36.13153],[-86.83994,36.13262],[-86.84054,36.13355],[-86.84113,36.13441],[-86.84178,36.13537],[-86.84242,36.13628]]]}},{"type":"Feature","properties":{"name":"Richland-West End"},"geometry":{"type":"Polygon","coordinates":[[[-86.82358,36.13879],[-86.82353,36.13858],[-86.82341,36.13821],[-86.82334,36.13803],[-86.82307,36.1375],[-86.82298,36.1373],[-86.82267,36.1368],[-86.82279,36.13671],[-86.82358,36.13615],[-86.82392,36.13592],[-86.82444,36.13566],[-86.82498,36.13543],[-86.82611,36.13501],[-86.82699,36.1347],[-86.8276,36.13448],[-86.82843,36.13417],[-86.82873,36.13407],[-86.82874,36.13406],[-86.82874,36.13406],[-86.82874,36.13406],[-86.82847,36.13356],[-86.83032,36.1329],[-86.83055,36.13331],[-86.8306,36.1334],[-86.8306,36.1334],[-86.83113,36.13322],[-86.83144,36.1331],[-86.83229,36.13279],[-86.83303,36.13254],[-86.83374,36.1323],[-86.83395,36.13274],[-86.83403,36.13299],[-86.83388,36.13407],[-86.83373,36.13531],[-86.8337,36.13546],[-86.83351,36.13705],[-86.83372,36.13705],[-86.8344,36.13712],[-86.83434,36.1377],[-86.83426,36.13844],[-86.83394,36.13852],[-86.83358,36.13861],[-86.83322,36.1386],[-86.83255,36.13877],[-86.83209,36.13888],[-86.83189,36.13904],[-86.83093,36.13929],[-86.82998,36.13953],[-86.82908,36.13981],[-86.82893,36.13986],[-86.82876,36.13993],[-86.82833,36.14016],[-86.82695,36.14001],[-86.82605,36.13992],[-86.82537,36.13985],[-86.82501,36.13982],[-86.8239,36.13971],[-86.82389,36.13947],[-86.82358,36.13879]]]}},{"type":"Feature","properties":{"name":"Whitland Area"},"geometry":{"type":"Polygon","coordinates":[[[-86.8355,36.13095],[-86.83484,36.13116],[-86.83435,36.13133],[-86.83418,36.13136],[-86.83266,36.13179],[-86.83154,36.13219],[-86.83128,36.13228],[-86.82928,36.133],[-86.8283,36.13336],[-86.82779,36.13354],[-86.82704,36.13381],[-86.82706,36.13383],[-86.82617,36.13415],[-86.82531,36.13446],[-86.82535,36.13424],[-86.82541,36.13402],[-86.82549,36.13384],[-86.82557,36.13369],[-86.82547,36.1334],[-86.82557,36.13287],[-86.82576,36.13168],[-86.8259,36.13073],[-86.826,36.13018],[-86.82622,36.12882],[-86.82631,36.12835],[-86.82629,36.12829],[-86.82639,36.12715],[-86.82649,36.12597],[-86.82654,36.12529],[-86.82712,36.12531],[-86.8271,36.12541],[-86.82757,36.12542],[-86.82762,36.12531],[-86.82795,36.12494],[-86.82844,36.12498],[-86.8287,36.12501],[-86.82904,36.12514],[-86.82914,36.12518],[-86.83034,36.12529],[-86.83126,36.12537],[-86.83236,36.12546],[-86.83245,36.12547],[-86.83241,36.12589],[-86.83342,36.12597],[-86.83351,36.12658],[-86.83368,36.12775],[-86.83384,36.12888],[-86.83395,36.12954],[-86.83476,36.12944],[-86.83515,36.12939],[-86.8358,36.12965],[-86.83598,36.13029],[-86.8355,36.13044],[-86.83533,36.13045],[-86.8355,36.13095]]]}},{"type":"Feature","properties":{"name":"Woodlawn Area"},"geometry":{"type":"Polygon","coordinates":[[[-86.83346,36.12506],[-86.83345,36.12498],[-86.83327,36.12502],[-86.83289,36.12499],[-86.83252,36.12497],[-86.83245,36.12547],[-86.83147,36.12539],[-86.83034,36.12529],[-86.82936,36.1252],[-86.82914,36.12518],[-86.8287,36.12501],[-86.82807,36.12495],[-86.82795,36.12494],[-86.82762,36.12531],[-86.82757,36.12542],[-86.8271,36.12541],[-86.82712,36.12531],[-86.82654,36.12529],[-86.82666,36.124],[-86.82669,36.12378],[-86.82643,36.12377],[-86.82608,36.12375],[-86.82573,36.12372],[-86.82577,36.12324],[-86.82581,36.12286],[-86.82583,36.12237],[-86.82577,36.12223],[-86.82577,36.12188],[-86.82577,36.12168],[-86.82585,36.12166],[-86.82584,36.12113],[-86.82576,36.12113],[-86.82575,36.11975],[-86.82573,36.1193],[-86.82579,36.11818],[-86.82571,36.11818],[-86.82576,36.1175],[-86.82569,36.11749],[-86.82569,36.11735],[-86.82575,36.1164],[-86.8259,36.11641],[-86.82594,36.11557],[-86.82651,36.11563],[-86.82751,36.11574],[-86.82909,36.11591],[-86.83008,36.11601],[-86.83073,36.11609],[-86.83235,36.11623],[-86.83328,36.11631],[-86.83358,36.11634],[-86.83452,36.11643],[-86.83526,36.1165],[-86.83629,36.11661],[-86.83662,36.11664],[-86.83674,36.11665],[-86.83661,36.11758],[-86.83695,36.11761],[-86.83728,36.11764],[-86.83812,36.11772],[-86.83799,36.11864],[-86.83797,36.11881],[-86.83861,36.11887],[-86.83851,36.11973],[-86.83849,36.11985],[-86.83933,36.11993],[-86.83919,36.12064],[-86.83829,36.12059],[-86.83824,36.12091],[-86.83817,36.12148],[-86.83815,36.12165],[-86.83824,36.12166],[-86.83822,36.12195],[-86.83818,36.12219],[-86.83816,36.1223],[-86.83806,36.12229],[-86.83803,36.12253],[-86.83798,36.12272],[-86.83791,36.12285],[-86.83779,36.123],[-86.83796,36.12304],[-86.83786,36.12371],[-86.83784,36.1239],[-86.83781,36.12412],[-86.83788,36.12413],[-86.83781,36.12468],[-86.83777,36.12481],[-86.83847,36.12488],[-86.83839,36.12557],[-86.83675,36.12541],[-86.83541,36.12526],[-86.83346,36.12506]]]}},{"type":"Feature","properties":{"name":"Hampton Ave/Golf Club Ln"},"geometry":{"type":"Polygon","coordinates":[[[-86.82324,36.11931],[-86.82309,36.1193],[-86.82303,36.11997],[-86.82236,36.1199],[-86.82175,36.11984],[-86.82172,36.12011],[-86.82158,36.12007],[-86.821,36.12001],[-86.82008,36.11991],[-86.81895,36.11979],[-86.81859,36.11975],[-86.81841,36.11976],[-86.81775,36.11969],[-86.81707,36.11961],[-86.81706,36.11974],[-86.81604,36.11963],[-86.81606,36.11951],[-86.81547,36.11945],[-86.8153,36.11941],[-86.81534,36.11914],[-86.81424,36.11902],[-86.81431,36.1185],[-86.81433,36.11838],[-86.81308,36.11826],[-86.81137,36.11806],[-86.81016,36.11793],[-86.8103,36.11767],[-86.81045,36.11735],[-86.81058,36.11697],[-86.81068,36.1166],[-86.81077,36.11616],[-86.81077,36.11601],[-86.81083,36.11549],[-86.81089,36.1151],[-86.81152,36.11517],[-86.81236,36.11526],[-86.81236,36.11524],[-86.81384,36.11538],[-86.81515,36.11551],[-86.81575,36.11557],[-86.81597,36.11558],[-86.81709,36.11569],[-86.81822,36.1158],[-86.82051,36.11602],[-86.82147,36.11612],[-86.8224,36.11621],[-86.82267,36.11623],[-86.82268,36.11637],[-86.82314,36.11641],[-86.82391,36.11649],[-86.82422,36.11652],[-86.82423,36.1164],[-86.82507,36.11644],[-86.82508,36.11635],[-86.82575,36.1164],[-86.82572,36.11693],[-86.82569,36.11735],[-86.82568,36.11749],[-86.82576,36.1175],[-86.82571,36.11818],[-86.82579,36.11818],[-86.82576,36.11868],[-86.82573,36.1193],[-86.82488,36.11931],[-86.82409,36.11932],[-86.82407,36.1193],[-86.82324,36.11931]]]}},{"type":"Feature","properties":{"name":"Woodmont Estates"},"geometry":{"type":"Polygon","coordinates":[[[-86.82373,36.11513],[-86.82336,36.11509],[-86.82242,36.115],[-86.82124,36.11488],[-86.82108,36.11486],[-86.81987,36.11474],[-86.81899,36.11464],[-86.818,36.11454],[-86.81691,36.11443],[-86.81605,36.11434],[-86.81537,36.11427],[-86.81419,36.11415],[-86.81275,36.114],[-86.81203,36.11395],[-86.81219,36.11296],[-86.81329,36.11307],[-86.81344,36.11308],[-86.81349,36.11279],[-86.81424,36.11287],[-86.81458,36.11065],[-86.81467,36.11004],[-86.81568,36.11015],[-86.81763,36.11035],[-86.81789,36.11038],[-86.81909,36.1105],[-86.81972,36.11057],[-86.8198,36.11009],[-86.82021,36.11014],[-86.82055,36.10949],[-86.82112,36.10838],[-86.82156,36.10756],[-86.82183,36.10705],[-86.822,36.10673],[-86.82234,36.10676],[-86.82267,36.1068],[-86.82325,36.10686],[-86.82325,36.10684],[-86.82396,36.10691],[-86.82443,36.10696],[-86.82473,36.107],[-86.82509,36.10707],[-86.82534,36.10712],[-86.82572,36.10725],[-86.82613,36.10741],[-86.82651,36.10759],[-86.82705,36.1079],[-86.82746,36.10816],[-86.82782,36.10838],[-86.82807,36.1085],[-86.82845,36.10866],[-86.82849,36.10873],[-86.8284,36.10941],[-86.82832,36.11003],[-86.82827,36.11049],[-86.82814,36.11125],[-86.82802,36.11189],[-86.82797,36.11213],[-86.8279,36.11257],[-86.82798,36.11258],[-86.82788,36.11313],[-86.82779,36.11312],[-86.82769,36.11368],[-86.8276,36.11403],[-86.82732,36.11552],[-86.82521,36.11529],[-86.82482,36.11525],[-86.82428,36.11519],[-86.82373,36.11513]]]}},{"type":"Feature","properties":{"name":"Avalon"},"geometry":{"type":"Polygon","coordinates":[[[-86.79311,36.10961],[-86.79328,36.10924],[-86.79308,36.10923],[-86.79282,36.1092],[-86.79216,36.10913],[-86.791,36.10899],[-86.79063,36.10895],[-86.79001,36.10886],[-86.78946,36.10876],[-86.789,36.10866],[-86.7884,36.1085],[-86.7885,36.10817],[-86.78869,36.1076],[-86.78882,36.10713],[-86.78887,36.10701],[-86.78913,36.10621],[-86.78918,36.10606],[-86.7901,36.1037],[-86.79063,36.10231],[-86.79072,36.102],[-86.79097,36.10202],[-86.79099,36.10188],[-86.79127,36.10143],[-86.79316,36.10151],[-86.7974,36.10171],[-86.79749,36.10172],[-86.79807,36.10175],[-86.79806,36.10178],[-86.79845,36.10201],[-86.79848,36.10199],[-86.79852,36.10198],[-86.79856,36.10197],[-86.80059,36.10127],[-86.80061,36.10127],[-86.80063,36.10126],[-86.80064,36.10126],[-86.80066,36.10125],[-86.80068,36.10125],[-86.8007,36.10125],[-86.80072,36.10125],[-86.80074,36.10125],[-86.80076,36.10125],[-86.80078,36.10125],[-86.80158,36.10132],[-86.80173,36.10133],[-86.80187,36.10135],[-86.80224,36.10138],[-86.80256,36.10142],[-86.80352,36.1015],[-86.80426,36.10158],[-86.8056,36.10171],[-86.80607,36.10175],[-86.80665,36.10181],[-86.80658,36.10235],[-86.8063,36.1044],[-86.80603,36.10639],[-86.805,36.10628],[-86.80495,36.10656],[-86.80435,36.10649],[-86.80426,36.10648],[-86.80411,36.10728],[-86.80424,36.1073],[-86.80424,36.10779],[-86.80423,36.10793],[-86.80423,36.10888],[-86.80422,36.10901],[-86.80421,36.10946],[-86.80266,36.10932],[-86.8017,36.10924],[-86.80156,36.11033],[-86.80055,36.11025],[-86.80025,36.11022],[-86.7997,36.11017],[-86.79839,36.11006],[-86.79747,36.10998],[-86.79621,36.10987],[-86.79545,36.10981],[-86.79477,36.10975],[-86.79411,36.1097],[-86.79311,36.10961]]]}},{"type":"Feature","properties":{"name":"Battlemont"},"geometry":{"type":"Polygon","coordinates":[[[-86.79855,36.11579],[-86.79848,36.1158],[-86.79787,36.11558],[-86.79731,36.11543],[-86.79679,36.11532],[-86.79633,36.11524],[-86.79605,36.1152],[-86.79598,36.11534],[-86.79593,36.11559],[-86.79523,36.1157],[-86.79455,36.1157],[-86.79384,36.11569],[-86.79359,36.11568],[-86.79336,36.11563],[-86.79335,36.11516],[-86.79302,36.11517],[-86.79301,36.11422],[-86.79302,36.11408],[-86.79233,36.11402],[-86.79209,36.11397],[-86.79212,36.11412],[-86.79197,36.11477],[-86.79016,36.1146],[-86.79016,36.11463],[-86.78986,36.1148],[-86.78959,36.1149],[-86.78947,36.11492],[-86.78944,36.11508],[-86.78939,36.11536],[-86.78856,36.11545],[-86.78791,36.11549],[-86.78691,36.11552],[-86.78668,36.11556],[-86.78525,36.11551],[-86.7846,36.11561],[-86.78353,36.11559],[-86.78342,36.11511],[-86.78314,36.11513],[-86.78256,36.11515],[-86.78157,36.11511],[-86.78021,36.11505],[-86.78003,36.11508],[-86.7797,36.11508],[-86.77936,36.11502],[-86.7787,36.11498],[-86.77713,36.1146],[-86.77677,36.11453],[-86.77647,36.11447],[-86.77581,36.11416],[-86.77557,36.11389],[-86.7756,36.11376],[-86.77519,36.1137],[-86.77519,36.11359],[-86.77492,36.11355],[-86.77469,36.11362],[-86.77433,36.11332],[-86.77434,36.11294],[-86.775,36.11303],[-86.77501,36.11269],[-86.77497,36.11238],[-86.7749,36.11195],[-86.77484,36.11177],[-86.77484,36.1113],[-86.77487,36.1111],[-86.77491,36.11085],[-86.77492,36.11061],[-86.77551,36.11058],[-86.77567,36.11055],[-86.77566,36.11027],[-86.77568,36.11026],[-86.77635,36.11021],[-86.77728,36.11015],[-86.77763,36.11013],[-86.77795,36.11007],[-86.77897,36.11001],[-86.77931,36.11001],[-86.77979,36.11004],[-86.78045,36.11011],[-86.78101,36.1102],[-86.78194,36.11034],[-86.78315,36.11049],[-86.78443,36.11066],[-86.78569,36.11082],[-86.7865,36.11093],[-86.78731,36.11103],[-86.78763,36.11107],[-86.78872,36.11121],[-86.78971,36.11135],[-86.79069,36.11147],[-86.79146,36.11158],[-86.79194,36.11164],[-86.79247,36.1117],[-86.79296,36.11179],[-86.7933,36.11186],[-86.79354,36.11194],[-86.79385,36.11208],[-86.79413,36.11223],[-86.79446,36.11243],[-86.79468,36.11254],[-86.7948,36.1126],[-86.79501,36.11268],[-86.79525,36.11274],[-86.79548,36.11277],[-86.79653,36.11286],[-86.79728,36.11293],[-86.79813,36.113],[-86.79909,36.11308],[-86.79985,36.11314],[-86.79976,36.11386],[-86.79971,36.11414],[-86.79964,36.11433],[-86.79958,36.11447],[-86.79945,36.11474],[-86.79926,36.11498],[-86.79892,36.11537],[-86.79855,36.11579]]]}},{"type":"Feature","properties":{"name":"Burton Valley"},"geometry":{"type":"Polygon","coordinates":[[[-86.81808,36.09067],[-86.81719,36.09058],[-86.81609,36.09047],[-86.81507,36.09038],[-86.81282,36.09018],[-86.8125,36.09015],[-86.81145,36.09006],[-86.80977,36.0899],[-86.80816,36.08976],[-86.80767,36.08972],[-86.8064,36.08959],[-86.80583,36.08955],[-86.80498,36.08947],[-86.8054,36.08823],[-86.80586,36.08682],[-86.80559,36.08679],[-86.80579,36.08633],[-86.80637,36.08639],[-86.80666,36.08586],[-86.80687,36.08487],[-86.80649,36.0848],[-86.80697,36.08242],[-86.80705,36.08167],[-86.80719,36.08094],[-86.80876,36.08109],[-86.80926,36.08114],[-86.80975,36.08118],[-86.81006,36.08118],[-86.81039,36.08113],[-86.81068,36.08106],[-86.81097,36.08093],[-86.81127,36.08075],[-86.81148,36.08056],[-86.81166,36.08035],[-86.81196,36.07988],[-86.81203,36.08044],[-86.81316,36.08056],[-86.815,36.08075],[-86.81582,36.08039],[-86.81641,36.08104],[-86.81662,36.08089],[-86.81684,36.0809],[-86.81785,36.08155],[-86.81804,36.08151],[-86.81791,36.08108],[-86.81848,36.08114],[-86.81859,36.08018],[-86.81915,36.08018],[-86.81975,36.08032],[-86.81979,36.08018],[-86.82044,36.08031],[-86.82015,36.08132],[-86.81989,36.08318],[-86.81981,36.08373],[-86.81958,36.08528],[-86.81942,36.08644],[-86.81924,36.08755],[-86.81913,36.08831],[-86.81903,36.0883],[-86.81903,36.08891],[-86.81903,36.0893],[-86.81865,36.08953],[-86.81853,36.09017],[-86.81873,36.09061],[-86.81874,36.09072],[-86.81808,36.09067]]]}},{"type":"Feature","properties":{"name":"Arden Place"},"geometry":{"type":"Polygon","coordinates":[[[-86.8054,36.09899],[-86.80425,36.0989],[-86.80413,36.09957],[-86.80286,36.09946],[-86.80294,36.09877],[-86.80251,36.09877],[-86.80188,36.09874],[-86.80193,36.09819],[-86.80216,36.09634],[-86.80407,36.09648],[-86.80583,36.09662],[-86.8054,36.09899]]]}},{"type":"Feature","properties":{"name":"Hill Place"},"geometry":{"type":"Polygon","coordinates":[[[-86.86323,36.12305],[-86.86152,36.12279],[-86.86092,36.1227],[-86.86069,36.12267],[-86.85929,36.12221],[-86.85946,36.12183],[-86.85955,36.12146],[-86.85935,36.12136],[-86.85931,36.12129],[-86.85836,36.12084],[-86.85841,36.12078],[-86.85585,36.11959],[-86.85569,36.11953],[-86.85611,36.1192],[-86.85698,36.11855],[-86.85778,36.11799],[-86.85866,36.1174],[-86.85942,36.11689],[-86.85995,36.11652],[-86.86062,36.116],[-86.86107,36.11564],[-86.86164,36.11513],[-86.86198,36.1152],[-86.86287,36.11534],[-86.86419,36.11556],[-86.86566,36.11581],[-86.86536,36.11705],[-86.8659,36.11716],[-86.86614,36.11726],[-86.8672,36.1177],[-86.86795,36.118],[-86.86778,36.11855],[-86.86737,36.11956],[-86.86688,36.12076],[-86.86662,36.1214],[-86.8665,36.12159],[-86.86635,36.12178],[-86.86616,36.12197],[-86.86586,36.12219],[-86.86553,36.12237],[-86.86517,36.12249],[-86.86477,36.12256],[-86.86436,36.12257],[-86.86348,36.12246],[-86.86323,36.12305]]]}},{"type":"Feature","properties":{"name":"Woodland Forest"},"geometry":{"type":"Polygon","coordinates":[[[-86.93594,36.10804],[-86.93533,36.10832],[-86.93524,36.1082],[-86.93482,36.10843],[-86.93444,36.1087],[-86.93395,36.10781],[-86.93375,36.10728],[-86.93359,36.10682],[-86.93345,36.10638],[-86.93331,36.10595],[-86.93316,36.10527],[-86.9333,36.10524],[-86.93324,36.10474],[-86.93328,36.10392],[-86.93438,36.10247],[-86.93467,36.102],[-86.93519,36.10129],[-86.9362,36.10172],[-86.93699,36.10125],[-86.93728,36.10127],[-86.93791,36.10144],[-86.93774,36.10267],[-86.93759,36.1036],[-86.93739,36.10481],[-86.93646,36.10476],[-86.93645,36.1049],[-86.9364,36.10491],[-86.93639,36.10519],[-86.93625,36.10545],[-86.93611,36.10572],[-86.9358,36.10589],[-86.93564,36.10598],[-86.93566,36.10659],[-86.93567,36.10682],[-86.93571,36.10704],[-86.9359,36.10785],[-86.93594,36.10804]]]}},{"type":"Feature","properties":{"name":"Nations"},"geometry":{"type":"Polygon","coordinates":[[[-86.85708,36.17187],[-86.85677,36.17167],[-86.85664,36.17157],[-86.85651,36.17149],[-86.85643,36.17143],[-86.85636,36.17137],[-86.85618,36.17122],[-86.85607,36.17107],[-86.85591,36.17095],[-86.85576,36.17082],[-86.85552,36.17062],[-86.85535,36.17053],[-86.8551,36.17035],[-86.85491,36.17026],[-86.8548,36.1702],[-86.85475,36.17018],[-86.85461,36.17011],[-86.85453,36.17003],[-86.85443,36.16994],[-86.85431,36.16985],[-86.85417,36.16977],[-86.85399,36.16965],[-86.85378,36.16951],[-86.85375,36.16949],[-86.85371,36.16946],[-86.85366,36.16941],[-86.8536,36.16937],[-86.85354,36.16924],[-86.85352,36.16921],[-86.85349,36.16919],[-86.85346,36.16918],[-86.85343,36.16916],[-86.8534,36.16915],[-86.85337,36.16914],[-86.85334,36.16912],[-86.85331,36.16911],[-86.85328,36.16909],[-86.85325,36.16908],[-86.85322,36.16907],[-86.85322,36.16906],[-86.85321,36.16906],[-86.8532,36.16906],[-86.8532,36.16905],[-86.85319,36.16905],[-86.85319,36.16905],[-86.85318,36.16904],[-86.85318,36.16903],[-86.85318,36.16903],[-86.85317,36.16902],[-86.85317,36.16902],[-86.85316,36.16902],[-86.85315,36.16901],[-86.85315,36.16901],[-86.85314,36.169],[-86.85314,36.169],[-86.85313,36.169],[-86.85312,36.16899],[-86.85312,36.16899],[-86.85311,36.16898],[-86.8531,36.16898],[-86.85309,36.16897],[-86.85308,36.16897],[-86.85307,36.16897],[-86.85306,36.16896],[-86.85305,36.16896],[-86.85304,36.16895],[-86.85303,36.16895],[-86.85302,36.16895],[-86.85301,36.16894],[-86.85296,36.16892],[-86.85291,36.16889],[-86.8529,36.16888],[-86.85289,36.16887],[-86.85289,36.16887],[-86.85288,36.16886],[-86.85287,36.16885],[-86.85285,36.16885],[-86.85284,36.16884],[-86.85283,36.16884],[-86.85282,36.16883],[-86.85281,36.16883],[-86.8528,36.16882],[-86.85279,36.16882],[-86.85277,36.16881],[-86.85276,36.16881],[-86.85275,36.1688],[-86.85274,36.1688],[-86.85273,36.16879],[-86.85272,36.16879],[-86.85271,36.16878],[-86.85269,36.16877],[-86.85268,36.16877],[-86.85267,36.16876],[-86.85266,36.16876],[-86.85265,36.16875],[-86.85264,36.16874],[-86.85263,36.16874],[-86.85262,36.16873],[-86.85261,36.16872],[-86.8526,36.16872],[-86.85259,36.16871],[-86.85257,36.1687],[-86.85256,36.1687],[-86.85254,36.16869],[-86.85252,36.16868],[-86.85251,36.16867],[-86.85249,36.16866],[-86.85247,36.16866],[-86.85246,36.16865],[-86.85244,36.16864],[-86.85243,36.16863],[-86.85242,36.16863],[-86.85241,36.16862],[-86.8524,36.16862],[-86.85239,36.16862],[-86.85239,36.16861],[-86.85238,36.16861],[-86.85237,36.1686],[-86.85236,36.1686],[-86.85235,36.1686],[-86.85235,36.16859],[-86.85233,36.16859],[-86.85232,36.16858],[-86.85231,36.16858],[-86.8523,36.16857],[-86.85229,36.16856],[-86.85229,36.16856],[-86.85228,36.16855],[-86.85227,36.16854],[-86.85226,36.16854],[-86.85225,36.16853],[-86.85225,36.16852],[-86.85224,36.16851],[-86.85224,36.1685],[-86.85223,36.16849],[-86.85223,36.16849],[-86.85222,36.16848],[-86.85221,36.16847],[-86.85221,36.16846],[-86.8522,36.16845],[-86.85219,36.16845],[-86.85218,36.16844],[-86.85217,36.16843],[-86.85217,36.16843],[-86.85216,36.16842],[-86.85214,36.16842],[-86.85213,36.16841],[-86.85212,36.16841],[-86.85211,36.16841],[-86.85211,36.16841],[-86.8521,36.1684],[-86.85209,36.1684],[-86.85208,36.1684],[-86.85207,36.1684],[-86.85206,36.1684],[-86.85205,36.16839],[-86.85204,36.16839],[-86.85203,36.16838],[-86.85203,36.16837],[-86.85202,36.16837],[-86.85202,36.16836],[-86.85201,36.16835],[-86.85196,36.16829],[-86.85191,36.16823],[-86.8519,36.16822],[-86.85188,36.16821],[-86.85187,36.1682],[-86.85186,36.16819],[-86.85184,36.16818],[-86.85183,36.16817],[-86.85181,36.16816],[-86.8518,36.16815],[-86.85178,36.16814],[-86.85177,36.16813],[-86.85173,36.16812],[-86.85159,36.16805],[-86.85158,36.16805],[-86.85156,36.16804],[-86.85154,36.16803],[-86.85152,36.16802],[-86.8515,36.16801],[-86.85148,36.168],[-86.85146,36.16799],[-86.85145,36.16799],[-86.85143,36.16798],[-86.85141,36.16797],[-86.85139,36.16796],[-86.85138,36.16795],[-86.85136,36.16794],[-86.85134,36.16793],[-86.85132,36.16792],[-86.8513,36.16791],[-86.85129,36.1679],[-86.85127,36.16789],[-86.85125,36.16788],[-86.85123,36.16787],[-86.85122,36.16786],[-86.8512,36.16785],[-86.85118,36.16784],[-86.85117,36.16783],[-86.85115,36.16782],[-86.85113,36.16782],[-86.85111,36.16781],[-86.8511,36.1678],[-86.85108,36.1678],[-86.85106,36.16779],[-86.85104,36.16779],[-86.85103,36.16778],[-86.85101,36.16777],[-86.85099,36.16777],[-86.85098,36.16776],[-86.85096,36.16775],[-86.85095,36.16775],[-86.85093,36.16774],[-86.85092,36.16773],[-86.8509,36.16773],[-86.85088,36.16772],[-86.85087,36.16771],[-86.85085,36.16771],[-86.85084,36.1677],[-86.85082,36.16769],[-86.85081,36.16768],[-86.8508,36.16768],[-86.85078,36.16767],[-86.85077,36.16766],[-86.85076,36.16765],[-86.85075,36.16764],[-86.85074,36.16764],[-86.85073,36.16763],[-86.85073,36.16762],[-86.85072,36.16762],[-86.85071,36.16761],[-86.8507,36.16761],[-86.85069,36.1676],[-86.85068,36.1676],[-86.85067,36.16759],[-86.85067,36.16759],[-86.85066,36.16758],[-86.85065,36.16758],[-86.85065,36.16758],[-86.85064,36.16757],[-86.85063,36.16757],[-86.85063,36.16757],[-86.85062,36.16757],[-86.85061,36.16756],[-86.85061,36.16756],[-86.85058,36.16755],[-86.85056,36.16754],[-86.85054,36.16754],[-86.85051,36.16753],[-86.85049,36.16752],[-86.85047,36.16751],[-86.85045,36.1675],[-86.85042,36.16749],[-86.8504,36.16748],[-86.85038,36.16748],[-86.85035,36.16747],[-86.85032,36.16746],[-86.85029,36.16745],[-86.85026,36.16745],[-86.85023,36.16744],[-86.8502,36.16743],[-86.85017,36.16742],[-86.85014,36.16742],[-86.85012,36.16741],[-86.85009,36.16741],[-86.85006,36.1674],[-86.85003,36.1674],[-86.85001,36.16739],[-86.84998,36.16738],[-86.84996,36.16738],[-86.84996,36.16738],[-86.84993,36.16737],[-86.84991,36.16736],[-86.84988,36.16735],[-86.84986,36.16734],[-86.84983,36.16734],[-86.84967,36.16729],[-86.84951,36.16725],[-86.84949,36.16724],[-86.84946,36.16723],[-86.84943,36.16721],[-86.8494,36.1672],[-86.84938,36.16719],[-86.84935,36.16718],[-86.84932,36.16717],[-86.84929,36.16716],[-86.84926,36.16715],[-86.84923,36.16714],[-86.84921,36.16713],[-86.84919,36.16712],[-86.84916,36.16711],[-86.84914,36.1671],[-86.84911,36.16709],[-86.84909,36.16708],[-86.84907,36.16707],[-86.84904,36.16706],[-86.84902,36.16705],[-86.849,36.16704],[-86.84897,36.16703],[-86.84894,36.16702],[-86.84892,36.16702],[-86.84889,36.16701],[-86.84886,36.167],[-86.84884,36.16699],[-86.84881,36.16698],[-86.84878,36.16697],[-86.84876,36.16696],[-86.84873,36.16695],[-86.8487,36.16695],[-86.84867,36.16694],[-86.84864,36.16693],[-86.84863,36.16693],[-86.8486,36.16692],[-86.84857,36.16691],[-86.84854,36.1669],[-86.8485,36.16689],[-86.84847,36.16689],[-86.84844,36.16688],[-86.84841,36.16687],[-86.84837,36.16686],[-86.84834,36.16685],[-86.84831,36.16684],[-86.84828,36.16683],[-86.84825,36.16682],[-86.84821,36.16681],[-86.84818,36.16681],[-86.84815,36.1668],[-86.84812,36.16679],[-86.84808,36.16678],[-86.84805,36.16678],[-86.84802,36.16677],[-86.84799,36.16677],[-86.84796,36.16676],[-86.84794,36.16676],[-86.84791,36.16675],[-86.84788,36.16674],[-86.84788,36.16674],[-86.84785,36.16674],[-86.84782,36.16673],[-86.84779,36.16672],[-86.84777,36.16671],[-86.84773,36.1667],[-86.8477,36.1667],[-86.84766,36.16669],[-86.84763,36.16668],[-86.84759,36.16667],[-86.84756,36.16666],[-86.84752,36.16665],[-86.84749,36.16665],[-86.84745,36.16664],[-86.84742,36.16663],[-86.84738,36.16662],[-86.84735,36.16662],[-86.84731,36.16661],[-86.84729,36.16659],[-86.84726,36.16658],[-86.84723,36.16657],[-86.8472,36.16655],[-86.84716,36.16654],[-86.84713,36.16654],[-86.84713,36.16654],[-86.8471,36.16653],[-86.84707,36.16652],[-86.84703,36.16652],[-86.847,36.16652],[-86.84698,36.16652],[-86.84696,36.16652],[-86.84694,36.16652],[-86.84692,36.16651],[-86.84691,36.16651],[-86.84689,36.1665],[-86.84687,36.1665],[-86.84685,36.16649],[-86.84684,36.16648],[-86.84682,36.16647],[-86.8468,36.16647],[-86.84678,36.16647],[-86.84676,36.16647],[-86.84674,36.16646],[-86.84671,36.16646],[-86.84669,36.16646],[-86.84667,36.16645],[-86.84665,36.16645],[-86.84663,36.16644],[-86.84661,36.16644],[-86.84643,36.16641],[-86.84625,36.16639],[-86.84624,36.16638],[-86.84622,36.16638],[-86.84621,36.16637],[-86.84619,36.16636],[-86.84618,36.16636],[-86.84617,36.16636],[-86.84615,36.16635],[-86.84614,36.16635],[-86.84612,36.16635],[-86.84611,36.16635],[-86.84609,36.16634],[-86.84608,36.16634],[-86.84607,36.16634],[-86.84605,36.16633],[-86.84604,36.16633],[-86.84603,36.16632],[-86.84601,36.16632],[-86.846,36.16632],[-86.84598,36.16631],[-86.84597,36.16631],[-86.84595,36.16631],[-86.84594,36.1663],[-86.84592,36.1663],[-86.84591,36.1663],[-86.84589,36.16629],[-86.84587,36.16629],[-86.84586,36.16629],[-86.84584,36.16628],[-86.84583,36.16628],[-86.84581,36.16628],[-86.84579,36.16627],[-86.84578,36.16627],[-86.84576,36.16627],[-86.84574,36.16626],[-86.84573,36.16626],[-86.84571,36.16625],[-86.84569,36.16625],[-86.84568,36.16624],[-86.84566,36.16624],[-86.84564,36.16623],[-86.84563,36.16623],[-86.84561,36.16622],[-86.8456,36.16621],[-86.84558,36.16621],[-86.84556,36.1662],[-86.84555,36.16619],[-86.84553,36.16619],[-86.84552,36.16618],[-86.8455,36.16617],[-86.84548,36.16617],[-86.8453,36.16611],[-86.84529,36.1661],[-86.84527,36.1661],[-86.84526,36.16609],[-86.84525,36.16609],[-86.84523,36.16609],[-86.84522,36.16609],[-86.84521,36.16608],[-86.84519,36.16608],[-86.84518,36.16608],[-86.84517,36.16608],[-86.84515,36.16608],[-86.84513,36.16608],[-86.84511,36.16608],[-86.84509,36.16608],[-86.84508,36.16608],[-86.84506,36.16608],[-86.84504,36.16608],[-86.84502,36.16607],[-86.845,36.16607],[-86.84499,36.16607],[-86.84498,36.16607],[-86.84497,36.16607],[-86.84496,36.16607],[-86.84496,36.16606],[-86.84495,36.16606],[-86.84494,36.16606],[-86.84493,36.16606],[-86.84492,36.16606],[-86.84492,36.16606],[-86.84491,36.16606],[-86.8449,36.16606],[-86.84489,36.16606],[-86.84488,36.16605],[-86.84488,36.16605],[-86.84487,36.16605],[-86.84486,36.16605],[-86.84485,36.16605],[-86.84485,36.16606],[-86.84484,36.16606],[-86.84483,36.16606],[-86.84482,36.16606],[-86.84481,36.16606],[-86.8448,36.16606],[-86.84478,36.16607],[-86.84477,36.16606],[-86.84476,36.16606],[-86.84475,36.16606],[-86.84474,36.16606],[-86.84472,36.16606],[-86.84471,36.16605],[-86.8447,36.16605],[-86.84469,36.16605],[-86.84467,36.16605],[-86.84466,36.16604],[-86.84464,36.16604],[-86.84462,36.16604],[-86.84461,36.16604],[-86.84459,36.16604],[-86.84458,36.16603],[-86.84456,36.16603],[-86.84455,36.16603],[-86.84453,36.16603],[-86.84451,36.16602],[-86.8445,36.16602],[-86.84448,36.16602],[-86.84446,36.16602],[-86.84445,36.16602],[-86.84443,36.16602],[-86.84441,36.16601],[-86.8444,36.16601],[-86.84438,36.16601],[-86.84436,36.16601],[-86.84433,36.166],[-86.84431,36.166],[-86.84429,36.166],[-86.84426,36.166],[-86.84424,36.16599],[-86.84421,36.16599],[-86.84419,36.16599],[-86.84417,36.16599],[-86.84414,36.16598],[-86.84413,36.16599],[-86.84411,36.16599],[-86.8441,36.16599],[-86.84408,36.16599],[-86.84407,36.16599],[-86.84406,36.16599],[-86.84404,36.16598],[-86.84403,36.16598],[-86.84401,36.16598],[-86.844,36.16598],[-86.84398,36.16598],[-86.84395,36.16598],[-86.84393,36.16598],[-86.84391,36.16598],[-86.84389,36.16598],[-86.84387,36.16598],[-86.84385,36.16598],[-86.84383,36.16598],[-86.8438,36.16598],[-86.84378,36.16598],[-86.84376,36.16598],[-86.84373,36.16598],[-86.84371,36.16597],[-86.84368,36.16597],[-86.84366,36.16597],[-86.84363,36.16597],[-86.84361,36.16597],[-86.84358,36.16597],[-86.84356,36.16596],[-86.84355,36.16596],[-86.84353,36.16596],[-86.8435,36.16596],[-86.84346,36.16596],[-86.84343,36.16596],[-86.84339,36.16596],[-86.84336,36.16596],[-86.84333,36.16595],[-86.84356,36.16479],[-86.84354,36.16464],[-86.84353,36.1646],[-86.84347,36.16432],[-86.84342,36.16419],[-86.84325,36.16382],[-86.8432,36.16372],[-86.8432,36.1637],[-86.84318,36.16367],[-86.84313,36.16352],[-86.84313,36.16352],[-86.84313,36.16352],[-86.84312,36.16351],[-86.84312,36.16351],[-86.84308,36.16342],[-86.84305,36.16337],[-86.84305,36.16336],[-86.84289,36.16317],[-86.8426,36.16292],[-86.84255,36.16288],[-86.84215,36.16262],[-86.84214,36.16261],[-86.84204,36.16255],[-86.84167,36.16231],[-86.84158,36.16224],[-86.84125,36.162],[-86.84116,36.16191],[-86.84122,36.16191],[-86.84269,36.16194],[-86.8427,36.16194],[-86.84333,36.16196],[-86.84338,36.16196],[-86.84351,36.16196],[-86.84437,36.16199],[-86.84464,36.16199],[-86.84468,36.16198],[-86.84505,36.16197],[-86.84516,36.16197],[-86.84524,36.16197],[-86.84524,36.16197],[-86.84525,36.16197],[-86.84526,36.16217],[-86.84526,36.16221],[-86.84536,36.1622],[-86.84557,36.1622],[-86.84643,36.16216],[-86.84642,36.16198],[-86.84658,36.16198],[-86.84654,36.16115],[-86.84653,36.16093],[-86.84636,36.16094],[-86.84526,36.16098],[-86.84526,36.16082],[-86.84502,36.16085],[-86.84409,36.16088],[-86.84254,36.16093],[-86.84172,36.16095],[-86.84168,36.16015],[-86.84044,36.16019],[-86.84029,36.1602],[-86.84032,36.16049],[-86.84026,36.16094],[-86.83984,36.16031],[-86.84016,36.16034],[-86.83984,36.1599],[-86.83962,36.15958],[-86.83933,36.1591],[-86.83924,36.15895],[-86.83915,36.15873],[-86.83907,36.15848],[-86.83903,36.15825],[-86.83901,36.15787],[-86.83899,36.15748],[-86.83895,36.15732],[-86.83887,36.15712],[-86.83867,36.15675],[-86.83849,36.15648],[-86.83814,36.15584],[-86.83772,36.15522],[-86.83641,36.1536],[-86.83634,36.15349],[-86.83628,36.15339],[-86.83628,36.15339],[-86.83593,36.15288],[-86.8357,36.15252],[-86.83644,36.1525],[-86.83651,36.1525],[-86.83689,36.15248],[-86.83722,36.15247],[-86.83758,36.15246],[-86.83766,36.15246],[-86.83791,36.15245],[-86.83808,36.15244],[-86.83827,36.15244],[-86.83844,36.15243],[-86.83862,36.15242],[-86.83879,36.15242],[-86.83905,36.15241],[-86.83921,36.15241],[-86.83949,36.1524],[-86.83965,36.15239],[-86.84001,36.15238],[-86.84027,36.15237],[-86.84035,36.15236],[-86.84071,36.15235],[-86.84103,36.15233],[-86.8414,36.15232],[-86.84149,36.15232],[-86.84208,36.1523],[-86.8423,36.15229],[-86.84292,36.15227],[-86.84309,36.15226],[-86.84338,36.15225],[-86.84355,36.15224],[-86.84418,36.15223],[-86.84464,36.15221],[-86.8448,36.1522],[-86.84483,36.1522],[-86.84492,36.1522],[-86.84501,36.15219],[-86.84501,36.15219],[-86.84509,36.15219],[-86.84515,36.15219],[-86.84517,36.15219],[-86.84517,36.15219],[-86.84526,36.15219],[-86.84535,36.15218],[-86.84535,36.15218],[-86.84543,36.15218],[-86.84543,36.15218],[-86.84551,36.15218],[-86.84551,36.15218],[-86.8456,36.15218],[-86.8456,36.15218],[-86.84563,36.15218],[-86.84568,36.15217],[-86.84568,36.15217],[-86.84571,36.15217],[-86.84576,36.15217],[-86.84576,36.15217],[-86.8458,36.15217],[-86.84589,36.15217],[-86.84605,36.15216],[-86.84713,36.15213],[-86.8473,36.15212],[-86.84838,36.15209],[-86.84871,36.15208],[-86.84979,36.15204],[-86.84996,36.15204],[-86.85104,36.15201],[-86.8512,36.15196],[-86.852,36.15176],[-86.85219,36.15165],[-86.85336,36.15135],[-86.85341,36.15134],[-86.85356,36.1513],[-86.8537,36.15127],[-86.85369,36.15128],[-86.85414,36.15117],[-86.85448,36.15109],[-86.85523,36.1509],[-86.85523,36.1509],[-86.85523,36.1509],[-86.85523,36.15089],[-86.85544,36.15084],[-86.85544,36.15084],[-86.85548,36.15083],[-86.85576,36.15076],[-86.85593,36.15072],[-86.85609,36.15068],[-86.85625,36.15064],[-86.85641,36.1506],[-86.85644,36.1506],[-86.85646,36.15059],[-86.85649,36.15059],[-86.85651,36.15058],[-86.85654,36.15058],[-86.85656,36.15057],[-86.85659,36.15057],[-86.85661,36.15056],[-86.85664,36.15055],[-86.85666,36.15055],[-86.85716,36.15043],[-86.85737,36.15038],[-86.85758,36.15033],[-86.85758,36.15033],[-86.85758,36.15033],[-86.85759,36.15033],[-86.85759,36.15033],[-86.85759,36.15033],[-86.8576,36.15033],[-86.8576,36.15033],[-86.8576,36.15033],[-86.85761,36.15033],[-86.85761,36.15033],[-86.85761,36.15033],[-86.85762,36.15033],[-86.85762,36.15033],[-86.85762,36.15033],[-86.85763,36.15034],[-86.85763,36.15034],[-86.85763,36.15034],[-86.85764,36.15034],[-86.85764,36.15034],[-86.85764,36.15034],[-86.85765,36.15034],[-86.85765,36.15034],[-86.85765,36.15034],[-86.85765,36.15034],[-86.85766,36.15034],[-86.85766,36.15035],[-86.85766,36.15035],[-86.85767,36.15035],[-86.85767,36.15035],[-86.85767,36.15035],[-86.85768,36.15035],[-86.85768,36.15035],[-86.85768,36.15036],[-86.85768,36.15036],[-86.85769,36.15036],[-86.85769,36.15036],[-86.85769,36.15036],[-86.8577,36.15036],[-86.8577,36.15037],[-86.8577,36.15037],[-86.8577,36.15037],[-86.85771,36.15037],[-86.85771,36.15037],[-86.85771,36.15037],[-86.85771,36.15038],[-86.85772,36.15038],[-86.85772,36.15038],[-86.85772,36.15038],[-86.85772,36.15038],[-86.85772,36.15039],[-86.85773,36.15039],[-86.85773,36.15039],[-86.85773,36.15039],[-86.85773,36.1504],[-86.85773,36.1504],[-86.85774,36.1504],[-86.85774,36.1504],[-86.85774,36.1504],[-86.85775,36.15041],[-86.85772,36.15064],[-86.85771,36.15066],[-86.85771,36.15066],[-86.85771,36.15066],[-86.85771,36.15066],[-86.85771,36.15067],[-86.85771,36.15067],[-86.85771,36.15067],[-86.8577,36.15067],[-86.8577,36.15068],[-86.8577,36.15068],[-86.8577,36.15068],[-86.8577,36.15068],[-86.8577,36.15069],[-86.8577,36.15069],[-86.8577,36.15069],[-86.8577,36.15069],[-86.8577,36.1507],[-86.8577,36.1507],[-86.85769,36.1507],[-86.85769,36.15071],[-86.85769,36.15071],[-86.85769,36.15071],[-86.85769,36.15071],[-86.85769,36.15072],[-86.85769,36.15072],[-86.85769,36.15072],[-86.85769,36.15072],[-86.85769,36.15073],[-86.85769,36.15073],[-86.85769,36.15073],[-86.85769,36.15074],[-86.85769,36.15074],[-86.85769,36.15074],[-86.85769,36.15074],[-86.85769,36.15075],[-86.85769,36.15075],[-86.85769,36.15075],[-86.85769,36.15075],[-86.85766,36.1509],[-86.85764,36.15101],[-86.85764,36.15103],[-86.85764,36.15104],[-86.85764,36.15105],[-86.85763,36.15106],[-86.85763,36.15106],[-86.85698,36.15482],[-86.85702,36.1552],[-86.85706,36.15557],[-86.85722,36.15571],[-86.85716,36.15609],[-86.8571,36.15633],[-86.85747,36.15734],[-86.85742,36.15764],[-86.85711,36.15783],[-86.85673,36.1578],[-86.8565,36.15814],[-86.85645,36.15827],[-86.85643,36.15861],[-86.85671,36.15832],[-86.85704,36.15828],[-86.85769,36.15804],[-86.85829,36.1576],[-86.8583,36.15741],[-86.85852,36.15735],[-86.85961,36.15763],[-86.85973,36.15773],[-86.85993,36.15802],[-86.86022,36.15831],[-86.86043,36.15844],[-86.86097,36.15871],[-86.86138,36.15893],[-86.86152,36.15885],[-86.86156,36.15878],[-86.86156,36.15869],[-86.86146,36.15847],[-86.86145,36.15831],[-86.86218,36.15855],[-86.86249,36.15867],[-86.86279,36.15878],[-86.86338,36.15897],[-86.86408,36.1592],[-86.86423,36.15903],[-86.86465,36.15921],[-86.86506,36.15946],[-86.86525,36.15961],[-86.86549,36.15986],[-86.8656,36.16001],[-86.86574,36.16023],[-86.86587,36.16039],[-86.86603,36.16052],[-86.86624,36.1608],[-86.86632,36.16094],[-86.86647,36.16123],[-86.86659,36.16152],[-86.86668,36.1619],[-86.86672,36.16185],[-86.86681,36.16176],[-86.86683,36.16181],[-86.86686,36.16187],[-86.86709,36.1623],[-86.86739,36.16288],[-86.86739,36.16289],[-86.86747,36.16307],[-86.8675,36.16314],[-86.86757,36.16328],[-86.86773,36.16364],[-86.86776,36.16372],[-86.86795,36.16427],[-86.86801,36.16438],[-86.86814,36.16463],[-86.86827,36.16486],[-86.86829,36.16489],[-86.8683,36.16492],[-86.86832,36.16494],[-86.86834,36.16497],[-86.86835,36.16499],[-86.86837,36.16502],[-86.86838,36.16504],[-86.8684,36.16507],[-86.86842,36.16509],[-86.86843,36.16511],[-86.86845,36.16514],[-86.86847,36.16516],[-86.86848,36.16519],[-86.8685,36.16521],[-86.86852,36.16524],[-86.86854,36.16526],[-86.86855,36.16529],[-86.86857,36.16531],[-86.86859,36.16533],[-86.86861,36.16536],[-86.86863,36.16538],[-86.86864,36.1654],[-86.86866,36.16543],[-86.86868,36.16545],[-86.8687,36.16548],[-86.86872,36.1655],[-86.86883,36.16573],[-86.86884,36.16576],[-86.86885,36.16579],[-86.86887,36.16581],[-86.86888,36.16584],[-86.86889,36.16587],[-86.8689,36.1659],[-86.86891,36.16593],[-86.86892,36.16595],[-86.86893,36.16598],[-86.86894,36.16601],[-86.86896,36.16604],[-86.86896,36.16605],[-86.86897,36.16607],[-86.86898,36.16609],[-86.86899,36.16612],[-86.869,36.16615],[-86.86901,36.16618],[-86.86902,36.16621],[-86.86903,36.16623],[-86.86903,36.16626],[-86.86904,36.16629],[-86.86905,36.16632],[-86.86906,36.16635],[-86.86907,36.16638],[-86.86907,36.16638],[-86.86908,36.1664],[-86.86909,36.16643],[-86.86909,36.16643],[-86.8691,36.16646],[-86.8691,36.16649],[-86.86911,36.16652],[-86.86912,36.16655],[-86.86913,36.16658],[-86.86913,36.1666],[-86.86914,36.16663],[-86.86915,36.16666],[-86.86916,36.16669],[-86.86916,36.16672],[-86.86917,36.16675],[-86.86918,36.16678],[-86.86918,36.16681],[-86.86919,36.16684],[-86.8692,36.16686],[-86.8692,36.16689],[-86.86921,36.16692],[-86.86921,36.16695],[-86.86922,36.16698],[-86.86922,36.16701],[-86.86923,36.16704],[-86.86923,36.16707],[-86.86924,36.1671],[-86.86924,36.16713],[-86.86925,36.16715],[-86.86925,36.16718],[-86.86926,36.16721],[-86.86926,36.16724],[-86.86926,36.16727],[-86.86927,36.1673],[-86.86927,36.16733],[-86.86927,36.16736],[-86.86928,36.16739],[-86.86928,36.16742],[-86.86928,36.16745],[-86.86928,36.16747],[-86.86928,36.1675],[-86.86928,36.16753],[-86.86928,36.16756],[-86.86928,36.16758],[-86.86928,36.16761],[-86.86928,36.16764],[-86.86927,36.16767],[-86.86927,36.16769],[-86.86927,36.16772],[-86.86927,36.16775],[-86.86927,36.16778],[-86.86926,36.16781],[-86.86926,36.16783],[-86.86926,36.16786],[-86.86926,36.16789],[-86.86925,36.16792],[-86.86925,36.16794],[-86.86925,36.16797],[-86.86925,36.16797],[-86.86924,36.168],[-86.86924,36.16803],[-86.86923,36.16805],[-86.86923,36.16808],[-86.86923,36.16811],[-86.86922,36.16814],[-86.86922,36.16816],[-86.86921,36.16819],[-86.86921,36.16822],[-86.8692,36.16825],[-86.8692,36.16827],[-86.8692,36.16827],[-86.86919,36.1683],[-86.86919,36.16833],[-86.86918,36.16836],[-86.86918,36.16838],[-86.86917,36.16841],[-86.86917,36.16844],[-86.86916,36.16846],[-86.86916,36.16849],[-86.86915,36.16852],[-86.86915,36.16853],[-86.86914,36.16855],[-86.86914,36.16857],[-86.86913,36.1686],[-86.86912,36.16863],[-86.86912,36.16866],[-86.86911,36.16868],[-86.8691,36.16871],[-86.86909,36.16874],[-86.86909,36.16876],[-86.86908,36.16879],[-86.86907,36.16882],[-86.86906,36.16885],[-86.86906,36.16888],[-86.86905,36.1689],[-86.86904,36.16893],[-86.86903,36.16896],[-86.86902,36.16899],[-86.86901,36.16902],[-86.869,36.16904],[-86.86899,36.16907],[-86.86899,36.16908],[-86.86898,36.1691],[-86.86897,36.16913],[-86.86896,36.16916],[-86.86889,36.16942],[-86.86887,36.16949],[-86.86876,36.16987],[-86.86864,36.17028],[-86.86851,36.17071],[-86.86848,36.17084],[-86.86838,36.17116],[-86.86801,36.17138],[-86.86794,36.17142],[-86.86621,36.17154],[-86.86531,36.1716],[-86.86455,36.17165],[-86.86399,36.17169],[-86.86397,36.17169],[-86.86395,36.17169],[-86.86394,36.17169],[-86.86392,36.17169],[-86.86389,36.17169],[-86.86385,36.17168],[-86.86382,36.17168],[-86.86379,36.17168],[-86.86375,36.17167],[-86.86372,36.17166],[-86.86369,36.17166],[-86.86366,36.17165],[-86.86366,36.17165],[-86.86313,36.17199],[-86.86282,36.17223],[-86.85991,36.17462],[-86.85983,36.17454],[-86.85971,36.17443],[-86.8593,36.17406],[-86.85892,36.17367],[-86.85888,36.17363],[-86.85884,36.1736],[-86.8588,36.17355],[-86.85864,36.17339],[-86.8584,36.17318],[-86.85832,36.17311],[-86.85824,36.17304],[-86.85788,36.17273],[-86.85769,36.17256],[-86.85749,36.17235],[-86.85735,36.17216],[-86.85718,36.17196],[-86.85716,36.17194],[-86.85708,36.17187]]]}},{"type":"Feature","properties":{"name":"Tomorrow's Hope"},"geometry":{"type":"Polygon","coordinates":[[[-86.84127,36.16211],[-86.84118,36.16266],[-86.84019,36.16256],[-86.84003,36.16255],[-86.83979,36.16418],[-86.83916,36.16434],[-86.83855,36.16447],[-86.8381,36.16383],[-86.83733,36.16277],[-86.83676,36.16195],[-86.83649,36.16158],[-86.83746,36.16144],[-86.83839,36.16132],[-86.83908,36.16124],[-86.83944,36.16119],[-86.8402,36.16126],[-86.84038,36.16121],[-86.84054,36.16139],[-86.84093,36.16179],[-86.84127,36.16211]]]}},{"type":"Feature","properties":{"name":"Osage"},"geometry":{"type":"Polygon","coordinates":[[[-86.81444,36.17972],[-86.81438,36.17945],[-86.81422,36.17948],[-86.81363,36.17954],[-86.8136,36.17941],[-86.81306,36.17948],[-86.81289,36.1795],[-86.81293,36.17966],[-86.81177,36.17961],[-86.8116,36.17963],[-86.81091,36.17962],[-86.81085,36.17947],[-86.81048,36.17855],[-86.80976,36.17677],[-86.80946,36.17604],[-86.80914,36.17525],[-86.80877,36.17433],[-86.80869,36.1742],[-86.80858,36.1739],[-86.80839,36.17346],[-86.80797,36.17246],[-86.80753,36.17145],[-86.80833,36.17134],[-86.80972,36.17117],[-86.81115,36.17099],[-86.81241,36.17083],[-86.81256,36.17149],[-86.8131,36.1714],[-86.81304,36.17155],[-86.81307,36.17176],[-86.81305,36.1719],[-86.81309,36.17215],[-86.8133,36.17227],[-86.81338,36.17272],[-86.81324,36.17288],[-86.81328,36.17312],[-86.8134,36.17325],[-86.81343,36.17345],[-86.81357,36.17357],[-86.8136,36.17371],[-86.81382,36.17368],[-86.81388,36.17396],[-86.81413,36.17513],[-86.81421,36.17551],[-86.8144,36.17646],[-86.81443,36.17659],[-86.81464,36.1776],[-86.81476,36.17814],[-86.81504,36.1795],[-86.8151,36.17976],[-86.81444,36.17972]]]}},{"type":"Feature","properties":{"name":"Raymond Heights"},"geometry":{"type":"Polygon","coordinates":[[[-86.73606,36.13108],[-86.73358,36.13075],[-86.73109,36.13042],[-86.72956,36.13021],[-86.72986,36.12943],[-86.73061,36.12755],[-86.73069,36.12733],[-86.73043,36.1273],[-86.73085,36.12701],[-86.73088,36.12697],[-86.73107,36.12687],[-86.73235,36.12699],[-86.73264,36.12701],[-86.73301,36.12705],[-86.73386,36.12725],[-86.73501,36.12744],[-86.73648,36.1277],[-86.73733,36.12784],[-86.73606,36.13108]]]}},{"type":"Feature","properties":{"name":"River Trace"},"geometry":{"type":"Polygon","coordinates":[[[-86.70141,36.2422],[-86.70004,36.24243],[-86.69973,36.24216],[-86.69972,36.24212],[-86.69934,36.24064],[-86.69932,36.24056],[-86.69914,36.24037],[-86.69907,36.24035],[-86.69763,36.24004],[-86.69755,36.24022],[-86.69507,36.23972],[-86.69514,36.2389],[-86.69523,36.23718],[-86.69536,36.23556],[-86.6955,36.23349],[-86.69585,36.23353],[-86.69598,36.23321],[-86.69592,36.23306],[-86.69611,36.23256],[-86.69599,36.23253],[-86.69619,36.23202],[-86.69689,36.23221],[-86.69742,36.23235],[-86.69792,36.23248],[-86.69811,36.23255],[-86.69833,36.23264],[-86.69855,36.23276],[-86.69876,36.23291],[-86.69897,36.2331],[-86.69914,36.23332],[-86.69925,36.23351],[-86.69933,36.23369],[-86.69943,36.234],[-86.69961,36.23474],[-86.69964,36.23506],[-86.69994,36.23619],[-86.70013,36.23698],[-86.70063,36.23895],[-86.70141,36.2422]]]}},{"type":"Feature","properties":{"name":"East Thompson Community"},"geometry":{"type":"Polygon","coordinates":[[[-86.71534,36.12668],[-86.71434,36.12544],[-86.71417,36.12524],[-86.71399,36.125],[-86.71348,36.12526],[-86.7132,36.12542],[-86.71274,36.12566],[-86.71267,36.1257],[-86.71266,36.12572],[-86.71239,36.12585],[-86.71235,36.12588],[-86.71233,36.12588],[-86.71199,36.12606],[-86.71184,36.12613],[-86.71176,36.12617],[-86.71171,36.1262],[-86.71171,36.1262],[-86.71128,36.12643],[-86.71121,36.12647],[-86.7112,36.12648],[-86.71119,36.12648],[-86.71118,36.12648],[-86.71117,36.12648],[-86.71116,36.12648],[-86.71115,36.12648],[-86.71114,36.12648],[-86.71113,36.12647],[-86.71112,36.12647],[-86.71111,36.12646],[-86.71107,36.12643],[-86.71086,36.12627],[-86.71085,36.12627],[-86.71077,36.12621],[-86.71075,36.12619],[-86.71072,36.12617],[-86.7107,36.12615],[-86.71068,36.12613],[-86.71065,36.12611],[-86.71063,36.12609],[-86.71061,36.12607],[-86.71059,36.12606],[-86.71058,36.12605],[-86.71056,36.12603],[-86.71054,36.12601],[-86.71044,36.12591],[-86.71019,36.12567],[-86.71016,36.12563],[-86.71015,36.12562],[-86.71015,36.12562],[-86.71015,36.12561],[-86.70994,36.12539],[-86.70969,36.12511],[-86.70964,36.12505],[-86.70955,36.12496],[-86.70811,36.12334],[-86.70815,36.12332],[-86.70649,36.12202],[-86.70479,36.12067],[-86.70468,36.12076],[-86.70431,36.12046],[-86.70387,36.12035],[-86.70391,36.12023],[-86.70392,36.12012],[-86.70386,36.11976],[-86.70386,36.11953],[-86.70335,36.11946],[-86.70262,36.11988],[-86.70214,36.1195],[-86.70173,36.11858],[-86.70238,36.11777],[-86.70168,36.11721],[-86.69964,36.1175],[-86.69944,36.11738],[-86.69977,36.1167],[-86.7003,36.11558],[-86.70073,36.11482],[-86.70122,36.11395],[-86.70117,36.11394],[-86.70174,36.11306],[-86.70214,36.11252],[-86.70266,36.11189],[-86.70306,36.11142],[-86.70377,36.11068],[-86.70377,36.11061],[-86.70372,36.11066],[-86.70409,36.11028],[-86.70444,36.10992],[-86.7045,36.10996],[-86.70477,36.10969],[-86.70506,36.10936],[-86.70504,36.10928],[-86.70509,36.10921],[-86.70557,36.10893],[-86.70591,36.10881],[-86.70653,36.10858],[-86.70695,36.10843],[-86.70746,36.10823],[-86.70802,36.10805],[-86.70854,36.10784],[-86.7087,36.10774],[-86.70897,36.10752],[-86.70916,36.10732],[-86.70933,36.10708],[-86.70943,36.10687],[-86.70958,36.10722],[-86.71013,36.10862],[-86.71013,36.10877],[-86.71012,36.10897],[-86.7101,36.10907],[-86.71008,36.10921],[-86.71004,36.10963],[-86.71003,36.11031],[-86.71003,36.11083],[-86.71011,36.11134],[-86.70973,36.1113],[-86.70933,36.11126],[-86.70932,36.11134],[-86.70937,36.11144],[-86.70938,36.11159],[-86.70938,36.11175],[-86.7093,36.11187],[-86.70921,36.11195],[-86.70948,36.11247],[-86.70964,36.11253],[-86.70973,36.11261],[-86.71009,36.11322],[-86.71057,36.11411],[-86.7111,36.11501],[-86.71138,36.11551],[-86.71173,36.11618],[-86.71182,36.11638],[-86.71196,36.11661],[-86.71212,36.1169],[-86.7123,36.11683],[-86.71285,36.11664],[-86.71435,36.11679],[-86.71553,36.1169],[-86.71638,36.11709],[-86.71716,36.11727],[-86.71882,36.11765],[-86.71914,36.11772],[-86.71949,36.1178],[-86.71996,36.1179],[-86.72051,36.11802],[-86.72119,36.11817],[-86.72119,36.11798],[-86.72158,36.11803],[-86.72268,36.11809],[-86.72362,36.11812],[-86.72431,36.11814],[-86.72471,36.11818],[-86.72498,36.11823],[-86.72529,36.11834],[-86.72552,36.11846],[-86.72607,36.12004],[-86.72626,36.12063],[-86.72628,36.12118],[-86.72636,36.1217],[-86.72631,36.1221],[-86.72616,36.12229],[-86.726,36.12248],[-86.7256,36.12284],[-86.72495,36.12328],[-86.7241,36.12387],[-86.72406,36.12384],[-86.72224,36.12491],[-86.72126,36.12557],[-86.72051,36.12474],[-86.7203,36.12486],[-86.72014,36.12498],[-86.71997,36.12508],[-86.71977,36.12523],[-86.71961,36.12531],[-86.71947,36.12541],[-86.71932,36.12549],[-86.7192,36.12555],[-86.71905,36.12562],[-86.71882,36.12573],[-86.71866,36.12579],[-86.71846,36.12575],[-86.7183,36.12573],[-86.71814,36.1257],[-86.71793,36.12583],[-86.71774,36.1259],[-86.71752,36.12595],[-86.71715,36.12601],[-86.71684,36.12602],[-86.71662,36.1261],[-86.71638,36.12616],[-86.71626,36.12623],[-86.71604,36.12632],[-86.71567,36.12648],[-86.71534,36.12668]]]}},{"type":"Feature","properties":{"name":"Mulberry Downs"},"geometry":{"type":"Polygon","coordinates":[[[-86.77061,36.25322],[-86.77002,36.25333],[-86.76933,36.25398],[-86.76922,36.25459],[-86.76758,36.25446],[-86.76591,36.25433],[-86.76588,36.25409],[-86.7658,36.25383],[-86.76565,36.25357],[-86.76552,36.25325],[-86.76526,36.25269],[-86.76519,36.25247],[-86.76515,36.25223],[-86.76515,36.25195],[-86.76517,36.2517],[-86.76559,36.25169],[-86.76595,36.24869],[-86.76636,36.24911],[-86.76773,36.24939],[-86.7724,36.25048],[-86.77215,36.25232],[-86.77201,36.25238],[-86.77178,36.2524],[-86.7713,36.25254],[-86.77109,36.25277],[-86.77111,36.25289],[-86.77101,36.25298],[-86.77094,36.25316],[-86.77061,36.25322]]]}},{"type":"Feature","properties":{"name":"Parkwood Estates"},"geometry":{"type":"Polygon","coordinates":[[[-86.78034,36.24326],[-86.77893,36.24316],[-86.77777,36.24308],[-86.77678,36.243],[-86.77574,36.24293],[-86.77458,36.24285],[-86.77345,36.24277],[-86.77295,36.24274],[-86.77178,36.24268],[-86.76966,36.24255],[-86.76909,36.24252],[-86.76848,36.2425],[-86.76789,36.24247],[-86.76771,36.24246],[-86.76718,36.24244],[-86.76719,36.24228],[-86.76729,36.24165],[-86.76733,36.24144],[-86.76736,36.24124],[-86.76689,36.24136],[-86.76678,36.24108],[-86.76678,36.241],[-86.7676,36.24079],[-86.76755,36.24048],[-86.76781,36.23849],[-86.76811,36.23642],[-86.76822,36.23565],[-86.76902,36.23572],[-86.76942,36.23578],[-86.77031,36.23591],[-86.77035,36.2361],[-86.77151,36.23595],[-86.77171,36.23615],[-86.77213,36.23582],[-86.7724,36.23562],[-86.77264,36.2355],[-86.77284,36.23543],[-86.77255,36.23454],[-86.77238,36.234],[-86.77236,36.23366],[-86.77223,36.23371],[-86.77167,36.23311],[-86.77165,36.23309],[-86.77169,36.23116],[-86.7717,36.23101],[-86.7717,36.23096],[-86.7713,36.23101],[-86.77152,36.23087],[-86.77167,36.23068],[-86.77161,36.23064],[-86.77195,36.23019],[-86.77233,36.23019],[-86.77286,36.23024],[-86.77322,36.2303],[-86.77323,36.23033],[-86.77357,36.23042],[-86.77392,36.23049],[-86.77465,36.23067],[-86.77467,36.23064],[-86.7753,36.23079],[-86.77619,36.231],[-86.77687,36.23116],[-86.77716,36.23163],[-86.77741,36.23211],[-86.77758,36.23251],[-86.77767,36.23263],[-86.7778,36.23275],[-86.77798,36.23286],[-86.77851,36.23303],[-86.77882,36.23312],[-86.77919,36.23317],[-86.77947,36.23316],[-86.77971,36.23311],[-86.78059,36.23281],[-86.78076,36.23276],[-86.781,36.23272],[-86.78122,36.23273],[-86.7813,36.23278],[-86.78132,36.23291],[-86.78131,36.23314],[-86.78128,36.23339],[-86.78126,36.23363],[-86.78113,36.23536],[-86.78107,36.2358],[-86.78106,36.23601],[-86.78105,36.23622],[-86.78102,36.23653],[-86.78077,36.2372],[-86.78053,36.23719],[-86.78028,36.23723],[-86.7801,36.23729],[-86.78005,36.23729],[-86.77984,36.23728],[-86.77981,36.23738],[-86.77977,36.23745],[-86.77971,36.23754],[-86.77961,36.23764],[-86.77967,36.23778],[-86.77956,36.23804],[-86.77935,36.23824],[-86.77917,36.23833],[-86.77956,36.23898],[-86.77974,36.23909],[-86.77989,36.23923],[-86.78004,36.23935],[-86.78024,36.23944],[-86.78043,36.23948],[-86.7806,36.23964],[-86.78051,36.24006],[-86.7806,36.2407],[-86.78051,36.24147],[-86.78042,36.24258],[-86.78037,36.24292],[-86.78034,36.24326]]]}},{"type":"Feature","properties":{"name":"Joelton"},"geometry":{"type":"Polygon","coordinates":[[[-86.91408,36.38358],[-86.9139,36.3836],[-86.91336,36.38348],[-86.91299,36.38351],[-86.91266,36.38359],[-86.91242,36.38379],[-86.91241,36.38406],[-86.91263,36.38431],[-86.91289,36.38453],[-86.91295,36.38485],[-86.9129,36.38507],[-86.9127,36.38528],[-86.91236,36.38544],[-86.91201,36.38573],[-86.9117,36.38607],[-86.91148,36.38657],[-86.9113,36.387],[-86.91127,36.38739],[-86.9111,36.38778],[-86.91095,36.38804],[-86.91082,36.38837],[-86.91067,36.38858],[-86.91053,36.38883],[-86.91043,36.38901],[-86.9104,36.38931],[-86.91035,36.38954],[-86.91028,36.38968],[-86.91021,36.38979],[-86.91017,36.38995],[-86.91014,36.39012],[-86.91007,36.39018],[-86.90975,36.39022],[-86.90944,36.39031],[-86.90919,36.39042],[-86.90891,36.39051],[-86.90868,36.39052],[-86.90823,36.3905],[-86.90773,36.39053],[-86.90742,36.39053],[-86.90713,36.39047],[-86.90679,36.39037],[-86.90625,36.39012],[-86.9059,36.38998],[-86.90551,36.38989],[-86.90532,36.38975],[-86.90522,36.38968],[-86.90478,36.38954],[-86.90459,36.38945],[-86.90435,36.38934],[-86.90422,36.38929],[-86.90397,36.38933],[-86.9037,36.38934],[-86.90331,36.38923],[-86.90294,36.38911],[-86.90257,36.38899],[-86.90222,36.38888],[-86.90201,36.38885],[-86.90154,36.38886],[-86.90112,36.38901],[-86.90059,36.38932],[-86.90013,36.38959],[-86.8999,36.38978],[-86.89959,36.38991],[-86.89935,36.38993],[-86.89896,36.38998],[-86.89876,36.38997],[-86.89849,36.38997],[-86.89813,36.38985],[-86.89765,36.38961],[-86.89727,36.38953],[-86.89689,36.38948],[-86.89634,36.3894],[-86.89585,36.38929],[-86.89539,36.3892],[-86.89496,36.38915],[-86.89445,36.38916],[-86.89423,36.38914],[-86.89402,36.38899],[-86.89407,36.38879],[-86.89415,36.38861],[-86.89417,36.38846],[-86.89401,36.38828],[-86.89369,36.38816],[-86.89316,36.38805],[-86.89251,36.38795],[-86.89216,36.38786],[-86.89191,36.38775],[-86.89162,36.38757],[-86.89107,36.38722],[-86.89089,36.38707],[-86.89034,36.38707],[-86.89018,36.38708],[-86.88994,36.38696],[-86.88961,36.38685],[-86.88934,36.38677],[-86.88916,36.38668],[-86.88887,36.38641],[-86.88861,36.38611],[-86.88856,36.38602],[-86.88834,36.38593],[-86.88804,36.38566],[-86.88788,36.38537],[-86.88754,36.38507],[-86.88707,36.38482],[-86.88653,36.38439],[-86.88625,36.38413],[-86.8862,36.38396],[-86.88632,36.38369],[-86.88654,36.38332],[-86.8865,36.38308],[-86.88636,36.38289],[-86.8861,36.38254],[-86.88585,36.38229],[-86.88568,36.38205],[-86.88548,36.38181],[-86.88523,36.38162],[-86.8848,36.38136],[-86.88439,36.38108],[-86.88405,36.38097],[-86.88383,36.38084],[-86.88353,36.38045],[-86.88323,36.38035],[-86.88302,36.38039],[-86.88272,36.38048],[-86.88255,36.38047],[-86.88222,36.38046],[-86.88202,36.38052],[-86.88172,36.38072],[-86.88148,36.38095],[-86.88131,36.38103],[-86.88111,36.38106],[-86.88084,36.38101],[-86.88058,36.38074],[-86.88011,36.38027],[-86.87973,36.37975],[-86.87925,36.3792],[-86.87909,36.37904],[-86.87893,36.37871],[-86.87891,36.37815],[-86.87892,36.37783],[-86.87904,36.37754],[-86.87902,36.37747],[-86.87886,36.3773],[-86.87881,36.37712],[-86.87903,36.37696],[-86.87928,36.37681],[-86.87932,36.37661],[-86.87932,36.37638],[-86.87927,36.37607],[-86.87925,36.37594],[-86.8791,36.37568],[-86.87904,36.37527],[-86.87897,36.37505],[-86.87866,36.37453],[-86.87853,36.37425],[-86.8782,36.37361],[-86.87806,36.37336],[-86.87796,36.37302],[-86.87791,36.37262],[-86.87768,36.37234],[-86.8773,36.3721],[-86.87687,36.37195],[-86.87645,36.3719],[-86.87599,36.37191],[-86.87551,36.37213],[-86.87529,36.37236],[-86.87506,36.37265],[-86.87477,36.37278],[-86.87474,36.37317],[-86.87459,36.37342],[-86.87419,36.37376],[-86.87378,36.3739],[-86.87342,36.37394],[-86.87316,36.37398],[-86.87286,36.37411],[-86.87247,36.37413],[-86.87213,36.37416],[-86.87191,36.37419],[-86.87162,36.37415],[-86.8712,36.37404],[-86.87088,36.37413],[-86.87048,36.37419],[-86.87023,36.37419],[-86.86996,36.37406],[-86.86981,36.37388],[-86.86965,36.37372],[-86.86941,36.37346],[-86.86934,36.37328],[-86.8692,36.37307],[-86.86895,36.37283],[-86.86858,36.37262],[-86.86828,36.37247],[-86.86793,36.37222],[-86.86759,36.37199],[-86.86726,36.37187],[-86.86677,36.37186],[-86.86659,36.37179],[-86.86636,36.37146],[-86.86612,36.3712],[-86.86568,36.37085],[-86.86524,36.37062],[-86.86454,36.3703],[-86.86423,36.37019],[-86.86377,36.37003],[-86.86331,36.36989],[-86.86277,36.36975],[-86.86253,36.36969],[-86.86218,36.36961],[-86.86221,36.37013],[-86.86221,36.37078],[-86.86228,36.37143],[-86.86234,36.37235],[-86.86236,36.37338],[-86.86242,36.37437],[-86.86249,36.37557],[-86.86259,36.37686],[-86.86265,36.37853],[-86.86272,36.3797],[-86.8628,36.38118],[-86.86163,36.38106],[-86.85998,36.3809],[-86.85766,36.38064],[-86.85532,36.38042],[-86.8529,36.38014],[-86.85299,36.37953],[-86.85316,36.37863],[-86.85333,36.37764],[-86.85342,36.37727],[-86.85351,36.37672],[-86.85358,36.37626],[-86.85363,36.37564],[-86.85375,36.37436],[-86.85384,36.37311],[-86.85392,36.37225],[-86.85398,36.37138],[-86.85405,36.3707],[-86.85421,36.36975],[-86.85365,36.36933],[-86.85299,36.36903],[-86.85231,36.3687],[-86.85183,36.36848],[-86.85154,36.36828],[-86.85156,36.36789],[-86.85161,36.36761],[-86.85148,36.36734],[-86.85122,36.36709],[-86.851,36.36689],[-86.85071,36.36668],[-86.85037,36.36651],[-86.84998,36.36649],[-86.84957,36.36648],[-86.84904,36.36652],[-86.84866,36.36664],[-86.8482,36.36662],[-86.84789,36.36646],[-86.84754,36.36635],[-86.84717,36.36615],[-86.84689,36.36596],[-86.84648,36.36587],[-86.84621,36.36584],[-86.84593,36.36575],[-86.84568,36.36566],[-86.84538,36.36559],[-86.8451,36.36551],[-86.84486,36.3654],[-86.84448,36.36517],[-86.84426,36.36503],[-86.84411,36.36479],[-86.84407,36.3644],[-86.84403,36.36422],[-86.84372,36.36407],[-86.8432,36.36378],[-86.84289,36.36358],[-86.84271,36.36345],[-86.8422,36.36323],[-86.84194,36.36312],[-86.84167,36.36295],[-86.84147,36.36281],[-86.84118,36.36262],[-86.84072,36.36215],[-86.84052,36.36183],[-86.84042,36.36162],[-86.84021,36.36139],[-86.8397,36.36117],[-86.83939,36.36099],[-86.83917,36.36056],[-86.83872,36.35978],[-86.8384,36.35936],[-86.83819,36.35895],[-86.83798,36.35875],[-86.83759,36.35858],[-86.83707,36.35839],[-86.83678,36.3583],[-86.83672,36.3591],[-86.83667,36.35973],[-86.83662,36.36025],[-86.83489,36.35992],[-86.83452,36.35985],[-86.83456,36.3593],[-86.83464,36.35853],[-86.83466,36.35788],[-86.83438,36.3579],[-86.83411,36.3579],[-86.83382,36.35783],[-86.83369,36.35774],[-86.8336,36.35753],[-86.83365,36.35723],[-86.83371,36.35695],[-86.83375,36.35679],[-86.83341,36.35678],[-86.83302,36.35684],[-86.83286,36.35654],[-86.8326,36.35619],[-86.83152,36.35608],[-86.83073,36.356],[-86.83077,36.35544],[-86.83085,36.35492],[-86.83089,36.35457],[-86.83086,36.35437],[-86.83062,36.354],[-86.83043,36.35375],[-86.83027,36.35352],[-86.83021,36.35344],[-86.82948,36.35334],[-86.82906,36.35329],[-86.82888,36.35309],[-86.82889,36.35284],[-86.82899,36.35272],[-86.8281,36.35217],[-86.82746,36.35188],[-86.827,36.35164],[-86.82645,36.35137],[-86.82594,36.35111],[-86.82553,36.35088],[-86.82533,36.35074],[-86.82557,36.35049],[-86.82587,36.35031],[-86.82619,36.3501],[-86.82643,36.34989],[-86.82613,36.34975],[-86.82592,36.34964],[-86.82591,36.34931],[-86.82706,36.34942],[-86.82708,36.34883],[-86.82735,36.34823],[-86.8278,36.34734],[-86.82807,36.34687],[-86.82823,36.34654],[-86.82803,36.34555],[-86.82795,36.34546],[-86.82838,36.34516],[-86.82902,36.34522],[-86.82956,36.34534],[-86.83002,36.34498],[-86.83103,36.34502],[-86.83123,36.34502],[-86.83134,36.34434],[-86.83136,36.34378],[-86.83145,36.34316],[-86.83164,36.34245],[-86.83172,36.34184],[-86.83155,36.34121],[-86.83145,36.34093],[-86.83144,36.3404],[-86.83135,36.34012],[-86.83079,36.33935],[-86.83035,36.33877],[-86.83047,36.33844],[-86.83074,36.33851],[-86.83119,36.33875],[-86.8316,36.33895],[-86.83189,36.33909],[-86.8325,36.33929],[-86.8333,36.33944],[-86.83404,36.33957],[-86.83449,36.33962],[-86.83462,36.33962],[-86.83501,36.33951],[-86.83505,36.33873],[-86.83509,36.33782],[-86.83475,36.33727],[-86.83444,36.33691],[-86.83381,36.33644],[-86.83426,36.33442],[-86.83434,36.33388],[-86.83445,36.33285],[-86.83478,36.33286],[-86.83549,36.32841],[-86.83591,36.32607],[-86.83865,36.32643],[-86.84211,36.32688],[-86.84402,36.32713],[-86.84406,36.32678],[-86.8448,36.32685],[-86.84528,36.32331],[-86.84704,36.3233],[-86.84749,36.31976],[-86.84889,36.32024],[-86.85026,36.32075],[-86.85082,36.31981],[-86.85143,36.31987],[-86.85206,36.31993],[-86.85265,36.32001],[-86.85507,36.32023],[-86.85588,36.3203],[-86.85615,36.31883],[-86.85799,36.31903],[-86.85822,36.31779],[-86.85856,36.31783],[-86.85891,36.31773],[-86.85992,36.31759],[-86.85992,36.31774],[-86.86044,36.3177],[-86.86056,36.31731],[-86.86179,36.31742],[-86.86183,36.31643],[-86.86203,36.31525],[-86.86179,36.31516],[-86.86161,36.31514],[-86.86082,36.31508],[-86.86065,36.315],[-86.859,36.31447],[-86.85835,36.31508],[-86.8576,36.31563],[-86.85765,36.31501],[-86.85808,36.31026],[-86.86121,36.31044],[-86.86143,36.3104],[-86.86174,36.30991],[-86.86247,36.30992],[-86.86251,36.30967],[-86.86444,36.30985],[-86.86476,36.31066],[-86.86581,36.31049],[-86.86553,36.30997],[-86.86988,36.3104],[-86.87001,36.30929],[-86.87232,36.30945],[-86.87261,36.30709],[-86.86864,36.30683],[-86.86907,36.30444],[-86.8655,36.30415],[-86.86576,36.30253],[-86.86825,36.30275],[-86.86833,36.30226],[-86.86708,36.30118],[-86.86959,36.30073],[-86.87035,36.3007],[-86.87034,36.29967],[-86.86808,36.29998],[-86.86745,36.30009],[-86.86767,36.29842],[-86.87023,36.29854],[-86.86712,36.29655],[-86.87045,36.29702],[-86.87079,36.29488],[-86.87109,36.29267],[-86.87165,36.2889],[-86.87207,36.28591],[-86.87136,36.28589],[-86.87159,36.28433],[-86.8723,36.28435],[-86.87252,36.28284],[-86.87377,36.28288],[-86.8733,36.28239],[-86.87238,36.28179],[-86.87273,36.28152],[-86.87465,36.28167],[-86.87318,36.28062],[-86.87341,36.2802],[-86.87347,36.27944],[-86.87436,36.28],[-86.87593,36.28104],[-86.87678,36.2817],[-86.87728,36.2824],[-86.87774,36.28308],[-86.87828,36.28454],[-86.87882,36.28595],[-86.87931,36.2874],[-86.87968,36.28835],[-86.88012,36.28926],[-86.88071,36.29],[-86.88139,36.29058],[-86.88205,36.29103],[-86.88326,36.29173],[-86.88373,36.29195],[-86.88434,36.29159],[-86.88528,36.29096],[-86.88614,36.29047],[-86.88633,36.29032],[-86.88663,36.29002],[-86.88751,36.28886],[-86.88782,36.28854],[-86.88839,36.28823],[-86.889,36.28797],[-86.88998,36.28796],[-86.89097,36.28797],[-86.89272,36.28816],[-86.89338,36.28819],[-86.89371,36.28827],[-86.89419,36.28875],[-86.8947,36.28908],[-86.89506,36.28931],[-86.89877,36.28982],[-86.89912,36.2899],[-86.90108,36.2909],[-86.9014,36.29103],[-86.90193,36.29114],[-86.90353,36.29096],[-86.9048,36.29083],[-86.90528,36.29081],[-86.90558,36.29084],[-86.90653,36.29118],[-86.90703,36.29133],[-86.90808,36.29168],[-86.90853,36.29181],[-86.90872,36.29182],[-86.90887,36.29179],[-86.90915,36.29166],[-86.90938,36.29144],[-86.90978,36.29094],[-86.91023,36.29029],[-86.9111,36.28913],[-86.91136,36.28898],[-86.91168,36.28892],[-86.91226,36.28899],[-86.91274,36.28896],[-86.91322,36.28886],[-86.91367,36.28881],[-86.91452,36.28885],[-86.91489,36.28888],[-86.91508,36.28888],[-86.91589,36.28875],[-86.91695,36.28855],[-86.9178,36.28843],[-86.91817,36.28837],[-86.91853,36.28836],[-86.91926,36.28838],[-86.92009,36.28845],[-86.92051,36.28848],[-86.92104,36.28838],[-86.92157,36.28823],[-86.92194,36.28808],[-86.92253,36.2878],[-86.92327,36.28746],[-86.92438,36.28697],[-86.92567,36.28639],[-86.92608,36.28587],[-86.92618,36.28539],[-86.92605,36.28447],[-86.92601,36.28385],[-86.92635,36.28386],[-86.92654,36.28384],[-86.9275,36.28402],[-86.92838,36.28418],[-86.92885,36.28429],[-86.92931,36.28446],[-86.92962,36.28475],[-86.93004,36.28534],[-86.93066,36.28582],[-86.93112,36.2861],[-86.93177,36.28643],[-86.93211,36.28654],[-86.93325,36.28669],[-86.93388,36.28677],[-86.93449,36.28691],[-86.93533,36.28704],[-86.93646,36.28712],[-86.93715,36.28723],[-86.93742,36.2873],[-86.9379,36.28758],[-86.93853,36.28794],[-86.93872,36.28825],[-86.93884,36.28877],[-86.93887,36.2897],[-86.93893,36.28984],[-86.93968,36.29044],[-86.9407,36.29099],[-86.94131,36.29128],[-86.94176,36.29145],[-86.94233,36.29151],[-86.94275,36.29164],[-86.94233,36.29232],[-86.94168,36.29353],[-86.94074,36.29511],[-86.93982,36.29677],[-86.93895,36.2982],[-86.93842,36.29913],[-86.93775,36.30034],[-86.93673,36.30214],[-86.93482,36.30544],[-86.93308,36.30842],[-86.93186,36.3105],[-86.93038,36.31309],[-86.92896,36.31553],[-86.92835,36.31654],[-86.92694,36.31898],[-86.92547,36.32156],[-86.92447,36.32332],[-86.92394,36.3242],[-86.92325,36.32536],[-86.92261,36.32679],[-86.92181,36.32863],[-86.92093,36.33066],[-86.9204,36.33193],[-86.9194,36.33467],[-86.91847,36.33722],[-86.91774,36.3392],[-86.91669,36.34208],[-86.91611,36.34348],[-86.91564,36.34474],[-86.91501,36.34651],[-86.91426,36.34862],[-86.91299,36.35214],[-86.91242,36.35373],[-86.91144,36.35647],[-86.91074,36.35837],[-86.91012,36.36009],[-86.90995,36.36044],[-86.91016,36.36073],[-86.91027,36.36088],[-86.91037,36.36114],[-86.91059,36.36148],[-86.91055,36.36231],[-86.91025,36.36297],[-86.90976,36.36351],[-86.90904,36.36409],[-86.90837,36.36459],[-86.90799,36.36489],[-86.90777,36.36493],[-86.90759,36.36477],[-86.90732,36.36479],[-86.90682,36.36533],[-86.90643,36.36596],[-86.90632,36.36625],[-86.90645,36.36661],[-86.90662,36.36679],[-86.90683,36.36721],[-86.9072,36.36765],[-86.90749,36.36795],[-86.90779,36.36819],[-86.90813,36.36845],[-86.9082,36.36857],[-86.90808,36.36907],[-86.90787,36.36958],[-86.90793,36.36978],[-86.90831,36.37022],[-86.90858,36.37039],[-86.90907,36.37052],[-86.90947,36.37057],[-86.90991,36.3707],[-86.91014,36.37094],[-86.9102,36.37124],[-86.91017,36.37154],[-86.91003,36.37186],[-86.90984,36.37212],[-86.91079,36.37217],[-86.91135,36.37218],[-86.91159,36.37191],[-86.91193,36.37173],[-86.91235,36.37171],[-86.91255,36.37169],[-86.91312,36.37135],[-86.91336,36.3713],[-86.91363,36.3713],[-86.91393,36.37113],[-86.91416,36.37105],[-86.91441,36.37114],[-86.91497,36.37109],[-86.91526,36.37104],[-86.91563,36.37087],[-86.91597,36.3709],[-86.9156,36.37166],[-86.91474,36.37335],[-86.91606,36.37352],[-86.91543,36.37607],[-86.91501,36.3778],[-86.91494,36.37808],[-86.91348,36.37801],[-86.91264,36.37795],[-86.91269,36.37746],[-86.91271,36.37722],[-86.91231,36.37743],[-86.91214,36.37761],[-86.91192,36.3778],[-86.91159,36.37793],[-86.91127,36.37806],[-86.91102,36.37822],[-86.91058,36.37826],[-86.91027,36.37846],[-86.90996,36.37876],[-86.90984,36.37904],[-86.91009,36.37937],[-86.91045,36.37985],[-86.91071,36.38004],[-86.91128,36.38033],[-86.91171,36.38062],[-86.91217,36.3809],[-86.91247,36.38136],[-86.91273,36.38188],[-86.91307,36.38234],[-86.91343,36.38286],[-86.91383,36.38324],[-86.91406,36.38344],[-86.91408,36.38358]]]}},{"type":"Feature","properties":{"name":"Whites Creek"},"geometry":{"type":"Polygon","coordinates":[[[-86.83591,36.32607],[-86.83608,36.32345],[-86.83512,36.3234],[-86.83355,36.32328],[-86.83385,36.32057],[-86.83221,36.32041],[-86.83272,36.3166],[-86.83247,36.31646],[-86.82925,36.31902],[-86.82846,36.31961],[-86.82778,36.32011],[-86.82703,36.32067],[-86.82437,36.32264],[-86.82381,36.32231],[-86.8229,36.32127],[-86.82295,36.31925],[-86.82363,36.31794],[-86.82211,36.31747],[-86.82056,36.31747],[-86.81906,36.3154],[-86.81867,36.31529],[-86.81823,36.31483],[-86.81818,36.31449],[-86.81787,36.31401],[-86.81732,36.31368],[-86.81687,36.31356],[-86.81633,36.31335],[-86.81591,36.31313],[-86.81581,36.31297],[-86.81456,36.31222],[-86.81433,36.31208],[-86.81345,36.31105],[-86.81285,36.31035],[-86.8127,36.30972],[-86.81267,36.30912],[-86.8126,36.30802],[-86.81255,36.30711],[-86.81148,36.30832],[-86.81114,36.308],[-86.81111,36.30752],[-86.81105,36.30696],[-86.81059,36.30582],[-86.81046,36.30552],[-86.81058,36.30542],[-86.81006,36.30476],[-86.80978,36.30498],[-86.80891,36.30593],[-86.80865,36.30537],[-86.80865,36.30426],[-86.80725,36.30375],[-86.80682,36.30323],[-86.80665,36.30319],[-86.80654,36.30339],[-86.80639,36.30356],[-86.80621,36.30374],[-86.80595,36.3039],[-86.80513,36.30437],[-86.80341,36.30534],[-86.80317,36.30551],[-86.80193,36.30453],[-86.80299,36.304],[-86.8039,36.30287],[-86.8045,36.30174],[-86.80526,36.30019],[-86.80575,36.29922],[-86.80587,36.29833],[-86.80592,36.29822],[-86.80144,36.29919],[-86.80124,36.30076],[-86.80087,36.30043],[-86.80035,36.3003],[-86.79933,36.30038],[-86.79902,36.30013],[-86.79875,36.29999],[-86.79791,36.29961],[-86.7974,36.30143],[-86.79666,36.30133],[-86.79433,36.3011],[-86.79281,36.30097],[-86.78835,36.30032],[-86.7882,36.30148],[-86.78817,36.30177],[-86.78811,36.30216],[-86.78547,36.30199],[-86.78348,36.30185],[-86.7833,36.30181],[-86.78204,36.30165],[-86.78114,36.3017],[-86.78005,36.30184],[-86.77806,36.30206],[-86.77693,36.30215],[-86.77566,36.30225],[-86.77592,36.30063],[-86.77522,36.30066],[-86.7748,36.29959],[-86.77393,36.29941],[-86.7733,36.29985],[-86.77299,36.30009],[-86.77274,36.30049],[-86.77223,36.30048],[-86.7717,36.30041],[-86.77162,36.30023],[-86.77172,36.29978],[-86.77166,36.29976],[-86.77172,36.29935],[-86.77192,36.29825],[-86.77225,36.29615],[-86.77228,36.29598],[-86.77207,36.29478],[-86.76747,36.29433],[-86.76802,36.29041],[-86.7691,36.2905],[-86.77035,36.29059],[-86.77199,36.29074],[-86.7742,36.29095],[-86.77451,36.28897],[-86.7749,36.28658],[-86.77507,36.28661],[-86.77524,36.28667],[-86.77544,36.28678],[-86.77573,36.28697],[-86.7761,36.28727],[-86.77649,36.28757],[-86.77685,36.28773],[-86.77736,36.28795],[-86.77767,36.28807],[-86.77799,36.28813],[-86.77834,36.28811],[-86.77875,36.28807],[-86.77915,36.28802],[-86.77957,36.288],[-86.77991,36.28806],[-86.78025,36.28815],[-86.78049,36.28822],[-86.78067,36.28807],[-86.7808,36.288],[-86.78118,36.28787],[-86.78144,36.28778],[-86.78178,36.28762],[-86.78219,36.28736],[-86.78254,36.28771],[-86.78224,36.28803],[-86.78158,36.28852],[-86.7813,36.28874],[-86.781,36.28904],[-86.78223,36.28995],[-86.78381,36.28921],[-86.78386,36.29013],[-86.78592,36.29049],[-86.78592,36.29085],[-86.78595,36.29144],[-86.78603,36.29299],[-86.78717,36.29289],[-86.78797,36.29262],[-86.78773,36.29243],[-86.7882,36.29204],[-86.78918,36.29143],[-86.78987,36.29098],[-86.79035,36.29071],[-86.79117,36.29025],[-86.79139,36.28958],[-86.79166,36.2888],[-86.79097,36.28804],[-86.79058,36.28762],[-86.79045,36.28742],[-86.78999,36.28644],[-86.78965,36.2861],[-86.79054,36.28618],[-86.7908,36.28549],[-86.79062,36.28493],[-86.79125,36.28438],[-86.79104,36.28392],[-86.79158,36.28297],[-86.7921,36.27938],[-86.79041,36.27921],[-86.79045,36.27893],[-86.79056,36.27807],[-86.79227,36.27776],[-86.79225,36.2779],[-86.79327,36.27771],[-86.79403,36.27758],[-86.79471,36.27748],[-86.79469,36.27743],[-86.79477,36.27742],[-86.79478,36.27747],[-86.79611,36.27731],[-86.79618,36.27761],[-86.79644,36.27758],[-86.79703,36.27752],[-86.79734,36.27748],[-86.79763,36.27751],[-86.7981,36.27769],[-86.79868,36.27797],[-86.79948,36.27841],[-86.79948,36.27852],[-86.79966,36.2786],[-86.79967,36.27852],[-86.80209,36.27857],[-86.80232,36.27707],[-86.80267,36.27706],[-86.80264,36.2773],[-86.80309,36.27728],[-86.80322,36.27725],[-86.8033,36.2772],[-86.80335,36.27712],[-86.8049,36.27707],[-86.80493,36.27679],[-86.80573,36.27677],[-86.80672,36.27671],[-86.80767,36.2766],[-86.80901,36.27643],[-86.8109,36.27616],[-86.81171,36.27605],[-86.81209,36.27597],[-86.81247,36.27587],[-86.81292,36.27572],[-86.81354,36.27545],[-86.81395,36.27523],[-86.81471,36.27472],[-86.81484,36.27462],[-86.81531,36.27437],[-86.81575,36.27417],[-86.81608,36.27414],[-86.81698,36.27379],[-86.81699,36.27375],[-86.8174,36.27362],[-86.81776,36.27349],[-86.81788,36.27344],[-86.81808,36.27338],[-86.81926,36.27288],[-86.81969,36.2727],[-86.8203,36.27244],[-86.82067,36.27227],[-86.82119,36.27197],[-86.82154,36.27172],[-86.82175,36.27157],[-86.82214,36.27123],[-86.82324,36.27009],[-86.82378,36.26954],[-86.82432,36.26898],[-86.8247,36.26858],[-86.82508,36.26825],[-86.82544,36.26799],[-86.82592,36.26771],[-86.82637,36.26749],[-86.82739,36.26704],[-86.8278,36.26683],[-86.82823,36.26656],[-86.82862,36.26629],[-86.82887,36.26614],[-86.82929,36.26596],[-86.82965,36.26586],[-86.83001,36.26579],[-86.8304,36.26575],[-86.83079,36.26575],[-86.83071,36.26401],[-86.82979,36.26391],[-86.8295,36.26383],[-86.82933,36.26375],[-86.82915,36.26364],[-86.82896,36.26347],[-86.82833,36.26279],[-86.82806,36.26251],[-86.82794,36.2624],[-86.82778,36.26233],[-86.82753,36.26222],[-86.8273,36.26216],[-86.82692,36.26214],[-86.82662,36.26218],[-86.82568,36.26253],[-86.82564,36.2625],[-86.82496,36.26275],[-86.82472,36.26281],[-86.82426,36.26287],[-86.82395,36.26287],[-86.82365,36.26286],[-86.82364,36.26292],[-86.82349,36.26291],[-86.82308,36.26285],[-86.82223,36.26275],[-86.82131,36.26272],[-86.821,36.2627],[-86.82058,36.26264],[-86.82014,36.26253],[-86.81973,36.26236],[-86.81878,36.2619],[-86.81812,36.26162],[-86.81783,36.26153],[-86.81749,36.26145],[-86.81702,36.26138],[-86.81626,36.26137],[-86.81567,36.26137],[-86.81537,36.26135],[-86.81517,36.2613],[-86.81499,36.26123],[-86.81487,36.26117],[-86.81467,36.26103],[-86.8145,36.26085],[-86.81442,36.26073],[-86.81436,36.26059],[-86.81431,36.26041],[-86.81424,36.25998],[-86.81411,36.25951],[-86.81397,36.25913],[-86.813,36.25736],[-86.81279,36.25701],[-86.81265,36.25685],[-86.8125,36.25673],[-86.81228,36.25659],[-86.81205,36.25651],[-86.81173,36.25645],[-86.81101,36.25639],[-86.81067,36.25633],[-86.81022,36.25617],[-86.80963,36.25585],[-86.80908,36.25555],[-86.80849,36.25523],[-86.8082,36.25512],[-86.80758,36.25499],[-86.80713,36.25482],[-86.80668,36.25461],[-86.80627,36.2544],[-86.80581,36.25414],[-86.80553,36.25397],[-86.80519,36.25371],[-86.80493,36.25348],[-86.80468,36.25322],[-86.8044,36.25282],[-86.80419,36.25242],[-86.80395,36.2516],[-86.80378,36.25107],[-86.80367,36.25068],[-86.80361,36.25038],[-86.80351,36.25007],[-86.80314,36.24905],[-86.80264,36.24766],[-86.8023,36.24676],[-86.8021,36.24626],[-86.80201,36.24596],[-86.80191,36.24552],[-86.80188,36.2453],[-86.80187,36.24465],[-86.8019,36.24436],[-86.80213,36.24284],[-86.80478,36.24267],[-86.80654,36.24257],[-86.80648,36.24235],[-86.80892,36.24255],[-86.81036,36.2428],[-86.81065,36.24312],[-86.81108,36.24314],[-86.81153,36.24317],[-86.81738,36.24268],[-86.81692,36.24577],[-86.81646,36.24881],[-86.81604,36.25166],[-86.81638,36.25182],[-86.82313,36.24753],[-86.8235,36.24788],[-86.82483,36.24702],[-86.825,36.24693],[-86.82575,36.24783],[-86.8267,36.24897],[-86.82725,36.24956],[-86.82744,36.24961],[-86.82796,36.25007],[-86.82885,36.25092],[-86.82893,36.25086],[-86.82893,36.25079],[-86.82958,36.24971],[-86.82875,36.24874],[-86.82863,36.24881],[-86.82787,36.24799],[-86.82776,36.24802],[-86.82779,36.2475],[-86.82821,36.24752],[-86.82874,36.24731],[-86.82922,36.24718],[-86.8294,36.24712],[-86.82957,36.24722],[-86.82985,36.24731],[-86.83013,36.24736],[-86.83038,36.24738],[-86.83052,36.24737],[-86.83069,36.24735],[-86.83096,36.24727],[-86.83134,36.2472],[-86.8316,36.2471],[-86.83186,36.24694],[-86.83218,36.24686],[-86.83241,36.24687],[-86.83265,36.24691],[-86.83283,36.24691],[-86.83321,36.24686],[-86.83355,36.24679],[-86.83376,36.24675],[-86.83417,36.24672],[-86.83434,36.24663],[-86.83452,36.24653],[-86.83475,36.24669],[-86.83485,36.24672],[-86.83512,36.24567],[-86.83638,36.24548],[-86.83807,36.24527],[-86.83927,36.24549],[-86.84033,36.24619],[-86.84194,36.24754],[-86.84352,36.24684],[-86.8445,36.24652],[-86.84452,36.24504],[-86.84549,36.2445],[-86.84672,36.24296],[-86.84962,36.24324],[-86.85034,36.24304],[-86.85165,36.24216],[-86.85322,36.24272],[-86.85483,36.24281],[-86.85604,36.24263],[-86.85711,36.24277],[-86.85745,36.24337],[-86.85652,36.2448],[-86.85739,36.24504],[-86.8585,36.24709],[-86.85898,36.24688],[-86.85979,36.24646],[-86.86158,36.2484],[-86.86158,36.24861],[-86.86092,36.24861],[-86.86106,36.24947],[-86.86162,36.24947],[-86.86238,36.2494],[-86.86357,36.24899],[-86.86416,36.24879],[-86.86489,36.24872],[-86.86586,36.24878],[-86.86581,36.24893],[-86.86658,36.24926],[-86.86653,36.24975],[-86.86752,36.25055],[-86.86787,36.25167],[-86.8692,36.25153],[-86.86933,36.25161],[-86.87052,36.25124],[-86.87227,36.25125],[-86.87215,36.25294],[-86.87286,36.25352],[-86.87299,36.2553],[-86.87389,36.25541],[-86.87536,36.25495],[-86.87574,36.2557],[-86.87714,36.25771],[-86.8786,36.25809],[-86.87927,36.26044],[-86.88119,36.26064],[-86.88312,36.26127],[-86.8827,36.26149],[-86.88231,36.26248],[-86.88271,36.26323],[-86.88316,36.2641],[-86.88396,36.26383],[-86.88498,36.26424],[-86.8851,36.26517],[-86.88518,36.26517],[-86.88532,36.26524],[-86.88547,36.2654],[-86.88557,36.26562],[-86.8857,36.2658],[-86.8865,36.26384],[-86.88764,36.265],[-86.88782,36.26504],[-86.88801,36.26576],[-86.88941,36.26623],[-86.88931,36.2709],[-86.88811,36.2709],[-86.88797,36.27251],[-86.8879,36.27301],[-86.88794,36.27304],[-86.88817,36.2731],[-86.88858,36.27313],[-86.88869,36.27315],[-86.88886,36.27325],[-86.8891,36.27342],[-86.88881,36.2776],[-86.88865,36.28011],[-86.88622,36.2799],[-86.88641,36.27898],[-86.88654,36.27821],[-86.88527,36.27792],[-86.8845,36.27754],[-86.88335,36.27703],[-86.8829,36.27705],[-86.88229,36.27708],[-86.88183,36.27688],[-86.88131,36.27687],[-86.88071,36.27688],[-86.87972,36.27757],[-86.87911,36.27798],[-86.87827,36.27842],[-86.87815,36.27868],[-86.87793,36.27869],[-86.87795,36.2792],[-86.87616,36.279],[-86.87503,36.27887],[-86.87355,36.27874],[-86.87353,36.27935],[-86.87358,36.27971],[-86.87356,36.27979],[-86.87354,36.27999],[-86.8735,36.2802],[-86.87342,36.28048],[-86.87336,36.28064],[-86.87465,36.28167],[-86.87271,36.28154],[-86.87238,36.28179],[-86.87325,36.2824],[-86.87345,36.28256],[-86.87377,36.28288],[-86.87362,36.28291],[-86.87252,36.28284],[-86.8723,36.28435],[-86.87159,36.28433],[-86.87136,36.28589],[-86.87207,36.28591],[-86.87151,36.2898],[-86.87083,36.29456],[-86.87045,36.29702],[-86.86712,36.29655],[-86.86966,36.29818],[-86.87023,36.29854],[-86.86767,36.29842],[-86.86751,36.30001],[-86.8675,36.30014],[-86.86777,36.30014],[-86.86818,36.30011],[-86.86889,36.3],[-86.87032,36.29974],[-86.87035,36.3007],[-86.86948,36.30074],[-86.86708,36.30118],[-86.8676,36.30159],[-86.86833,36.30226],[-86.86825,36.30275],[-86.86576,36.30253],[-86.86567,36.30297],[-86.8655,36.30415],[-86.86907,36.30444],[-86.86864,36.30683],[-86.87261,36.30709],[-86.87232,36.30945],[-86.87001,36.30929],[-86.86988,36.3104],[-86.8677,36.3102],[-86.86553,36.30997],[-86.86581,36.31049],[-86.86476,36.31066],[-86.86444,36.30985],[-86.86251,36.30967],[-86.86247,36.30992],[-86.86175,36.30988],[-86.8616,36.31016],[-86.86143,36.3104],[-86.86136,36.3105],[-86.86119,36.31046],[-86.85808,36.31026],[-86.8576,36.31563],[-86.85835,36.31508],[-86.859,36.31447],[-86.86082,36.31508],[-86.86161,36.31514],[-86.86179,36.31516],[-86.86203,36.31525],[-86.86183,36.31643],[-86.86181,36.31736],[-86.86163,36.31737],[-86.86135,36.31734],[-86.86059,36.31725],[-86.86053,36.31739],[-86.86043,36.31773],[-86.85992,36.31774],[-86.85993,36.31765],[-86.8589,36.31775],[-86.85855,36.31791],[-86.85856,36.31786],[-86.85822,36.31781],[-86.85799,36.31903],[-86.85615,36.31883],[-86.85588,36.3203],[-86.85082,36.31981],[-86.85041,36.31976],[-86.84766,36.31842],[-86.84749,36.31976],[-86.84736,36.32075],[-86.84711,36.32275],[-86.84704,36.3233],[-86.84528,36.32331],[-86.8448,36.32685],[-86.84406,36.32678],[-86.84402,36.32713],[-86.84337,36.32704],[-86.83591,36.32607]]]}},{"type":"Feature","properties":{"name":"Baltic Bunch"},"geometry":{"type":"Polygon","coordinates":[[[-86.62111,36.19176],[-86.62075,36.19165],[-86.6206,36.19165],[-86.62041,36.19145],[-86.62024,36.19128],[-86.62008,36.19118],[-86.61982,36.19106],[-86.61964,36.19098],[-86.6194,36.19087],[-86.61911,36.19073],[-86.61895,36.19065],[-86.61875,36.19039],[-86.6188,36.19017],[-86.61876,36.18992],[-86.61909,36.18989],[-86.61937,36.18988],[-86.61974,36.18984],[-86.61976,36.18996],[-86.61978,36.19006],[-86.61982,36.19016],[-86.62033,36.19023],[-86.62067,36.19038],[-86.62093,36.19052],[-86.62106,36.19062],[-86.6212,36.19096],[-86.62148,36.19105],[-86.62128,36.19141],[-86.62111,36.19176]]]}},{"type":"Feature","properties":{"name":"Castlegate"},"geometry":{"type":"Polygon","coordinates":[[[-86.61576,36.08916],[-86.61513,36.08913],[-86.61472,36.08903],[-86.61455,36.08905],[-86.6144,36.08905],[-86.6141,36.089],[-86.61427,36.08822],[-86.61463,36.08802],[-86.61411,36.08735],[-86.61369,36.08678],[-86.61323,36.08699],[-86.61275,36.08596],[-86.61234,36.08505],[-86.6122,36.08491],[-86.61211,36.08477],[-86.61199,36.08434],[-86.61193,36.08396],[-86.61133,36.08388],[-86.61101,36.08384],[-86.61074,36.08359],[-86.6105,36.08346],[-86.61054,36.08258],[-86.61002,36.08252],[-86.61056,36.08202],[-86.61091,36.0817],[-86.61097,36.08154],[-86.61067,36.08133],[-86.61105,36.08096],[-86.6116,36.08046],[-86.61197,36.08014],[-86.61216,36.08004],[-86.6123,36.08],[-86.61245,36.07998],[-86.61264,36.07999],[-86.61267,36.0798],[-86.61271,36.07958],[-86.61281,36.07941],[-86.61342,36.0797],[-86.61488,36.08048],[-86.61506,36.08058],[-86.61515,36.08068],[-86.61534,36.08086],[-86.61557,36.08126],[-86.6157,36.08164],[-86.61571,36.08181],[-86.61567,36.08203],[-86.6157,36.08227],[-86.61566,36.08277],[-86.61567,36.08303],[-86.61574,36.08379],[-86.61584,36.08493],[-86.61591,36.08519],[-86.616,36.08528],[-86.61596,36.08551],[-86.61575,36.08549],[-86.61593,36.08627],[-86.61615,36.08717],[-86.61622,36.08749],[-86.61595,36.0875],[-86.61584,36.08839],[-86.61558,36.0887],[-86.61579,36.08882],[-86.61576,36.08916]]]}},{"type":"Feature","properties":{"name":"Cedarwood"},"geometry":{"type":"Polygon","coordinates":[[[-86.7074,36.04548],[-86.70634,36.04542],[-86.70531,36.04535],[-86.70535,36.04478],[-86.70544,36.04472],[-86.70533,36.0444],[-86.70536,36.04428],[-86.70519,36.04376],[-86.70589,36.04379],[-86.7076,36.04388],[-86.70749,36.04474],[-86.7074,36.04548]]]}},{"type":"Feature","properties":{"name":"Caldwell-Abbay Hall"},"geometry":{"type":"Polygon","coordinates":[[[-86.75532,36.08495],[-86.75512,36.08497],[-86.75484,36.08495],[-86.75326,36.08486],[-86.75232,36.08483],[-86.75195,36.08481],[-86.75164,36.0848],[-86.7501,36.08476],[-86.74921,36.08474],[-86.74775,36.08467],[-86.74755,36.08464],[-86.74728,36.08458],[-86.74568,36.08453],[-86.74403,36.08446],[-86.74227,36.08438],[-86.74015,36.08429],[-86.73886,36.08429],[-86.73894,36.08349],[-86.73907,36.08217],[-86.73912,36.08144],[-86.73906,36.08117],[-86.73902,36.08091],[-86.73803,36.08081],[-86.73773,36.0808],[-86.73749,36.08077],[-86.73746,36.08099],[-86.73664,36.08128],[-86.73622,36.08143],[-86.73593,36.08088],[-86.73598,36.08071],[-86.73562,36.08011],[-86.73408,36.0803],[-86.73422,36.07932],[-86.73426,36.07915],[-86.73435,36.07835],[-86.73607,36.07851],[-86.73697,36.07861],[-86.73779,36.07868],[-86.73826,36.07913],[-86.7385,36.07924],[-86.73879,36.07951],[-86.73928,36.07949],[-86.73932,36.07876],[-86.73923,36.07771],[-86.7392,36.07735],[-86.73911,36.07719],[-86.73917,36.07673],[-86.73922,36.0767],[-86.73931,36.0763],[-86.73935,36.07617],[-86.73817,36.07605],[-86.73738,36.07596],[-86.73723,36.07593],[-86.7372,36.07591],[-86.73722,36.07568],[-86.73724,36.0755],[-86.73727,36.07531],[-86.73737,36.07511],[-86.73753,36.07489],[-86.73769,36.07458],[-86.738,36.0747],[-86.73871,36.07476],[-86.73942,36.07478],[-86.74145,36.07486],[-86.74363,36.07491],[-86.74484,36.07493],[-86.74531,36.07494],[-86.74543,36.07483],[-86.74582,36.07487],[-86.74603,36.07488],[-86.74646,36.07488],[-86.74659,36.07501],[-86.74774,36.075],[-86.74859,36.07513],[-86.74895,36.07525],[-86.7493,36.07565],[-86.74979,36.0753],[-86.75,36.07513],[-86.75051,36.07501],[-86.75073,36.07509],[-86.75125,36.07496],[-86.75161,36.07538],[-86.75227,36.07525],[-86.75302,36.07525],[-86.75415,36.07525],[-86.75469,36.07528],[-86.75469,36.07563],[-86.75472,36.07589],[-86.75489,36.07634],[-86.75508,36.07688],[-86.75513,36.07716],[-86.75514,36.07745],[-86.75513,36.07756],[-86.75506,36.07762],[-86.75506,36.07779],[-86.75533,36.07779],[-86.75598,36.07784],[-86.75735,36.07788],[-86.75861,36.0779],[-86.75867,36.07796],[-86.75857,36.07865],[-86.75846,36.07948],[-86.7584,36.07975],[-86.75834,36.08035],[-86.7583,36.08052],[-86.75812,36.08153],[-86.75816,36.08165],[-86.75815,36.08191],[-86.75807,36.08242],[-86.75797,36.08271],[-86.75788,36.08284],[-86.75754,36.0832],[-86.75721,36.08347],[-86.75702,36.08366],[-86.75635,36.08425],[-86.75601,36.08456],[-86.75569,36.08482],[-86.75548,36.08491],[-86.75532,36.08495]]]}},{"type":"Feature","properties":{"name":"Cedarmont Estates"},"geometry":{"type":"Polygon","coordinates":[[[-86.70531,36.04535],[-86.70413,36.04527],[-86.70391,36.04526],[-86.70381,36.0452],[-86.70378,36.0451],[-86.70378,36.04494],[-86.70373,36.04471],[-86.70362,36.04438],[-86.70284,36.04455],[-86.70257,36.04374],[-86.70262,36.04305],[-86.70265,36.04279],[-86.70246,36.04234],[-86.70253,36.04205],[-86.7025,36.04202],[-86.70254,36.04189],[-86.70269,36.04134],[-86.70243,36.04112],[-86.70235,36.04071],[-86.70179,36.0405],[-86.70153,36.03978],[-86.70219,36.03963],[-86.70192,36.03877],[-86.70225,36.0378],[-86.70283,36.03599],[-86.70428,36.03562],[-86.7043,36.03545],[-86.70483,36.03511],[-86.70509,36.0348],[-86.70545,36.03443],[-86.70569,36.03413],[-86.70602,36.03336],[-86.70711,36.03347],[-86.70732,36.03244],[-86.70778,36.03216],[-86.70801,36.03237],[-86.70809,36.03246],[-86.70822,36.03255],[-86.70831,36.03258],[-86.70858,36.03271],[-86.70887,36.0328],[-86.7091,36.03287],[-86.71043,36.03312],[-86.71181,36.03338],[-86.71157,36.0342],[-86.71172,36.03451],[-86.71153,36.03493],[-86.71102,36.03523],[-86.71061,36.03504],[-86.71011,36.03531],[-86.71054,36.03574],[-86.71066,36.03586],[-86.71073,36.0359],[-86.71069,36.03636],[-86.71068,36.03643],[-86.7109,36.03647],[-86.71087,36.03654],[-86.71076,36.03678],[-86.71083,36.03691],[-86.71072,36.03787],[-86.71067,36.03821],[-86.71064,36.0383],[-86.71051,36.03938],[-86.71042,36.04023],[-86.71036,36.04067],[-86.70804,36.04048],[-86.70777,36.04256],[-86.70759,36.04387],[-86.70519,36.04376],[-86.70536,36.04428],[-86.70533,36.0444],[-86.70544,36.04472],[-86.70535,36.04478],[-86.70531,36.04535]]]}},{"type":"Feature","properties":{"name":"New Hope Point"},"geometry":{"type":"Polygon","coordinates":[[[-86.58971,36.15217],[-86.58778,36.15196],[-86.58687,36.15186],[-86.58677,36.1518],[-86.58542,36.15167],[-86.5843,36.15153],[-86.58419,36.1513],[-86.58412,36.15102],[-86.58412,36.15052],[-86.58418,36.15005],[-86.58421,36.14983],[-86.58433,36.14922],[-86.58437,36.1489],[-86.58551,36.14912],[-86.5866,36.1493],[-86.5876,36.14948],[-86.5886,36.14967],[-86.58845,36.15054],[-86.58865,36.15061],[-86.58916,36.1507],[-86.58995,36.15083],[-86.58982,36.15154],[-86.58971,36.15217]]]}},{"type":"Feature","properties":{"name":"Hampton Hall"},"geometry":{"type":"Polygon","coordinates":[[[-86.58454,36.16449],[-86.5829,36.1643],[-86.58169,36.16418],[-86.58161,36.16473],[-86.5815,36.16551],[-86.58126,36.16553],[-86.57975,36.16545],[-86.57767,36.16534],[-86.57731,36.16532],[-86.57671,36.16525],[-86.57615,36.16519],[-86.5763,36.16427],[-86.57648,36.16319],[-86.57657,36.16258],[-86.57668,36.16198],[-86.57681,36.16115],[-86.57855,36.16153],[-86.57872,36.16046],[-86.57869,36.16014],[-86.57845,36.15987],[-86.57976,36.16005],[-86.57969,36.16046],[-86.57942,36.16234],[-86.57935,36.16267],[-86.57933,36.16283],[-86.58073,36.16289],[-86.58209,36.16297],[-86.58213,36.16273],[-86.58483,36.16304],[-86.58469,36.16376],[-86.58454,36.16449]]]}},{"type":"Feature","properties":{"name":"Lake Park"},"geometry":{"type":"Polygon","coordinates":[[[-86.59242,36.16945],[-86.59134,36.1694],[-86.59132,36.1695],[-86.58649,36.16929],[-86.58636,36.16799],[-86.58609,36.1673],[-86.58616,36.16653],[-86.58639,36.16657],[-86.58666,36.16616],[-86.58679,36.1655],[-86.58623,36.16536],[-86.58537,36.16521],[-86.58543,36.16498],[-86.58519,36.16473],[-86.58471,36.16468],[-86.58478,36.16431],[-86.58484,36.16411],[-86.58484,36.16395],[-86.58506,36.16272],[-86.58513,36.16232],[-86.58538,36.16094],[-86.58543,36.16074],[-86.58554,36.16072],[-86.58578,36.16075],[-86.58605,36.16077],[-86.58656,36.16076],[-86.58686,36.16072],[-86.58741,36.16072],[-86.58739,36.1609],[-86.58739,36.16101],[-86.58748,36.16125],[-86.58764,36.16132],[-86.58785,36.16137],[-86.58853,36.16153],[-86.58878,36.16181],[-86.58901,36.16209],[-86.58986,36.16202],[-86.59011,36.1622],[-86.59097,36.1625],[-86.59157,36.1627],[-86.5919,36.16275],[-86.59215,36.16277],[-86.59353,36.16306],[-86.59362,36.16334],[-86.59393,36.16407],[-86.59376,36.16412],[-86.59395,36.16453],[-86.59399,36.16469],[-86.59438,36.1646],[-86.59465,36.1646],[-86.59461,36.16502],[-86.59324,36.16542],[-86.59376,36.16664],[-86.59388,36.16713],[-86.59376,36.16777],[-86.59351,36.16835],[-86.59325,36.16849],[-86.59322,36.16894],[-86.59281,36.16885],[-86.59256,36.1692],[-86.59242,36.16945]]]}},{"type":"Feature","properties":{"name":"New Hope Meadows"},"geometry":{"type":"Polygon","coordinates":[[[-86.58173,36.19169],[-86.58148,36.19199],[-86.58126,36.19228],[-86.5811,36.19242],[-86.58071,36.19287],[-86.58019,36.19339],[-86.57991,36.19364],[-86.57945,36.19401],[-86.5793,36.19412],[-86.5791,36.19422],[-86.57878,36.1943],[-86.57809,36.1943],[-86.57814,36.1933],[-86.57738,36.19327],[-86.577,36.19428],[-86.57639,36.19433],[-86.576,36.1944],[-86.57544,36.19453],[-86.57553,36.19342],[-86.57557,36.19298],[-86.57555,36.19165],[-86.57452,36.19156],[-86.5744,36.19094],[-86.57429,36.19041],[-86.57503,36.19048],[-86.5752,36.18934],[-86.57679,36.18951],[-86.58056,36.18989],[-86.58157,36.19],[-86.58146,36.19058],[-86.58142,36.19069],[-86.58143,36.19073],[-86.58133,36.19121],[-86.58133,36.19132],[-86.58138,36.19143],[-86.58151,36.19156],[-86.58173,36.19169]]]}},{"type":"Feature","properties":{"name":"Raintree Village"},"geometry":{"type":"Polygon","coordinates":[[[-86.6047,36.17838],[-86.60454,36.1797],[-86.60439,36.1805],[-86.60371,36.17991],[-86.60355,36.17981],[-86.60347,36.17997],[-86.6033,36.18011],[-86.60316,36.18019],[-86.60307,36.18014],[-86.60284,36.1799],[-86.60256,36.17969],[-86.60151,36.17904],[-86.60162,36.17863],[-86.60177,36.17768],[-86.6021,36.17772],[-86.60208,36.1778],[-86.60224,36.17799],[-86.60242,36.17819],[-86.60267,36.17862],[-86.60283,36.1789],[-86.60298,36.17899],[-86.60328,36.17884],[-86.60314,36.17876],[-86.60306,36.17865],[-86.60304,36.17854],[-86.60305,36.17842],[-86.60314,36.17809],[-86.60317,36.17788],[-86.60367,36.17792],[-86.60364,36.17765],[-86.60368,36.17748],[-86.60369,36.17741],[-86.60395,36.1773],[-86.60444,36.17802],[-86.6047,36.17838]]]}},{"type":"Feature","properties":{"name":"Chapelwood"},"geometry":{"type":"Polygon","coordinates":[[[-86.61134,36.18248],[-86.61059,36.182],[-86.60968,36.18139],[-86.6105,36.18051],[-86.61073,36.1791],[-86.61084,36.17849],[-86.61057,36.17818],[-86.61091,36.17783],[-86.61098,36.17787],[-86.61124,36.1776],[-86.61183,36.17814],[-86.61255,36.17879],[-86.61313,36.17934],[-86.61342,36.17939],[-86.61337,36.17965],[-86.61323,36.18026],[-86.61314,36.18045],[-86.613,36.18068],[-86.61271,36.18098],[-86.61153,36.18222],[-86.61134,36.18248]]]}},{"type":"Feature","properties":{"name":"Claymile Station"},"geometry":{"type":"Polygon","coordinates":[[[-86.80247,36.23106],[-86.80045,36.23089],[-86.79978,36.23083],[-86.79987,36.23048],[-86.7999,36.23039],[-86.79991,36.23025],[-86.79926,36.23019],[-86.79946,36.22947],[-86.79971,36.22864],[-86.79977,36.22865],[-86.79981,36.22732],[-86.80217,36.22732],[-86.80316,36.22732],[-86.80294,36.22859],[-86.8027,36.2299],[-86.80259,36.23046],[-86.80247,36.23106]]]}},{"type":"Feature","properties":{"name":"Sutherland Heights"},"geometry":{"type":"Polygon","coordinates":[[[-86.68738,36.22583],[-86.6875,36.22605],[-86.68651,36.22633],[-86.68639,36.22611],[-86.68585,36.2263],[-86.68543,36.22553],[-86.68313,36.22523],[-86.68278,36.2251],[-86.68266,36.22495],[-86.68268,36.22456],[-86.68267,36.2244],[-86.68277,36.22392],[-86.68281,36.22356],[-86.68281,36.22263],[-86.68285,36.22216],[-86.68292,36.22129],[-86.68288,36.22038],[-86.68293,36.2193],[-86.68299,36.21863],[-86.68305,36.21824],[-86.68291,36.21683],[-86.68282,36.21581],[-86.68277,36.21525],[-86.68272,36.2148],[-86.68217,36.21318],[-86.68276,36.21326],[-86.68412,36.21286],[-86.68401,36.2126],[-86.68389,36.21236],[-86.68289,36.21268],[-86.68244,36.2124],[-86.68179,36.21198],[-86.6812,36.21155],[-86.68112,36.21149],[-86.68107,36.21138],[-86.6809,36.21095],[-86.68081,36.21071],[-86.68072,36.21057],[-86.68054,36.21028],[-86.68031,36.2099],[-86.67999,36.20933],[-86.67976,36.20891],[-86.67964,36.20849],[-86.67981,36.2085],[-86.68097,36.20806],[-86.68122,36.20824],[-86.68153,36.20843],[-86.68178,36.20856],[-86.6822,36.20872],[-86.68242,36.20878],[-86.68269,36.20885],[-86.68328,36.20895],[-86.68355,36.20899],[-86.68366,36.20899],[-86.68407,36.20905],[-86.68435,36.2091],[-86.68465,36.20918],[-86.68489,36.20925],[-86.68523,36.20942],[-86.68546,36.20955],[-86.68567,36.2097],[-86.68594,36.20993],[-86.6862,36.21021],[-86.6864,36.21048],[-86.6866,36.21079],[-86.68674,36.21113],[-86.6868,36.21131],[-86.68702,36.21189],[-86.6873,36.2126],[-86.68763,36.21347],[-86.68776,36.21377],[-86.68791,36.21416],[-86.68768,36.21585],[-86.68696,36.22095],[-86.68647,36.22416],[-86.6864,36.2246],[-86.68635,36.2251],[-86.68625,36.22563],[-86.68738,36.22583]]]}},{"type":"Feature","properties":{"name":"Hickory Highlands"},"geometry":{"type":"Polygon","coordinates":[[[-86.66733,36.0592],[-86.66729,36.05933],[-86.66705,36.05972],[-86.66686,36.05961],[-86.66634,36.05954],[-86.66493,36.0594],[-86.66443,36.05959],[-86.66404,36.05926],[-86.6641,36.05898],[-86.66413,36.05884],[-86.664,36.05876],[-86.66366,36.05871],[-86.66266,36.05847],[-86.66203,36.05832],[-86.66152,36.05822],[-86.6609,36.05807],[-86.66057,36.05802],[-86.66028,36.058],[-86.65998,36.05801],[-86.65962,36.05809],[-86.65918,36.05825],[-86.65872,36.05852],[-86.65806,36.05897],[-86.65756,36.05932],[-86.65723,36.05952],[-86.65682,36.05971],[-86.65639,36.05983],[-86.65561,36.05999],[-86.65512,36.06014],[-86.6547,36.06033],[-86.65424,36.0606],[-86.65377,36.06093],[-86.65357,36.06107],[-86.65347,36.06123],[-86.65271,36.06077],[-86.65183,36.06019],[-86.6516,36.06004],[-86.65133,36.05912],[-86.65289,36.05881],[-86.65331,36.05873],[-86.6537,36.05845],[-86.65363,36.05829],[-86.65458,36.05771],[-86.6537,36.05672],[-86.65385,36.0552],[-86.65854,36.05567],[-86.65929,36.05576],[-86.65935,36.05572],[-86.65965,36.05458],[-86.66074,36.05479],[-86.66048,36.05583],[-86.66047,36.05586],[-86.66332,36.05611],[-86.6629,36.05765],[-86.66602,36.05795],[-86.66779,36.05813],[-86.6687,36.05822],[-86.66902,36.05904],[-86.66898,36.05928],[-86.66895,36.05937],[-86.66831,36.05932],[-86.66733,36.0592]]]}},{"type":"Feature","properties":{"name":"Cherokee Hills"},"geometry":{"type":"Polygon","coordinates":[[[-86.68903,36.083],[-86.68896,36.08304],[-86.68887,36.08302],[-86.68833,36.08239],[-86.68827,36.08236],[-86.68792,36.08201],[-86.68771,36.08181],[-86.68725,36.08146],[-86.68669,36.081],[-86.68602,36.08048],[-86.6857,36.08021],[-86.68533,36.07993],[-86.68466,36.07939],[-86.68457,36.07933],[-86.68443,36.07919],[-86.6841,36.07894],[-86.68355,36.07851],[-86.68289,36.07796],[-86.68257,36.07761],[-86.68241,36.07739],[-86.6822,36.07697],[-86.68208,36.07681],[-86.682,36.07671],[-86.68186,36.07632],[-86.68182,36.07594],[-86.6818,36.07546],[-86.68185,36.07508],[-86.68198,36.07458],[-86.68223,36.07403],[-86.68256,36.07356],[-86.68343,36.07243],[-86.68365,36.07218],[-86.68373,36.07204],[-86.6839,36.07182],[-86.68442,36.07194],[-86.68437,36.07237],[-86.68415,36.07252],[-86.68425,36.0727],[-86.68428,36.0729],[-86.68418,36.07342],[-86.68534,36.07354],[-86.68542,36.0738],[-86.68547,36.07395],[-86.68578,36.07388],[-86.68603,36.07383],[-86.68628,36.07381],[-86.68661,36.07382],[-86.68716,36.07388],[-86.68744,36.0739],[-86.68796,36.07394],[-86.68848,36.074],[-86.6888,36.07402],[-86.68921,36.07406],[-86.68948,36.07409],[-86.68953,36.07414],[-86.6896,36.0754],[-86.6896,36.07584],[-86.6897,36.07629],[-86.68986,36.07672],[-86.68991,36.07692],[-86.68971,36.07855],[-86.68965,36.07916],[-86.68961,36.07931],[-86.68956,36.07963],[-86.68928,36.08143],[-86.68903,36.083]]]}},{"type":"Feature","properties":{"name":"Priest Lake Park"},"geometry":{"type":"Polygon","coordinates":[[[-86.60646,36.103],[-86.60647,36.1034],[-86.60645,36.10446],[-86.60641,36.1048],[-86.60614,36.10631],[-86.60506,36.10586],[-86.60442,36.1056],[-86.60306,36.10502],[-86.60347,36.10429],[-86.60376,36.10373],[-86.6039,36.10338],[-86.60404,36.10283],[-86.60405,36.10277],[-86.60409,36.10273],[-86.60485,36.10277],[-86.6051,36.10277],[-86.6054,36.10271],[-86.60558,36.10263],[-86.60579,36.10249],[-86.60646,36.103]]]}},{"type":"Feature","properties":{"name":"Calumet"},"geometry":{"type":"Polygon","coordinates":[[[-86.6168,36.06821],[-86.61672,36.06883],[-86.61586,36.06875],[-86.61521,36.06869],[-86.61462,36.06864],[-86.61419,36.0686],[-86.6139,36.06857],[-86.61402,36.06765],[-86.61411,36.06707],[-86.61414,36.06691],[-86.61427,36.06614],[-86.61434,36.06572],[-86.61539,36.06585],[-86.61531,36.06639],[-86.61609,36.06648],[-86.61616,36.06608],[-86.61632,36.06494],[-86.61646,36.06495],[-86.61658,36.06422],[-86.6174,36.0643],[-86.61729,36.06504],[-86.61763,36.06507],[-86.61747,36.06605],[-86.61711,36.06602],[-86.61688,36.06771],[-86.6168,36.06821]]]}},{"type":"Feature","properties":{"name":"Vultee"},"geometry":{"type":"Polygon","coordinates":[[[-86.72131,36.1318],[-86.71953,36.13119],[-86.71969,36.1308],[-86.7195,36.13072],[-86.71915,36.13049],[-86.71894,36.13031],[-86.71858,36.13004],[-86.7184,36.12985],[-86.71807,36.12961],[-86.71607,36.12807],[-86.7162,36.12808],[-86.71639,36.12808],[-86.71659,36.12805],[-86.71675,36.128],[-86.71697,36.12788],[-86.71725,36.1277],[-86.71749,36.12755],[-86.71764,36.12742],[-86.71777,36.12728],[-86.71794,36.12708],[-86.71817,36.12689],[-86.71826,36.12678],[-86.71828,36.12675],[-86.71836,36.12628],[-86.71846,36.12575],[-86.71865,36.12579],[-86.71876,36.12576],[-86.71895,36.12568],[-86.71907,36.1256],[-86.71922,36.12555],[-86.71939,36.12544],[-86.71952,36.12538],[-86.71962,36.1253],[-86.71976,36.12524],[-86.71996,36.1251],[-86.72003,36.12504],[-86.72026,36.1249],[-86.72051,36.12474],[-86.72126,36.12557],[-86.72197,36.12508],[-86.72231,36.12485],[-86.72294,36.1245],[-86.72391,36.12392],[-86.72412,36.1242],[-86.72428,36.12432],[-86.72419,36.12442],[-86.72421,36.12462],[-86.72416,36.12466],[-86.72419,36.1248],[-86.72422,36.12516],[-86.72402,36.12526],[-86.72425,36.12569],[-86.72432,36.12602],[-86.72436,36.12632],[-86.72432,36.12655],[-86.72424,36.12707],[-86.72377,36.1278],[-86.72402,36.12798],[-86.72347,36.12867],[-86.72398,36.12892],[-86.72389,36.12958],[-86.72352,36.12994],[-86.72296,36.1305],[-86.72241,36.13104],[-86.7214,36.13131],[-86.72131,36.1318]]]}},{"type":"Feature","properties":{"name":"Hickory Chase"},"geometry":{"type":"Polygon","coordinates":[[[-86.72354,36.26395],[-86.723,36.26394],[-86.722,36.26388],[-86.72211,36.26266],[-86.72215,36.26219],[-86.72369,36.26223],[-86.72362,36.26307],[-86.72354,36.26395]]]}},{"type":"Feature","properties":{"name":"Bordeaux Hills-River Meadows"},"geometry":{"type":"Polygon","coordinates":[[[-86.84615,36.18818],[-86.84482,36.18712],[-86.84245,36.18525],[-86.84218,36.18504],[-86.84185,36.1848],[-86.8415,36.18458],[-86.84116,36.1844],[-86.84069,36.18418],[-86.84009,36.18395],[-86.83922,36.18372],[-86.83842,36.1836],[-86.83744,36.18356],[-86.83647,36.1836],[-86.8358,36.1836],[-86.83541,36.18358],[-86.83497,36.18355],[-86.83469,36.18351],[-86.83443,36.18346],[-86.83362,36.18325],[-86.83284,36.18312],[-86.83263,36.18307],[-86.83268,36.18286],[-86.83275,36.1827],[-86.83282,36.18258],[-86.83291,36.18247],[-86.83302,36.18222],[-86.83312,36.18198],[-86.83319,36.18173],[-86.83319,36.18155],[-86.8332,36.18128],[-86.83312,36.18102],[-86.83318,36.18074],[-86.83322,36.18055],[-86.83329,36.18016],[-86.8333,36.17999],[-86.83333,36.17989],[-86.83339,36.1798],[-86.83342,36.17971],[-86.83351,36.17952],[-86.83355,36.17937],[-86.83357,36.17918],[-86.83361,36.17895],[-86.83371,36.17855],[-86.83399,36.17859],[-86.83494,36.17868],[-86.83725,36.17885],[-86.83802,36.17891],[-86.83821,36.17881],[-86.83905,36.17988],[-86.8398,36.1795],[-86.84027,36.1793],[-86.84047,36.17925],[-86.84074,36.17922],[-86.84111,36.17922],[-86.84128,36.17924],[-86.84131,36.17925],[-86.84142,36.17888],[-86.84156,36.1787],[-86.84264,36.17913],[-86.84379,36.17959],[-86.84409,36.17986],[-86.84434,36.18017],[-86.84448,36.18071],[-86.84454,36.18101],[-86.84464,36.18159],[-86.84474,36.18192],[-86.84491,36.18188],[-86.84515,36.18186],[-86.84542,36.18188],[-86.84547,36.18188],[-86.84553,36.18186],[-86.84555,36.18184],[-86.84588,36.18192],[-86.84583,36.18214],[-86.84582,36.18231],[-86.84585,36.18245],[-86.84588,36.18256],[-86.84623,36.18251],[-86.84624,36.18267],[-86.84627,36.18296],[-86.8464,36.18304],[-86.84635,36.18313],[-86.8465,36.18348],[-86.84659,36.18346],[-86.8467,36.18376],[-86.84692,36.18385],[-86.84714,36.1841],[-86.84725,36.18423],[-86.84744,36.18453],[-86.84761,36.18484],[-86.84768,36.18499],[-86.84774,36.18511],[-86.84764,36.18533],[-86.84788,36.18565],[-86.84788,36.18587],[-86.84761,36.18587],[-86.84759,36.18641],[-86.847,36.1864],[-86.84666,36.18639],[-86.84653,36.18681],[-86.84637,36.18681],[-86.84622,36.18771],[-86.84615,36.18818]]]}},{"type":"Feature","properties":{"name":"Hickory Glade"},"geometry":{"type":"Polygon","coordinates":[[[-86.70601,36.0597],[-86.70598,36.06009],[-86.70593,36.06105],[-86.70566,36.06123],[-86.70513,36.06156],[-86.70461,36.06186],[-86.7044,36.06198],[-86.70427,36.06201],[-86.70413,36.06201],[-86.70375,36.0622],[-86.70359,36.06226],[-86.70349,36.06231],[-86.7035,36.06239],[-86.70341,36.06243],[-86.7033,36.06245],[-86.7023,36.06235],[-86.70235,36.06164],[-86.70237,36.06126],[-86.70245,36.06095],[-86.70227,36.0608],[-86.70231,36.06074],[-86.70236,36.06068],[-86.7025,36.06056],[-86.70261,36.06042],[-86.70275,36.0602],[-86.70284,36.0601],[-86.70297,36.05999],[-86.70355,36.05967],[-86.7039,36.05948],[-86.70398,36.05941],[-86.70403,36.05941],[-86.70416,36.05949],[-86.70429,36.05957],[-86.70457,36.0597],[-86.70478,36.05976],[-86.70501,36.0598],[-86.70521,36.0598],[-86.70547,36.05978],[-86.70601,36.0597]]]}},{"type":"Feature","properties":{"name":"Highland Villa"},"geometry":{"type":"Polygon","coordinates":[[[-86.73994,36.04234],[-86.73881,36.04228],[-86.73782,36.04224],[-86.73684,36.04219],[-86.73697,36.04095],[-86.73805,36.04108],[-86.7389,36.04115],[-86.7389,36.03991],[-86.74004,36.04],[-86.73992,36.04081],[-86.73985,36.04133],[-86.74009,36.04135],[-86.74001,36.04191],[-86.73996,36.04219],[-86.73994,36.04234]]]}},{"type":"Feature","properties":{"name":"Oakland Acres"},"geometry":{"type":"Polygon","coordinates":[[[-86.72869,36.24855],[-86.72845,36.24853],[-86.72707,36.24838],[-86.72584,36.2483],[-86.72476,36.24823],[-86.72453,36.24822],[-86.72321,36.24814],[-86.72393,36.24671],[-86.72443,36.24573],[-86.72439,36.24571],[-86.72552,36.24337],[-86.72733,36.24351],[-86.72862,36.24361],[-86.72916,36.24366],[-86.72926,36.24282],[-86.7294,36.2417],[-86.72952,36.24048],[-86.72964,36.2394],[-86.73025,36.23944],[-86.73055,36.23947],[-86.73113,36.23952],[-86.73159,36.23956],[-86.73166,36.23961],[-86.73172,36.24018],[-86.73172,36.2404],[-86.73163,36.24126],[-86.73155,36.24222],[-86.73146,36.24304],[-86.73374,36.24322],[-86.73362,36.24418],[-86.73358,36.24448],[-86.73392,36.24451],[-86.73385,36.24506],[-86.7361,36.24523],[-86.73606,36.24548],[-86.73601,36.24564],[-86.73595,36.24577],[-86.7358,36.24602],[-86.73567,36.24618],[-86.73577,36.24635],[-86.73576,36.24642],[-86.73582,36.2465],[-86.7359,36.24656],[-86.73592,36.2466],[-86.73582,36.24714],[-86.73545,36.24915],[-86.7354,36.2492],[-86.73431,36.2491],[-86.73243,36.24891],[-86.7298,36.24866],[-86.72869,36.24855]]]}},{"type":"Feature","properties":{"name":"Park Court"},"geometry":{"type":"Polygon","coordinates":[[[-86.70816,36.05926],[-86.70764,36.05934],[-86.70736,36.05938],[-86.70708,36.05942],[-86.70706,36.05924],[-86.70693,36.05851],[-86.70681,36.0578],[-86.70789,36.05776],[-86.70834,36.05774],[-86.70823,36.05868],[-86.70816,36.05926]]]}},{"type":"Feature","properties":{"name":"Thrible Springs"},"geometry":{"type":"Polygon","coordinates":[[[-86.7369,36.04159],[-86.73668,36.04159],[-86.73624,36.04157],[-86.73615,36.04125],[-86.73607,36.04128],[-86.73597,36.04127],[-86.73591,36.04124],[-86.73587,36.04116],[-86.73588,36.04108],[-86.73591,36.04104],[-86.73583,36.04093],[-86.73558,36.04112],[-86.73541,36.04127],[-86.73415,36.04117],[-86.73322,36.04108],[-86.73264,36.04099],[-86.73223,36.04093],[-86.73217,36.0409],[-86.73166,36.04089],[-86.73128,36.04087],[-86.73108,36.04087],[-86.73092,36.03997],[-86.73083,36.03942],[-86.73074,36.0389],[-86.73096,36.03884],[-86.73157,36.03875],[-86.73203,36.03873],[-86.73224,36.03875],[-86.73249,36.03877],[-86.73311,36.03886],[-86.73333,36.03888],[-86.73402,36.039],[-86.7347,36.03912],[-86.73543,36.03925],[-86.73568,36.03932],[-86.73573,36.03933],[-86.7359,36.03938],[-86.73631,36.03945],[-86.73623,36.04022],[-86.73704,36.04036],[-86.73699,36.04079],[-86.7369,36.04159]]]}},{"type":"Feature","properties":{"name":"Rivers Edge"},"geometry":{"type":"Polygon","coordinates":[[[-86.63956,36.1794],[-86.63933,36.17937],[-86.63897,36.17938],[-86.63851,36.17955],[-86.63815,36.17971],[-86.63788,36.1799],[-86.63762,36.18001],[-86.63759,36.17995],[-86.63764,36.17992],[-86.63734,36.17961],[-86.63724,36.17948],[-86.63712,36.17891],[-86.6375,36.17827],[-86.63843,36.17789],[-86.63904,36.17761],[-86.63953,36.1773],[-86.63998,36.17698],[-86.64019,36.17683],[-86.64075,36.17664],[-86.64094,36.17743],[-86.64003,36.17875],[-86.63975,36.1791],[-86.63956,36.1794]]]}},{"type":"Feature","properties":{"name":"Heron's Walk"},"geometry":{"type":"Polygon","coordinates":[[[-86.67671,36.2517],[-86.67658,36.2517],[-86.67636,36.2517],[-86.67591,36.25199],[-86.6755,36.25225],[-86.67507,36.25253],[-86.67467,36.25278],[-86.67426,36.25306],[-86.67409,36.25315],[-86.67357,36.25339],[-86.67309,36.2536],[-86.67239,36.2539],[-86.67216,36.25356],[-86.67175,36.25297],[-86.67134,36.25237],[-86.67122,36.25213],[-86.67105,36.25174],[-86.67091,36.25133],[-86.67069,36.25069],[-86.67172,36.25048],[-86.67293,36.25026],[-86.67377,36.25012],[-86.67533,36.24984],[-86.67624,36.24968],[-86.67642,36.24964],[-86.67695,36.2497],[-86.67684,36.25047],[-86.67671,36.2517]]]}},{"type":"Feature","properties":{"name":"Bellshire Estates"},"geometry":{"type":"Polygon","coordinates":[[[-86.77566,36.27031],[-86.77326,36.27006],[-86.77282,36.27001],[-86.7707,36.26982],[-86.76957,36.26971],[-86.76838,36.2696],[-86.76672,36.26943],[-86.76575,36.26933],[-86.76437,36.26919],[-86.76314,36.26907],[-86.76167,36.26891],[-86.75961,36.26872],[-86.75814,36.26857],[-86.75723,36.26848],[-86.75637,36.26835],[-86.75632,36.2683],[-86.75674,36.2671],[-86.75686,36.26666],[-86.75705,36.26584],[-86.75713,36.26534],[-86.75721,36.26473],[-86.75733,36.26387],[-86.7575,36.26264],[-86.75763,36.26176],[-86.75773,36.26093],[-86.75789,36.25948],[-86.758,36.25831],[-86.75973,36.2587],[-86.76236,36.25931],[-86.76406,36.25971],[-86.76697,36.26038],[-86.76723,36.25934],[-86.77187,36.25963],[-86.77239,36.25965],[-86.77283,36.25971],[-86.7728,36.26048],[-86.77331,36.26077],[-86.7734,36.26146],[-86.77323,36.26192],[-86.77319,36.26208],[-86.77416,36.26231],[-86.77519,36.26256],[-86.77579,36.26271],[-86.77582,36.26274],[-86.77573,36.26321],[-86.77558,36.26397],[-86.77546,36.26455],[-86.77543,36.26485],[-86.77546,36.26524],[-86.77555,36.2656],[-86.77576,36.2662],[-86.77585,36.2665],[-86.77601,36.26693],[-86.7761,36.26733],[-86.77613,36.26778],[-86.7761,36.26822],[-86.77595,36.26906],[-86.77573,36.27025],[-86.77566,36.27031]]]}},{"type":"Feature","properties":{"name":"Bellshire Terrace"},"geometry":{"type":"Polygon","coordinates":[[[-86.76697,36.26037],[-86.76266,36.25938],[-86.76131,36.25907],[-86.76196,36.25804],[-86.76208,36.25785],[-86.76208,36.25703],[-86.76207,36.25688],[-86.76182,36.25458],[-86.76344,36.2548],[-86.76557,36.2551],[-86.7669,36.25532],[-86.76759,36.25545],[-86.76819,36.25556],[-86.76846,36.25566],[-86.76836,36.25584],[-86.76804,36.25673],[-86.76787,36.25718],[-86.76763,36.25796],[-86.76749,36.2583],[-86.76728,36.25913],[-86.76697,36.26037]]]}},{"type":"Feature","properties":{"name":"Fisk Area"},"geometry":{"type":"Polygon","coordinates":[[[-86.80289,36.16958],[-86.80244,36.16978],[-86.80191,36.17001],[-86.80156,36.17016],[-86.80094,36.17036],[-86.79976,36.17087],[-86.79919,36.17111],[-86.79835,36.16987],[-86.79825,36.16975],[-86.79774,36.169],[-86.79712,36.16809],[-86.79704,36.168],[-86.79678,36.16761],[-86.79723,36.16742],[-86.79731,36.16738],[-86.79836,36.16694],[-86.79807,36.16652],[-86.79824,36.16645],[-86.79831,36.16647],[-86.79839,36.16655],[-86.79852,36.16678],[-86.7986,36.16689],[-86.79881,36.16721],[-86.79889,36.16736],[-86.79893,36.16737],[-86.79913,36.16767],[-86.7992,36.16777],[-86.79941,36.1681],[-86.79952,36.16824],[-86.79977,36.16861],[-86.80004,36.16901],[-86.80062,36.16988],[-86.80071,36.17],[-86.80138,36.1697],[-86.80261,36.16916],[-86.80289,36.16958]]]}},{"type":"Feature","properties":{"name":"Robertson"},"geometry":{"type":"Polygon","coordinates":[[[-86.86848,36.16327],[-86.86809,36.16266],[-86.86766,36.16197],[-86.86751,36.16161],[-86.86724,36.16109],[-86.86688,36.16041],[-86.8667,36.1601],[-86.86677,36.15973],[-86.86642,36.15963],[-86.86606,36.1592],[-86.8658,36.15908],[-86.86553,36.15887],[-86.86528,36.15872],[-86.86448,36.15839],[-86.86446,36.15848],[-86.86365,36.15816],[-86.86342,36.15805],[-86.86316,36.15796],[-86.86305,36.15785],[-86.86238,36.15761],[-86.86239,36.15758],[-86.86167,36.15731],[-86.86148,36.15728],[-86.86102,36.15711],[-86.86072,36.157],[-86.8606,36.15688],[-86.86028,36.15677],[-86.85984,36.15657],[-86.85952,36.15636],[-86.85929,36.15633],[-86.85916,36.15636],[-86.85889,36.15615],[-86.85869,36.15593],[-86.85852,36.15569],[-86.85871,36.15535],[-86.85864,36.15521],[-86.85842,36.15434],[-86.85842,36.154],[-86.85874,36.15349],[-86.85896,36.15313],[-86.85901,36.15301],[-86.85915,36.15283],[-86.85933,36.15267],[-86.85995,36.15266],[-86.86002,36.15265],[-86.86008,36.15253],[-86.86015,36.15254],[-86.86038,36.15261],[-86.86083,36.15277],[-86.86091,36.15279],[-86.86225,36.15329],[-86.86237,36.15332],[-86.86333,36.15366],[-86.86367,36.1538],[-86.86371,36.15383],[-86.86393,36.15388],[-86.86454,36.15395],[-86.86521,36.15402],[-86.86521,36.15403],[-86.86589,36.1541],[-86.86626,36.15414],[-86.86607,36.15516],[-86.86602,36.15537],[-86.86597,36.15563],[-86.86581,36.1565],[-86.86579,36.15662],[-86.86723,36.1568],[-86.86733,36.15683],[-86.86851,36.15698],[-86.86868,36.157],[-86.86978,36.15713],[-86.87101,36.15728],[-86.8721,36.15741],[-86.87249,36.15746],[-86.87359,36.15758],[-86.87456,36.15771],[-86.87477,36.15774],[-86.87497,36.15776],[-86.87603,36.15799],[-86.87674,36.15814],[-86.87713,36.15822],[-86.87722,36.15827],[-86.8782,36.15869],[-86.87842,36.15879],[-86.8794,36.15922],[-86.87863,36.16034],[-86.87808,36.1601],[-86.87792,36.16034],[-86.87728,36.16005],[-86.87646,36.16123],[-86.87556,36.16254],[-86.87508,36.16323],[-86.87489,36.1635],[-86.87433,36.1643],[-86.87401,36.16483],[-86.87382,36.16511],[-86.87341,36.16573],[-86.87287,36.16648],[-86.87294,36.16652],[-86.87266,36.16691],[-86.87228,36.16685],[-86.87202,36.16673],[-86.87177,36.16647],[-86.87167,36.16637],[-86.87142,36.16625],[-86.87128,36.16618],[-86.87119,36.16606],[-86.87115,36.16594],[-86.87103,36.16579],[-86.87076,36.16542],[-86.8705,36.16503],[-86.87043,36.16493],[-86.87032,36.16486],[-86.87023,36.16481],[-86.86999,36.16474],[-86.86978,36.16465],[-86.86965,36.16451],[-86.86952,36.16442],[-86.86942,36.16436],[-86.86928,36.16432],[-86.86919,36.16433],[-86.86912,36.16436],[-86.86906,36.16437],[-86.86878,36.16381],[-86.8687,36.16364],[-86.86848,36.16327]]]}},{"type":"Feature","properties":{"name":"River Plantation III"},"geometry":{"type":"Polygon","coordinates":[[[-86.946,36.06871],[-86.94605,36.06874],[-86.94745,36.06964],[-86.94795,36.06996],[-86.94754,36.07037],[-86.94751,36.07039],[-86.94749,36.07042],[-86.94747,36.07044],[-86.94745,36.07046],[-86.94743,36.07048],[-86.94741,36.0705],[-86.94739,36.07053],[-86.94736,36.07055],[-86.94734,36.07057],[-86.94732,36.07059],[-86.9473,36.07062],[-86.94728,36.07064],[-86.94726,36.07066],[-86.94724,36.07069],[-86.94722,36.07071],[-86.9472,36.07073],[-86.94719,36.07076],[-86.94717,36.07078],[-86.94715,36.0708],[-86.94713,36.07083],[-86.94711,36.07085],[-86.94709,36.07087],[-86.94707,36.0709],[-86.94706,36.07092],[-86.94704,36.07095],[-86.94702,36.07097],[-86.94683,36.07124],[-86.94679,36.0713],[-86.94677,36.07133],[-86.94676,36.07136],[-86.94674,36.07139],[-86.94672,36.07142],[-86.9467,36.07145],[-86.94668,36.07148],[-86.94666,36.07151],[-86.94665,36.07154],[-86.94663,36.07157],[-86.94661,36.07161],[-86.94659,36.07164],[-86.94659,36.07164],[-86.94658,36.07167],[-86.94656,36.0717],[-86.94654,36.07173],[-86.94653,36.07176],[-86.94651,36.07179],[-86.9465,36.07182],[-86.94648,36.07186],[-86.94647,36.07189],[-86.94645,36.07192],[-86.94644,36.07195],[-86.94643,36.07198],[-86.94641,36.07202],[-86.9464,36.07205],[-86.94639,36.07208],[-86.94637,36.07211],[-86.94636,36.07214],[-86.94635,36.07218],[-86.94634,36.07221],[-86.94633,36.07224],[-86.94632,36.07227],[-86.94631,36.07231],[-86.94629,36.07234],[-86.94628,36.07237],[-86.94628,36.0724],[-86.94627,36.07241],[-86.94626,36.07244],[-86.94626,36.07247],[-86.94625,36.0725],[-86.94624,36.07254],[-86.94623,36.07257],[-86.94622,36.0726],[-86.94621,36.07264],[-86.94621,36.07267],[-86.9462,36.0727],[-86.94619,36.07274],[-86.94619,36.07277],[-86.94618,36.0728],[-86.94617,36.07284],[-86.94617,36.07287],[-86.94616,36.07291],[-86.94616,36.07294],[-86.94615,36.07297],[-86.94615,36.07301],[-86.94614,36.07304],[-86.94614,36.07307],[-86.94614,36.07311],[-86.94613,36.07314],[-86.94613,36.07317],[-86.94608,36.0735],[-86.94593,36.07447],[-86.94592,36.07449],[-86.94592,36.07452],[-86.94592,36.07455],[-86.94591,36.07458],[-86.94591,36.0746],[-86.9459,36.07463],[-86.9459,36.07466],[-86.94589,36.07469],[-86.94589,36.07472],[-86.94588,36.07474],[-86.94588,36.07477],[-86.94587,36.0748],[-86.94587,36.07483],[-86.94586,36.07485],[-86.94586,36.07488],[-86.94585,36.07491],[-86.94585,36.07494],[-86.94584,36.07496],[-86.94583,36.07499],[-86.94583,36.07502],[-86.94582,36.07504],[-86.94581,36.07507],[-86.94581,36.07509],[-86.94581,36.0751],[-86.9458,36.07513],[-86.94579,36.07515],[-86.94579,36.07515],[-86.94579,36.07518],[-86.94578,36.07521],[-86.94577,36.07524],[-86.94576,36.07526],[-86.94576,36.07529],[-86.94575,36.07532],[-86.94574,36.07534],[-86.94573,36.07537],[-86.94572,36.0754],[-86.94571,36.07542],[-86.94571,36.07545],[-86.9457,36.07548],[-86.94569,36.07551],[-86.94568,36.07553],[-86.94567,36.07556],[-86.94566,36.07559],[-86.94565,36.07561],[-86.94564,36.07564],[-86.94563,36.07567],[-86.94562,36.07569],[-86.94561,36.07572],[-86.9456,36.07575],[-86.94559,36.07577],[-86.94558,36.0758],[-86.94557,36.07583],[-86.94556,36.07585],[-86.94555,36.07588],[-86.94554,36.07591],[-86.94553,36.07593],[-86.94552,36.07596],[-86.94551,36.07598],[-86.9455,36.07601],[-86.94539,36.07597],[-86.94528,36.07587],[-86.94517,36.0758],[-86.94509,36.07575],[-86.94519,36.07491],[-86.9453,36.07411],[-86.94545,36.07294],[-86.94552,36.07229],[-86.94556,36.07194],[-86.94561,36.07144],[-86.94565,36.07094],[-86.94569,36.0706],[-86.94561,36.07037],[-86.94557,36.06984],[-86.94556,36.06967],[-86.94531,36.06948],[-86.94565,36.06916],[-86.94568,36.06918],[-86.94582,36.06905],[-86.94571,36.06896],[-86.946,36.06871]]]}},{"type":"Feature","properties":{"name":"Porter Heights"},"geometry":{"type":"Polygon","coordinates":[[[-86.70929,36.18842],[-86.70942,36.1875],[-86.71149,36.18769],[-86.71163,36.18769],[-86.71224,36.18774],[-86.71238,36.18777],[-86.71248,36.18779],[-86.71292,36.18796],[-86.71301,36.18798],[-86.71316,36.18801],[-86.71491,36.18815],[-86.71656,36.18828],[-86.71728,36.18834],[-86.71787,36.18839],[-86.71886,36.18849],[-86.71985,36.18858],[-86.72017,36.18861],[-86.72157,36.18874],[-86.72181,36.18877],[-86.72224,36.18881],[-86.72304,36.18888],[-86.72317,36.1889],[-86.72641,36.18923],[-86.72706,36.18929],[-86.7273,36.18931],[-86.7282,36.18939],[-86.72886,36.18945],[-86.72863,36.1899],[-86.72832,36.19043],[-86.72827,36.19052],[-86.72809,36.19096],[-86.72791,36.19125],[-86.72769,36.19161],[-86.72738,36.19204],[-86.72726,36.19219],[-86.72665,36.19301],[-86.72647,36.19323],[-86.72596,36.19393],[-86.72589,36.19403],[-86.72578,36.19418],[-86.72548,36.19459],[-86.72506,36.19517],[-86.7248,36.19528],[-86.7242,36.19532],[-86.72403,36.19533],[-86.72403,36.19533],[-86.72381,36.19535],[-86.7236,36.19537],[-86.72339,36.1954],[-86.72331,36.19542],[-86.72309,36.19544],[-86.72261,36.19548],[-86.72218,36.19555],[-86.72194,36.1956],[-86.72168,36.19564],[-86.72121,36.19576],[-86.72077,36.19589],[-86.72053,36.19594],[-86.72039,36.196],[-86.72007,36.19607],[-86.71978,36.19611],[-86.7195,36.19613],[-86.71918,36.19613],[-86.71846,36.19608],[-86.71809,36.19603],[-86.71747,36.19598],[-86.71727,36.19596],[-86.71662,36.19591],[-86.71598,36.19585],[-86.71474,36.19576],[-86.71399,36.19571],[-86.71338,36.1957],[-86.7133,36.1957],[-86.71193,36.19562],[-86.7117,36.19561],[-86.71038,36.19557],[-86.70981,36.19554],[-86.70871,36.19549],[-86.70859,36.19526],[-86.70857,36.19518],[-86.70854,36.19505],[-86.70856,36.19491],[-86.70863,36.19428],[-86.70881,36.1927],[-86.70882,36.19263],[-86.70886,36.19239],[-86.70886,36.19233],[-86.70889,36.19215],[-86.7091,36.19017],[-86.70924,36.18907],[-86.70929,36.18842]]]}},{"type":"Feature","properties":{"name":"Avondale Park"},"geometry":{"type":"Polygon","coordinates":[[[-86.98693,36.07718],[-86.98672,36.07713],[-86.98657,36.0771],[-86.98641,36.07706],[-86.98626,36.07702],[-86.98611,36.07698],[-86.98596,36.07694],[-86.98581,36.0769],[-86.98576,36.07689],[-86.98566,36.07686],[-86.98551,36.07681],[-86.98536,36.07677],[-86.98521,36.07672],[-86.98506,36.07667],[-86.98492,36.07663],[-86.98477,36.07658],[-86.98463,36.07653],[-86.98456,36.0765],[-86.98449,36.07648],[-86.98434,36.07642],[-86.98411,36.07634],[-86.98383,36.07624],[-86.98366,36.07618],[-86.98362,36.07617],[-86.98179,36.07554],[-86.98178,36.07553],[-86.98178,36.07553],[-86.98178,36.07553],[-86.98185,36.07547],[-86.98187,36.07542],[-86.98186,36.07539],[-86.98195,36.07533],[-86.98198,36.07534],[-86.98202,36.07534],[-86.98203,36.07534],[-86.98219,36.07526],[-86.98248,36.07513],[-86.9825,36.07512],[-86.9826,36.07506],[-86.98273,36.07501],[-86.98282,36.07497],[-86.98296,36.0749],[-86.98305,36.07485],[-86.98311,36.07482],[-86.98315,36.0748],[-86.98319,36.07478],[-86.98323,36.07475],[-86.98332,36.07468],[-86.98341,36.07463],[-86.98353,36.07457],[-86.98376,36.07446],[-86.98392,36.07439],[-86.98429,36.07426],[-86.98441,36.07424],[-86.98456,36.07422],[-86.98462,36.07422],[-86.98487,36.07421],[-86.98513,36.07421],[-86.98533,36.07417],[-86.98555,36.07415],[-86.98567,36.07413],[-86.98578,36.07411],[-86.98608,36.07409],[-86.98618,36.07406],[-86.98633,36.07402],[-86.98636,36.074],[-86.98638,36.07397],[-86.98643,36.07391],[-86.98648,36.07388],[-86.98657,36.07384],[-86.98671,36.07374],[-86.98672,36.07374],[-86.98688,36.07358],[-86.98696,36.0735],[-86.98711,36.07336],[-86.98716,36.07332],[-86.98722,36.07328],[-86.98722,36.07328],[-86.98755,36.07312],[-86.98755,36.07312],[-86.98763,36.07303],[-86.98778,36.07279],[-86.98773,36.07206],[-86.98757,36.07165],[-86.98746,36.07135],[-86.98736,36.07112],[-86.98719,36.07077],[-86.9898,36.07101],[-86.99188,36.06941],[-86.99191,36.06839],[-86.99222,36.06841],[-86.99227,36.06808],[-86.99341,36.06743],[-86.99407,36.06705],[-86.99476,36.06665],[-86.99493,36.06625],[-86.99501,36.06608],[-86.99516,36.06585],[-86.99566,36.06532],[-86.99611,36.06558],[-86.99714,36.06623],[-86.99767,36.06655],[-86.99666,36.06752],[-86.9952,36.06891],[-86.99418,36.06988],[-86.99393,36.07132],[-86.99393,36.07132],[-86.994,36.07133],[-86.99815,36.07179],[-86.99815,36.07186],[-86.99808,36.07264],[-86.99808,36.07264],[-86.99804,36.07313],[-86.99812,36.07322],[-86.99827,36.07339],[-86.99841,36.07355],[-86.99855,36.0737],[-86.99868,36.07385],[-86.99884,36.07403],[-86.99891,36.07411],[-86.99909,36.0743],[-86.99916,36.07446],[-86.99925,36.07489],[-86.9993,36.07501],[-86.99963,36.07519],[-86.99991,36.0753],[-87.00033,36.07528],[-87.00037,36.07528],[-87.00041,36.07528],[-87.0006,36.07527],[-87.00102,36.07526],[-87.00131,36.07525],[-87.00173,36.07524],[-87.00329,36.07599],[-87.0033,36.07599],[-87.0038,36.07623],[-87.0038,36.07623],[-87.00383,36.07624],[-87.00421,36.07651],[-87.00421,36.07651],[-87.00421,36.07651],[-87.00424,36.07677],[-87.00424,36.0768],[-87.00402,36.07681],[-87.00376,36.07683],[-87.00375,36.07683],[-87.00344,36.07684],[-87.00344,36.07686],[-87.00344,36.07687],[-87.00345,36.07699],[-87.00281,36.07702],[-87.00192,36.07706],[-87.00083,36.07711],[-87.00083,36.07705],[-87.00032,36.07708],[-87.00033,36.07713],[-87.00019,36.07714],[-87.00018,36.07714],[-86.99997,36.07715],[-86.99792,36.07724],[-86.99764,36.07726],[-86.99471,36.0774],[-86.99412,36.07742],[-86.99406,36.07742],[-86.99357,36.07744],[-86.9936,36.07746],[-86.99366,36.0775],[-86.99369,36.07752],[-86.9935,36.07753],[-86.99315,36.07754],[-86.99316,36.07758],[-86.9926,36.0776],[-86.99245,36.07761],[-86.99217,36.07762],[-86.99196,36.07763],[-86.99175,36.07763],[-86.9917,36.07763],[-86.99154,36.07764],[-86.99137,36.07764],[-86.9912,36.07764],[-86.991,36.07764],[-86.99083,36.07763],[-86.99066,36.07763],[-86.99049,36.07763],[-86.99031,36.07762],[-86.99014,36.07761],[-86.98997,36.0776],[-86.98983,36.07759],[-86.98983,36.07759],[-86.98979,36.07759],[-86.98964,36.07758],[-86.98949,36.07756],[-86.9894,36.07756],[-86.98933,36.07755],[-86.98918,36.07753],[-86.98902,36.07752],[-86.98886,36.0775],[-86.9887,36.07748],[-86.98854,36.07746],[-86.98838,36.07744],[-86.98823,36.07742],[-86.98815,36.0774],[-86.98807,36.07739],[-86.98791,36.07737],[-86.98773,36.07734],[-86.98758,36.07731],[-86.98742,36.07728],[-86.98726,36.07725],[-86.98711,36.07722],[-86.98693,36.07718]]]}},{"type":"Feature","properties":{"name":"Travis Trace"},"geometry":{"type":"Polygon","coordinates":[[[-87.0188,36.08394],[-87.01866,36.08375],[-87.01866,36.08375],[-87.0186,36.08378],[-87.01854,36.08381],[-87.01848,36.08383],[-87.01841,36.08385],[-87.01841,36.08385],[-87.01835,36.08386],[-87.01829,36.08388],[-87.01825,36.08388],[-87.01822,36.08389],[-87.0181,36.08376],[-87.0177,36.08334],[-87.01765,36.08329],[-87.01758,36.08321],[-87.01746,36.08309],[-87.01737,36.083],[-87.01731,36.08293],[-87.01725,36.08286],[-87.01722,36.08284],[-87.01783,36.08248],[-87.01778,36.08241],[-87.01762,36.08221],[-87.01797,36.08203],[-87.01785,36.08182],[-87.01755,36.08111],[-87.0175,36.081],[-87.01738,36.08103],[-87.01713,36.0811],[-87.01708,36.08099],[-87.01707,36.08095],[-87.01674,36.08096],[-87.01644,36.08094],[-87.01614,36.08087],[-87.01587,36.08078],[-87.01561,36.08064],[-87.01539,36.08048],[-87.01566,36.08027],[-87.01572,36.08024],[-87.01578,36.08019],[-87.01605,36.07998],[-87.01618,36.08008],[-87.01633,36.08015],[-87.01649,36.0802],[-87.01666,36.08023],[-87.01683,36.08023],[-87.01735,36.08019],[-87.01749,36.08007],[-87.01789,36.08004],[-87.01794,36.08053],[-87.01759,36.08056],[-87.01754,36.08056],[-87.01755,36.0806],[-87.01756,36.08065],[-87.01757,36.0807],[-87.01758,36.08074],[-87.01758,36.08075],[-87.01759,36.0808],[-87.01764,36.08078],[-87.01781,36.08073],[-87.01801,36.08068],[-87.01804,36.08073],[-87.01809,36.08084],[-87.01868,36.08076],[-87.01917,36.08086],[-87.01942,36.08124],[-87.01937,36.08163],[-87.01903,36.0816],[-87.01894,36.08159],[-87.01893,36.08172],[-87.01892,36.08176],[-87.01892,36.08179],[-87.01891,36.08182],[-87.0189,36.08185],[-87.01898,36.08187],[-87.01927,36.08196],[-87.01927,36.08196],[-87.01932,36.0819],[-87.01934,36.08189],[-87.01945,36.08185],[-87.0197,36.08176],[-87.01989,36.08169],[-87.01995,36.08168],[-87.02019,36.08165],[-87.0204,36.08162],[-87.02061,36.0816],[-87.02082,36.08157],[-87.02104,36.08154],[-87.02125,36.08152],[-87.02194,36.08143],[-87.02215,36.0814],[-87.02225,36.08139],[-87.02224,36.08137],[-87.02221,36.08124],[-87.02223,36.08124],[-87.02233,36.08122],[-87.02254,36.08119],[-87.02275,36.08116],[-87.02308,36.0811],[-87.0231,36.0812],[-87.02312,36.0813],[-87.02312,36.08131],[-87.02315,36.0813],[-87.02314,36.08129],[-87.02314,36.08129],[-87.02315,36.08129],[-87.02318,36.08129],[-87.02321,36.08143],[-87.02321,36.08144],[-87.02321,36.08144],[-87.02328,36.08173],[-87.02334,36.08201],[-87.02334,36.08201],[-87.02334,36.08204],[-87.02333,36.08204],[-87.02328,36.08204],[-87.02322,36.08205],[-87.02304,36.08207],[-87.02283,36.0821],[-87.02269,36.08212],[-87.02262,36.08213],[-87.02241,36.08215],[-87.0222,36.08218],[-87.02216,36.08219],[-87.02199,36.08221],[-87.02161,36.08226],[-87.02145,36.08228],[-87.02124,36.0823],[-87.02103,36.08233],[-87.02082,36.08236],[-87.02073,36.08237],[-87.02061,36.08238],[-87.02054,36.08239],[-87.0204,36.08241],[-87.02019,36.08244],[-87.02001,36.08246],[-87.01989,36.08247],[-87.01985,36.08254],[-87.01985,36.08255],[-87.01981,36.08261],[-87.01978,36.08269],[-87.01972,36.08284],[-87.01971,36.08287],[-87.01967,36.08294],[-87.01965,36.083],[-87.01963,36.08305],[-87.01958,36.08317],[-87.01952,36.08333],[-87.01952,36.08333],[-87.01945,36.0835],[-87.01944,36.08352],[-87.01943,36.08354],[-87.01942,36.08357],[-87.01939,36.08363],[-87.01937,36.0837],[-87.0193,36.08374],[-87.01909,36.08388],[-87.01886,36.08402],[-87.01886,36.08402],[-87.0188,36.08394]]]}},{"type":"Feature","properties":{"name":"Oak Highlands"},"geometry":{"type":"Polygon","coordinates":[[[-86.67565,36.03451],[-86.67555,36.03436],[-86.67565,36.03451],[-86.67565,36.03451]]]}}]}