{"type":"FeatureCollection","features":[{"type":"Feature","properties":{"name":"Park Central"},"geometry":{"type":"Polygon","coordinates":[[[-81.40906,28.49795],[-81.40905,28.49742],[-81.40929,28.49737],[-81.40985,28.49749],[-81.41147,28.49748],[-81.41238,28.49759],[-81.41247,28.49736],[-81.41217,28.49704],[-81.41065,28.49659],[-81.41067,28.49631],[-81.41077,28.49617],[-81.41085,28.49619],[-81.41025,28.49454],[-81.4099,28.49455],[-81.40982,28.49498],[-81.40942,28.4952],[-81.40914,28.49518],[-81.40917,28.49475],[-81.40926,28.49465],[-81.40929,28.49461],[-81.40931,28.49456],[-81.40932,28.49452],[-81.40932,28.49447],[-81.40932,28.49442],[-81.41036,28.49441],[-81.4106,28.49506],[-81.41118,28.495],[-81.41122,28.49499],[-81.41125,28.49498],[-81.4113,28.49497],[-81.41133,28.49496],[-81.41137,28.49494],[-81.41141,28.49491],[-81.41146,28.49488],[-81.41145,28.49457],[-81.41207,28.49456],[-81.41208,28.4949],[-81.41164,28.49491],[-81.41161,28.49494],[-81.41158,28.49497],[-81.41154,28.495],[-81.4115,28.49503],[-81.41145,28.49506],[-81.41139,28.49509],[-81.41134,28.49511],[-81.41128,28.49512],[-81.41121,28.49513],[-81.41065,28.4952],[-81.41099,28.49612],[-81.41246,28.49655],[-81.41311,28.49739],[-81.41312,28.49794],[-81.40961,28.49798],[-81.40838,28.49799],[-81.40839,28.49796],[-81.40906,28.49795]],[[-81.40939,28.49423],[-81.40937,28.49067],[-81.40987,28.49067],[-81.40985,28.48877],[-81.41212,28.48875],[-81.41211,28.48712],[-81.41459,28.4871],[-81.4146,28.48836],[-81.41473,28.48836],[-81.41642,28.48894],[-81.41642,28.48971],[-81.41644,28.4897],[-81.41645,28.4897],[-81.41646,28.4897],[-81.41649,28.48969],[-81.41651,28.48969],[-81.41652,28.48969],[-81.41654,28.48969],[-81.41655,28.48968],[-81.41657,28.48968],[-81.41658,28.48968],[-81.4166,28.48968],[-81.41661,28.48968],[-81.41663,28.48967],[-81.41665,28.48967],[-81.41666,28.48967],[-81.41668,28.48967],[-81.41669,28.48967],[-81.4167,28.48967],[-81.41672,28.48967],[-81.41676,28.48966],[-81.41679,28.48966],[-81.41684,28.48966],[-81.4171,28.48966],[-81.41782,28.48966],[-81.41783,28.4906],[-81.41801,28.49059],[-81.41802,28.49146],[-81.41721,28.49146],[-81.41674,28.49147],[-81.41674,28.49202],[-81.41667,28.49202],[-81.41667,28.49375],[-81.41418,28.49378],[-81.41419,28.49419],[-81.40939,28.49423]]]}},{"type":"Feature","properties":{"name":"Pershing"},"geometry":{"type":"Polygon","coordinates":[[[-81.29579,28.49572],[-81.2962,28.49572],[-81.2962,28.49546],[-81.2962,28.49536],[-81.29631,28.49536],[-81.29634,28.49536],[-81.29664,28.49536],[-81.29682,28.49536],[-81.29702,28.49535],[-81.29721,28.49535],[-81.29733,28.49535],[-81.29735,28.49885],[-81.29735,28.49905],[-81.29724,28.49905],[-81.2963,28.49906],[-81.2963,28.49912],[-81.2963,28.49914],[-81.29581,28.49915],[-81.2953,28.49916],[-81.2953,28.49887],[-81.29527,28.49537],[-81.2955,28.49537],[-81.29569,28.49537],[-81.29579,28.49537],[-81.29579,28.49572]]]}},{"type":"Feature","properties":{"name":"Azalea Park"},"geometry":{"type":"Polygon","coordinates":[[[-81.31052,28.54722],[-81.31051,28.54691],[-81.31051,28.5463],[-81.31051,28.54625],[-81.3105,28.54592],[-81.3105,28.54575],[-81.31049,28.54479],[-81.31048,28.54394],[-81.31046,28.54294],[-81.31046,28.5425],[-81.31045,28.54234],[-81.31045,28.54201],[-81.31045,28.54185],[-81.31044,28.54152],[-81.31044,28.54119],[-81.31043,28.54102],[-81.31043,28.54069],[-81.31044,28.53952],[-81.31058,28.53953],[-81.31205,28.53951],[-81.31302,28.53952],[-81.31421,28.53958],[-81.31472,28.53963],[-81.31479,28.54263],[-81.31888,28.5426],[-81.31889,28.54348],[-81.31892,28.54624],[-81.31882,28.54624],[-81.31843,28.54624],[-81.31839,28.54624],[-81.31818,28.54624],[-81.31815,28.54624],[-81.31793,28.54625],[-81.31792,28.54625],[-81.31768,28.54625],[-81.31745,28.54625],[-81.31722,28.54625],[-81.31719,28.54625],[-81.31694,28.54625],[-81.31694,28.54595],[-81.31694,28.54566],[-81.31693,28.54546],[-81.31675,28.54546],[-81.3164,28.54546],[-81.31639,28.54535],[-81.31616,28.54535],[-81.31593,28.54535],[-81.31569,28.54536],[-81.31546,28.54536],[-81.31523,28.54536],[-81.31523,28.54547],[-81.31488,28.54547],[-81.31488,28.54573],[-81.31488,28.5459],[-81.31489,28.54627],[-81.31489,28.54666],[-81.31489,28.54682],[-81.3148,28.54682],[-81.3148,28.54678],[-81.3145,28.54679],[-81.31431,28.54679],[-81.31406,28.54679],[-81.31382,28.54679],[-81.31357,28.54679],[-81.31332,28.54679],[-81.31296,28.5468],[-81.31262,28.5468],[-81.31237,28.5468],[-81.31207,28.5468],[-81.31176,28.54681],[-81.31135,28.54681],[-81.31131,28.54681],[-81.31131,28.54745],[-81.31083,28.54746],[-81.31052,28.54747],[-81.31052,28.54722]]]}},{"type":"Feature","properties":{"name":"Bryn Mawr"},"geometry":{"type":"Polygon","coordinates":[[[-81.31457,28.51491],[-81.31447,28.51491],[-81.31447,28.51459],[-81.31446,28.51246],[-81.31443,28.5098],[-81.31443,28.50875],[-81.31442,28.5073],[-81.31441,28.50629],[-81.31441,28.50618],[-81.31546,28.50618],[-81.31852,28.50615],[-81.31852,28.50624],[-81.3268,28.50617],[-81.33069,28.50615],[-81.33106,28.50612],[-81.33107,28.50799],[-81.33092,28.50799],[-81.33092,28.50837],[-81.33094,28.50987],[-81.33093,28.51057],[-81.33093,28.51059],[-81.32679,28.51062],[-81.32681,28.51335],[-81.32513,28.51336],[-81.32513,28.51291],[-81.3251,28.51155],[-81.32268,28.51156],[-81.31856,28.51159],[-81.31859,28.51532],[-81.31645,28.51534],[-81.31646,28.51645],[-81.31502,28.51645],[-81.31501,28.51491],[-81.31464,28.51491],[-81.31457,28.51491]]]}},{"type":"Feature","properties":{"name":"Callahan"},"geometry":{"type":"Polygon","coordinates":[[[-81.38305,28.54939],[-81.38301,28.54855],[-81.38297,28.54748],[-81.38291,28.54661],[-81.3829,28.54609],[-81.38289,28.5457],[-81.3829,28.54385],[-81.3829,28.54204],[-81.38494,28.54202],[-81.38701,28.54201],[-81.38904,28.542],[-81.39053,28.542],[-81.39317,28.54199],[-81.39435,28.54199],[-81.39569,28.542],[-81.39629,28.54199],[-81.39727,28.542],[-81.39727,28.54254],[-81.3973,28.54337],[-81.3973,28.54386],[-81.39732,28.5442],[-81.39733,28.5449],[-81.39732,28.54567],[-81.39735,28.54746],[-81.39745,28.54931],[-81.39648,28.54931],[-81.39604,28.5493],[-81.3954,28.5493],[-81.39326,28.54932],[-81.3907,28.54934],[-81.38912,28.54933],[-81.38881,28.54932],[-81.38861,28.54933],[-81.38839,28.54936],[-81.38817,28.54944],[-81.38784,28.54953],[-81.38764,28.54961],[-81.3874,28.54968],[-81.38716,28.54975],[-81.3869,28.5498],[-81.38662,28.54982],[-81.38638,28.54982],[-81.38614,28.54977],[-81.38583,28.54968],[-81.38551,28.54955],[-81.38532,28.54946],[-81.38514,28.54941],[-81.38499,28.54938],[-81.38305,28.54939]]]}},{"type":"Feature","properties":{"name":"Wedgewood Groves"},"geometry":{"type":"Polygon","coordinates":[[[-81.33509,28.51334],[-81.33509,28.51321],[-81.33562,28.5132],[-81.33612,28.5132],[-81.33611,28.51146],[-81.33714,28.51146],[-81.33715,28.51319],[-81.33726,28.5132],[-81.33803,28.51319],[-81.33913,28.51318],[-81.33917,28.51845],[-81.33513,28.51848],[-81.33509,28.51334]]]}},{"type":"Feature","properties":{"name":"Crescent Park"},"geometry":{"type":"Polygon","coordinates":[[[-81.33088,28.46582],[-81.33086,28.46257],[-81.33086,28.46216],[-81.33084,28.46043],[-81.33084,28.45865],[-81.33318,28.45864],[-81.33882,28.45861],[-81.33883,28.46035],[-81.33883,28.46071],[-81.33884,28.4621],[-81.33885,28.46292],[-81.33885,28.46421],[-81.33887,28.46519],[-81.33886,28.46525],[-81.33886,28.46531],[-81.33884,28.46537],[-81.33882,28.46542],[-81.3388,28.46547],[-81.33876,28.46552],[-81.33872,28.46557],[-81.33868,28.46562],[-81.33862,28.46566],[-81.33856,28.4657],[-81.33851,28.46573],[-81.33845,28.46575],[-81.33837,28.46577],[-81.33828,28.46579],[-81.33821,28.46579],[-81.33651,28.4658],[-81.33605,28.4658],[-81.33319,28.46581],[-81.33088,28.46582]]]}},{"type":"Feature","properties":{"name":"Windhover"},"geometry":{"type":"Polygon","coordinates":[[[-81.45895,28.48974],[-81.4589,28.48791],[-81.45889,28.48717],[-81.45887,28.48572],[-81.45886,28.48287],[-81.46668,28.48286],[-81.46668,28.48302],[-81.46668,28.48304],[-81.46676,28.48643],[-81.46691,28.48643],[-81.46692,28.48672],[-81.46694,28.48873],[-81.46693,28.48951],[-81.46693,28.4907],[-81.46692,28.49089],[-81.46692,28.4911],[-81.46692,28.49195],[-81.46536,28.49196],[-81.46338,28.49197],[-81.46548,28.49337],[-81.46693,28.49346],[-81.46693,28.49371],[-81.4649,28.49373],[-81.45895,28.48974]]]}},{"type":"Feature","properties":{"name":"Florida Center"},"geometry":{"type":"Polygon","coordinates":[[[-81.4398,28.4684],[-81.43928,28.46796],[-81.43828,28.46708],[-81.4371,28.46606],[-81.43707,28.46608],[-81.43565,28.46485],[-81.43524,28.46485],[-81.43099,28.4649],[-81.42799,28.46494],[-81.42799,28.46475],[-81.42421,28.4648],[-81.42359,28.46468],[-81.41903,28.46472],[-81.41917,28.46454],[-81.41931,28.46435],[-81.41942,28.46422],[-81.41964,28.46398],[-81.41985,28.46376],[-81.42009,28.46351],[-81.4209,28.46271],[-81.42137,28.46223],[-81.42235,28.46125],[-81.42296,28.46065],[-81.42313,28.46072],[-81.42325,28.4606],[-81.42416,28.46131],[-81.42472,28.46075],[-81.42382,28.46004],[-81.42574,28.45817],[-81.42636,28.4575],[-81.42671,28.45704],[-81.43305,28.46254],[-81.43392,28.46176],[-81.43437,28.46135],[-81.43487,28.4609],[-81.43487,28.46035],[-81.43503,28.46026],[-81.43515,28.46017],[-81.43524,28.46009],[-81.43533,28.46],[-81.4354,28.45989],[-81.43546,28.45978],[-81.43549,28.45967],[-81.43552,28.45952],[-81.43552,28.45933],[-81.43551,28.45916],[-81.43546,28.45896],[-81.4354,28.4588],[-81.43531,28.45861],[-81.43488,28.45855],[-81.43473,28.4585],[-81.43462,28.45844],[-81.43452,28.45835],[-81.43444,28.45824],[-81.4344,28.45813],[-81.43438,28.45801],[-81.43439,28.4579],[-81.43442,28.45781],[-81.43447,28.45772],[-81.43455,28.45763],[-81.43498,28.45723],[-81.43504,28.45715],[-81.43508,28.45707],[-81.4351,28.45698],[-81.43509,28.45689],[-81.43506,28.45679],[-81.43501,28.45671],[-81.43496,28.45665],[-81.43488,28.45655],[-81.43481,28.45645],[-81.43478,28.45635],[-81.43476,28.45626],[-81.43476,28.45615],[-81.43477,28.45608],[-81.43479,28.456],[-81.43485,28.4559],[-81.4349,28.45583],[-81.43568,28.45497],[-81.43575,28.45488],[-81.43581,28.45478],[-81.43589,28.45461],[-81.43593,28.45444],[-81.43608,28.45382],[-81.43611,28.45377],[-81.43617,28.45374],[-81.43703,28.45355],[-81.43703,28.45334],[-81.43702,28.45266],[-81.43702,28.45253],[-81.43702,28.4523],[-81.43702,28.45219],[-81.43695,28.45218],[-81.43688,28.45215],[-81.43679,28.4521],[-81.43674,28.45204],[-81.4367,28.45197],[-81.43666,28.45188],[-81.43664,28.45178],[-81.43663,28.4517],[-81.43663,28.45146],[-81.43663,28.45055],[-81.4377,28.45054],[-81.43793,28.45054],[-81.43924,28.45053],[-81.43947,28.45052],[-81.4412,28.45051],[-81.44121,28.4513],[-81.44203,28.4513],[-81.44204,28.45217],[-81.44205,28.45299],[-81.44207,28.45488],[-81.44208,28.45658],[-81.4421,28.45955],[-81.44212,28.46119],[-81.44254,28.46118],[-81.44254,28.46126],[-81.45039,28.46122],[-81.45036,28.45705],[-81.45032,28.44977],[-81.45577,28.44975],[-81.45856,28.44971],[-81.46264,28.44968],[-81.46264,28.44985],[-81.46468,28.44984],[-81.46466,28.44752],[-81.46593,28.44753],[-81.46586,28.44805],[-81.46584,28.44823],[-81.46578,28.44879],[-81.46569,28.44931],[-81.46556,28.44983],[-81.46672,28.44983],[-81.46666,28.45723],[-81.46666,28.45737],[-81.46825,28.45736],[-81.46935,28.45735],[-81.46941,28.45735],[-81.46963,28.45734],[-81.47008,28.45734],[-81.47072,28.45733],[-81.47096,28.45733],[-81.47255,28.45731],[-81.47318,28.45731],[-81.47439,28.4573],[-81.47461,28.45649],[-81.47469,28.45609],[-81.47474,28.45578],[-81.47477,28.45544],[-81.4748,28.45511],[-81.47481,28.45481],[-81.47722,28.45518],[-81.47747,28.45488],[-81.47746,28.45366],[-81.47965,28.45364],[-81.48113,28.45431],[-81.48115,28.45727],[-81.47997,28.45727],[-81.4791,28.45727],[-81.47911,28.46077],[-81.48117,28.46077],[-81.48118,28.4638],[-81.47912,28.4638],[-81.47912,28.46369],[-81.47751,28.46369],[-81.47751,28.46287],[-81.47659,28.46288],[-81.47659,28.46249],[-81.47564,28.46249],[-81.47564,28.46282],[-81.47507,28.46283],[-81.47507,28.46365],[-81.47577,28.46365],[-81.47577,28.46409],[-81.47508,28.46409],[-81.47509,28.46688],[-81.4751,28.46801],[-81.47914,28.46799],[-81.47916,28.47165],[-81.47899,28.47165],[-81.479,28.4722],[-81.47905,28.47223],[-81.47918,28.47227],[-81.48013,28.47245],[-81.48023,28.47245],[-81.48035,28.47245],[-81.48048,28.47244],[-81.48056,28.47243],[-81.48083,28.47236],[-81.48086,28.47235],[-81.48089,28.47235],[-81.48092,28.47238],[-81.48093,28.47241],[-81.48093,28.47243],[-81.48092,28.47252],[-81.4807,28.47315],[-81.48065,28.47325],[-81.48059,28.47332],[-81.48052,28.4734],[-81.48043,28.47347],[-81.48038,28.47351],[-81.48034,28.47353],[-81.48027,28.47357],[-81.48017,28.47361],[-81.47871,28.47407],[-81.47853,28.47414],[-81.47835,28.47422],[-81.4769,28.47503],[-81.47678,28.47508],[-81.47668,28.47512],[-81.47657,28.47516],[-81.4763,28.47521],[-81.47617,28.47522],[-81.47584,28.47522],[-81.4755,28.4752],[-81.47523,28.4752],[-81.47518,28.47518],[-81.47513,28.47514],[-81.47511,28.47508],[-81.4751,28.4755],[-81.47508,28.4788],[-81.47511,28.4788],[-81.47514,28.47902],[-81.47518,28.47916],[-81.47527,28.47949],[-81.47535,28.47972],[-81.47574,28.48081],[-81.47551,28.48088],[-81.47547,28.48081],[-81.47541,28.48075],[-81.47533,28.48068],[-81.47524,28.48064],[-81.47516,28.48062],[-81.47504,28.4806],[-81.47499,28.48059],[-81.47492,28.4806],[-81.47485,28.4806],[-81.4748,28.48062],[-81.47397,28.48091],[-81.4732,28.48118],[-81.46923,28.48256],[-81.469,28.48271],[-81.46885,28.48277],[-81.46868,28.48278],[-81.46847,28.48285],[-81.46823,28.48291],[-81.46801,28.48295],[-81.46774,28.483],[-81.46755,28.48302],[-81.46739,28.48303],[-81.46726,28.48304],[-81.46668,28.48304],[-81.46668,28.48302],[-81.46668,28.48286],[-81.45886,28.48287],[-81.45887,28.48572],[-81.45889,28.48717],[-81.4589,28.48791],[-81.45895,28.48974],[-81.45806,28.48911],[-81.45767,28.48886],[-81.45671,28.48811],[-81.45649,28.48792],[-81.45625,28.48772],[-81.45555,28.48701],[-81.45502,28.48642],[-81.45463,28.4859],[-81.45245,28.48292],[-81.4514,28.48152],[-81.44941,28.47887],[-81.44802,28.47703],[-81.44732,28.47609],[-81.4469,28.47552],[-81.44631,28.47474],[-81.44529,28.47337],[-81.44438,28.47216],[-81.44218,28.46973],[-81.44177,28.46937],[-81.44177,28.47012],[-81.4398,28.4684]],[[-81.42495,28.46214],[-81.4249,28.46219],[-81.42498,28.46225],[-81.42503,28.46221],[-81.42495,28.46214]],[[-81.44041,28.45498],[-81.44062,28.45497],[-81.44062,28.45489],[-81.44041,28.45489],[-81.44041,28.45498]]]}},{"type":"Feature","properties":{"name":"Florida Center North"},"geometry":{"type":"Polygon","coordinates":[[[-81.44013,28.4721],[-81.44012,28.47196],[-81.43981,28.47196],[-81.4398,28.4684],[-81.44177,28.47012],[-81.44177,28.46937],[-81.44218,28.46973],[-81.44438,28.47216],[-81.44529,28.47337],[-81.44631,28.47474],[-81.4469,28.47552],[-81.44732,28.47609],[-81.44802,28.47703],[-81.44941,28.47887],[-81.4514,28.48152],[-81.45245,28.48292],[-81.45463,28.4859],[-81.45502,28.48642],[-81.45555,28.48701],[-81.45625,28.48772],[-81.45649,28.48792],[-81.45671,28.48811],[-81.45767,28.48886],[-81.45806,28.48911],[-81.45895,28.48974],[-81.45894,28.49391],[-81.45782,28.49403],[-81.45597,28.49406],[-81.4553,28.49409],[-81.45458,28.49414],[-81.45466,28.50121],[-81.44984,28.50123],[-81.44282,28.50125],[-81.4287,28.50144],[-81.4269,28.50146],[-81.42638,28.50146],[-81.43261,28.49419],[-81.43266,28.49413],[-81.43676,28.4893],[-81.43722,28.48882],[-81.43779,28.48828],[-81.43847,28.48768],[-81.44104,28.48558],[-81.44231,28.48461],[-81.44229,28.48298],[-81.44226,28.47948],[-81.44227,28.4721],[-81.44013,28.4721]]]}},{"type":"Feature","properties":{"name":"Johnson Village"},"geometry":{"type":"Polygon","coordinates":[[[-81.41793,28.52694],[-81.41791,28.52314],[-81.41791,28.52228],[-81.4179,28.52195],[-81.41789,28.52175],[-81.41789,28.52072],[-81.41801,28.52039],[-81.41836,28.51963],[-81.42148,28.51967],[-81.42192,28.51967],[-81.42189,28.5174],[-81.42189,28.51703],[-81.42187,28.51608],[-81.42183,28.51474],[-81.42598,28.51472],[-81.42599,28.51581],[-81.42599,28.5161],[-81.426,28.51647],[-81.426,28.51701],[-81.42605,28.51938],[-81.42605,28.52156],[-81.42605,28.52199],[-81.42606,28.52245],[-81.42607,28.52294],[-81.42608,28.52338],[-81.42609,28.52511],[-81.4261,28.52523],[-81.4261,28.52614],[-81.4261,28.52697],[-81.42351,28.52701],[-81.42,28.52698],[-81.41793,28.52694]]]}},{"type":"Feature","properties":{"name":"Rio Grande Park"},"geometry":{"type":"Polygon","coordinates":[[[-81.40118,28.51076],[-81.40117,28.51024],[-81.40116,28.5097],[-81.40116,28.50926],[-81.40126,28.50927],[-81.40126,28.50885],[-81.40124,28.50676],[-81.40579,28.50672],[-81.40937,28.5067],[-81.40937,28.50681],[-81.40808,28.50882],[-81.40808,28.50909],[-81.41398,28.50905],[-81.41398,28.50918],[-81.41399,28.50951],[-81.41399,28.50991],[-81.41401,28.51063],[-81.41402,28.51294],[-81.41164,28.51294],[-81.41151,28.51294],[-81.40996,28.51294],[-81.40941,28.51294],[-81.40942,28.5142],[-81.40949,28.51797],[-81.40901,28.51799],[-81.4074,28.51653],[-81.40619,28.51704],[-81.40618,28.51581],[-81.40537,28.51583],[-81.40535,28.5127],[-81.40322,28.51272],[-81.40322,28.51256],[-81.40172,28.51257],[-81.40172,28.51216],[-81.40132,28.51216],[-81.4013,28.51076],[-81.40118,28.51076]]]}},{"type":"Feature","properties":{"name":"Lake Copeland"},"geometry":{"type":"Polygon","coordinates":[[[-81.37281,28.5293],[-81.3725,28.52907],[-81.37244,28.52901],[-81.3724,28.52891],[-81.37239,28.52882],[-81.37237,28.52839],[-81.37235,28.52759],[-81.37236,28.52607],[-81.37235,28.52574],[-81.37234,28.5252],[-81.37232,28.52472],[-81.37231,28.52394],[-81.37228,28.52253],[-81.37643,28.52252],[-81.37644,28.52297],[-81.37646,28.5239],[-81.37647,28.52463],[-81.37647,28.52518],[-81.37648,28.52641],[-81.37648,28.52689],[-81.37648,28.52788],[-81.3765,28.52867],[-81.37651,28.52904],[-81.37651,28.5292],[-81.37653,28.53117],[-81.37653,28.53119],[-81.37477,28.53118],[-81.37465,28.53054],[-81.37396,28.53006],[-81.37365,28.52985],[-81.37337,28.52967],[-81.37281,28.5293]]]}},{"type":"Feature","properties":{"name":"Rock Lake"},"geometry":{"type":"Polygon","coordinates":[[[-81.39558,28.55292],[-81.39559,28.5528],[-81.39561,28.55258],[-81.39566,28.55231],[-81.39576,28.55208],[-81.3959,28.55191],[-81.39598,28.55184],[-81.3961,28.5517],[-81.39611,28.55168],[-81.39626,28.55151],[-81.39639,28.55137],[-81.39653,28.55124],[-81.39666,28.55113],[-81.39676,28.55105],[-81.39682,28.551],[-81.39697,28.55081],[-81.3971,28.55062],[-81.39718,28.5505],[-81.39727,28.55033],[-81.39735,28.55018],[-81.39744,28.55003],[-81.39745,28.54931],[-81.39735,28.54746],[-81.39732,28.54567],[-81.39733,28.5449],[-81.39732,28.5442],[-81.3973,28.54386],[-81.39833,28.54384],[-81.39928,28.54383],[-81.40023,28.54384],[-81.40032,28.54384],[-81.40098,28.54383],[-81.40137,28.54387],[-81.40155,28.54388],[-81.40229,28.54394],[-81.4025,28.54397],[-81.40274,28.54401],[-81.40306,28.5441],[-81.40351,28.5442],[-81.4036,28.5442],[-81.40361,28.5442],[-81.40437,28.5442],[-81.40557,28.54418],[-81.40564,28.54426],[-81.40694,28.54425],[-81.40768,28.54424],[-81.40783,28.54419],[-81.408,28.54424],[-81.40801,28.54424],[-81.40819,28.54429],[-81.40848,28.54436],[-81.40859,28.54438],[-81.4087,28.5444],[-81.40967,28.54459],[-81.40967,28.54471],[-81.40977,28.55051],[-81.40977,28.55063],[-81.4098,28.55175],[-81.40569,28.5518],[-81.4057,28.55289],[-81.4043,28.5529],[-81.40363,28.5529],[-81.40258,28.55291],[-81.40156,28.55292],[-81.40055,28.55293],[-81.39742,28.55295],[-81.39602,28.55293],[-81.39558,28.55292]]]}},{"type":"Feature","properties":{"name":"Roosevelt Park"},"geometry":{"type":"Polygon","coordinates":[[[-81.4261,28.52697],[-81.4261,28.52614],[-81.4261,28.52523],[-81.42609,28.52511],[-81.42608,28.52338],[-81.42816,28.52336],[-81.42874,28.52335],[-81.43023,28.52334],[-81.43065,28.52334],[-81.43147,28.52333],[-81.43231,28.52332],[-81.43231,28.52424],[-81.43232,28.52433],[-81.43232,28.52508],[-81.43233,28.52517],[-81.43233,28.5261],[-81.43233,28.52618],[-81.43233,28.527],[-81.43233,28.52706],[-81.43033,28.5271],[-81.43014,28.5271],[-81.42618,28.52712],[-81.42611,28.52712],[-81.4261,28.52697]]]}},{"type":"Feature","properties":{"name":"Rosemont North"},"geometry":{"type":"Polygon","coordinates":[[[-81.44145,28.60737],[-81.44144,28.60722],[-81.44143,28.60697],[-81.44143,28.60694],[-81.44143,28.6068],[-81.44142,28.60673],[-81.44142,28.60669],[-81.44142,28.60658],[-81.44142,28.60652],[-81.44142,28.60647],[-81.44141,28.60635],[-81.44141,28.60632],[-81.44141,28.60622],[-81.4414,28.60607],[-81.44139,28.60588],[-81.44132,28.60369],[-81.44129,28.60202],[-81.44129,28.60186],[-81.44179,28.60186],[-81.44532,28.60186],[-81.44562,28.60186],[-81.4464,28.60185],[-81.44643,28.60368],[-81.44667,28.60369],[-81.4469,28.60369],[-81.44713,28.60369],[-81.44736,28.60369],[-81.44743,28.60369],[-81.4476,28.60369],[-81.44767,28.60369],[-81.44782,28.60369],[-81.448,28.60369],[-81.44805,28.60369],[-81.44827,28.60369],[-81.44831,28.60369],[-81.44849,28.60369],[-81.44855,28.60369],[-81.44871,28.60369],[-81.44878,28.60369],[-81.44952,28.6037],[-81.44956,28.60559],[-81.45142,28.6056],[-81.45143,28.60577],[-81.4514,28.60577],[-81.45142,28.60645],[-81.45145,28.60645],[-81.45146,28.607],[-81.45143,28.607],[-81.45144,28.60743],[-81.45144,28.60759],[-81.45008,28.60758],[-81.44961,28.60758],[-81.44964,28.60836],[-81.44964,28.60844],[-81.44964,28.60858],[-81.44965,28.60887],[-81.44966,28.6091],[-81.44967,28.60934],[-81.44967,28.60937],[-81.44967,28.60957],[-81.44968,28.60981],[-81.44969,28.61004],[-81.44969,28.61027],[-81.4497,28.61057],[-81.44971,28.61098],[-81.44972,28.61129],[-81.44997,28.61129],[-81.45005,28.6113],[-81.45013,28.6113],[-81.45032,28.6113],[-81.44964,28.61143],[-81.44769,28.61181],[-81.44768,28.61175],[-81.44768,28.61173],[-81.44768,28.61138],[-81.44768,28.61126],[-81.44751,28.61125],[-81.44725,28.61125],[-81.44723,28.61125],[-81.44699,28.61125],[-81.44698,28.61125],[-81.44672,28.61124],[-81.44641,28.61124],[-81.4464,28.61107],[-81.4464,28.61093],[-81.44639,28.61088],[-81.44639,28.61069],[-81.44639,28.61068],[-81.44638,28.61056],[-81.44638,28.61044],[-81.44638,28.61039],[-81.44637,28.61024],[-81.44637,28.61015],[-81.44637,28.61003],[-81.44637,28.60992],[-81.44636,28.60982],[-81.44636,28.60969],[-81.44636,28.60961],[-81.44635,28.60945],[-81.44635,28.60939],[-81.44634,28.60922],[-81.44634,28.60918],[-81.44634,28.60898],[-81.44634,28.60896],[-81.44633,28.60878],[-81.44633,28.60867],[-81.44632,28.60858],[-81.44632,28.60854],[-81.44632,28.60837],[-81.44632,28.6083],[-81.44631,28.60816],[-81.44631,28.60807],[-81.44631,28.60806],[-81.44631,28.60796],[-81.4463,28.60784],[-81.4463,28.60775],[-81.44629,28.60754],[-81.44629,28.60746],[-81.44349,28.60743],[-81.44145,28.60743],[-81.44145,28.60737]]]}},{"type":"Feature","properties":{"name":"Rowena Gardens"},"geometry":{"type":"Polygon","coordinates":[[[-81.36163,28.57122],[-81.36159,28.57121],[-81.36157,28.57121],[-81.36154,28.57122],[-81.36152,28.57122],[-81.36151,28.57123],[-81.36148,28.57123],[-81.36145,28.57123],[-81.36143,28.57124],[-81.36141,28.57123],[-81.36139,28.57123],[-81.36137,28.57123],[-81.36136,28.57122],[-81.36134,28.57122],[-81.3613,28.57122],[-81.36128,28.57123],[-81.36126,28.57123],[-81.36123,28.57124],[-81.36121,28.57124],[-81.36118,28.57126],[-81.36116,28.57126],[-81.36114,28.57127],[-81.36112,28.57129],[-81.36108,28.57131],[-81.36106,28.57131],[-81.36102,28.57133],[-81.36101,28.57133],[-81.36096,28.57134],[-81.36094,28.57135],[-81.3609,28.57136],[-81.36085,28.57138],[-81.36084,28.57138],[-81.36082,28.57139],[-81.36077,28.57142],[-81.36075,28.57143],[-81.36071,28.57145],[-81.36066,28.57147],[-81.36065,28.57148],[-81.36062,28.57151],[-81.36059,28.57152],[-81.36059,28.57129],[-81.36058,28.57028],[-81.35955,28.57006],[-81.35737,28.57009],[-81.357,28.57009],[-81.3561,28.57011],[-81.35596,28.57011],[-81.35548,28.57012],[-81.35526,28.57012],[-81.35517,28.57012],[-81.35495,28.57013],[-81.35494,28.57013],[-81.3547,28.57013],[-81.35471,28.5703],[-81.35431,28.57031],[-81.35416,28.57028],[-81.35416,28.57023],[-81.35416,28.57014],[-81.35414,28.57014],[-81.35387,28.57014],[-81.35364,28.57015],[-81.35349,28.57015],[-81.35337,28.57015],[-81.35325,28.57015],[-81.35302,28.57016],[-81.35287,28.57016],[-81.35271,28.57016],[-81.3524,28.57016],[-81.35231,28.57017],[-81.35231,28.57001],[-81.3523,28.56973],[-81.3523,28.56971],[-81.3523,28.56948],[-81.35229,28.56925],[-81.35229,28.56918],[-81.35229,28.56903],[-81.35229,28.56891],[-81.35229,28.5688],[-81.35228,28.56863],[-81.35228,28.56857],[-81.35228,28.56834],[-81.35227,28.56811],[-81.35227,28.56808],[-81.35227,28.56789],[-81.35227,28.56777],[-81.35273,28.56777],[-81.35375,28.56777],[-81.3541,28.56777],[-81.35416,28.56777],[-81.355,28.56776],[-81.35511,28.56773],[-81.35518,28.56767],[-81.35522,28.56758],[-81.35517,28.56571],[-81.35638,28.56567],[-81.35754,28.56565],[-81.3586,28.56564],[-81.35954,28.56563],[-81.36,28.56563],[-81.36053,28.56562],[-81.36092,28.56559],[-81.36179,28.56559],[-81.36245,28.5656],[-81.36267,28.5656],[-81.36347,28.5656],[-81.36446,28.56561],[-81.36443,28.56934],[-81.36444,28.57035],[-81.36444,28.57046],[-81.36432,28.57046],[-81.36404,28.57046],[-81.36404,28.57056],[-81.36404,28.57064],[-81.36401,28.5707],[-81.36401,28.57073],[-81.364,28.57076],[-81.36397,28.57081],[-81.36393,28.57085],[-81.36392,28.57087],[-81.36387,28.57092],[-81.36385,28.57095],[-81.36381,28.571],[-81.36379,28.57104],[-81.36375,28.57109],[-81.36375,28.5711],[-81.36375,28.57113],[-81.36375,28.57114],[-81.36377,28.57116],[-81.36381,28.57118],[-81.3639,28.57122],[-81.36398,28.57128],[-81.36404,28.57133],[-81.36413,28.57143],[-81.36414,28.57146],[-81.36415,28.5715],[-81.36418,28.57161],[-81.36419,28.5717],[-81.36419,28.57173],[-81.36416,28.57174],[-81.36415,28.57175],[-81.36414,28.57177],[-81.36414,28.5718],[-81.36412,28.57181],[-81.36412,28.57182],[-81.36416,28.57188],[-81.36416,28.5719],[-81.36416,28.57196],[-81.36414,28.57202],[-81.36413,28.57205],[-81.36409,28.57212],[-81.36406,28.57215],[-81.36402,28.57217],[-81.36393,28.5722],[-81.36389,28.57222],[-81.36386,28.57224],[-81.36384,28.57224],[-81.36378,28.57222],[-81.36373,28.5722],[-81.3637,28.57219],[-81.3636,28.57218],[-81.36348,28.57216],[-81.36343,28.57215],[-81.36342,28.57214],[-81.36328,28.57203],[-81.36327,28.57194],[-81.36325,28.57191],[-81.3632,28.57188],[-81.36317,28.57186],[-81.36308,28.57181],[-81.36302,28.57179],[-81.36289,28.57177],[-81.36273,28.57171],[-81.36271,28.57171],[-81.3627,28.57171],[-81.36266,28.5717],[-81.36262,28.57169],[-81.36259,28.57168],[-81.36254,28.57166],[-81.36247,28.57161],[-81.36245,28.5716],[-81.36242,28.57158],[-81.36239,28.57156],[-81.36238,28.57155],[-81.36236,28.57154],[-81.36234,28.57152],[-81.36233,28.57152],[-81.36229,28.57149],[-81.36227,28.57148],[-81.36225,28.57147],[-81.36224,28.57146],[-81.36223,28.57146],[-81.36222,28.57145],[-81.36221,28.57145],[-81.36219,28.57144],[-81.36218,28.57143],[-81.36216,28.57143],[-81.36214,28.57143],[-81.36212,28.57142],[-81.36211,28.57142],[-81.3621,28.57142],[-81.36209,28.57142],[-81.36206,28.57141],[-81.36205,28.5714],[-81.36205,28.57139],[-81.36205,28.57138],[-81.36205,28.57137],[-81.36204,28.57136],[-81.36203,28.57135],[-81.36203,28.57134],[-81.36201,28.57133],[-81.36198,28.57132],[-81.36194,28.5713],[-81.3619,28.57129],[-81.36184,28.57127],[-81.36181,28.57126],[-81.3618,28.57125],[-81.36178,28.57125],[-81.36177,28.57124],[-81.36173,28.57123],[-81.36171,28.57123],[-81.3617,28.57123],[-81.36167,28.57122],[-81.36165,28.57122],[-81.36163,28.57122]]]}},{"type":"Feature","properties":{"name":"Lake Davis/Greenwood"},"geometry":{"type":"Polygon","coordinates":[[[-81.36039,28.53132],[-81.36065,28.53132],[-81.36072,28.53131],[-81.36082,28.53131],[-81.36123,28.53131],[-81.36227,28.5313],[-81.36274,28.53129],[-81.36415,28.53129],[-81.36415,28.52995],[-81.36413,28.52884],[-81.36413,28.52878],[-81.36412,28.52769],[-81.36431,28.52772],[-81.36448,28.52776],[-81.36506,28.52796],[-81.36516,28.52799],[-81.36525,28.52801],[-81.36534,28.52802],[-81.36552,28.52799],[-81.36663,28.52783],[-81.36824,28.52761],[-81.36824,28.52841],[-81.36825,28.52911],[-81.36825,28.52928],[-81.36829,28.53012],[-81.36827,28.53051],[-81.36835,28.53066],[-81.36851,28.53095],[-81.36858,28.53115],[-81.3686,28.53125],[-81.36862,28.53135],[-81.36863,28.53141],[-81.36866,28.53151],[-81.36867,28.5317],[-81.36867,28.53182],[-81.36859,28.53202],[-81.36849,28.53216],[-81.36842,28.5323],[-81.36839,28.53237],[-81.36837,28.53245],[-81.36829,28.53248],[-81.36834,28.53394],[-81.36834,28.53486],[-81.36835,28.53669],[-81.36836,28.53715],[-81.3663,28.53717],[-81.36426,28.53721],[-81.36192,28.53768],[-81.36036,28.53803],[-81.35967,28.53816],[-81.35598,28.53819],[-81.35597,28.53773],[-81.35589,28.53137],[-81.35891,28.53134],[-81.35986,28.53133],[-81.36002,28.53133],[-81.36013,28.53132],[-81.36039,28.53132]]]}},{"type":"Feature","properties":{"name":"Lake Dot"},"geometry":{"type":"Polygon","coordinates":[[[-81.38311,28.55302],[-81.38305,28.55091],[-81.38305,28.54939],[-81.38499,28.54938],[-81.38514,28.54941],[-81.38532,28.54946],[-81.38551,28.54955],[-81.38583,28.54968],[-81.38614,28.54977],[-81.38638,28.54982],[-81.38662,28.54982],[-81.3869,28.5498],[-81.38716,28.54975],[-81.3874,28.54968],[-81.38764,28.54961],[-81.38784,28.54953],[-81.38817,28.54944],[-81.38839,28.54936],[-81.38861,28.54933],[-81.38881,28.54932],[-81.38912,28.54933],[-81.3907,28.54934],[-81.39326,28.54932],[-81.3954,28.5493],[-81.39604,28.5493],[-81.39648,28.54931],[-81.39745,28.54931],[-81.39744,28.55003],[-81.39735,28.55018],[-81.39727,28.55033],[-81.39718,28.5505],[-81.3971,28.55062],[-81.39697,28.55081],[-81.39682,28.551],[-81.39676,28.55105],[-81.39666,28.55113],[-81.39653,28.55124],[-81.39639,28.55137],[-81.39626,28.55151],[-81.39611,28.55168],[-81.3961,28.5517],[-81.39598,28.55184],[-81.3959,28.55191],[-81.39576,28.55208],[-81.39566,28.55231],[-81.39561,28.55258],[-81.39559,28.5528],[-81.39558,28.55292],[-81.39543,28.55292],[-81.39469,28.55297],[-81.39336,28.55299],[-81.39275,28.55299],[-81.39162,28.55299],[-81.39099,28.553],[-81.38992,28.55301],[-81.38928,28.55302],[-81.38885,28.55301],[-81.38845,28.55301],[-81.38766,28.55302],[-81.38708,28.55301],[-81.38607,28.55301],[-81.38476,28.553],[-81.3843,28.55301],[-81.38311,28.55302]]]}},{"type":"Feature","properties":{"name":"Lake Eola Heights"},"geometry":{"type":"Polygon","coordinates":[[[-81.36446,28.55316],[-81.36438,28.54581],[-81.36852,28.54577],[-81.37377,28.54571],[-81.37601,28.54568],[-81.37601,28.54669],[-81.37602,28.54762],[-81.37686,28.54761],[-81.37687,28.54834],[-81.37688,28.54946],[-81.37688,28.54958],[-81.3769,28.55092],[-81.37692,28.55217],[-81.37692,28.55312],[-81.37519,28.55312],[-81.37373,28.55313],[-81.37272,28.55314],[-81.37136,28.55316],[-81.37063,28.55317],[-81.36851,28.55318],[-81.3665,28.55319],[-81.36546,28.55319],[-81.36446,28.55316]]]}},{"type":"Feature","properties":{"name":"Lake Fredrica"},"geometry":{"type":"Polygon","coordinates":[[[-81.30212,28.52053],[-81.30211,28.51936],[-81.30211,28.51819],[-81.3021,28.51727],[-81.3021,28.51689],[-81.30209,28.51535],[-81.30207,28.51403],[-81.30206,28.51264],[-81.30364,28.51179],[-81.30502,28.51068],[-81.30432,28.50988],[-81.30204,28.50989],[-81.30202,28.50623],[-81.302,28.50346],[-81.302,28.50262],[-81.30508,28.5026],[-81.30611,28.50259],[-81.30611,28.50274],[-81.30612,28.50514],[-81.3055,28.50515],[-81.30572,28.50623],[-81.30613,28.50622],[-81.30616,28.50803],[-81.30616,28.50985],[-81.30998,28.50983],[-81.31031,28.50983],[-81.31035,28.51463],[-81.31035,28.51577],[-81.31036,28.51687],[-81.31037,28.51713],[-81.31041,28.52356],[-81.30887,28.52301],[-81.30836,28.52283],[-81.30833,28.52282],[-81.30786,28.52266],[-81.30624,28.52205],[-81.30501,28.52159],[-81.30489,28.52154],[-81.30479,28.5215],[-81.30346,28.52104],[-81.30325,28.52097],[-81.30223,28.5206],[-81.30212,28.52053]]]}},{"type":"Feature","properties":{"name":"South Eola"},"geometry":{"type":"Polygon","coordinates":[[[-81.36836,28.53715],[-81.3721,28.53712],[-81.37231,28.53715],[-81.3725,28.53719],[-81.37269,28.53729],[-81.37282,28.53736],[-81.37297,28.53749],[-81.37307,28.53759],[-81.37312,28.5377],[-81.37325,28.53845],[-81.37255,28.53845],[-81.3726,28.53867],[-81.37262,28.53882],[-81.37263,28.53916],[-81.37285,28.53915],[-81.3729,28.54225],[-81.37491,28.5422],[-81.37597,28.54296],[-81.37598,28.54367],[-81.37599,28.54481],[-81.37533,28.54482],[-81.37521,28.54493],[-81.37519,28.54494],[-81.37507,28.54506],[-81.37504,28.54508],[-81.3749,28.54518],[-81.37485,28.54522],[-81.37464,28.54534],[-81.37461,28.54536],[-81.37455,28.54539],[-81.37441,28.54545],[-81.37436,28.54548],[-81.37423,28.54553],[-81.37417,28.54555],[-81.37411,28.54557],[-81.37393,28.54562],[-81.37377,28.54571],[-81.36852,28.54577],[-81.36836,28.53715]]]}},{"type":"Feature","properties":{"name":"Park Lake/Highland"},"geometry":{"type":"Polygon","coordinates":[[[-81.36445,28.56404],[-81.36446,28.56225],[-81.36446,28.5621],[-81.36445,28.56131],[-81.36446,28.55316],[-81.36546,28.55319],[-81.3665,28.55319],[-81.36851,28.55318],[-81.37063,28.55317],[-81.37136,28.55316],[-81.37272,28.55314],[-81.37373,28.55313],[-81.37376,28.55497],[-81.37375,28.55677],[-81.37372,28.55762],[-81.37371,28.55841],[-81.37368,28.56044],[-81.37368,28.56055],[-81.37369,28.5609],[-81.37363,28.56096],[-81.37335,28.56127],[-81.37309,28.5616],[-81.37307,28.56162],[-81.37272,28.56225],[-81.3726,28.56256],[-81.37255,28.56271],[-81.3725,28.56286],[-81.37246,28.56302],[-81.37244,28.56312],[-81.37239,28.56345],[-81.37238,28.56361],[-81.37235,28.56398],[-81.37234,28.56408],[-81.37216,28.56407],[-81.37175,28.56406],[-81.37141,28.56407],[-81.37076,28.56407],[-81.37003,28.56408],[-81.36929,28.56408],[-81.36837,28.56408],[-81.36727,28.56409],[-81.36618,28.56404],[-81.36564,28.56404],[-81.36507,28.56404],[-81.36445,28.56404]]]}},{"type":"Feature","properties":{"name":"Lake Mann Gardens"},"geometry":{"type":"Polygon","coordinates":[[[-81.43411,28.5381],[-81.42608,28.53808],[-81.42608,28.53793],[-81.42609,28.5343],[-81.4261,28.5307],[-81.4262,28.5307],[-81.43432,28.53069],[-81.43432,28.52706],[-81.43448,28.52707],[-81.43449,28.53077],[-81.4345,28.5343],[-81.4345,28.53447],[-81.43505,28.53447],[-81.43504,28.53485],[-81.43504,28.53523],[-81.4345,28.53523],[-81.4345,28.53616],[-81.43441,28.53616],[-81.43441,28.53624],[-81.43442,28.53665],[-81.43442,28.5381],[-81.43438,28.5381],[-81.43432,28.53809],[-81.43425,28.5381],[-81.43411,28.5381]],[[-81.4343,28.53558],[-81.43385,28.53557],[-81.43385,28.53572],[-81.4343,28.53572],[-81.4343,28.53558]],[[-81.4343,28.53587],[-81.43385,28.53587],[-81.43385,28.53602],[-81.4343,28.53601],[-81.4343,28.53587]]]}},{"type":"Feature","properties":{"name":"Lake Sunset"},"geometry":{"type":"Polygon","coordinates":[[[-81.41066,28.54017],[-81.40717,28.53752],[-81.40678,28.53726],[-81.40542,28.53635],[-81.40539,28.53205],[-81.41366,28.53193],[-81.41421,28.53181],[-81.41792,28.53174],[-81.41797,28.53444],[-81.41626,28.53449],[-81.41439,28.53454],[-81.41413,28.53453],[-81.41417,28.53513],[-81.41417,28.53517],[-81.41418,28.53554],[-81.41415,28.53599],[-81.41402,28.53644],[-81.41387,28.53728],[-81.41363,28.53811],[-81.41358,28.53864],[-81.41355,28.53912],[-81.41359,28.54012],[-81.41278,28.54013],[-81.41268,28.54014],[-81.41269,28.54038],[-81.41268,28.5404],[-81.41266,28.54042],[-81.41263,28.54044],[-81.41207,28.54045],[-81.41206,28.54015],[-81.41066,28.54017]]]}},{"type":"Feature","properties":{"name":"Colonialtown North"},"geometry":{"type":"Polygon","coordinates":[[[-81.35212,28.55869],[-81.35212,28.55826],[-81.35212,28.55797],[-81.35211,28.55724],[-81.35209,28.55684],[-81.35208,28.55652],[-81.35207,28.55582],[-81.35206,28.55496],[-81.35207,28.55419],[-81.35206,28.55321],[-81.35284,28.55319],[-81.35411,28.55318],[-81.35455,28.55318],[-81.35479,28.55317],[-81.35564,28.55316],[-81.35617,28.55316],[-81.35724,28.55315],[-81.35824,28.55314],[-81.35898,28.55316],[-81.36034,28.55318],[-81.3627,28.55318],[-81.36446,28.55316],[-81.36445,28.56131],[-81.36446,28.5621],[-81.36446,28.56225],[-81.36445,28.56404],[-81.36445,28.56482],[-81.36446,28.56561],[-81.36347,28.5656],[-81.36267,28.5656],[-81.36245,28.5656],[-81.36179,28.56559],[-81.36092,28.56559],[-81.36053,28.56562],[-81.36,28.56563],[-81.35954,28.56563],[-81.3586,28.56564],[-81.35754,28.56565],[-81.35638,28.56567],[-81.35517,28.56571],[-81.35522,28.56758],[-81.35518,28.56767],[-81.35511,28.56773],[-81.355,28.56776],[-81.35416,28.56777],[-81.3541,28.56777],[-81.35375,28.56777],[-81.35273,28.56777],[-81.35227,28.56777],[-81.35227,28.56789],[-81.35176,28.5679],[-81.35177,28.56781],[-81.35176,28.56698],[-81.35172,28.56521],[-81.35172,28.56327],[-81.35171,28.56286],[-81.35168,28.5617],[-81.35168,28.56162],[-81.35167,28.56092],[-81.35166,28.56065],[-81.35166,28.56052],[-81.35169,28.56041],[-81.35172,28.56028],[-81.35177,28.56017],[-81.35185,28.56009],[-81.35212,28.55964],[-81.35212,28.55899],[-81.35212,28.55869]]]}},{"type":"Feature","properties":{"name":"Colonialtown South"},"geometry":{"type":"Polygon","coordinates":[[[-81.35199,28.54775],[-81.35194,28.54594],[-81.35275,28.54593],[-81.35294,28.54593],[-81.35393,28.54591],[-81.35561,28.54589],[-81.35612,28.54588],[-81.35813,28.54585],[-81.35872,28.54585],[-81.35897,28.54586],[-81.35967,28.54582],[-81.36024,28.5459],[-81.36323,28.54581],[-81.36438,28.54581],[-81.36446,28.55316],[-81.3627,28.55318],[-81.36034,28.55318],[-81.35898,28.55316],[-81.35824,28.55314],[-81.35724,28.55315],[-81.35617,28.55316],[-81.35564,28.55316],[-81.35479,28.55317],[-81.35455,28.55318],[-81.35411,28.55318],[-81.35284,28.55319],[-81.35206,28.55321],[-81.35204,28.55229],[-81.35203,28.55138],[-81.35202,28.55047],[-81.35201,28.54956],[-81.35201,28.54906],[-81.35199,28.54775]]]}},{"type":"Feature","properties":{"name":"Countryside"},"geometry":{"type":"Polygon","coordinates":[[[-81.30908,28.48062],[-81.31012,28.48062],[-81.31042,28.48062],[-81.31048,28.48793],[-81.3044,28.48796],[-81.30439,28.48625],[-81.30219,28.48626],[-81.30218,28.48385],[-81.30588,28.48382],[-81.30608,28.48382],[-81.30611,28.48382],[-81.30613,28.48384],[-81.30615,28.48385],[-81.30616,28.48387],[-81.30618,28.48392],[-81.30683,28.48374],[-81.30676,28.48353],[-81.3067,28.4833],[-81.30669,28.48313],[-81.30668,28.48158],[-81.30663,28.48157],[-81.30662,28.48077],[-81.30693,28.48078],[-81.30801,28.48077],[-81.30895,28.48076],[-81.30908,28.48076],[-81.30908,28.48062]]]}},{"type":"Feature","properties":{"name":"Coytown"},"geometry":{"type":"Polygon","coordinates":[[[-81.35206,28.55321],[-81.35207,28.55419],[-81.35206,28.55496],[-81.35207,28.55582],[-81.35208,28.55652],[-81.35209,28.55684],[-81.35211,28.55724],[-81.35212,28.55797],[-81.35212,28.55826],[-81.35212,28.55869],[-81.35016,28.55871],[-81.35016,28.55864],[-81.3503,28.55862],[-81.35029,28.55783],[-81.34997,28.55784],[-81.34901,28.55786],[-81.34901,28.55776],[-81.34807,28.55777],[-81.34807,28.55782],[-81.34592,28.55785],[-81.34588,28.5562],[-81.34795,28.5562],[-81.34795,28.55555],[-81.34793,28.55428],[-81.34794,28.55323],[-81.34999,28.55322],[-81.35206,28.55321]]]}},{"type":"Feature","properties":{"name":"Delaney Park"},"geometry":{"type":"Polygon","coordinates":[[[-81.36851,28.53095],[-81.36835,28.53066],[-81.36827,28.53051],[-81.36829,28.53012],[-81.36825,28.52928],[-81.36825,28.52911],[-81.36824,28.52841],[-81.36824,28.52761],[-81.36663,28.52783],[-81.36552,28.52799],[-81.36534,28.52802],[-81.36525,28.52801],[-81.36516,28.52799],[-81.36506,28.52796],[-81.36448,28.52776],[-81.36431,28.52772],[-81.36412,28.52769],[-81.36399,28.5277],[-81.36382,28.52768],[-81.36364,28.52766],[-81.36345,28.52761],[-81.36325,28.52755],[-81.3631,28.5275],[-81.36288,28.52744],[-81.36274,28.52738],[-81.36251,28.5273],[-81.36223,28.5271],[-81.36199,28.52691],[-81.36135,28.52642],[-81.36128,28.52637],[-81.36123,28.52632],[-81.3609,28.52614],[-81.35995,28.52582],[-81.35991,28.52577],[-81.35987,28.52571],[-81.35982,28.52566],[-81.35981,28.52553],[-81.35981,28.52541],[-81.35982,28.52531],[-81.35984,28.52525],[-81.35988,28.52521],[-81.35993,28.52513],[-81.35992,28.52509],[-81.36199,28.52538],[-81.36416,28.52649],[-81.3658,28.52593],[-81.36579,28.52568],[-81.36587,28.5252],[-81.36585,28.52399],[-81.36669,28.52398],[-81.36663,28.52033],[-81.36805,28.52031],[-81.36814,28.52031],[-81.36852,28.52031],[-81.3692,28.52032],[-81.37029,28.5203],[-81.37049,28.5203],[-81.37228,28.52027],[-81.37227,28.52164],[-81.37228,28.52253],[-81.37231,28.52394],[-81.37232,28.52472],[-81.37234,28.5252],[-81.37235,28.52574],[-81.37236,28.52607],[-81.37235,28.52759],[-81.37237,28.52839],[-81.37239,28.52882],[-81.3724,28.52891],[-81.37244,28.52901],[-81.3725,28.52907],[-81.37281,28.5293],[-81.3728,28.52976],[-81.37283,28.53078],[-81.37076,28.53081],[-81.37054,28.53095],[-81.36851,28.53095]]]}},{"type":"Feature","properties":{"name":"LaVina"},"geometry":{"type":"Polygon","coordinates":[[[-81.24416,28.4365],[-81.24408,28.43341],[-81.24407,28.43324],[-81.24407,28.43305],[-81.24377,28.42186],[-81.24381,28.41839],[-81.24397,28.41867],[-81.24423,28.41901],[-81.24437,28.41919],[-81.2445,28.41934],[-81.24464,28.4195],[-81.24481,28.41966],[-81.2497,28.4235],[-81.25144,28.42487],[-81.25493,28.42764],[-81.25527,28.42793],[-81.25554,28.42819],[-81.25589,28.42857],[-81.25611,28.42889],[-81.2563,28.4292],[-81.25658,28.42977],[-81.25679,28.4304],[-81.2569,28.43103],[-81.25697,28.43226],[-81.25699,28.43287],[-81.25713,28.43566],[-81.25715,28.43597],[-81.25718,28.43629],[-81.25723,28.43651],[-81.24416,28.4365]]]}},{"type":"Feature","properties":{"name":"Camellia Gardens"},"geometry":{"type":"Polygon","coordinates":[[[-81.43929,28.47229],[-81.43932,28.47576],[-81.43805,28.47578],[-81.43805,28.47395],[-81.4339,28.47401],[-81.4339,28.47232],[-81.43929,28.47229]]]}},{"type":"Feature","properties":{"name":"South Semoran"},"geometry":{"type":"Polygon","coordinates":[[[-81.30998,28.50983],[-81.30992,28.50273],[-81.30611,28.50274],[-81.30611,28.50259],[-81.30611,28.49922],[-81.30611,28.49906],[-81.30609,28.49528],[-81.30401,28.4953],[-81.30399,28.4916],[-81.30396,28.48796],[-81.3044,28.48796],[-81.31048,28.48793],[-81.31429,28.48792],[-81.31434,28.49506],[-81.31432,28.49693],[-81.31803,28.49691],[-81.31806,28.50067],[-81.31849,28.50066],[-81.3185,28.50288],[-81.31852,28.50605],[-81.31852,28.50615],[-81.31546,28.50618],[-81.31441,28.50618],[-81.31441,28.50629],[-81.31442,28.5073],[-81.31443,28.50875],[-81.31443,28.5098],[-81.31446,28.51246],[-81.31447,28.51459],[-81.31447,28.51491],[-81.31457,28.51491],[-81.31457,28.51538],[-81.31457,28.51573],[-81.31439,28.51573],[-81.31432,28.51573],[-81.31386,28.51574],[-81.31242,28.51575],[-81.31152,28.51576],[-81.31066,28.51576],[-81.31035,28.51577],[-81.31035,28.51463],[-81.31031,28.50983],[-81.30998,28.50983]]]}},{"type":"Feature","properties":{"name":"Southern Oaks"},"geometry":{"type":"Polygon","coordinates":[[[-81.36804,28.50661],[-81.36597,28.50666],[-81.36584,28.50666],[-81.36543,28.50667],[-81.36518,28.50667],[-81.36493,28.50667],[-81.36427,28.50668],[-81.36391,28.50683],[-81.3639,28.5067],[-81.36388,28.50541],[-81.36389,28.50308],[-81.36037,28.50311],[-81.35987,28.50311],[-81.35983,28.49761],[-81.36071,28.4976],[-81.3615,28.49759],[-81.3624,28.49758],[-81.36321,28.49757],[-81.36336,28.49742],[-81.36375,28.49702],[-81.36404,28.49672],[-81.36492,28.49581],[-81.36494,28.4958],[-81.36589,28.4948],[-81.36517,28.49613],[-81.36514,28.49614],[-81.36509,28.49624],[-81.36492,28.49655],[-81.36464,28.49706],[-81.36437,28.49753],[-81.36434,28.4976],[-81.36428,28.4977],[-81.3641,28.49803],[-81.36391,28.49836],[-81.3639,28.49839],[-81.3639,28.49847],[-81.36393,28.49858],[-81.36591,28.49856],[-81.36591,28.49889],[-81.36592,28.49953],[-81.36593,28.50027],[-81.36593,28.50079],[-81.36594,28.50163],[-81.36594,28.5021],[-81.36687,28.50209],[-81.36787,28.50208],[-81.36788,28.50268],[-81.36788,28.50323],[-81.36789,28.50345],[-81.36789,28.50375],[-81.36791,28.50382],[-81.36794,28.50389],[-81.36795,28.5039],[-81.36796,28.50391],[-81.36797,28.50392],[-81.36798,28.50393],[-81.368,28.50395],[-81.36801,28.50396],[-81.36802,28.50407],[-81.36802,28.50437],[-81.36802,28.50467],[-81.36802,28.50498],[-81.36803,28.50527],[-81.36803,28.50613],[-81.36804,28.50661]]]}},{"type":"Feature","properties":{"name":"Spring Lake"},"geometry":{"type":"Polygon","coordinates":[[[-81.39558,28.55292],[-81.39602,28.55293],[-81.39742,28.55295],[-81.40055,28.55293],[-81.40156,28.55292],[-81.40258,28.55291],[-81.40363,28.5529],[-81.4043,28.5529],[-81.4057,28.55289],[-81.4057,28.55343],[-81.4057,28.55381],[-81.4057,28.55434],[-81.40983,28.55433],[-81.40983,28.55643],[-81.40983,28.55648],[-81.41079,28.55647],[-81.4108,28.55662],[-81.4108,28.55666],[-81.41081,28.55675],[-81.41081,28.55676],[-81.41084,28.55687],[-81.41088,28.55698],[-81.41089,28.55701],[-81.41093,28.5571],[-81.41094,28.55711],[-81.411,28.55722],[-81.41106,28.5573],[-81.41107,28.55731],[-81.41114,28.5574],[-81.41125,28.5575],[-81.41126,28.55751],[-81.41138,28.5576],[-81.41149,28.55768],[-81.4115,28.55768],[-81.4116,28.55774],[-81.41162,28.55774],[-81.41171,28.55778],[-81.41174,28.5578],[-81.41175,28.5578],[-81.41189,28.55784],[-81.41189,28.55827],[-81.41396,28.55824],[-81.41396,28.55802],[-81.41469,28.5579],[-81.41472,28.55789],[-81.41526,28.55947],[-81.41523,28.55948],[-81.41537,28.55989],[-81.41543,28.56006],[-81.41397,28.56005],[-81.40997,28.56011],[-81.41007,28.56488],[-81.40013,28.56491],[-81.40008,28.56483],[-81.39987,28.56447],[-81.3994,28.56381],[-81.39954,28.56381],[-81.39951,28.56373],[-81.39724,28.56004],[-81.39598,28.55801],[-81.39587,28.55778],[-81.39577,28.55752],[-81.39578,28.5574],[-81.39572,28.55726],[-81.39568,28.55715],[-81.39567,28.55712],[-81.39564,28.55701],[-81.39563,28.55696],[-81.39561,28.55683],[-81.3956,28.55673],[-81.39561,28.55585],[-81.39561,28.55538],[-81.39558,28.55292]]]}},{"type":"Feature","properties":{"name":"Lake Weldona"},"geometry":{"type":"Polygon","coordinates":[[[-81.36002,28.53133],[-81.36001,28.53071],[-81.36,28.53034],[-81.35999,28.5288],[-81.36004,28.52879],[-81.36004,28.52878],[-81.36003,28.52778],[-81.35998,28.52768],[-81.35995,28.52582],[-81.3609,28.52614],[-81.36123,28.52632],[-81.36128,28.52637],[-81.36135,28.52642],[-81.36199,28.52691],[-81.36223,28.5271],[-81.36251,28.5273],[-81.36274,28.52738],[-81.36288,28.52744],[-81.3631,28.5275],[-81.36325,28.52755],[-81.36345,28.52761],[-81.36364,28.52766],[-81.36382,28.52768],[-81.36399,28.5277],[-81.36412,28.52769],[-81.36413,28.52878],[-81.36413,28.52884],[-81.36415,28.52995],[-81.36415,28.53129],[-81.36274,28.53129],[-81.36227,28.5313],[-81.36123,28.53131],[-81.36082,28.53131],[-81.36072,28.53131],[-81.36065,28.53132],[-81.36039,28.53132],[-81.36013,28.53132],[-81.36002,28.53133]]]}},{"type":"Feature","properties":{"name":"Lancaster Park"},"geometry":{"type":"Polygon","coordinates":[[[-81.35992,28.52509],[-81.35993,28.52503],[-81.35993,28.52486],[-81.35993,28.52444],[-81.35993,28.52404],[-81.35993,28.5236],[-81.35984,28.52361],[-81.35984,28.52333],[-81.35984,28.5232],[-81.35984,28.52292],[-81.35984,28.52265],[-81.35984,28.52251],[-81.35984,28.52223],[-81.35984,28.52196],[-81.35985,28.52179],[-81.35985,28.52164],[-81.35985,28.52148],[-81.35985,28.52133],[-81.35985,28.52117],[-81.35985,28.52106],[-81.35985,28.52091],[-81.35984,28.5206],[-81.35984,28.52045],[-81.36005,28.5204],[-81.36197,28.52039],[-81.36296,28.52037],[-81.36404,28.52035],[-81.36663,28.52033],[-81.36669,28.52398],[-81.36585,28.52399],[-81.36587,28.5252],[-81.36579,28.52568],[-81.3658,28.52593],[-81.36416,28.52649],[-81.36199,28.52538],[-81.35992,28.52509]]]}},{"type":"Feature","properties":{"name":"The Willows"},"geometry":{"type":"Polygon","coordinates":[[[-81.44078,28.57566],[-81.44302,28.57565],[-81.44304,28.57782],[-81.44305,28.57801],[-81.44082,28.57802],[-81.44078,28.57566]],[[-81.44316,28.57816],[-81.44738,28.5781],[-81.44745,28.58138],[-81.44739,28.58533],[-81.44328,28.58538],[-81.44327,28.58404],[-81.44321,28.58268],[-81.44319,28.58178],[-81.44318,28.58028],[-81.44317,28.57994],[-81.44316,28.57816]]]}},{"type":"Feature","properties":{"name":"Lawsona/Fern Creek"},"geometry":{"type":"Polygon","coordinates":[[[-81.35185,28.53829],[-81.35598,28.53819],[-81.35967,28.53816],[-81.36036,28.53803],[-81.36192,28.53768],[-81.36426,28.53721],[-81.3663,28.53717],[-81.3663,28.5377],[-81.36631,28.53851],[-81.36659,28.5385],[-81.36662,28.54021],[-81.36663,28.54066],[-81.36664,28.54149],[-81.36666,28.54215],[-81.3632,28.54216],[-81.36323,28.54581],[-81.36024,28.5459],[-81.35967,28.54582],[-81.35897,28.54586],[-81.35872,28.54585],[-81.35813,28.54585],[-81.35612,28.54588],[-81.35561,28.54589],[-81.35393,28.54591],[-81.35294,28.54593],[-81.35275,28.54593],[-81.35194,28.54594],[-81.35193,28.54504],[-81.35191,28.5441],[-81.3519,28.54327],[-81.35189,28.54233],[-81.35186,28.54135],[-81.35186,28.5405],[-81.35185,28.53961],[-81.35187,28.53873],[-81.35185,28.53829]]]}},{"type":"Feature","properties":{"name":"Thornton Park"},"geometry":{"type":"Polygon","coordinates":[[[-81.3663,28.53717],[-81.36836,28.53715],[-81.36852,28.54577],[-81.36438,28.54581],[-81.36323,28.54581],[-81.3632,28.54216],[-81.36666,28.54215],[-81.36664,28.54149],[-81.36663,28.54066],[-81.36662,28.54021],[-81.36659,28.5385],[-81.36631,28.53851],[-81.3663,28.5377],[-81.3663,28.53717]]]}},{"type":"Feature","properties":{"name":"Lake Mann Estates"},"geometry":{"type":"Polygon","coordinates":[[[-81.41359,28.54012],[-81.41355,28.53912],[-81.41358,28.53864],[-81.41363,28.53811],[-81.41387,28.53728],[-81.41402,28.53644],[-81.41415,28.53599],[-81.41418,28.53554],[-81.41417,28.53517],[-81.41417,28.53513],[-81.41413,28.53453],[-81.41439,28.53454],[-81.41626,28.53449],[-81.41797,28.53444],[-81.42031,28.53441],[-81.42205,28.53438],[-81.42609,28.5343],[-81.42608,28.53793],[-81.42221,28.53802],[-81.42217,28.54085],[-81.42215,28.54173],[-81.41584,28.5418],[-81.41584,28.54174],[-81.4139,28.54177],[-81.41383,28.54117],[-81.41383,28.54104],[-81.41382,28.54057],[-81.4146,28.54056],[-81.4146,28.54009],[-81.41382,28.54011],[-81.41359,28.54012]]]}},{"type":"Feature","properties":{"name":"Mariners Village"},"geometry":{"type":"Polygon","coordinates":[[[-81.31862,28.51706],[-81.31859,28.51532],[-81.31856,28.51159],[-81.32268,28.51156],[-81.3251,28.51155],[-81.32513,28.51291],[-81.32513,28.51336],[-81.32681,28.51335],[-81.32679,28.51062],[-81.33093,28.51059],[-81.33093,28.51071],[-81.33093,28.51131],[-81.33094,28.51147],[-81.33094,28.51163],[-81.33094,28.51179],[-81.33094,28.51201],[-81.33094,28.51223],[-81.33095,28.51245],[-81.33095,28.51249],[-81.33095,28.51267],[-81.33095,28.51332],[-81.33099,28.51682],[-81.331,28.51878],[-81.32913,28.5188],[-81.32686,28.51881],[-81.32684,28.51704],[-81.32481,28.51705],[-81.3207,28.51708],[-81.31873,28.51709],[-81.31862,28.51706]]]}},{"type":"Feature","properties":{"name":"Dover Shores East"},"geometry":{"type":"Polygon","coordinates":[[[-81.32505,28.5388],[-81.32504,28.53754],[-81.32504,28.53656],[-81.32503,28.53584],[-81.32503,28.53569],[-81.32501,28.53395],[-81.32499,28.53281],[-81.32496,28.53203],[-81.32496,28.53199],[-81.32496,28.53164],[-81.32495,28.53035],[-81.3249,28.52708],[-81.32487,28.52562],[-81.32481,28.52431],[-81.32778,28.52429],[-81.32818,28.52428],[-81.32941,28.52428],[-81.33107,28.52426],[-81.33108,28.52501],[-81.33109,28.52572],[-81.33111,28.52655],[-81.33112,28.52736],[-81.33112,28.52796],[-81.33113,28.52818],[-81.33114,28.52899],[-81.33114,28.5296],[-81.33114,28.52983],[-81.33114,28.53021],[-81.33114,28.53068],[-81.33114,28.53149],[-81.33114,28.53173],[-81.33115,28.53233],[-81.33116,28.53316],[-81.33117,28.53399],[-81.33118,28.53482],[-81.33119,28.53571],[-81.33121,28.53703],[-81.33121,28.53752],[-81.33119,28.53837],[-81.32929,28.53836],[-81.3281,28.53848],[-81.32508,28.5392],[-81.32505,28.5388]]]}},{"type":"Feature","properties":{"name":"Dover Shores West"},"geometry":{"type":"Polygon","coordinates":[[[-81.33107,28.52426],[-81.33252,28.52425],[-81.33301,28.52425],[-81.33397,28.52425],[-81.33492,28.52424],[-81.33519,28.52424],[-81.33583,28.52423],[-81.33675,28.52423],[-81.3377,28.52422],[-81.33862,28.52421],[-81.3393,28.52421],[-81.3394,28.52421],[-81.34022,28.5242],[-81.34052,28.5242],[-81.34078,28.5242],[-81.34141,28.52419],[-81.34181,28.52419],[-81.34342,28.52418],[-81.3435,28.52418],[-81.3435,28.5243],[-81.3435,28.52431],[-81.34351,28.52498],[-81.34341,28.52497],[-81.34341,28.52512],[-81.34342,28.5255],[-81.34343,28.52648],[-81.34346,28.52737],[-81.34347,28.5283],[-81.34349,28.5292],[-81.34352,28.53012],[-81.34353,28.531],[-81.336,28.53102],[-81.33114,28.53173],[-81.33114,28.53149],[-81.33114,28.53068],[-81.33114,28.53021],[-81.33114,28.52983],[-81.33114,28.5296],[-81.33114,28.52899],[-81.33113,28.52818],[-81.33112,28.52796],[-81.33112,28.52736],[-81.33111,28.52655],[-81.33109,28.52572],[-81.33108,28.52501],[-81.33107,28.52426]]]}},{"type":"Feature","properties":{"name":"Lake Shore Village"},"geometry":{"type":"Polygon","coordinates":[[[-81.41534,28.59577],[-81.41374,28.59273],[-81.41049,28.59275],[-81.40634,28.59279],[-81.40629,28.58916],[-81.40691,28.58916],[-81.40685,28.58733],[-81.4068,28.58551],[-81.40987,28.58548],[-81.41002,28.58576],[-81.40904,28.58577],[-81.40911,28.58731],[-81.41091,28.58729],[-81.41181,28.58911],[-81.41163,28.58911],[-81.41045,28.58912],[-81.41047,28.59082],[-81.41246,28.59],[-81.41001,28.58534],[-81.41083,28.58533],[-81.41091,28.58533],[-81.41091,28.58555],[-81.41091,28.5856],[-81.4108,28.5856],[-81.41075,28.58568],[-81.41152,28.58715],[-81.41196,28.58798],[-81.41255,28.58911],[-81.4135,28.59092],[-81.41383,28.59154],[-81.41407,28.59198],[-81.41561,28.59492],[-81.41573,28.59514],[-81.41635,28.59634],[-81.41565,28.59635],[-81.41534,28.59577]]]}},{"type":"Feature","properties":{"name":"Bal Bay"},"geometry":{"type":"Polygon","coordinates":[[[-81.24413,28.45093],[-81.24416,28.4365],[-81.25723,28.43651],[-81.25727,28.43676],[-81.25736,28.43708],[-81.25742,28.43734],[-81.25751,28.43765],[-81.25765,28.43801],[-81.25778,28.43836],[-81.25792,28.43865],[-81.25805,28.43892],[-81.26173,28.44448],[-81.26361,28.44746],[-81.26346,28.44747],[-81.26082,28.44809],[-81.26067,28.44796],[-81.26067,28.44813],[-81.2594,28.44815],[-81.25909,28.44816],[-81.25781,28.44827],[-81.25718,28.44835],[-81.25624,28.44851],[-81.25562,28.44864],[-81.25501,28.44879],[-81.2544,28.44896],[-81.25402,28.44908],[-81.2524,28.44959],[-81.2524,28.44945],[-81.25226,28.4495],[-81.25226,28.44964],[-81.25036,28.45022],[-81.24978,28.45037],[-81.24919,28.45051],[-81.2486,28.45062],[-81.248,28.45072],[-81.24744,28.45078],[-81.2471,28.45083],[-81.2465,28.45088],[-81.24559,28.45092],[-81.24413,28.45093]]]}},{"type":"Feature","properties":{"name":"Randal Park"},"geometry":{"type":"Polygon","coordinates":[[[-81.22878,28.4278],[-81.2315,28.42775],[-81.23213,28.42778],[-81.23254,28.42785],[-81.23317,28.428],[-81.23693,28.42907],[-81.2373,28.42921],[-81.23771,28.42937],[-81.2384,28.42971],[-81.24247,28.43226],[-81.24374,28.43304],[-81.24407,28.43324],[-81.24408,28.43341],[-81.24416,28.4365],[-81.24413,28.45093],[-81.24248,28.45094],[-81.23133,28.44611],[-81.23044,28.44049],[-81.22948,28.43364],[-81.22901,28.42965],[-81.22878,28.4278]]]}},{"type":"Feature","properties":{"name":"Orwin Manor"},"geometry":{"type":"Polygon","coordinates":[[[-81.37305,28.58235],[-81.37305,28.58228],[-81.37284,28.58229],[-81.37267,28.58229],[-81.37252,28.58229],[-81.37236,28.5823],[-81.37221,28.5823],[-81.37205,28.5823],[-81.37189,28.5823],[-81.37186,28.58231],[-81.37174,28.58231],[-81.37157,28.58231],[-81.3714,28.58231],[-81.37121,28.58232],[-81.37105,28.58232],[-81.37087,28.58232],[-81.37074,28.58232],[-81.37071,28.58232],[-81.37055,28.58232],[-81.37037,28.58233],[-81.37034,28.58233],[-81.37009,28.58233],[-81.37009,28.5823],[-81.36971,28.58197],[-81.36952,28.58183],[-81.36951,28.58182],[-81.36939,28.5819],[-81.36929,28.58197],[-81.36919,28.58204],[-81.36904,28.58214],[-81.3689,28.58222],[-81.36872,28.58233],[-81.36839,28.58232],[-81.3683,28.58232],[-81.36812,28.58232],[-81.36794,28.58232],[-81.36777,28.58231],[-81.3677,28.58231],[-81.36768,28.58231],[-81.36742,28.58231],[-81.36702,28.5823],[-81.3668,28.5823],[-81.36652,28.58229],[-81.36626,28.58229],[-81.36617,28.58228],[-81.36606,28.58228],[-81.3659,28.58228],[-81.36586,28.58228],[-81.36567,28.58227],[-81.36547,28.58227],[-81.36543,28.58227],[-81.36528,28.58227],[-81.36512,28.58226],[-81.36498,28.58226],[-81.36472,28.58226],[-81.36466,28.58226],[-81.3645,28.58225],[-81.36442,28.58225],[-81.36434,28.58225],[-81.36427,28.58225],[-81.36419,28.58225],[-81.36403,28.58224],[-81.36388,28.58224],[-81.3638,28.58224],[-81.36372,28.58224],[-81.36357,28.58224],[-81.36341,28.58223],[-81.36325,28.58223],[-81.3631,28.58223],[-81.36294,28.58222],[-81.36278,28.58222],[-81.36267,28.58222],[-81.36263,28.58222],[-81.36248,28.58222],[-81.36246,28.58221],[-81.36232,28.58221],[-81.36224,28.58221],[-81.36216,28.58221],[-81.36213,28.58221],[-81.36201,28.58221],[-81.36188,28.5822],[-81.36186,28.5822],[-81.3618,28.5822],[-81.3617,28.5822],[-81.36158,28.5822],[-81.36154,28.5822],[-81.36139,28.5822],[-81.36137,28.58219],[-81.36131,28.58219],[-81.36123,28.58219],[-81.36116,28.58219],[-81.36115,28.58219],[-81.36107,28.58219],[-81.36086,28.58219],[-81.36076,28.58218],[-81.36068,28.58218],[-81.3603,28.58219],[-81.35998,28.5822],[-81.35967,28.5822],[-81.35936,28.58221],[-81.35905,28.58221],[-81.3589,28.58222],[-81.35874,28.58222],[-81.35858,28.58222],[-81.35843,28.58222],[-81.35827,28.58223],[-81.35812,28.58223],[-81.35772,28.58224],[-81.3577,28.58178],[-81.35734,28.58126],[-81.35731,28.58121],[-81.35663,28.5816],[-81.35663,28.58156],[-81.35662,28.58142],[-81.35662,28.58136],[-81.35661,28.58057],[-81.35657,28.57861],[-81.35614,28.57861],[-81.35574,28.57862],[-81.35537,28.57862],[-81.35465,28.57863],[-81.35408,28.57864],[-81.35399,28.57864],[-81.35292,28.57865],[-81.35245,28.57866],[-81.35245,28.57841],[-81.35245,28.57815],[-81.35244,28.57798],[-81.35244,28.57774],[-81.35244,28.57758],[-81.35243,28.57749],[-81.35243,28.57736],[-81.35982,28.57734],[-81.36101,28.57736],[-81.36211,28.57739],[-81.36445,28.57741],[-81.36447,28.57312],[-81.36545,28.57359],[-81.36566,28.57368],[-81.36581,28.57372],[-81.36592,28.57374],[-81.36603,28.57376],[-81.36652,28.5738],[-81.36677,28.57382],[-81.36698,28.57383],[-81.36717,28.57384],[-81.36733,28.57383],[-81.36758,28.57379],[-81.36764,28.57378],[-81.3683,28.57363],[-81.3684,28.57361],[-81.3685,28.57359],[-81.3686,28.5736],[-81.36878,28.57363],[-81.36874,28.57383],[-81.36885,28.57385],[-81.36894,28.57389],[-81.369,28.57393],[-81.36905,28.574],[-81.36907,28.57406],[-81.36909,28.57414],[-81.36911,28.57421],[-81.36909,28.5743],[-81.36906,28.57433],[-81.36902,28.5744],[-81.36894,28.57449],[-81.36883,28.57465],[-81.36872,28.57487],[-81.3687,28.57488],[-81.36865,28.57495],[-81.36862,28.57499],[-81.36854,28.57518],[-81.36848,28.57527],[-81.36842,28.57534],[-81.36834,28.57543],[-81.36828,28.57549],[-81.36818,28.5756],[-81.36813,28.57563],[-81.3681,28.57564],[-81.368,28.57566],[-81.36794,28.57567],[-81.36781,28.57568],[-81.36776,28.57566],[-81.3677,28.57566],[-81.36756,28.57569],[-81.3675,28.57568],[-81.36746,28.5757],[-81.36733,28.57569],[-81.36719,28.5757],[-81.36698,28.57571],[-81.36688,28.57571],[-81.36683,28.57572],[-81.36678,28.57571],[-81.36669,28.57572],[-81.36666,28.57572],[-81.36645,28.57577],[-81.3664,28.57577],[-81.36636,28.57578],[-81.36632,28.5758],[-81.36629,28.57583],[-81.36618,28.57588],[-81.36614,28.5759],[-81.36613,28.57592],[-81.3661,28.57595],[-81.36608,28.576],[-81.36606,28.57604],[-81.36606,28.57608],[-81.36605,28.57613],[-81.36603,28.57621],[-81.36602,28.57631],[-81.36597,28.57633],[-81.36602,28.57646],[-81.36608,28.5766],[-81.3661,28.57667],[-81.36621,28.57679],[-81.36626,28.57683],[-81.36627,28.57684],[-81.3663,28.57686],[-81.36637,28.57691],[-81.36645,28.57698],[-81.36651,28.57703],[-81.36655,28.57707],[-81.3666,28.57711],[-81.36664,28.57714],[-81.36667,28.57717],[-81.36671,28.5772],[-81.36675,28.57724],[-81.36682,28.57727],[-81.36934,28.57863],[-81.37057,28.57862],[-81.37088,28.57911],[-81.37093,28.57908],[-81.37099,28.57907],[-81.37106,28.57905],[-81.37119,28.57905],[-81.37302,28.57904],[-81.37303,28.57912],[-81.37306,28.5802],[-81.37307,28.58091],[-81.37308,28.58098],[-81.37312,28.58185],[-81.37312,28.58235],[-81.37305,28.58235]]]}},{"type":"Feature","properties":{"name":"Rose Isle"},"geometry":{"type":"Polygon","coordinates":[[[-81.35243,28.57736],[-81.35243,28.57726],[-81.35243,28.57709],[-81.35242,28.57678],[-81.35239,28.57499],[-81.35619,28.57496],[-81.35632,28.57484],[-81.35632,28.57483],[-81.35633,28.57481],[-81.35633,28.5748],[-81.35634,28.57479],[-81.35636,28.57477],[-81.35637,28.57476],[-81.35638,28.57475],[-81.35639,28.57474],[-81.3564,28.57472],[-81.35641,28.57471],[-81.35641,28.57469],[-81.35642,28.57467],[-81.35643,28.57465],[-81.35644,28.57464],[-81.35645,28.57463],[-81.35648,28.57462],[-81.3565,28.57461],[-81.35649,28.57362],[-81.3565,28.57362],[-81.35652,28.57361],[-81.35654,28.5736],[-81.35656,28.57282],[-81.35652,28.5728],[-81.35648,28.57278],[-81.35646,28.57133],[-81.35966,28.5713],[-81.36059,28.57129],[-81.36059,28.57152],[-81.36062,28.57151],[-81.36065,28.57148],[-81.36066,28.57147],[-81.36071,28.57145],[-81.36075,28.57143],[-81.36077,28.57142],[-81.36082,28.57139],[-81.36084,28.57138],[-81.36085,28.57138],[-81.3609,28.57136],[-81.36094,28.57135],[-81.36096,28.57134],[-81.36101,28.57133],[-81.36102,28.57133],[-81.36106,28.57131],[-81.36108,28.57131],[-81.36112,28.57129],[-81.36114,28.57127],[-81.36116,28.57126],[-81.36118,28.57126],[-81.36121,28.57124],[-81.36123,28.57124],[-81.36126,28.57123],[-81.36128,28.57123],[-81.3613,28.57122],[-81.36134,28.57122],[-81.36136,28.57122],[-81.36137,28.57123],[-81.36139,28.57123],[-81.36141,28.57123],[-81.36143,28.57124],[-81.36145,28.57123],[-81.36148,28.57123],[-81.36151,28.57123],[-81.36152,28.57122],[-81.36154,28.57122],[-81.36157,28.57121],[-81.36159,28.57121],[-81.36163,28.57122],[-81.36165,28.57122],[-81.36167,28.57122],[-81.3617,28.57123],[-81.36171,28.57123],[-81.36173,28.57123],[-81.36177,28.57124],[-81.36178,28.57125],[-81.3618,28.57125],[-81.36181,28.57126],[-81.36184,28.57127],[-81.3619,28.57129],[-81.36194,28.5713],[-81.36198,28.57132],[-81.36201,28.57133],[-81.36203,28.57134],[-81.36203,28.57135],[-81.36204,28.57136],[-81.36205,28.57137],[-81.36205,28.57138],[-81.36205,28.57139],[-81.36205,28.5714],[-81.36206,28.57141],[-81.36209,28.57142],[-81.3621,28.57142],[-81.36211,28.57142],[-81.36212,28.57142],[-81.36214,28.57143],[-81.36216,28.57143],[-81.36218,28.57143],[-81.36219,28.57144],[-81.36221,28.57145],[-81.36222,28.57145],[-81.36223,28.57146],[-81.36224,28.57146],[-81.36225,28.57147],[-81.36227,28.57148],[-81.36229,28.57149],[-81.36233,28.57152],[-81.36234,28.57152],[-81.36236,28.57154],[-81.36238,28.57155],[-81.36239,28.57156],[-81.36242,28.57158],[-81.36245,28.5716],[-81.36247,28.57161],[-81.36254,28.57166],[-81.36259,28.57168],[-81.36262,28.57169],[-81.36266,28.5717],[-81.3627,28.57171],[-81.36271,28.57171],[-81.36273,28.57171],[-81.36289,28.57177],[-81.36302,28.57179],[-81.36308,28.57181],[-81.36317,28.57186],[-81.3632,28.57188],[-81.36325,28.57191],[-81.36327,28.57194],[-81.36328,28.57203],[-81.36342,28.57214],[-81.36343,28.57215],[-81.36348,28.57216],[-81.3636,28.57218],[-81.3637,28.57219],[-81.36373,28.5722],[-81.36378,28.57222],[-81.36384,28.57224],[-81.36386,28.57224],[-81.36389,28.57222],[-81.36393,28.5722],[-81.36402,28.57217],[-81.36406,28.57215],[-81.36409,28.57212],[-81.36413,28.57205],[-81.36414,28.57202],[-81.36416,28.57196],[-81.36416,28.5719],[-81.36416,28.57188],[-81.36412,28.57182],[-81.36412,28.57181],[-81.36414,28.5718],[-81.36414,28.57177],[-81.36415,28.57175],[-81.36416,28.57174],[-81.36419,28.57173],[-81.36419,28.5717],[-81.36418,28.57161],[-81.36415,28.5715],[-81.36414,28.57146],[-81.36413,28.57143],[-81.36404,28.57133],[-81.36398,28.57128],[-81.3639,28.57122],[-81.36381,28.57118],[-81.36377,28.57116],[-81.36375,28.57114],[-81.36375,28.57113],[-81.36375,28.5711],[-81.36375,28.57109],[-81.36379,28.57104],[-81.36381,28.571],[-81.36385,28.57095],[-81.36387,28.57092],[-81.36392,28.57087],[-81.36393,28.57085],[-81.36397,28.57081],[-81.364,28.57076],[-81.36401,28.57073],[-81.36401,28.5707],[-81.36404,28.57064],[-81.36404,28.57056],[-81.36404,28.57046],[-81.36432,28.57046],[-81.36444,28.57046],[-81.36447,28.57312],[-81.36445,28.57741],[-81.36211,28.57739],[-81.36101,28.57736],[-81.35982,28.57734],[-81.35243,28.57736]]]}},{"type":"Feature","properties":{"name":"Vista Park"},"geometry":{"type":"Polygon","coordinates":[[[-81.23787,28.46895],[-81.23743,28.46812],[-81.23701,28.4683],[-81.23591,28.46628],[-81.23481,28.46419],[-81.23529,28.46399],[-81.23476,28.463],[-81.23287,28.45953],[-81.2325,28.45864],[-81.23245,28.4585],[-81.23237,28.4583],[-81.23232,28.45815],[-81.23226,28.45799],[-81.2322,28.45778],[-81.23214,28.45758],[-81.23171,28.45768],[-81.23163,28.45736],[-81.23159,28.45718],[-81.23155,28.45701],[-81.23151,28.45683],[-81.23148,28.45665],[-81.23145,28.45648],[-81.23143,28.4563],[-81.23141,28.45612],[-81.23139,28.45594],[-81.23138,28.45576],[-81.23138,28.45555],[-81.23136,28.4554],[-81.23136,28.45522],[-81.23147,28.45468],[-81.23202,28.45467],[-81.23201,28.45368],[-81.23153,28.45356],[-81.23153,28.45346],[-81.23155,28.45334],[-81.23157,28.45325],[-81.23163,28.45304],[-81.23174,28.45281],[-81.23181,28.45271],[-81.23197,28.45251],[-81.23215,28.45233],[-81.23234,28.45219],[-81.23248,28.45211],[-81.23261,28.45205],[-81.2327,28.45201],[-81.23283,28.45196],[-81.23299,28.45192],[-81.23309,28.4519],[-81.23319,28.45188],[-81.23358,28.45195],[-81.23358,28.45257],[-81.23494,28.45256],[-81.23493,28.45188],[-81.24561,28.45174],[-81.24657,28.4517],[-81.24731,28.45164],[-81.24795,28.45156],[-81.24858,28.45146],[-81.24951,28.45129],[-81.25013,28.45114],[-81.25074,28.45098],[-81.25134,28.4508],[-81.25433,28.44986],[-81.25481,28.44971],[-81.2551,28.44963],[-81.25539,28.44955],[-81.25569,28.44948],[-81.25627,28.44935],[-81.25687,28.44924],[-81.25746,28.44915],[-81.25776,28.44911],[-81.25836,28.44904],[-81.25897,28.449],[-81.25957,28.44897],[-81.26018,28.44896],[-81.26066,28.44896],[-81.26066,28.45157],[-81.26066,28.45638],[-81.26067,28.47349],[-81.25336,28.47352],[-81.24608,28.47355],[-81.24438,28.47356],[-81.23895,28.47359],[-81.23859,28.47219],[-81.23827,28.4711],[-81.23792,28.47016],[-81.23836,28.47002],[-81.23812,28.46948],[-81.23787,28.46895]]]}},{"type":"Feature","properties":{"name":"Northlake Park at Lake Nona"},"geometry":{"type":"Polygon","coordinates":[[[-81.2563,28.4292],[-81.25611,28.42889],[-81.25589,28.42857],[-81.25554,28.42819],[-81.25527,28.42793],[-81.25493,28.42764],[-81.25144,28.42487],[-81.2497,28.4235],[-81.25022,28.423],[-81.25058,28.42269],[-81.25102,28.4224],[-81.25121,28.42226],[-81.2513,28.42219],[-81.25139,28.42211],[-81.25146,28.42203],[-81.25151,28.42194],[-81.25156,28.42186],[-81.2516,28.42177],[-81.25163,28.4217],[-81.25166,28.42158],[-81.25167,28.42147],[-81.25195,28.42149],[-81.2522,28.4215],[-81.25267,28.42177],[-81.25288,28.42182],[-81.25312,28.42187],[-81.25314,28.42194],[-81.25376,28.42193],[-81.2536,28.42177],[-81.25332,28.42155],[-81.25321,28.4214],[-81.25307,28.4212],[-81.25336,28.42025],[-81.25385,28.41992],[-81.25411,28.41944],[-81.25468,28.41937],[-81.25548,28.41971],[-81.25574,28.41954],[-81.2575,28.4203],[-81.25744,28.42011],[-81.25818,28.41982],[-81.25872,28.41965],[-81.25892,28.41966],[-81.25901,28.42003],[-81.25911,28.42011],[-81.2595,28.4202],[-81.25997,28.42013],[-81.2602,28.42021],[-81.26025,28.42023],[-81.26057,28.42023],[-81.26073,28.42021],[-81.26083,28.42019],[-81.26099,28.42034],[-81.26146,28.42004],[-81.26163,28.42018],[-81.26194,28.42015],[-81.26222,28.41998],[-81.2635,28.4195],[-81.26386,28.41915],[-81.26588,28.4192],[-81.26626,28.41921],[-81.2663,28.41922],[-81.26632,28.41924],[-81.26633,28.41926],[-81.26634,28.41928],[-81.26636,28.41964],[-81.26638,28.41992],[-81.26652,28.4199],[-81.26681,28.41989],[-81.26703,28.41989],[-81.2672,28.41989],[-81.26733,28.4199],[-81.26743,28.41992],[-81.26795,28.41998],[-81.26807,28.41999],[-81.26821,28.41999],[-81.26835,28.41998],[-81.26845,28.41997],[-81.26856,28.41995],[-81.26868,28.41992],[-81.26883,28.41987],[-81.26893,28.41983],[-81.2697,28.41948],[-81.26966,28.41894],[-81.26966,28.41838],[-81.27138,28.41766],[-81.27225,28.41745],[-81.27209,28.41693],[-81.27171,28.41623],[-81.27133,28.41459],[-81.27672,28.41461],[-81.27673,28.42184],[-81.27673,28.42203],[-81.27482,28.42203],[-81.27482,28.422],[-81.27329,28.42201],[-81.27289,28.42201],[-81.26891,28.42202],[-81.26875,28.42202],[-81.26852,28.42202],[-81.26851,28.42322],[-81.26848,28.4292],[-81.26012,28.42921],[-81.2563,28.4292]]]}},{"type":"Feature","properties":{"name":"Bel Air"},"geometry":{"type":"Polygon","coordinates":[[[-81.35383,28.53139],[-81.35381,28.53045],[-81.35381,28.52955],[-81.35483,28.52956],[-81.35483,28.52924],[-81.35482,28.52872],[-81.35482,28.52831],[-81.35481,28.52781],[-81.35481,28.52764],[-81.3549,28.52764],[-81.35533,28.52764],[-81.35575,28.52764],[-81.35575,28.52745],[-81.35574,28.52725],[-81.35574,28.52697],[-81.35574,28.52683],[-81.35575,28.52668],[-81.35575,28.52655],[-81.35575,28.52641],[-81.35531,28.52641],[-81.35531,28.52627],[-81.35575,28.52627],[-81.35575,28.52613],[-81.35574,28.526],[-81.35574,28.52586],[-81.35574,28.52558],[-81.35574,28.52545],[-81.35574,28.52517],[-81.35573,28.52503],[-81.35573,28.5249],[-81.35573,28.52476],[-81.35573,28.52462],[-81.35572,28.52415],[-81.35572,28.52399],[-81.35558,28.52399],[-81.35544,28.52399],[-81.35543,28.52372],[-81.35518,28.52372],[-81.35518,28.5237],[-81.35531,28.5237],[-81.35531,28.52355],[-81.35532,28.52355],[-81.35532,28.52313],[-81.35534,28.52312],[-81.35534,28.52294],[-81.35532,28.52294],[-81.35532,28.52292],[-81.35579,28.52292],[-81.35579,28.52256],[-81.35579,28.52241],[-81.35582,28.52241],[-81.35603,28.52241],[-81.35603,28.52225],[-81.35623,28.52225],[-81.35643,28.52225],[-81.35664,28.52225],[-81.35684,28.52224],[-81.35705,28.52224],[-81.35715,28.52224],[-81.35725,28.52224],[-81.35744,28.52224],[-81.35766,28.52224],[-81.35786,28.52224],[-81.35786,28.52225],[-81.35786,28.52228],[-81.35786,28.52252],[-81.35786,28.52275],[-81.35786,28.52297],[-81.35787,28.52304],[-81.35787,28.52322],[-81.35787,28.52359],[-81.358,28.5236],[-81.35807,28.5236],[-81.35828,28.52362],[-81.3584,28.52363],[-81.35849,28.52363],[-81.35871,28.52362],[-81.35893,28.52362],[-81.35914,28.52362],[-81.35936,28.52361],[-81.35938,28.52361],[-81.35958,28.52361],[-81.35984,28.52361],[-81.35993,28.5236],[-81.35993,28.52404],[-81.35993,28.52444],[-81.35993,28.52486],[-81.35993,28.52503],[-81.35992,28.52509],[-81.35993,28.52513],[-81.35988,28.52521],[-81.35984,28.52525],[-81.35982,28.52531],[-81.35981,28.52541],[-81.35981,28.52553],[-81.35982,28.52566],[-81.35987,28.52571],[-81.35991,28.52577],[-81.35995,28.52582],[-81.35998,28.52768],[-81.36003,28.52778],[-81.36004,28.52878],[-81.36004,28.52879],[-81.35999,28.5288],[-81.36,28.53034],[-81.36001,28.53071],[-81.36002,28.53133],[-81.35986,28.53133],[-81.35891,28.53134],[-81.35589,28.53137],[-81.35549,28.53137],[-81.35455,28.53137],[-81.35383,28.53139]]]}},{"type":"Feature","properties":{"name":"Carver Shores"},"geometry":{"type":"Polygon","coordinates":[[[-81.44246,28.52782],[-81.44177,28.52783],[-81.44055,28.52782],[-81.43941,28.52782],[-81.43939,28.52783],[-81.43854,28.52783],[-81.43853,28.52708],[-81.43808,28.52708],[-81.43807,28.52335],[-81.44004,28.52338],[-81.44228,28.52339],[-81.44292,28.52339],[-81.45092,28.52311],[-81.45479,28.52308],[-81.4548,28.52776],[-81.45416,28.52777],[-81.45239,28.52778],[-81.44906,28.52782],[-81.44672,28.52785],[-81.44556,28.52786],[-81.44367,28.5279],[-81.44291,28.52783],[-81.44246,28.52782]]]}},{"type":"Feature","properties":{"name":"Washington Shores"},"geometry":{"type":"Polygon","coordinates":[[[-81.4179,28.52853],[-81.41793,28.52694],[-81.42,28.52698],[-81.42351,28.52701],[-81.4261,28.52697],[-81.42611,28.52712],[-81.42618,28.52712],[-81.42619,28.529],[-81.4262,28.5307],[-81.4261,28.5307],[-81.42609,28.5343],[-81.42205,28.53438],[-81.42031,28.53441],[-81.41797,28.53444],[-81.41792,28.53174],[-81.41791,28.53003],[-81.4179,28.52886],[-81.4179,28.52853]]]}},{"type":"Feature","properties":{"name":"Richmond Estates"},"geometry":{"type":"Polygon","coordinates":[[[-81.42599,28.51581],[-81.42598,28.51472],[-81.42597,28.5123],[-81.42596,28.51058],[-81.42609,28.5106],[-81.43422,28.51051],[-81.43422,28.51033],[-81.43497,28.51032],[-81.43644,28.51032],[-81.4366,28.51068],[-81.43566,28.51068],[-81.43571,28.51079],[-81.43575,28.51089],[-81.43579,28.51101],[-81.43585,28.51113],[-81.43591,28.51128],[-81.43595,28.51135],[-81.43602,28.51146],[-81.43618,28.51168],[-81.43636,28.51192],[-81.43648,28.5121],[-81.43672,28.5126],[-81.43683,28.51286],[-81.43693,28.51305],[-81.43698,28.51322],[-81.43702,28.51335],[-81.43704,28.51345],[-81.43705,28.51354],[-81.43706,28.5136],[-81.43707,28.51365],[-81.43709,28.51369],[-81.43711,28.51372],[-81.43714,28.51374],[-81.43717,28.51375],[-81.4372,28.51376],[-81.43724,28.51376],[-81.43794,28.51374],[-81.43796,28.51449],[-81.43796,28.51541],[-81.43796,28.51576],[-81.43524,28.51577],[-81.43356,28.51578],[-81.42599,28.51581]]]}},{"type":"Feature","properties":{"name":"Lake Cherokee"},"geometry":{"type":"Polygon","coordinates":[[[-81.36851,28.53095],[-81.37054,28.53095],[-81.37076,28.53081],[-81.37283,28.53078],[-81.3728,28.52976],[-81.37281,28.5293],[-81.37337,28.52967],[-81.37365,28.52985],[-81.37396,28.53006],[-81.37465,28.53054],[-81.37477,28.53118],[-81.37653,28.53119],[-81.37657,28.53171],[-81.37672,28.53354],[-81.37688,28.53421],[-81.37729,28.53524],[-81.37751,28.53546],[-81.37778,28.53561],[-81.37799,28.53572],[-81.37819,28.53584],[-81.3774,28.53612],[-81.37585,28.53668],[-81.37392,28.53707],[-81.3736,28.53709],[-81.37309,28.53712],[-81.3721,28.53712],[-81.36836,28.53715],[-81.36835,28.53669],[-81.36834,28.53486],[-81.36834,28.53394],[-81.36829,28.53248],[-81.36837,28.53245],[-81.36839,28.53237],[-81.36842,28.5323],[-81.36849,28.53216],[-81.36859,28.53202],[-81.36867,28.53182],[-81.36867,28.5317],[-81.36866,28.53151],[-81.36863,28.53141],[-81.36862,28.53135],[-81.3686,28.53125],[-81.36858,28.53115],[-81.36851,28.53095]]]}},{"type":"Feature","properties":{"name":"Signal Hill"},"geometry":{"type":"Polygon","coordinates":[[[-81.4464,28.60185],[-81.44562,28.60186],[-81.44532,28.60186],[-81.44179,28.60186],[-81.44129,28.60186],[-81.44128,28.60109],[-81.44124,28.5982],[-81.44329,28.59821],[-81.44327,28.59648],[-81.44327,28.59618],[-81.44326,28.59438],[-81.44325,28.59274],[-81.4412,28.59273],[-81.4412,28.59144],[-81.4412,28.591],[-81.44119,28.59015],[-81.44119,28.58909],[-81.44154,28.58909],[-81.44172,28.58909],[-81.44324,28.5891],[-81.44324,28.58932],[-81.44615,28.5893],[-81.44618,28.59131],[-81.44619,28.59156],[-81.44733,28.59182],[-81.4475,28.59185],[-81.44747,28.59201],[-81.44736,28.59257],[-81.44733,28.59457],[-81.44733,28.5948],[-81.44943,28.59479],[-81.44942,28.59516],[-81.45127,28.59515],[-81.45126,28.59618],[-81.45122,28.5965],[-81.45125,28.59728],[-81.45127,28.59817],[-81.45,28.59817],[-81.45,28.59833],[-81.45,28.59847],[-81.45,28.59861],[-81.45002,28.59908],[-81.45002,28.59928],[-81.45003,28.59948],[-81.45004,28.59979],[-81.45004,28.60002],[-81.45131,28.60002],[-81.45134,28.60083],[-81.45136,28.60186],[-81.4464,28.60185]]]}},{"type":"Feature","properties":{"name":"Lake Formosa"},"geometry":{"type":"Polygon","coordinates":[[[-81.3686,28.5736],[-81.3685,28.57359],[-81.3684,28.57361],[-81.3683,28.57363],[-81.36764,28.57378],[-81.36758,28.57379],[-81.36733,28.57383],[-81.36717,28.57384],[-81.36698,28.57383],[-81.36677,28.57382],[-81.36652,28.5738],[-81.36603,28.57376],[-81.36592,28.57374],[-81.36581,28.57372],[-81.36566,28.57368],[-81.36545,28.57359],[-81.36447,28.57312],[-81.36444,28.57046],[-81.36444,28.57035],[-81.36443,28.56934],[-81.36446,28.56561],[-81.36445,28.56482],[-81.36445,28.56404],[-81.36507,28.56404],[-81.36564,28.56404],[-81.36618,28.56404],[-81.36727,28.56409],[-81.36837,28.56408],[-81.36929,28.56408],[-81.37003,28.56408],[-81.37076,28.56407],[-81.37141,28.56407],[-81.37175,28.56406],[-81.37216,28.56407],[-81.37234,28.56408],[-81.37245,28.56416],[-81.37249,28.56486],[-81.37258,28.56723],[-81.37255,28.56752],[-81.37246,28.56783],[-81.37178,28.57136],[-81.37141,28.57318],[-81.37127,28.57411],[-81.37041,28.57403],[-81.3698,28.57395],[-81.36964,28.57391],[-81.36925,28.5738],[-81.36899,28.57371],[-81.36878,28.57363],[-81.3686,28.5736]]]}},{"type":"Feature","properties":{"name":"Catalina"},"geometry":{"type":"Polygon","coordinates":[[[-81.40953,28.52074],[-81.40949,28.51797],[-81.40942,28.5142],[-81.40941,28.51294],[-81.40996,28.51294],[-81.41151,28.51294],[-81.41164,28.51294],[-81.41402,28.51294],[-81.41401,28.51063],[-81.41399,28.50991],[-81.41399,28.50951],[-81.41398,28.50918],[-81.41398,28.50905],[-81.41492,28.50904],[-81.41639,28.50875],[-81.4147,28.50876],[-81.41519,28.50868],[-81.41544,28.5086],[-81.41562,28.50855],[-81.41592,28.5084],[-81.4162,28.50823],[-81.41684,28.50784],[-81.41714,28.50764],[-81.41715,28.50763],[-81.41716,28.50763],[-81.41717,28.50762],[-81.41718,28.50761],[-81.41722,28.5076],[-81.41726,28.50757],[-81.41731,28.50754],[-81.41735,28.50751],[-81.41738,28.50747],[-81.41742,28.50744],[-81.41744,28.50739],[-81.41746,28.50735],[-81.41747,28.50734],[-81.41748,28.50729],[-81.41749,28.50725],[-81.41749,28.50711],[-81.41786,28.5071],[-81.41786,28.50716],[-81.41786,28.50719],[-81.41786,28.50721],[-81.41786,28.50723],[-81.41786,28.50725],[-81.41786,28.50727],[-81.41786,28.50729],[-81.41786,28.50731],[-81.41787,28.50733],[-81.41788,28.50736],[-81.41788,28.50738],[-81.41789,28.5074],[-81.4179,28.50742],[-81.41792,28.50745],[-81.41796,28.5075],[-81.41951,28.50748],[-81.42021,28.50801],[-81.42066,28.50835],[-81.42069,28.50837],[-81.4217,28.50835],[-81.42189,28.50835],[-81.42188,28.50796],[-81.42285,28.50795],[-81.42285,28.50834],[-81.42254,28.50835],[-81.42254,28.50875],[-81.42255,28.50875],[-81.42259,28.50875],[-81.42271,28.50873],[-81.42284,28.50871],[-81.42291,28.5087],[-81.42318,28.50868],[-81.4238,28.50867],[-81.42396,28.50867],[-81.42409,28.50866],[-81.42409,28.50871],[-81.42457,28.5087],[-81.42457,28.5088],[-81.42519,28.5088],[-81.42593,28.50878],[-81.42594,28.51001],[-81.42596,28.51058],[-81.42597,28.5123],[-81.42598,28.51472],[-81.42183,28.51474],[-81.42187,28.51608],[-81.42189,28.51703],[-81.42189,28.5174],[-81.42192,28.51967],[-81.42148,28.51967],[-81.41836,28.51963],[-81.41801,28.52039],[-81.41789,28.52072],[-81.40953,28.52074]]]}},{"type":"Feature","properties":{"name":"Lake Underhill"},"geometry":{"type":"Polygon","coordinates":[[[-81.33505,28.53839],[-81.33272,28.53839],[-81.33237,28.53838],[-81.33135,28.53837],[-81.33119,28.53837],[-81.33121,28.53752],[-81.33121,28.53703],[-81.33119,28.53571],[-81.33118,28.53482],[-81.33117,28.53399],[-81.33116,28.53316],[-81.33115,28.53233],[-81.33114,28.53173],[-81.336,28.53102],[-81.34353,28.531],[-81.34354,28.53191],[-81.34354,28.53203],[-81.34356,28.53283],[-81.34356,28.53359],[-81.34356,28.53375],[-81.34357,28.53435],[-81.34358,28.53466],[-81.34358,28.53513],[-81.34358,28.53552],[-81.3436,28.53675],[-81.3436,28.53686],[-81.34358,28.53798],[-81.34358,28.53838],[-81.34186,28.5384],[-81.34173,28.5384],[-81.34086,28.5384],[-81.34022,28.53841],[-81.33505,28.53839]]]}},{"type":"Feature","properties":{"name":"South Orange"},"geometry":{"type":"Polygon","coordinates":[[[-81.37751,28.53546],[-81.37729,28.53524],[-81.37688,28.53421],[-81.37672,28.53354],[-81.37657,28.53171],[-81.37653,28.53119],[-81.37653,28.53117],[-81.37651,28.5292],[-81.37651,28.52904],[-81.3765,28.52867],[-81.37648,28.52788],[-81.37648,28.52689],[-81.37648,28.52641],[-81.37647,28.52518],[-81.37647,28.52463],[-81.37646,28.5239],[-81.37644,28.52297],[-81.37643,28.52252],[-81.37643,28.52205],[-81.37641,28.52198],[-81.37641,28.52115],[-81.37639,28.52023],[-81.37638,28.51933],[-81.37639,28.51841],[-81.37638,28.5175],[-81.37638,28.51658],[-81.37636,28.51573],[-81.37635,28.51474],[-81.37635,28.51387],[-81.37632,28.5129],[-81.37729,28.51289],[-81.37728,28.51147],[-81.37683,28.51146],[-81.37683,28.5114],[-81.37683,28.51133],[-81.37683,28.51126],[-81.37683,28.51119],[-81.37682,28.51105],[-81.37681,28.51065],[-81.37666,28.51065],[-81.37653,28.51065],[-81.37644,28.51065],[-81.37643,28.51052],[-81.37643,28.51021],[-81.37643,28.51007],[-81.37643,28.50993],[-81.37644,28.50937],[-81.37642,28.5092],[-81.37642,28.50879],[-81.37642,28.50813],[-81.3764,28.50766],[-81.37637,28.50688],[-81.37636,28.50649],[-81.37637,28.506],[-81.37638,28.50563],[-81.37643,28.50563],[-81.37642,28.50464],[-81.37642,28.50448],[-81.37642,28.50402],[-81.37642,28.5039],[-81.37641,28.50319],[-81.37677,28.50318],[-81.37699,28.50318],[-81.37708,28.50317],[-81.37731,28.50317],[-81.37741,28.50317],[-81.37763,28.50317],[-81.37772,28.50316],[-81.37802,28.50317],[-81.37798,28.503],[-81.37785,28.5025],[-81.3775,28.50105],[-81.37694,28.50105],[-81.37695,28.50171],[-81.37635,28.50172],[-81.37632,28.50106],[-81.37632,28.50075],[-81.37631,28.50032],[-81.37656,28.50031],[-81.37656,28.49993],[-81.37632,28.49993],[-81.37632,28.49964],[-81.37631,28.49959],[-81.37631,28.49954],[-81.3763,28.49949],[-81.37626,28.4992],[-81.37622,28.49895],[-81.37627,28.49895],[-81.37614,28.4984],[-81.37686,28.4984],[-81.37707,28.4984],[-81.37741,28.49984],[-81.37842,28.49984],[-81.37843,28.49988],[-81.37846,28.50004],[-81.37851,28.50022],[-81.37888,28.50171],[-81.3792,28.503],[-81.37924,28.50315],[-81.37939,28.50314],[-81.37948,28.50356],[-81.3796,28.50406],[-81.37968,28.5044],[-81.37978,28.50482],[-81.37981,28.50492],[-81.37991,28.50537],[-81.38,28.50572],[-81.38007,28.50604],[-81.38093,28.50603],[-81.38183,28.50601],[-81.38192,28.50636],[-81.38195,28.50636],[-81.3822,28.50735],[-81.3819,28.50768],[-81.3819,28.50792],[-81.38182,28.50792],[-81.38183,28.50847],[-81.38183,28.50874],[-81.38144,28.50874],[-81.38144,28.50924],[-81.38049,28.50923],[-81.3805,28.511],[-81.38052,28.51167],[-81.38048,28.51171],[-81.38048,28.51203],[-81.38047,28.51241],[-81.38056,28.51273],[-81.38057,28.51287],[-81.38048,28.51285],[-81.3807,28.51378],[-81.38076,28.51408],[-81.38082,28.51457],[-81.38086,28.51503],[-81.381,28.51651],[-81.38139,28.52016],[-81.3816,28.52213],[-81.38164,28.52249],[-81.38173,28.52341],[-81.38176,28.5238],[-81.38219,28.52784],[-81.3823,28.52911],[-81.38247,28.53112],[-81.38258,28.53247],[-81.38274,28.53405],[-81.38277,28.53449],[-81.38274,28.53476],[-81.3826,28.53527],[-81.38133,28.53529],[-81.38104,28.53529],[-81.38033,28.53539],[-81.37971,28.53551],[-81.37901,28.53564],[-81.37866,28.53571],[-81.37839,28.53577],[-81.37819,28.53584],[-81.37799,28.53572],[-81.37778,28.53561],[-81.37751,28.53546]]]}},{"type":"Feature","properties":{"name":"Lorna Doone"},"geometry":{"type":"Polygon","coordinates":[[[-81.3973,28.54386],[-81.3973,28.54337],[-81.39727,28.54254],[-81.39727,28.542],[-81.39727,28.54108],[-81.39727,28.54033],[-81.39727,28.54016],[-81.39725,28.53921],[-81.39723,28.5383],[-81.39731,28.53822],[-81.3973,28.53751],[-81.3973,28.53733],[-81.3973,28.53651],[-81.39729,28.53558],[-81.39729,28.53514],[-81.39729,28.53475],[-81.39728,28.53289],[-81.39728,28.53198],[-81.39727,28.53136],[-81.39725,28.53102],[-81.39742,28.53102],[-81.39879,28.53101],[-81.39966,28.531],[-81.40048,28.531],[-81.40132,28.531],[-81.40139,28.53098],[-81.40538,28.53095],[-81.40539,28.53205],[-81.40542,28.53635],[-81.40678,28.53726],[-81.40717,28.53752],[-81.41066,28.54017],[-81.41016,28.54017],[-81.41017,28.54048],[-81.41001,28.54048],[-81.41001,28.54018],[-81.41,28.5401],[-81.40773,28.54012],[-81.40764,28.54012],[-81.40559,28.54013],[-81.40558,28.54019],[-81.40559,28.54104],[-81.4056,28.54185],[-81.40559,28.54195],[-81.40562,28.54361],[-81.40563,28.54418],[-81.40564,28.54426],[-81.40557,28.54418],[-81.40437,28.5442],[-81.40361,28.5442],[-81.4036,28.5442],[-81.40351,28.5442],[-81.40306,28.5441],[-81.40274,28.54401],[-81.4025,28.54397],[-81.40229,28.54394],[-81.40155,28.54388],[-81.40137,28.54387],[-81.40098,28.54383],[-81.40032,28.54384],[-81.40023,28.54384],[-81.39928,28.54383],[-81.39833,28.54384],[-81.3973,28.54386]]]}},{"type":"Feature","properties":{"name":"Timberleaf"},"geometry":{"type":"Polygon","coordinates":[[[-81.44247,28.52801],[-81.44246,28.52782],[-81.44291,28.52783],[-81.44367,28.5279],[-81.44556,28.52786],[-81.44672,28.52785],[-81.44906,28.52782],[-81.45239,28.52778],[-81.45416,28.52777],[-81.4548,28.52776],[-81.4548,28.53397],[-81.45456,28.53398],[-81.45456,28.53411],[-81.45208,28.53413],[-81.44273,28.53431],[-81.44279,28.53063],[-81.44272,28.52862],[-81.44288,28.52862],[-81.44286,28.52806],[-81.44319,28.52806],[-81.44319,28.528],[-81.44247,28.52801]]]}},{"type":"Feature","properties":{"name":"Dixie Belle"},"geometry":{"type":"Polygon","coordinates":[[[-81.31041,28.52356],[-81.31037,28.51713],[-81.31036,28.51687],[-81.31035,28.51577],[-81.31066,28.51576],[-81.31152,28.51576],[-81.31242,28.51575],[-81.31386,28.51574],[-81.31432,28.51573],[-81.31439,28.51573],[-81.31457,28.51573],[-81.31458,28.51611],[-81.31458,28.51646],[-81.31458,28.51673],[-81.31459,28.517],[-81.31459,28.51709],[-81.31653,28.51708],[-81.31862,28.51706],[-81.31862,28.51758],[-81.31863,28.51826],[-81.31863,28.51844],[-81.31865,28.51963],[-81.31864,28.52071],[-81.32171,28.52068],[-81.32172,28.52212],[-81.32174,28.52212],[-81.32174,28.52243],[-81.32113,28.52243],[-81.32113,28.52251],[-81.31867,28.52253],[-81.31868,28.52435],[-81.31779,28.52436],[-81.31746,28.52437],[-81.31661,28.52438],[-81.31557,28.52438],[-81.31455,28.52439],[-81.31407,28.52439],[-81.31301,28.52439],[-81.31267,28.52436],[-81.31229,28.52425],[-81.31174,28.52403],[-81.31041,28.52356]]]}},{"type":"Feature","properties":{"name":"Dover Estates"},"geometry":{"type":"Polygon","coordinates":[[[-81.31868,28.52435],[-81.31867,28.52253],[-81.32113,28.52251],[-81.32113,28.52243],[-81.32174,28.52243],[-81.32174,28.52212],[-81.32172,28.52212],[-81.32171,28.52068],[-81.31864,28.52071],[-81.31865,28.51963],[-81.31863,28.51844],[-81.31863,28.51826],[-81.31862,28.51758],[-81.31862,28.51706],[-81.31873,28.51709],[-81.3207,28.51708],[-81.32481,28.51705],[-81.32684,28.51704],[-81.32686,28.51881],[-81.32913,28.5188],[-81.32913,28.51947],[-81.32914,28.52063],[-81.32818,28.52063],[-81.32818,28.52428],[-81.32778,28.52429],[-81.32481,28.52431],[-81.32426,28.5243],[-81.32328,28.52432],[-81.32225,28.52433],[-81.32124,28.52434],[-81.31868,28.52435]]]}},{"type":"Feature","properties":{"name":"Dover Manor"},"geometry":{"type":"Polygon","coordinates":[[[-81.31884,28.53038],[-81.31884,28.5303],[-81.31769,28.53031],[-81.31765,28.5262],[-81.31782,28.52619],[-81.31779,28.52436],[-81.31868,28.52435],[-81.32124,28.52434],[-81.32225,28.52433],[-81.32328,28.52432],[-81.32426,28.5243],[-81.32481,28.52431],[-81.32487,28.52562],[-81.3249,28.52708],[-81.32495,28.53035],[-81.32496,28.53164],[-81.32091,28.53166],[-81.32082,28.53166],[-81.31969,28.53167],[-81.31886,28.53167],[-81.31884,28.53038]]]}},{"type":"Feature","properties":{"name":"Holden/Parramore"},"geometry":{"type":"Polygon","coordinates":[[[-81.39727,28.542],[-81.39629,28.54199],[-81.39569,28.542],[-81.39435,28.54199],[-81.39317,28.54199],[-81.39053,28.542],[-81.38904,28.542],[-81.38701,28.54201],[-81.38494,28.54202],[-81.3829,28.54204],[-81.38288,28.54059],[-81.38288,28.54019],[-81.38286,28.53929],[-81.38285,28.53837],[-81.38256,28.53837],[-81.38257,28.5381],[-81.3826,28.5378],[-81.38261,28.53778],[-81.3827,28.53726],[-81.383,28.53576],[-81.38311,28.53558],[-81.38317,28.53549],[-81.38329,28.53529],[-81.38381,28.53442],[-81.38401,28.5341],[-81.38493,28.53258],[-81.38516,28.5322],[-81.38585,28.53139],[-81.38612,28.53108],[-81.38692,28.53106],[-81.38747,28.53105],[-81.38788,28.53105],[-81.38813,28.53105],[-81.38901,28.53104],[-81.38975,28.53103],[-81.3905,28.53103],[-81.39103,28.53102],[-81.39133,28.53102],[-81.39309,28.53101],[-81.39321,28.53106],[-81.39511,28.53104],[-81.39519,28.53104],[-81.39725,28.53102],[-81.39727,28.53136],[-81.39728,28.53198],[-81.39728,28.53289],[-81.39729,28.53475],[-81.39729,28.53514],[-81.39729,28.53558],[-81.3973,28.53651],[-81.3973,28.53733],[-81.3973,28.53751],[-81.39731,28.53822],[-81.39723,28.5383],[-81.39725,28.53921],[-81.39727,28.54016],[-81.39727,28.54033],[-81.39727,28.54108],[-81.39727,28.542]]]}},{"type":"Feature","properties":{"name":"Eagles Nest"},"geometry":{"type":"Polygon","coordinates":[[[-81.44279,28.51533],[-81.44279,28.51533],[-81.44279,28.51533],[-81.44274,28.50996],[-81.44269,28.50646],[-81.44367,28.50563],[-81.44389,28.50546],[-81.44413,28.50531],[-81.44429,28.50523],[-81.44438,28.50518],[-81.44473,28.50503],[-81.44508,28.50491],[-81.44546,28.50483],[-81.44584,28.50478],[-81.44613,28.50476],[-81.44707,28.50476],[-81.45469,28.50471],[-81.45495,28.52308],[-81.45479,28.52308],[-81.45092,28.52311],[-81.44292,28.52339],[-81.44279,28.51533]]]}},{"type":"Feature","properties":{"name":"Milk District"},"geometry":{"type":"Polygon","coordinates":[[[-81.34561,28.54788],[-81.3456,28.54602],[-81.34383,28.54606],[-81.34373,28.54514],[-81.34372,28.54419],[-81.34368,28.5433],[-81.34367,28.5424],[-81.34362,28.54074],[-81.34361,28.53963],[-81.34252,28.53967],[-81.34254,28.53962],[-81.3426,28.53949],[-81.34267,28.53933],[-81.34269,28.53916],[-81.34267,28.53899],[-81.34271,28.53875],[-81.34173,28.5384],[-81.34186,28.5384],[-81.34358,28.53838],[-81.34773,28.53835],[-81.35185,28.53829],[-81.35187,28.53873],[-81.35185,28.53961],[-81.35186,28.5405],[-81.35186,28.54135],[-81.35189,28.54233],[-81.3519,28.54327],[-81.35191,28.5441],[-81.35193,28.54504],[-81.35194,28.54594],[-81.35199,28.54775],[-81.35187,28.54773],[-81.34991,28.54779],[-81.34782,28.54782],[-81.34787,28.54948],[-81.34563,28.54955],[-81.34564,28.54935],[-81.34561,28.54788]]]}},{"type":"Feature","properties":{"name":"Metro West"},"geometry":{"type":"Polygon","coordinates":[[[-81.48458,28.50556],[-81.48616,28.50524],[-81.48755,28.50629],[-81.49014,28.50824],[-81.48972,28.50825],[-81.48794,28.50827],[-81.48794,28.50845],[-81.48795,28.50851],[-81.48795,28.50875],[-81.48799,28.51193],[-81.48621,28.51194],[-81.48612,28.5088],[-81.48609,28.50853],[-81.48603,28.50828],[-81.48605,28.50828],[-81.48597,28.50802],[-81.48591,28.50786],[-81.48581,28.50764],[-81.48524,28.50668],[-81.48458,28.50556]],[[-81.46342,28.53404],[-81.46341,28.53307],[-81.46333,28.53307],[-81.46333,28.53268],[-81.46312,28.53268],[-81.46296,28.53268],[-81.46281,28.53268],[-81.46265,28.53268],[-81.4625,28.53268],[-81.46234,28.53269],[-81.46233,28.5323],[-81.46233,28.53214],[-81.46109,28.53214],[-81.46113,28.53315],[-81.45928,28.53316],[-81.45902,28.53313],[-81.4592,28.53224],[-81.45922,28.53207],[-81.45925,28.53194],[-81.4593,28.53073],[-81.45931,28.53046],[-81.45931,28.53042],[-81.45928,28.52796],[-81.45888,28.50468],[-81.46221,28.50467],[-81.4622,28.50462],[-81.46217,28.50456],[-81.46215,28.50447],[-81.46209,28.50428],[-81.46206,28.50421],[-81.46201,28.50412],[-81.462,28.50408],[-81.46198,28.50402],[-81.46198,28.50387],[-81.46201,28.50381],[-81.46207,28.5037],[-81.46208,28.50352],[-81.46209,28.50348],[-81.46218,28.50326],[-81.46217,28.50318],[-81.46215,28.50305],[-81.46215,28.50299],[-81.46213,28.50292],[-81.46218,28.50288],[-81.46219,28.5028],[-81.4622,28.50276],[-81.46221,28.50273],[-81.46224,28.50252],[-81.46229,28.50242],[-81.46234,28.50237],[-81.46236,28.50235],[-81.46246,28.50227],[-81.46252,28.50224],[-81.46258,28.50217],[-81.46262,28.50208],[-81.46264,28.50202],[-81.46262,28.50183],[-81.46263,28.50177],[-81.46264,28.50172],[-81.46267,28.50166],[-81.46274,28.50159],[-81.46283,28.50152],[-81.46287,28.50148],[-81.46289,28.50145],[-81.4629,28.5014],[-81.46289,28.50136],[-81.46281,28.5013],[-81.46278,28.50126],[-81.46275,28.5012],[-81.46277,28.50116],[-81.46278,28.50113],[-81.46278,28.50112],[-81.46285,28.50097],[-81.46292,28.50087],[-81.46297,28.50082],[-81.46302,28.50076],[-81.46314,28.50055],[-81.46315,28.50049],[-81.46316,28.50044],[-81.46318,28.50042],[-81.46322,28.50033],[-81.46323,28.50028],[-81.46325,28.50007],[-81.46325,28.49999],[-81.46326,28.49992],[-81.46327,28.49986],[-81.46336,28.49975],[-81.46339,28.49973],[-81.4634,28.49971],[-81.46344,28.49965],[-81.46344,28.49958],[-81.46345,28.49953],[-81.46349,28.49945],[-81.46351,28.49942],[-81.46352,28.49938],[-81.46359,28.49916],[-81.4636,28.49908],[-81.46361,28.49905],[-81.46361,28.49904],[-81.46367,28.49898],[-81.46374,28.49888],[-81.46384,28.49879],[-81.46389,28.49869],[-81.46394,28.4986],[-81.46395,28.49849],[-81.46399,28.49841],[-81.46406,28.49835],[-81.46409,28.49832],[-81.46413,28.49828],[-81.46415,28.49824],[-81.46418,28.49818],[-81.46418,28.49803],[-81.46421,28.49797],[-81.46424,28.49791],[-81.46439,28.49781],[-81.46445,28.49772],[-81.46447,28.49769],[-81.46448,28.49766],[-81.46449,28.49761],[-81.46452,28.49749],[-81.4646,28.49737],[-81.46463,28.49729],[-81.46466,28.49719],[-81.46473,28.49708],[-81.46477,28.49701],[-81.46485,28.49695],[-81.46498,28.49686],[-81.46505,28.49681],[-81.46513,28.49679],[-81.46523,28.49675],[-81.46526,28.49673],[-81.46532,28.49669],[-81.46537,28.49662],[-81.46545,28.49643],[-81.46556,28.49608],[-81.46556,28.49601],[-81.4656,28.49593],[-81.46564,28.4959],[-81.46582,28.49577],[-81.4659,28.49569],[-81.46599,28.49558],[-81.46619,28.49547],[-81.46636,28.49542],[-81.46666,28.49545],[-81.46689,28.49558],[-81.46716,28.49571],[-81.46726,28.49576],[-81.46732,28.4958],[-81.46735,28.49581],[-81.46746,28.49587],[-81.46753,28.4959],[-81.46762,28.49595],[-81.46768,28.49598],[-81.46773,28.496],[-81.46785,28.49607],[-81.46789,28.49608],[-81.46802,28.49613],[-81.46813,28.49617],[-81.46837,28.49626],[-81.4685,28.4963],[-81.46859,28.49633],[-81.46892,28.49642],[-81.46899,28.49645],[-81.46903,28.49646],[-81.46985,28.4968],[-81.47044,28.49703],[-81.47054,28.49706],[-81.47069,28.4971],[-81.4708,28.49714],[-81.47091,28.49718],[-81.47113,28.49726],[-81.47135,28.49732],[-81.4716,28.49742],[-81.47223,28.49741],[-81.47533,28.49854],[-81.47632,28.49892],[-81.47706,28.49922],[-81.47742,28.49939],[-81.47778,28.49955],[-81.47814,28.49973],[-81.47851,28.4999],[-81.47933,28.50036],[-81.48003,28.50078],[-81.48026,28.50093],[-81.48042,28.50102],[-81.48067,28.5012],[-81.48131,28.50162],[-81.48247,28.5025],[-81.48346,28.50322],[-81.48348,28.50426],[-81.48359,28.50453],[-81.48344,28.50454],[-81.48345,28.5047],[-81.48364,28.5047],[-81.48369,28.50483],[-81.48374,28.50492],[-81.48376,28.50561],[-81.48422,28.50561],[-81.48552,28.50778],[-81.48564,28.50802],[-81.4857,28.50817],[-81.48577,28.50838],[-81.48581,28.50858],[-81.48583,28.50874],[-81.48584,28.50894],[-81.48594,28.51217],[-81.48595,28.51263],[-81.48595,28.51281],[-81.48595,28.51297],[-81.48594,28.51307],[-81.48593,28.5132],[-81.48591,28.51337],[-81.4859,28.51351],[-81.48588,28.51364],[-81.48585,28.51381],[-81.48581,28.51397],[-81.48577,28.51414],[-81.48573,28.51427],[-81.48569,28.51438],[-81.4856,28.51462],[-81.48535,28.51512],[-81.48505,28.51559],[-81.49166,28.51555],[-81.49214,28.51555],[-81.49211,28.51153],[-81.49211,28.50971],[-81.49234,28.50989],[-81.49264,28.51013],[-81.49294,28.51037],[-81.49286,28.51044],[-81.4932,28.51073],[-81.49373,28.51121],[-81.49411,28.51159],[-81.49415,28.51157],[-81.49468,28.51213],[-81.49518,28.51269],[-81.49581,28.51337],[-81.49618,28.51375],[-81.49648,28.51405],[-81.49692,28.51445],[-81.49766,28.5151],[-81.4981,28.51546],[-81.49842,28.51571],[-81.4986,28.51584],[-81.49876,28.51597],[-81.49891,28.51608],[-81.49936,28.51639],[-81.4998,28.51669],[-81.50017,28.51693],[-81.50049,28.51713],[-81.50081,28.51733],[-81.50117,28.51754],[-81.50156,28.51775],[-81.50196,28.51796],[-81.50215,28.51806],[-81.50251,28.51824],[-81.5027,28.51834],[-81.5032,28.51858],[-81.50359,28.51877],[-81.50396,28.51896],[-81.50432,28.51916],[-81.5047,28.51937],[-81.50514,28.51964],[-81.50519,28.5196],[-81.50569,28.51992],[-81.50607,28.52019],[-81.5075,28.52124],[-81.50716,28.52173],[-81.50713,28.52178],[-81.50711,28.52184],[-81.50709,28.5219],[-81.50708,28.52196],[-81.50708,28.52202],[-81.50708,28.52208],[-81.50709,28.52214],[-81.50711,28.52221],[-81.50714,28.52226],[-81.50717,28.52232],[-81.50722,28.52238],[-81.50726,28.52242],[-81.50752,28.52264],[-81.50576,28.52265],[-81.50295,28.52269],[-81.50046,28.52272],[-81.49524,28.52276],[-81.49222,28.52277],[-81.49218,28.5192],[-81.48807,28.51923],[-81.48808,28.52106],[-81.48256,28.52112],[-81.48181,28.52135],[-81.47983,28.52197],[-81.47983,28.5229],[-81.47986,28.52659],[-81.47987,28.527],[-81.47986,28.5276],[-81.47797,28.52754],[-81.47797,28.52768],[-81.47775,28.52767],[-81.4759,28.52851],[-81.47571,28.52852],[-81.47577,28.53394],[-81.4748,28.53394],[-81.47404,28.53395],[-81.47388,28.53395],[-81.4731,28.53396],[-81.47293,28.53396],[-81.47165,28.53397],[-81.47068,28.53398],[-81.46755,28.534],[-81.46342,28.53404]]]}},{"type":"Feature","properties":{"name":"Kirkman South"},"geometry":{"type":"Polygon","coordinates":[[[-81.45472,28.50121],[-81.45466,28.50121],[-81.45458,28.49414],[-81.4553,28.49409],[-81.45597,28.49406],[-81.45782,28.49403],[-81.45894,28.49391],[-81.45895,28.48974],[-81.4649,28.49373],[-81.46693,28.49371],[-81.46693,28.49346],[-81.46757,28.49348],[-81.46754,28.49193],[-81.46692,28.49195],[-81.46692,28.4911],[-81.46692,28.49089],[-81.46693,28.4907],[-81.46693,28.48951],[-81.46694,28.48873],[-81.46692,28.48672],[-81.46691,28.48643],[-81.47085,28.48644],[-81.47091,28.48825],[-81.47101,28.49009],[-81.47513,28.49009],[-81.47514,28.49373],[-81.47528,28.49373],[-81.47529,28.49512],[-81.47531,28.49739],[-81.47944,28.49737],[-81.47947,28.49947],[-81.4789,28.49916],[-81.47816,28.4988],[-81.47741,28.49846],[-81.47664,28.49814],[-81.47465,28.4974],[-81.47223,28.49741],[-81.4716,28.49742],[-81.47135,28.49732],[-81.47113,28.49726],[-81.47091,28.49718],[-81.4708,28.49714],[-81.47069,28.4971],[-81.47054,28.49706],[-81.47044,28.49703],[-81.46985,28.4968],[-81.46903,28.49646],[-81.46899,28.49645],[-81.46892,28.49642],[-81.46859,28.49633],[-81.4685,28.4963],[-81.46837,28.49626],[-81.46813,28.49617],[-81.46802,28.49613],[-81.46789,28.49608],[-81.46785,28.49607],[-81.46773,28.496],[-81.46768,28.49598],[-81.46762,28.49595],[-81.46753,28.4959],[-81.46746,28.49587],[-81.46735,28.49581],[-81.46732,28.4958],[-81.46726,28.49576],[-81.46716,28.49571],[-81.46689,28.49558],[-81.46666,28.49545],[-81.46636,28.49542],[-81.46619,28.49547],[-81.46599,28.49558],[-81.4659,28.49569],[-81.46582,28.49577],[-81.46564,28.4959],[-81.4656,28.49593],[-81.46556,28.49601],[-81.46556,28.49608],[-81.46545,28.49643],[-81.46537,28.49662],[-81.46532,28.49669],[-81.46526,28.49673],[-81.46523,28.49675],[-81.46513,28.49679],[-81.46505,28.49681],[-81.46498,28.49686],[-81.46485,28.49695],[-81.46477,28.49701],[-81.46473,28.49708],[-81.46466,28.49719],[-81.46463,28.49729],[-81.4646,28.49737],[-81.46452,28.49749],[-81.46449,28.49761],[-81.46448,28.49766],[-81.46447,28.49769],[-81.46445,28.49772],[-81.46439,28.49781],[-81.46424,28.49791],[-81.46421,28.49797],[-81.46418,28.49803],[-81.46418,28.49818],[-81.46415,28.49824],[-81.46413,28.49828],[-81.46409,28.49832],[-81.46406,28.49835],[-81.46399,28.49841],[-81.46395,28.49849],[-81.46394,28.4986],[-81.46389,28.49869],[-81.46384,28.49879],[-81.46374,28.49888],[-81.46367,28.49898],[-81.46361,28.49904],[-81.46361,28.49905],[-81.4636,28.49908],[-81.46359,28.49916],[-81.46352,28.49938],[-81.46351,28.49942],[-81.46349,28.49945],[-81.46345,28.49953],[-81.46344,28.49958],[-81.46344,28.49965],[-81.4634,28.49971],[-81.46339,28.49973],[-81.46336,28.49975],[-81.46327,28.49986],[-81.46326,28.49992],[-81.46325,28.49999],[-81.46325,28.50007],[-81.46323,28.50028],[-81.46322,28.50033],[-81.46318,28.50042],[-81.46316,28.50044],[-81.46315,28.50049],[-81.46314,28.50055],[-81.46302,28.50076],[-81.46297,28.50082],[-81.46292,28.50087],[-81.46285,28.50097],[-81.46278,28.50112],[-81.46278,28.50113],[-81.46277,28.50116],[-81.46275,28.5012],[-81.46278,28.50126],[-81.46281,28.5013],[-81.46289,28.50136],[-81.4629,28.5014],[-81.46289,28.50145],[-81.46287,28.50148],[-81.46283,28.50152],[-81.46274,28.50159],[-81.46267,28.50166],[-81.46264,28.50172],[-81.46263,28.50177],[-81.46262,28.50183],[-81.46264,28.50202],[-81.46262,28.50208],[-81.46258,28.50217],[-81.46252,28.50224],[-81.46246,28.50227],[-81.46236,28.50235],[-81.46234,28.50237],[-81.46229,28.50242],[-81.46224,28.50252],[-81.46221,28.50273],[-81.4622,28.50276],[-81.46219,28.5028],[-81.46218,28.50288],[-81.46213,28.50292],[-81.46215,28.50299],[-81.46215,28.50305],[-81.46217,28.50318],[-81.46218,28.50326],[-81.46209,28.50348],[-81.46208,28.50352],[-81.46207,28.5037],[-81.46201,28.50381],[-81.46198,28.50387],[-81.46198,28.50402],[-81.462,28.50408],[-81.46201,28.50412],[-81.46206,28.50421],[-81.46209,28.50428],[-81.46215,28.50447],[-81.46217,28.50456],[-81.4622,28.50462],[-81.46221,28.50467],[-81.45888,28.50468],[-81.45469,28.50471],[-81.45472,28.50121]],[[-81.46324,28.49326],[-81.46292,28.49304],[-81.46292,28.49357],[-81.46351,28.49348],[-81.46327,28.49342],[-81.46324,28.49326]]]}},{"type":"Feature","properties":{"name":"Kirkman North"},"geometry":{"type":"Polygon","coordinates":[[[-81.45775,28.53744],[-81.45775,28.537],[-81.45775,28.53682],[-81.45776,28.53666],[-81.45776,28.53652],[-81.45778,28.53635],[-81.45779,28.53619],[-81.45783,28.5359],[-81.45708,28.5359],[-81.45708,28.53504],[-81.45523,28.53505],[-81.45523,28.53582],[-81.45506,28.53582],[-81.45422,28.53582],[-81.45403,28.53583],[-81.45318,28.53583],[-81.45299,28.53583],[-81.45214,28.53583],[-81.45212,28.53501],[-81.45298,28.535],[-81.45296,28.53421],[-81.45315,28.53421],[-81.45401,28.5342],[-81.4542,28.5342],[-81.45504,28.53419],[-81.45522,28.53419],[-81.45521,28.53397],[-81.4548,28.53397],[-81.4548,28.52776],[-81.45479,28.52308],[-81.45495,28.52308],[-81.45469,28.50471],[-81.45888,28.50468],[-81.45928,28.52796],[-81.45931,28.53042],[-81.45931,28.53046],[-81.4593,28.53073],[-81.45925,28.53194],[-81.45922,28.53207],[-81.4592,28.53224],[-81.45902,28.53313],[-81.45928,28.53316],[-81.46113,28.53315],[-81.46115,28.53361],[-81.46068,28.53361],[-81.46069,28.53399],[-81.46116,28.53399],[-81.46127,28.53692],[-81.4608,28.53693],[-81.46082,28.53731],[-81.46077,28.53732],[-81.46077,28.53782],[-81.46049,28.53782],[-81.46049,28.53784],[-81.46029,28.53784],[-81.46028,28.53732],[-81.45938,28.53733],[-81.45923,28.53734],[-81.45923,28.53783],[-81.45775,28.53785],[-81.45775,28.53744]]]}},{"type":"Feature","properties":{"name":"ORLANDO INTERNATIONAL AIRPORT"},"geometry":{"type":"Polygon","coordinates":[[[-81.32787,28.3948],[-81.32763,28.39479],[-81.32763,28.39517],[-81.32702,28.3948],[-81.32703,28.39375],[-81.32848,28.39375],[-81.32843,28.39566],[-81.32838,28.39563],[-81.32786,28.39531],[-81.32787,28.3948]],[[-81.3262,28.3943],[-81.32618,28.39157],[-81.32613,28.38944],[-81.32821,28.38943],[-81.32829,28.39306],[-81.32829,28.39366],[-81.32694,28.39366],[-81.32693,28.39474],[-81.3262,28.3943]],[[-81.33063,28.45178],[-81.33062,28.45131],[-81.32651,28.45135],[-81.31433,28.45135],[-81.31095,28.45137],[-81.31072,28.45137],[-81.31046,28.45137],[-81.31037,28.45137],[-81.3093,28.45138],[-81.30755,28.45138],[-81.30645,28.45139],[-81.30351,28.4514],[-81.30037,28.45143],[-81.28927,28.45146],[-81.28927,28.45013],[-81.29076,28.45036],[-81.29075,28.44941],[-81.28858,28.44905],[-81.28425,28.44828],[-81.28392,28.44827],[-81.28285,28.44821],[-81.28278,28.44816],[-81.28237,28.44814],[-81.28227,28.44814],[-81.28226,28.44814],[-81.28209,28.44813],[-81.28194,28.44813],[-81.28184,28.44813],[-81.28162,28.44813],[-81.28138,28.44813],[-81.28104,28.44814],[-81.28073,28.44814],[-81.28059,28.44814],[-81.28027,28.44813],[-81.28,28.44813],[-81.27397,28.44813],[-81.26871,28.44813],[-81.26814,28.44813],[-81.26452,28.44756],[-81.2638,28.44745],[-81.26361,28.44746],[-81.26173,28.44448],[-81.25805,28.43892],[-81.25792,28.43865],[-81.25778,28.43836],[-81.25765,28.43801],[-81.25751,28.43765],[-81.25742,28.43734],[-81.25736,28.43708],[-81.25727,28.43676],[-81.25723,28.43651],[-81.25718,28.43629],[-81.25715,28.43597],[-81.25713,28.43566],[-81.25699,28.43287],[-81.25697,28.43226],[-81.2569,28.43103],[-81.25679,28.4304],[-81.25658,28.42977],[-81.2563,28.4292],[-81.26012,28.42921],[-81.26848,28.4292],[-81.26851,28.42322],[-81.26852,28.42202],[-81.26875,28.42202],[-81.26875,28.42229],[-81.26891,28.42229],[-81.26891,28.42202],[-81.27168,28.42202],[-81.27195,28.42202],[-81.27217,28.42201],[-81.27289,28.42201],[-81.27329,28.42201],[-81.27482,28.422],[-81.27482,28.42203],[-81.27673,28.42203],[-81.27673,28.42184],[-81.27672,28.41461],[-81.27661,28.40719],[-81.2813,28.40722],[-81.2813,28.407],[-81.28195,28.407],[-81.28244,28.40701],[-81.28242,28.40171],[-81.28242,28.40014],[-81.2824,28.39233],[-81.28238,28.38818],[-81.28237,28.38517],[-81.28237,28.38423],[-81.28235,28.37851],[-81.29101,28.37519],[-81.29165,28.37499],[-81.2923,28.37485],[-81.29297,28.37477],[-81.29365,28.37475],[-81.29432,28.3748],[-81.29498,28.37491],[-81.29563,28.37507],[-81.29625,28.3753],[-81.29626,28.37531],[-81.29721,28.3758],[-81.29792,28.37625],[-81.29804,28.37631],[-81.30532,28.38097],[-81.30686,28.38197],[-81.30944,28.38365],[-81.30944,28.38388],[-81.30947,28.38412],[-81.30953,28.38436],[-81.30961,28.38458],[-81.30972,28.3848],[-81.30975,28.38484],[-81.30976,28.38486],[-81.30975,28.38557],[-81.31058,28.38558],[-81.311,28.38578],[-81.31145,28.38595],[-81.31192,28.38607],[-81.31196,28.38608],[-81.31241,28.38614],[-81.31304,28.38619],[-81.31338,28.38621],[-81.31371,28.38627],[-81.31403,28.38636],[-81.31434,28.38648],[-81.31458,28.3866],[-81.31502,28.38684],[-81.31787,28.38885],[-81.31787,28.38892],[-81.32097,28.39112],[-81.32264,28.39238],[-81.32373,28.39307],[-81.3238,28.39307],[-81.3262,28.39453],[-81.3262,28.3945],[-81.32823,28.39574],[-81.32846,28.39587],[-81.32891,28.39607],[-81.33095,28.39666],[-81.33113,28.39671],[-81.33137,28.39679],[-81.33164,28.3969],[-81.33185,28.39702],[-81.33213,28.39721],[-81.33235,28.39739],[-81.33254,28.39759],[-81.33276,28.39789],[-81.33289,28.39813],[-81.333,28.39838],[-81.33307,28.39864],[-81.33331,28.40059],[-81.33334,28.40087],[-81.33342,28.40128],[-81.33351,28.40157],[-81.33364,28.4019],[-81.33371,28.40203],[-81.33377,28.40216],[-81.33523,28.40469],[-81.33533,28.40484],[-81.33543,28.40499],[-81.33557,28.40517],[-81.33565,28.40526],[-81.33572,28.40534],[-81.33583,28.40546],[-81.33598,28.4056],[-81.34267,28.41173],[-81.34303,28.41205],[-81.34343,28.41243],[-81.34355,28.41253],[-81.34362,28.42012],[-81.34103,28.42014],[-81.34031,28.41905],[-81.33771,28.41907],[-81.33776,28.4217],[-81.3378,28.42355],[-81.33787,28.42685],[-81.33787,28.42693],[-81.33797,28.43172],[-81.33797,28.43179],[-81.338,28.43351],[-81.33653,28.43489],[-81.33497,28.43409],[-81.33499,28.43631],[-81.335,28.43655],[-81.33501,28.43768],[-81.33501,28.43784],[-81.33503,28.44064],[-81.33695,28.44057],[-81.33694,28.43998],[-81.33739,28.44],[-81.33856,28.44051],[-81.33857,28.44143],[-81.33863,28.44143],[-81.33864,28.44194],[-81.33864,28.44266],[-81.33865,28.44347],[-81.33871,28.44347],[-81.33872,28.44502],[-81.33872,28.44544],[-81.33869,28.44544],[-81.3387,28.44735],[-81.33871,28.44824],[-81.33698,28.44824],[-81.33699,28.45004],[-81.33546,28.45025],[-81.335,28.45027],[-81.33503,28.45173],[-81.33474,28.45173],[-81.33379,28.45174],[-81.33063,28.45178]]]}},{"type":"Feature","properties":{"name":"Seaboard Industrial"},"geometry":{"type":"Polygon","coordinates":[[[-81.44119,28.58909],[-81.43112,28.58903],[-81.42688,28.589],[-81.4266,28.58901],[-81.42479,28.58902],[-81.42478,28.58797],[-81.42476,28.58621],[-81.42453,28.58621],[-81.42362,28.58621],[-81.42361,28.58547],[-81.42452,28.58547],[-81.42475,28.58546],[-81.42475,28.5853],[-81.42374,28.5853],[-81.42373,28.58475],[-81.42474,28.58475],[-81.42472,28.58309],[-81.4247,28.5818],[-81.42571,28.5818],[-81.42571,28.58174],[-81.42679,28.58174],[-81.43072,28.58172],[-81.43076,28.58171],[-81.43106,28.58171],[-81.43102,28.58003],[-81.43098,28.57874],[-81.4316,28.57874],[-81.43159,28.57813],[-81.43463,28.57812],[-81.44082,28.5781],[-81.44082,28.57802],[-81.44305,28.57801],[-81.44306,28.57816],[-81.44316,28.57816],[-81.44317,28.57994],[-81.44318,28.58028],[-81.44319,28.58178],[-81.44321,28.58268],[-81.44327,28.58404],[-81.44328,28.58538],[-81.44325,28.58748],[-81.44324,28.5891],[-81.44172,28.58909],[-81.44154,28.58909],[-81.44119,28.58909]]]}},{"type":"Feature","properties":{"name":"33rd St. Industrial"},"geometry":{"type":"Polygon","coordinates":[[[-81.42377,28.50703],[-81.42377,28.50723],[-81.42346,28.50723],[-81.42346,28.50742],[-81.42378,28.50742],[-81.42378,28.5078],[-81.42347,28.50781],[-81.42316,28.50781],[-81.42315,28.50743],[-81.42284,28.50743],[-81.42284,28.50704],[-81.42315,28.50704],[-81.42346,28.50704],[-81.42377,28.50703]],[[-81.42393,28.50703],[-81.42377,28.50703],[-81.42377,28.5069],[-81.42213,28.50691],[-81.42202,28.50705],[-81.42221,28.50705],[-81.42222,28.50744],[-81.42253,28.50744],[-81.42254,28.50782],[-81.42223,28.50782],[-81.4217,28.50783],[-81.4217,28.50789],[-81.42115,28.5079],[-81.42107,28.50797],[-81.42066,28.50835],[-81.42021,28.50801],[-81.41951,28.50748],[-81.4202,28.50717],[-81.42076,28.5068],[-81.42114,28.5065],[-81.42186,28.50577],[-81.42242,28.50521],[-81.42311,28.50444],[-81.42569,28.50148],[-81.42638,28.50146],[-81.4269,28.50146],[-81.42689,28.50147],[-81.4287,28.50144],[-81.4287,28.50144],[-81.44282,28.50125],[-81.44984,28.50123],[-81.45466,28.50121],[-81.45472,28.50121],[-81.45469,28.50471],[-81.44707,28.50476],[-81.44613,28.50476],[-81.44584,28.50478],[-81.44546,28.50483],[-81.44508,28.50491],[-81.44473,28.50503],[-81.44438,28.50518],[-81.44429,28.50523],[-81.44413,28.50531],[-81.44389,28.50546],[-81.44367,28.50563],[-81.44269,28.50646],[-81.44274,28.50996],[-81.44208,28.50997],[-81.43995,28.50998],[-81.43873,28.50999],[-81.43874,28.5103],[-81.43661,28.51031],[-81.43644,28.51032],[-81.43497,28.51032],[-81.43422,28.51033],[-81.43422,28.51051],[-81.42609,28.5106],[-81.42596,28.51058],[-81.42594,28.51001],[-81.42593,28.50878],[-81.42519,28.5088],[-81.42457,28.5088],[-81.42457,28.5087],[-81.42456,28.50832],[-81.42394,28.50833],[-81.42393,28.50742],[-81.42424,28.50741],[-81.42424,28.50703],[-81.42393,28.50703]],[[-81.42675,28.50574],[-81.42674,28.50568],[-81.42673,28.5056],[-81.42673,28.50546],[-81.42589,28.50547],[-81.42588,28.5052],[-81.42391,28.50522],[-81.42375,28.50522],[-81.42361,28.50522],[-81.42293,28.506],[-81.42392,28.50599],[-81.42589,28.50597],[-81.4259,28.50688],[-81.42636,28.50687],[-81.42699,28.50602],[-81.42699,28.50602],[-81.42697,28.50601],[-81.42689,28.50595],[-81.42685,28.50591],[-81.42679,28.50582],[-81.42675,28.50574]]]}},{"type":"Feature","properties":{"name":"Beltway Commerce Center"},"geometry":{"type":"Polygon","coordinates":[[[-81.2276,28.48459],[-81.2276,28.48234],[-81.22797,28.48267],[-81.22833,28.48307],[-81.22849,28.48328],[-81.22873,28.48364],[-81.22889,28.48394],[-81.22914,28.48458],[-81.2276,28.48459]],[[-81.23174,28.48822],[-81.23175,28.48457],[-81.22948,28.48458],[-81.22916,28.48375],[-81.22883,28.4832],[-81.22836,28.48263],[-81.2278,28.48211],[-81.2276,28.48196],[-81.22764,28.47365],[-81.22764,28.46223],[-81.23265,28.4622],[-81.234,28.46462],[-81.23491,28.46631],[-81.2359,28.46817],[-81.23643,28.46915],[-81.2368,28.46988],[-81.23702,28.47038],[-81.23731,28.47114],[-81.23748,28.47165],[-81.23763,28.47217],[-81.23717,28.47226],[-81.23751,28.47359],[-81.23751,28.47359],[-81.23758,28.47387],[-81.23796,28.47379],[-81.2381,28.47481],[-81.23811,28.47534],[-81.2381,28.47561],[-81.23802,28.47733],[-81.23994,28.47742],[-81.24011,28.47807],[-81.23805,28.47784],[-81.23875,28.47944],[-81.2394,28.48062],[-81.23871,28.48062],[-81.23921,28.48257],[-81.24014,28.48238],[-81.24023,28.48257],[-81.24132,28.48764],[-81.24185,28.48956],[-81.23137,28.4896],[-81.23085,28.48822],[-81.23174,28.48822]]]}},{"type":"Feature","properties":{"name":"Monterey"},"geometry":{"type":"Polygon","coordinates":[[[-81.31302,28.53952],[-81.31205,28.53951],[-81.31058,28.53953],[-81.31044,28.53952],[-81.31043,28.53921],[-81.31043,28.53913],[-81.31056,28.53903],[-81.31054,28.53766],[-81.31054,28.53718],[-81.31053,28.5364],[-81.31052,28.53547],[-81.31051,28.53507],[-81.3105,28.53365],[-81.31049,28.53317],[-81.31049,28.53166],[-81.31048,28.53035],[-81.31048,28.52973],[-81.31047,28.52942],[-81.31046,28.52763],[-81.31041,28.52495],[-81.31041,28.52356],[-81.31174,28.52403],[-81.31229,28.52425],[-81.31267,28.52436],[-81.31301,28.52439],[-81.31407,28.52439],[-81.31455,28.52439],[-81.31557,28.52438],[-81.31661,28.52438],[-81.31746,28.52437],[-81.31779,28.52436],[-81.31782,28.52619],[-81.31765,28.5262],[-81.31769,28.53031],[-81.31884,28.5303],[-81.31884,28.53038],[-81.31886,28.53167],[-81.31969,28.53167],[-81.32082,28.53166],[-81.32084,28.5334],[-81.32086,28.5353],[-81.32293,28.53528],[-81.32294,28.53617],[-81.32295,28.53779],[-81.32297,28.53955],[-81.32145,28.53975],[-81.32021,28.53983],[-81.3193,28.53988],[-81.31675,28.5398],[-81.31607,28.53974],[-81.31515,28.53967],[-81.31472,28.53963],[-81.31421,28.53958],[-81.31302,28.53952]]]}},{"type":"Feature","properties":{"name":"The Dovers"},"geometry":{"type":"Polygon","coordinates":[[[-81.32082,28.53166],[-81.32091,28.53166],[-81.32496,28.53164],[-81.32496,28.53199],[-81.32496,28.53203],[-81.32499,28.53281],[-81.32501,28.53395],[-81.32503,28.53569],[-81.32503,28.53584],[-81.32504,28.53656],[-81.32504,28.53754],[-81.32505,28.5388],[-81.32508,28.5392],[-81.32425,28.53933],[-81.32297,28.53955],[-81.32295,28.53779],[-81.32293,28.53529],[-81.32086,28.5353],[-81.32085,28.53404],[-81.32084,28.53305],[-81.32082,28.53166]]]}},{"type":"Feature","properties":{"name":"Orlando Executive Airport"},"geometry":{"type":"Polygon","coordinates":[[[-81.31281,28.55358],[-81.3128,28.5532],[-81.3128,28.55303],[-81.3128,28.55276],[-81.3128,28.55248],[-81.31278,28.55138],[-81.31278,28.55097],[-81.31277,28.55054],[-81.31277,28.55024],[-81.31277,28.54994],[-81.31483,28.54992],[-81.31509,28.54992],[-81.31535,28.54991],[-81.31561,28.54991],[-81.31587,28.54991],[-81.31613,28.54991],[-81.31639,28.5499],[-81.31655,28.5499],[-81.3169,28.5499],[-81.31722,28.5499],[-81.31745,28.5499],[-81.31769,28.54989],[-81.31792,28.54989],[-81.31815,28.54989],[-81.31839,28.54989],[-81.31858,28.54989],[-81.31881,28.54988],[-81.31897,28.54988],[-81.31895,28.54841],[-81.31893,28.54679],[-81.31893,28.54662],[-81.31892,28.54624],[-81.31889,28.54348],[-81.31888,28.5426],[-81.31479,28.54263],[-81.31472,28.53963],[-81.31515,28.53967],[-81.31607,28.53974],[-81.31675,28.5398],[-81.3193,28.53988],[-81.32021,28.53983],[-81.32145,28.53975],[-81.32297,28.53955],[-81.32425,28.53933],[-81.32508,28.5392],[-81.3281,28.53848],[-81.32929,28.53836],[-81.33119,28.53837],[-81.33135,28.53837],[-81.33237,28.53838],[-81.33272,28.53839],[-81.33505,28.53839],[-81.34022,28.53841],[-81.34086,28.5384],[-81.34173,28.5384],[-81.34271,28.53875],[-81.34267,28.53899],[-81.34269,28.53916],[-81.34267,28.53933],[-81.3426,28.53949],[-81.34254,28.53962],[-81.34252,28.53967],[-81.34361,28.53963],[-81.34362,28.54074],[-81.34367,28.5424],[-81.34368,28.5433],[-81.34372,28.54419],[-81.34373,28.54514],[-81.34383,28.54606],[-81.3456,28.54602],[-81.34561,28.54788],[-81.34564,28.54935],[-81.34563,28.54955],[-81.34558,28.54979],[-81.34552,28.54993],[-81.34545,28.55008],[-81.3454,28.55017],[-81.34535,28.55024],[-81.3453,28.55031],[-81.34497,28.55065],[-81.3449,28.55074],[-81.34482,28.55087],[-81.34476,28.55099],[-81.34472,28.55109],[-81.34469,28.55118],[-81.34464,28.55144],[-81.34375,28.55144],[-81.34368,28.55144],[-81.34369,28.55062],[-81.34197,28.55068],[-81.3399,28.55072],[-81.33966,28.55072],[-81.33951,28.55255],[-81.33831,28.55257],[-81.33829,28.55189],[-81.33828,28.55152],[-81.33806,28.55157],[-81.33744,28.5516],[-81.33656,28.55162],[-81.3355,28.55164],[-81.32052,28.55163],[-81.32052,28.55167],[-81.32051,28.55179],[-81.32051,28.5519],[-81.32051,28.55199],[-81.32051,28.55209],[-81.3205,28.55218],[-81.3205,28.55222],[-81.32048,28.55232],[-81.32046,28.55235],[-81.32043,28.55242],[-81.32035,28.55249],[-81.32031,28.55252],[-81.32026,28.55256],[-81.32023,28.55261],[-81.32019,28.55266],[-81.32014,28.55271],[-81.32011,28.55273],[-81.32002,28.55281],[-81.31991,28.55287],[-81.31987,28.5529],[-81.31981,28.55295],[-81.31979,28.55296],[-81.31974,28.553],[-81.31969,28.55303],[-81.31961,28.55308],[-81.31956,28.5531],[-81.31949,28.55313],[-81.31938,28.55316],[-81.31936,28.55317],[-81.31925,28.5532],[-81.31916,28.55322],[-81.319,28.55326],[-81.31896,28.55324],[-81.31893,28.55324],[-81.31882,28.55323],[-81.31875,28.55323],[-81.31869,28.55324],[-81.3185,28.55327],[-81.31847,28.55327],[-81.31845,28.55327],[-81.31829,28.5533],[-81.31824,28.5533],[-81.3182,28.5533],[-81.31818,28.55331],[-81.31816,28.55332],[-81.31814,28.55332],[-81.31812,28.55333],[-81.31806,28.55334],[-81.31804,28.55334],[-81.31802,28.55334],[-81.31799,28.55335],[-81.31795,28.55335],[-81.31793,28.55336],[-81.31784,28.55338],[-81.31782,28.55338],[-81.31776,28.55339],[-81.3177,28.5534],[-81.31762,28.55342],[-81.3175,28.55346],[-81.31747,28.55349],[-81.31743,28.55351],[-81.31741,28.55352],[-81.31739,28.55354],[-81.3173,28.55354],[-81.31691,28.55355],[-81.31672,28.55355],[-81.31656,28.55355],[-81.31645,28.55355],[-81.31636,28.55355],[-81.31621,28.55355],[-81.31598,28.55355],[-81.31567,28.55356],[-81.31544,28.55356],[-81.31524,28.55356],[-81.31504,28.55356],[-81.31488,28.55356],[-81.31281,28.55358]]]}},{"type":"Feature","properties":{"name":"Audubon Park"},"geometry":{"type":"Polygon","coordinates":[[[-81.34556,28.56863],[-81.34556,28.56849],[-81.34556,28.56835],[-81.34556,28.56822],[-81.34512,28.56822],[-81.34497,28.56823],[-81.34453,28.56823],[-81.34453,28.56809],[-81.34453,28.56797],[-81.3441,28.56798],[-81.3439,28.56798],[-81.34391,28.56799],[-81.34392,28.56801],[-81.34392,28.56802],[-81.34393,28.56859],[-81.34393,28.56861],[-81.34392,28.56863],[-81.34391,28.56864],[-81.34389,28.56866],[-81.34388,28.56866],[-81.34385,28.56867],[-81.3434,28.56867],[-81.34338,28.56798],[-81.34311,28.56798],[-81.34287,28.56798],[-81.34257,28.56798],[-81.34234,28.56798],[-81.34212,28.56798],[-81.3419,28.56798],[-81.34168,28.56798],[-81.34146,28.56798],[-81.34124,28.56798],[-81.34103,28.56798],[-81.34081,28.56798],[-81.34059,28.56798],[-81.34037,28.56798],[-81.34015,28.56798],[-81.33992,28.56799],[-81.33992,28.56788],[-81.33992,28.56787],[-81.33863,28.56788],[-81.33581,28.56787],[-81.33434,28.56791],[-81.33419,28.56792],[-81.33407,28.56794],[-81.33396,28.56796],[-81.33375,28.56802],[-81.33373,28.56626],[-81.33372,28.56594],[-81.33367,28.56456],[-81.3336,28.56335],[-81.33358,28.56214],[-81.33354,28.56101],[-81.33354,28.5609],[-81.33354,28.56088],[-81.33367,28.56102],[-81.3345,28.56102],[-81.33495,28.56102],[-81.33583,28.56102],[-81.33605,28.56102],[-81.34481,28.561],[-81.34482,28.56135],[-81.34732,28.56132],[-81.34804,28.56132],[-81.34803,28.56056],[-81.34887,28.56055],[-81.34899,28.56055],[-81.3493,28.56054],[-81.34963,28.56054],[-81.35004,28.56053],[-81.35009,28.56053],[-81.35008,28.55999],[-81.35008,28.55978],[-81.35008,28.55955],[-81.35017,28.55954],[-81.35016,28.55879],[-81.35016,28.55871],[-81.35212,28.55869],[-81.35212,28.55899],[-81.35212,28.55964],[-81.35185,28.56009],[-81.35177,28.56017],[-81.35172,28.56028],[-81.35169,28.56041],[-81.35166,28.56052],[-81.35166,28.56065],[-81.35167,28.56092],[-81.35168,28.56162],[-81.35168,28.5617],[-81.35171,28.56286],[-81.35172,28.56327],[-81.35172,28.56521],[-81.35176,28.56698],[-81.35177,28.56781],[-81.35176,28.5679],[-81.3514,28.5679],[-81.35094,28.56791],[-81.35021,28.56792],[-81.35008,28.56792],[-81.35009,28.5682],[-81.34973,28.56821],[-81.34939,28.56821],[-81.34923,28.56821],[-81.34923,28.56793],[-81.34905,28.56793],[-81.34888,28.56793],[-81.3487,28.56793],[-81.34854,28.56793],[-81.34855,28.56822],[-81.34816,28.56822],[-81.34815,28.56824],[-81.34797,28.56824],[-81.34797,28.56813],[-81.34795,28.56813],[-81.34776,28.56813],[-81.34776,28.56794],[-81.34757,28.56794],[-81.34734,28.56794],[-81.34711,28.56795],[-81.34695,28.56795],[-81.34679,28.56795],[-81.34659,28.56795],[-81.3466,28.56829],[-81.34665,28.56829],[-81.34665,28.56857],[-81.34665,28.56871],[-81.34619,28.56871],[-81.34619,28.56862],[-81.346,28.56862],[-81.346,28.5689],[-81.34601,28.56917],[-81.34557,28.56918],[-81.34557,28.56904],[-81.34557,28.5689],[-81.34557,28.56877],[-81.34556,28.56863]]]}},{"type":"Feature","properties":{"name":"Clear Lake"},"geometry":{"type":"Polygon","coordinates":[[[-81.40132,28.531],[-81.40125,28.5274],[-81.40446,28.52737],[-81.40446,28.52733],[-81.40398,28.52733],[-81.40397,28.52688],[-81.40414,28.52688],[-81.40413,28.52644],[-81.40462,28.52644],[-81.40624,28.52644],[-81.40624,28.52729],[-81.40942,28.52723],[-81.40937,28.5234],[-81.40956,28.52339],[-81.40953,28.52074],[-81.41789,28.52072],[-81.41789,28.52175],[-81.4179,28.52195],[-81.41791,28.52228],[-81.41791,28.52314],[-81.41793,28.52694],[-81.4179,28.52853],[-81.4179,28.52886],[-81.41791,28.53003],[-81.41792,28.53174],[-81.41421,28.53181],[-81.41366,28.53193],[-81.40539,28.53205],[-81.40538,28.53095],[-81.40139,28.53098],[-81.40132,28.531]]]}},{"type":"Feature","properties":{"name":"North Quarter"},"geometry":{"type":"Polygon","coordinates":[[[-81.38246,28.55304],[-81.38241,28.5534],[-81.38232,28.55379],[-81.38136,28.55716],[-81.38127,28.55768],[-81.38085,28.55911],[-81.38067,28.55966],[-81.38062,28.55983],[-81.38055,28.56009],[-81.38027,28.56044],[-81.37953,28.56137],[-81.37864,28.5625],[-81.3786,28.56227],[-81.37854,28.56209],[-81.37847,28.56189],[-81.37837,28.56166],[-81.37826,28.56147],[-81.37805,28.56124],[-81.37784,28.56103],[-81.37774,28.56093],[-81.37767,28.56086],[-81.3776,28.5608],[-81.37748,28.56074],[-81.37735,28.56065],[-81.37723,28.56059],[-81.37713,28.56052],[-81.37704,28.56041],[-81.377,28.56034],[-81.37697,28.56026],[-81.37695,28.56011],[-81.37696,28.55996],[-81.37697,28.55953],[-81.37696,28.55904],[-81.37618,28.55943],[-81.3756,28.55973],[-81.37534,28.55987],[-81.37513,28.55997],[-81.37453,28.56027],[-81.37424,28.56044],[-81.3742,28.56047],[-81.37393,28.56069],[-81.37369,28.5609],[-81.37368,28.56055],[-81.37368,28.56044],[-81.37371,28.55841],[-81.37372,28.55762],[-81.37375,28.55677],[-81.37376,28.55497],[-81.37373,28.55313],[-81.37519,28.55312],[-81.37692,28.55312],[-81.38246,28.55304]]]}},{"type":"Feature","properties":{"name":"Central Business District"},"geometry":{"type":"Polygon","coordinates":[[[-81.37692,28.55312],[-81.37692,28.55217],[-81.3769,28.55092],[-81.37688,28.54958],[-81.37688,28.54946],[-81.37687,28.54834],[-81.37686,28.54761],[-81.37602,28.54762],[-81.37601,28.54669],[-81.37601,28.54568],[-81.37377,28.54571],[-81.37393,28.54562],[-81.37411,28.54557],[-81.37417,28.54555],[-81.37423,28.54553],[-81.37436,28.54548],[-81.37441,28.54545],[-81.37455,28.54539],[-81.37461,28.54536],[-81.37464,28.54534],[-81.37485,28.54522],[-81.3749,28.54518],[-81.37504,28.54508],[-81.37507,28.54506],[-81.37519,28.54494],[-81.37521,28.54493],[-81.37533,28.54482],[-81.37599,28.54481],[-81.37598,28.54367],[-81.37597,28.54296],[-81.37491,28.5422],[-81.3729,28.54225],[-81.37285,28.53915],[-81.37263,28.53916],[-81.37262,28.53882],[-81.3726,28.53867],[-81.37255,28.53845],[-81.37325,28.53845],[-81.37312,28.5377],[-81.37307,28.53759],[-81.37297,28.53749],[-81.37282,28.53736],[-81.37269,28.53729],[-81.3725,28.53719],[-81.37231,28.53715],[-81.3721,28.53712],[-81.37309,28.53712],[-81.3736,28.53709],[-81.37392,28.53707],[-81.37585,28.53668],[-81.3774,28.53612],[-81.37819,28.53584],[-81.37839,28.53577],[-81.37866,28.53571],[-81.37901,28.53564],[-81.37971,28.53551],[-81.38033,28.53539],[-81.38104,28.53529],[-81.38133,28.53529],[-81.3826,28.53527],[-81.38329,28.53529],[-81.38317,28.53549],[-81.38311,28.53558],[-81.383,28.53576],[-81.3827,28.53726],[-81.38261,28.53778],[-81.3826,28.5378],[-81.38257,28.5381],[-81.38256,28.53837],[-81.38285,28.53837],[-81.38286,28.53929],[-81.38288,28.54019],[-81.38288,28.54059],[-81.3829,28.54204],[-81.3829,28.54385],[-81.38289,28.5457],[-81.3829,28.54609],[-81.38291,28.54661],[-81.38297,28.54748],[-81.38301,28.54855],[-81.38305,28.54939],[-81.38305,28.55091],[-81.38311,28.55302],[-81.38275,28.55303],[-81.38246,28.55304],[-81.37692,28.55312]]]}},{"type":"Feature","properties":{"name":"Millenia"},"geometry":{"type":"Polygon","coordinates":[[[-81.41802,28.49146],[-81.41801,28.49059],[-81.41783,28.4906],[-81.41782,28.48966],[-81.4171,28.48966],[-81.41684,28.48966],[-81.41679,28.48966],[-81.41676,28.48966],[-81.41672,28.48967],[-81.4167,28.48967],[-81.41669,28.48967],[-81.41668,28.48967],[-81.41666,28.48967],[-81.41665,28.48967],[-81.41663,28.48967],[-81.41661,28.48968],[-81.4166,28.48968],[-81.41658,28.48968],[-81.41657,28.48968],[-81.41655,28.48968],[-81.41654,28.48969],[-81.41652,28.48969],[-81.41651,28.48969],[-81.41649,28.48969],[-81.41646,28.4897],[-81.41645,28.4897],[-81.41644,28.4897],[-81.41642,28.48971],[-81.41642,28.48894],[-81.41473,28.48836],[-81.4146,28.48836],[-81.41459,28.4871],[-81.41533,28.48709],[-81.41533,28.48719],[-81.41636,28.48717],[-81.41652,28.48717],[-81.41708,28.48717],[-81.41784,28.48717],[-81.41956,28.48715],[-81.41956,28.48705],[-81.42161,28.48703],[-81.42573,28.48699],[-81.42572,28.48573],[-81.4257,28.48279],[-81.42569,28.47999],[-81.43207,28.47996],[-81.43194,28.47951],[-81.43239,28.4795],[-81.43806,28.47942],[-81.43805,28.47578],[-81.43932,28.47576],[-81.43929,28.47229],[-81.44012,28.47228],[-81.44013,28.4721],[-81.44227,28.4721],[-81.44226,28.47948],[-81.44229,28.48298],[-81.44231,28.48461],[-81.44104,28.48558],[-81.43847,28.48768],[-81.43779,28.48828],[-81.43722,28.48882],[-81.43676,28.4893],[-81.43266,28.49413],[-81.43261,28.49419],[-81.42638,28.50146],[-81.42569,28.50148],[-81.42311,28.50444],[-81.42175,28.50446],[-81.42174,28.50297],[-81.42174,28.50158],[-81.42174,28.50152],[-81.42172,28.50005],[-81.42169,28.49796],[-81.42169,28.49773],[-81.41788,28.49776],[-81.41787,28.49791],[-81.41769,28.49791],[-81.41769,28.49777],[-81.41779,28.49678],[-81.41781,28.49582],[-81.41777,28.49425],[-81.41803,28.49425],[-81.41803,28.49408],[-81.41802,28.49146]],[[-81.42575,28.49059],[-81.42781,28.49057],[-81.42779,28.48875],[-81.42677,28.48876],[-81.42675,28.48701],[-81.42573,28.48701],[-81.42575,28.49059]]]}},{"type":"Feature","properties":{"name":"Storey Park"},"geometry":{"type":"Polygon","coordinates":[[[-81.21513,28.41619],[-81.21517,28.41469],[-81.21775,28.4147],[-81.21513,28.41619]],[[-81.22651,28.41942],[-81.22663,28.41919],[-81.22671,28.41919],[-81.22685,28.42053],[-81.22703,28.42192],[-81.22693,28.42236],[-81.22646,28.42196],[-81.22636,28.42185],[-81.22625,28.42173],[-81.22587,28.42155],[-81.22554,28.42138],[-81.22534,28.42128],[-81.22519,28.4211],[-81.2252,28.42096],[-81.2253,28.42071],[-81.22542,28.42042],[-81.2258,28.42021],[-81.226,28.4201],[-81.2263,28.41982],[-81.22651,28.41942]],[[-81.22677,28.44409],[-81.21458,28.43823],[-81.21202,28.43701],[-81.21105,28.43654],[-81.20772,28.43505],[-81.20557,28.43409],[-81.20222,28.4326],[-81.20072,28.43194],[-81.20063,28.42555],[-81.20474,28.42556],[-81.20469,28.42189],[-81.20674,28.4219],[-81.21011,28.42191],[-81.21044,28.42181],[-81.21077,28.42164],[-81.21104,28.42141],[-81.21116,28.42128],[-81.21126,28.42114],[-81.21143,28.4208],[-81.21193,28.41971],[-81.21241,28.41859],[-81.2193,28.41467],[-81.2192,28.41824],[-81.21751,28.41824],[-81.22014,28.42155],[-81.22193,28.42155],[-81.22204,28.42142],[-81.22222,28.4213],[-81.22261,28.42117],[-81.22286,28.42112],[-81.22312,28.42111],[-81.22348,28.42115],[-81.22391,28.42127],[-81.22416,28.4214],[-81.22441,28.42159],[-81.22452,28.42175],[-81.22459,28.42192],[-81.22494,28.42262],[-81.22687,28.42262],[-81.22663,28.42362],[-81.2254,28.42606],[-81.22546,28.42809],[-81.22764,28.42805],[-81.22778,28.42805],[-81.22809,28.43011],[-81.22849,28.43323],[-81.22899,28.43706],[-81.228,28.43716],[-81.22858,28.43858],[-81.22853,28.43859],[-81.22883,28.43932],[-81.22927,28.43927],[-81.22945,28.44098],[-81.22953,28.4422],[-81.22957,28.44281],[-81.22866,28.44286],[-81.22876,28.44412],[-81.22902,28.44444],[-81.22906,28.44494],[-81.22953,28.44514],[-81.22949,28.44531],[-81.2294,28.44527],[-81.22819,28.44474],[-81.22677,28.44409]],[[-81.21049,28.43504],[-81.21023,28.43448],[-81.20988,28.4346],[-81.20992,28.43483],[-81.21014,28.43516],[-81.21014,28.43516],[-81.21049,28.43504]]]}},{"type":"Feature","properties":{"name":"Mercy Drive"},"geometry":{"type":"Polygon","coordinates":[[[-81.42646,28.56619],[-81.42645,28.56528],[-81.42643,28.56347],[-81.42642,28.56256],[-81.4264,28.56075],[-81.42639,28.55992],[-81.42702,28.55992],[-81.42845,28.55991],[-81.42845,28.55975],[-81.4283,28.55975],[-81.42639,28.55976],[-81.42532,28.55978],[-81.42529,28.55768],[-81.42636,28.55766],[-81.42634,28.55626],[-81.42641,28.55626],[-81.42697,28.55626],[-81.42981,28.55623],[-81.42983,28.55623],[-81.43006,28.55623],[-81.43029,28.55623],[-81.43036,28.55623],[-81.43054,28.55623],[-81.43065,28.55623],[-81.43148,28.55622],[-81.43366,28.5562],[-81.43526,28.55619],[-81.43663,28.55618],[-81.43665,28.55743],[-81.43668,28.55978],[-81.43812,28.55977],[-81.43817,28.56338],[-81.43821,28.56698],[-81.43676,28.56699],[-81.43683,28.56942],[-81.43685,28.57023],[-81.43631,28.57077],[-81.4357,28.57138],[-81.43533,28.57175],[-81.43522,28.57186],[-81.43513,28.57195],[-81.43507,28.57203],[-81.43503,28.57211],[-81.43499,28.57218],[-81.43496,28.57225],[-81.43493,28.57233],[-81.43491,28.57242],[-81.43489,28.57251],[-81.43489,28.57256],[-81.43488,28.57258],[-81.43488,28.5726],[-81.43488,28.57262],[-81.43488,28.57267],[-81.43491,28.57437],[-81.4346,28.57437],[-81.43461,28.57466],[-81.43461,28.57469],[-81.43461,28.57471],[-81.4346,28.57473],[-81.4346,28.57475],[-81.43459,28.57477],[-81.43458,28.57479],[-81.43457,28.57481],[-81.43456,28.57483],[-81.43455,28.57484],[-81.43454,28.57485],[-81.43453,28.57487],[-81.43451,28.57489],[-81.43449,28.57492],[-81.43447,28.57494],[-81.43445,28.57498],[-81.43443,28.57502],[-81.4344,28.57505],[-81.43438,28.5751],[-81.43436,28.57514],[-81.43434,28.57518],[-81.43431,28.57527],[-81.43429,28.57535],[-81.43428,28.57543],[-81.43427,28.5755],[-81.43426,28.57555],[-81.43427,28.57667],[-81.43421,28.57672],[-81.4342,28.57675],[-81.43419,28.57678],[-81.43417,28.57681],[-81.43415,28.57683],[-81.43413,28.57686],[-81.4341,28.57691],[-81.43409,28.57694],[-81.43407,28.57699],[-81.43406,28.57703],[-81.43405,28.57708],[-81.43405,28.57713],[-81.43406,28.57718],[-81.43407,28.57722],[-81.43413,28.57748],[-81.43418,28.57787],[-81.43418,28.57799],[-81.43192,28.578],[-81.43192,28.57788],[-81.43182,28.57439],[-81.43278,28.57438],[-81.43343,28.57438],[-81.4338,28.57438],[-81.4338,28.57425],[-81.43343,28.57425],[-81.43342,28.57419],[-81.43341,28.57407],[-81.4334,28.57395],[-81.43338,28.57383],[-81.43336,28.57372],[-81.43333,28.5736],[-81.43329,28.57348],[-81.43326,28.57336],[-81.43324,28.57331],[-81.43321,28.57325],[-81.43314,28.57308],[-81.43312,28.57303],[-81.43309,28.57297],[-81.43303,28.57286],[-81.43297,28.57275],[-81.4329,28.57265],[-81.43287,28.5726],[-81.43283,28.57255],[-81.43193,28.57255],[-81.43078,28.57256],[-81.43075,28.57072],[-81.4304,28.57072],[-81.4304,28.57088],[-81.43034,28.57092],[-81.43025,28.57089],[-81.43013,28.57086],[-81.43002,28.57084],[-81.42987,28.57081],[-81.42967,28.57077],[-81.42942,28.57073],[-81.42858,28.57073],[-81.42858,28.57067],[-81.42665,28.57039],[-81.42663,28.57037],[-81.42663,28.57007],[-81.4266,28.57007],[-81.42658,28.56968],[-81.42657,28.56952],[-81.42654,28.56911],[-81.42855,28.56909],[-81.42855,28.56891],[-81.42852,28.56721],[-81.42955,28.5672],[-81.43049,28.56718],[-81.43048,28.56614],[-81.42949,28.56616],[-81.4295,28.56698],[-81.42901,28.56698],[-81.42698,28.56701],[-81.42697,28.56618],[-81.42646,28.56619]]]}},{"type":"Feature","properties":{"name":"East Park"},"geometry":{"type":"Polygon","coordinates":[[[-81.22529,28.41727],[-81.22521,28.41718],[-81.22512,28.41689],[-81.22505,28.41663],[-81.22484,28.41656],[-81.22481,28.41639],[-81.22463,28.41609],[-81.22464,28.4147],[-81.22724,28.41471],[-81.22717,28.41498],[-81.2271,28.41526],[-81.22704,28.41553],[-81.22698,28.41581],[-81.22693,28.41609],[-81.22688,28.41637],[-81.22684,28.41665],[-81.22681,28.41693],[-81.22677,28.4173],[-81.22585,28.41723],[-81.22578,28.41846],[-81.22556,28.41845],[-81.22558,28.41829],[-81.22544,28.41795],[-81.22538,28.41765],[-81.22538,28.41729],[-81.22529,28.41727]],[[-81.23213,28.42778],[-81.2315,28.42775],[-81.22878,28.4278],[-81.2286,28.42646],[-81.22846,28.42567],[-81.22797,28.42191],[-81.2277,28.4197],[-81.22767,28.41919],[-81.22768,28.41793],[-81.22772,28.41716],[-81.22779,28.41655],[-81.22789,28.41602],[-81.22797,28.4156],[-81.22806,28.41525],[-81.22822,28.41471],[-81.24294,28.41473],[-81.24295,28.41561],[-81.24298,28.41599],[-81.24305,28.41631],[-81.24312,28.41667],[-81.24322,28.41702],[-81.24333,28.41734],[-81.24347,28.41771],[-81.24363,28.41806],[-81.24381,28.41839],[-81.24377,28.42186],[-81.24407,28.43305],[-81.24407,28.43324],[-81.24374,28.43304],[-81.24247,28.43226],[-81.2384,28.42971],[-81.23771,28.42937],[-81.2373,28.42921],[-81.23693,28.42907],[-81.23317,28.428],[-81.23254,28.42785],[-81.23213,28.42778]]]}},{"type":"Feature","properties":{"name":"New Malibu"},"geometry":{"type":"Polygon","coordinates":[[[-81.43939,28.52783],[-81.43941,28.52782],[-81.44055,28.52782],[-81.44177,28.52783],[-81.44246,28.52782],[-81.44247,28.52801],[-81.44252,28.52945],[-81.44255,28.53053],[-81.44254,28.53097],[-81.44253,28.53201],[-81.44249,28.53431],[-81.44069,28.53433],[-81.4407,28.5324],[-81.43942,28.53239],[-81.43943,28.53066],[-81.43939,28.52783]]]}},{"type":"Feature","properties":{"name":"Hibiscus"},"geometry":{"type":"Polygon","coordinates":[[[-81.31051,28.5463],[-81.31051,28.54691],[-81.31004,28.54691],[-81.31005,28.54722],[-81.31052,28.54722],[-81.31052,28.54747],[-81.31052,28.54774],[-81.31053,28.54803],[-81.31045,28.54804],[-81.30978,28.54804],[-81.30966,28.54804],[-81.30965,28.54815],[-81.30965,28.54821],[-81.30965,28.54838],[-81.30965,28.54849],[-81.30965,28.54852],[-81.30965,28.54864],[-81.30966,28.54877],[-81.30966,28.54889],[-81.30966,28.54904],[-81.30933,28.54905],[-81.30924,28.54905],[-81.3091,28.54905],[-81.30903,28.54905],[-81.30903,28.54918],[-81.30904,28.5493],[-81.30904,28.54943],[-81.30904,28.54955],[-81.30904,28.54968],[-81.30904,28.5498],[-81.30904,28.54997],[-81.30885,28.54997],[-81.30863,28.54997],[-81.30864,28.55029],[-81.30864,28.55046],[-81.30864,28.55073],[-81.30864,28.55098],[-81.30865,28.55127],[-81.30865,28.55146],[-81.30865,28.55156],[-81.30865,28.55165],[-81.30865,28.55184],[-81.30865,28.55204],[-81.30866,28.55223],[-81.30866,28.55252],[-81.30866,28.55277],[-81.30889,28.55276],[-81.30907,28.55299],[-81.30906,28.553],[-81.30904,28.55301],[-81.309,28.55302],[-81.30898,28.55303],[-81.30894,28.55304],[-81.30891,28.55304],[-81.30888,28.55304],[-81.30888,28.55353],[-81.30867,28.55354],[-81.3066,28.55355],[-81.3066,28.5535],[-81.3066,28.55328],[-81.3066,28.55309],[-81.30659,28.55288],[-81.30659,28.55266],[-81.30659,28.55244],[-81.30659,28.55222],[-81.30659,28.55202],[-81.30658,28.55177],[-81.30658,28.55162],[-81.30658,28.55144],[-81.30658,28.55125],[-81.30658,28.55115],[-81.30658,28.55104],[-81.30658,28.55094],[-81.30658,28.55083],[-81.30657,28.55073],[-81.30657,28.55062],[-81.30657,28.55051],[-81.30657,28.55035],[-81.30657,28.55015],[-81.30657,28.54998],[-81.30708,28.54998],[-81.3076,28.54998],[-81.30808,28.54997],[-81.30816,28.54997],[-81.30816,28.54981],[-81.30816,28.54971],[-81.30816,28.54957],[-81.30816,28.54944],[-81.30816,28.54932],[-81.30815,28.5492],[-81.30815,28.54907],[-81.30815,28.54906],[-81.30815,28.54903],[-81.30815,28.54895],[-81.30815,28.54883],[-81.30815,28.54881],[-81.30815,28.5487],[-81.30815,28.54863],[-81.30815,28.54858],[-81.30815,28.54851],[-81.30815,28.54846],[-81.30815,28.54822],[-81.30814,28.54817],[-81.30786,28.54817],[-81.30758,28.54817],[-81.30758,28.54822],[-81.30759,28.54833],[-81.30759,28.54836],[-81.30759,28.5485],[-81.30759,28.54851],[-81.30759,28.54864],[-81.30759,28.54869],[-81.30759,28.54877],[-81.30759,28.54888],[-81.30759,28.54891],[-81.30759,28.54905],[-81.30759,28.5491],[-81.30784,28.5491],[-81.30787,28.5491],[-81.30787,28.54906],[-81.30808,28.54906],[-81.30808,28.54945],[-81.30808,28.54981],[-81.30788,28.54981],[-81.3076,28.54981],[-81.30744,28.54981],[-81.30729,28.54981],[-81.30713,28.54981],[-81.30708,28.54981],[-81.30697,28.54982],[-81.30657,28.54982],[-81.30553,28.54983],[-81.30553,28.54899],[-81.30552,28.54818],[-81.30655,28.54818],[-81.30655,28.54807],[-81.30655,28.54804],[-81.30653,28.54633],[-81.3067,28.54633],[-81.30715,28.54633],[-81.30719,28.54633],[-81.30746,28.54633],[-81.30758,28.54632],[-81.30771,28.54632],[-81.30783,28.54632],[-81.30796,28.54632],[-81.30808,28.54632],[-81.30835,28.54632],[-81.30835,28.54593],[-81.30844,28.54593],[-81.30844,28.54632],[-81.3086,28.54632],[-81.30884,28.54632],[-81.30884,28.54593],[-81.30972,28.54592],[-81.30977,28.54592],[-81.30996,28.54592],[-81.30996,28.54631],[-81.31051,28.5463]]]}},{"type":"Feature","properties":{"name":"Ventura"},"geometry":{"type":"Polygon","coordinates":[[[-81.28548,28.506],[-81.28548,28.50567],[-81.28551,28.50582],[-81.28554,28.50592],[-81.28558,28.5061],[-81.28562,28.50623],[-81.28565,28.50632],[-81.28548,28.50632],[-81.28548,28.50609],[-81.28548,28.506]],[[-81.29071,28.50994],[-81.29066,28.50976],[-81.29058,28.5095],[-81.29053,28.50932],[-81.29039,28.50888],[-81.29026,28.50844],[-81.29012,28.50801],[-81.29002,28.50768],[-81.28973,28.50671],[-81.2896,28.5063],[-81.28895,28.5063],[-81.2884,28.50631],[-81.28758,28.50631],[-81.2869,28.50631],[-81.28607,28.50632],[-81.28597,28.50632],[-81.28595,28.50626],[-81.28593,28.50617],[-81.28592,28.50614],[-81.28585,28.50592],[-81.2858,28.5057],[-81.28575,28.50547],[-81.28574,28.50541],[-81.28582,28.50541],[-81.28611,28.50541],[-81.28618,28.50504],[-81.28568,28.50504],[-81.28567,28.50496],[-81.28619,28.50496],[-81.2869,28.50495],[-81.28703,28.50495],[-81.28775,28.50495],[-81.28959,28.50494],[-81.28958,28.50266],[-81.29375,28.50264],[-81.29628,28.50263],[-81.2963,28.49914],[-81.2963,28.49912],[-81.2963,28.49906],[-81.29724,28.49905],[-81.29735,28.49905],[-81.29889,28.49904],[-81.29888,28.4991],[-81.2994,28.4991],[-81.2994,28.49903],[-81.30506,28.499],[-81.30508,28.5026],[-81.302,28.50262],[-81.302,28.50346],[-81.30202,28.50623],[-81.30204,28.50989],[-81.30432,28.50988],[-81.30502,28.51068],[-81.30364,28.51179],[-81.30206,28.51264],[-81.30207,28.51403],[-81.30209,28.51535],[-81.3021,28.51689],[-81.3021,28.51727],[-81.30211,28.51819],[-81.30211,28.51936],[-81.30212,28.52053],[-81.302,28.52047],[-81.30102,28.52011],[-81.30049,28.51992],[-81.298,28.51902],[-81.29796,28.519],[-81.29796,28.51879],[-81.29503,28.5177],[-81.29505,28.51766],[-81.29491,28.5176],[-81.29489,28.51765],[-81.29406,28.51734],[-81.29406,28.51749],[-81.29381,28.5174],[-81.29377,28.51371],[-81.29304,28.51328],[-81.2925,28.51284],[-81.29196,28.5124],[-81.29196,28.51196],[-81.29195,28.51152],[-81.29195,28.51108],[-81.29195,28.51064],[-81.2908,28.5102],[-81.29071,28.50994]]]}},{"type":"Feature","properties":{"name":"Engelwood Park"},"geometry":{"type":"Polygon","coordinates":[[[-81.29197,28.53803],[-81.29197,28.53788],[-81.29111,28.53789],[-81.2911,28.53734],[-81.29108,28.53556],[-81.29104,28.53299],[-81.28953,28.53301],[-81.28876,28.53184],[-81.28859,28.53184],[-81.28847,28.53167],[-81.28845,28.5315],[-81.28841,28.5313],[-81.28838,28.5311],[-81.28835,28.53089],[-81.2883,28.53064],[-81.28827,28.53043],[-81.28823,28.53023],[-81.2882,28.53003],[-81.28816,28.52982],[-81.28815,28.52975],[-81.28814,28.52974],[-81.28814,28.52973],[-81.28814,28.52972],[-81.28814,28.52971],[-81.28814,28.5297],[-81.28814,28.52969],[-81.28814,28.52968],[-81.28814,28.52966],[-81.28813,28.52965],[-81.28813,28.52964],[-81.28813,28.52963],[-81.28813,28.52962],[-81.28813,28.52961],[-81.28813,28.5296],[-81.28813,28.52959],[-81.28813,28.52958],[-81.28813,28.52957],[-81.28813,28.52956],[-81.28813,28.52955],[-81.28813,28.52954],[-81.28813,28.52953],[-81.28813,28.52952],[-81.28813,28.52951],[-81.28813,28.5295],[-81.28813,28.52948],[-81.28814,28.52947],[-81.28814,28.52947],[-81.28814,28.52946],[-81.28814,28.52945],[-81.28814,28.52944],[-81.28814,28.52943],[-81.28814,28.52942],[-81.28814,28.52941],[-81.28815,28.5294],[-81.28815,28.52939],[-81.28815,28.52937],[-81.28815,28.52936],[-81.28816,28.52935],[-81.28816,28.52934],[-81.28816,28.52933],[-81.28816,28.52932],[-81.28817,28.52931],[-81.28817,28.5293],[-81.28817,28.52929],[-81.28817,28.52928],[-81.28818,28.52927],[-81.28818,28.52926],[-81.28818,28.52925],[-81.28819,28.52924],[-81.28819,28.52923],[-81.28819,28.52922],[-81.2882,28.52921],[-81.2882,28.5292],[-81.28821,28.52919],[-81.28821,28.52918],[-81.28821,28.52917],[-81.28822,28.52916],[-81.28822,28.52914],[-81.28823,28.52913],[-81.28823,28.52912],[-81.28824,28.52911],[-81.28824,28.52911],[-81.28825,28.5291],[-81.28825,28.52909],[-81.28826,28.52908],[-81.28826,28.52907],[-81.28826,28.52906],[-81.28827,28.52905],[-81.28828,28.52904],[-81.28828,28.52903],[-81.28829,28.52902],[-81.28829,28.52902],[-81.2883,28.52901],[-81.2883,28.529],[-81.28831,28.52899],[-81.28831,28.52898],[-81.28832,28.52897],[-81.28832,28.52897],[-81.28833,28.52896],[-81.28834,28.52895],[-81.28834,28.52894],[-81.28835,28.52893],[-81.28836,28.52892],[-81.28836,28.52891],[-81.28837,28.52891],[-81.28838,28.5289],[-81.28838,28.52889],[-81.28839,28.52888],[-81.2884,28.52887],[-81.28841,28.52886],[-81.28841,28.52885],[-81.28842,28.52885],[-81.28843,28.52884],[-81.28844,28.52883],[-81.28844,28.52882],[-81.28845,28.52881],[-81.28846,28.52881],[-81.28847,28.5288],[-81.28847,28.52879],[-81.28848,28.52878],[-81.28849,28.52877],[-81.2885,28.52877],[-81.28851,28.52876],[-81.28852,28.52875],[-81.28853,28.52874],[-81.28853,28.52874],[-81.28854,28.52873],[-81.28855,28.52872],[-81.28856,28.52872],[-81.28857,28.52871],[-81.28858,28.5287],[-81.28859,28.52869],[-81.2886,28.52869],[-81.28861,28.52868],[-81.28862,28.52867],[-81.28862,28.52867],[-81.28864,28.52866],[-81.28865,28.52865],[-81.28865,28.52865],[-81.28866,28.52864],[-81.28867,28.52863],[-81.28868,28.52863],[-81.28869,28.52862],[-81.2887,28.52862],[-81.28871,28.52861],[-81.28872,28.52861],[-81.28873,28.5286],[-81.28874,28.52859],[-81.28875,28.52859],[-81.28877,28.52858],[-81.28877,28.52858],[-81.28879,28.52857],[-81.28884,28.52854],[-81.28885,28.52854],[-81.28886,28.52853],[-81.28887,28.52853],[-81.28888,28.52852],[-81.28889,28.52852],[-81.2889,28.52851],[-81.28891,28.5285],[-81.28892,28.5285],[-81.28893,28.52849],[-81.28894,28.52848],[-81.28895,28.52847],[-81.28896,28.52847],[-81.28897,28.52846],[-81.28897,28.52845],[-81.28898,28.52845],[-81.28899,28.52844],[-81.289,28.52843],[-81.28901,28.52843],[-81.28901,28.52842],[-81.28902,28.52841],[-81.28903,28.52841],[-81.28903,28.5284],[-81.28904,28.52839],[-81.28905,28.52838],[-81.28906,28.52838],[-81.28906,28.52837],[-81.28907,28.52836],[-81.28907,28.52835],[-81.28908,28.52834],[-81.28909,28.52833],[-81.2891,28.52832],[-81.2891,28.52832],[-81.28911,28.52831],[-81.28911,28.5283],[-81.28912,28.52829],[-81.28913,28.52828],[-81.28913,28.52827],[-81.28914,28.52826],[-81.28914,28.52825],[-81.28915,28.52824],[-81.28915,28.52823],[-81.28916,28.52822],[-81.28916,28.52821],[-81.28916,28.5282],[-81.28917,28.52819],[-81.28917,28.52818],[-81.28917,28.52817],[-81.28918,28.52816],[-81.28918,28.52816],[-81.28918,28.52815],[-81.28919,28.52814],[-81.28919,28.52813],[-81.28919,28.52812],[-81.28919,28.52811],[-81.28919,28.5281],[-81.2892,28.52809],[-81.2892,28.52808],[-81.2892,28.52807],[-81.2892,28.52806],[-81.2892,28.52805],[-81.2892,28.52804],[-81.2892,28.52803],[-81.28921,28.52802],[-81.28921,28.52801],[-81.28921,28.528],[-81.28921,28.52799],[-81.28921,28.52798],[-81.28921,28.52797],[-81.28921,28.52796],[-81.28921,28.52794],[-81.28921,28.52793],[-81.2892,28.52792],[-81.2892,28.52791],[-81.2892,28.5279],[-81.2892,28.52789],[-81.2892,28.52788],[-81.2892,28.52787],[-81.28919,28.52786],[-81.28919,28.52785],[-81.28919,28.52784],[-81.28919,28.52783],[-81.28918,28.52782],[-81.28918,28.52781],[-81.28918,28.5278],[-81.28917,28.52779],[-81.28917,28.52778],[-81.28917,28.52777],[-81.28916,28.52776],[-81.28916,28.52775],[-81.28916,28.52774],[-81.28915,28.52773],[-81.28914,28.52772],[-81.28914,28.52771],[-81.28913,28.5277],[-81.28913,28.52769],[-81.28913,28.52768],[-81.28912,28.52768],[-81.28912,28.52767],[-81.28911,28.52766],[-81.28911,28.52765],[-81.2891,28.52764],[-81.28909,28.52763],[-81.28909,28.52763],[-81.28908,28.52761],[-81.28907,28.52761],[-81.28907,28.5276],[-81.28906,28.52759],[-81.28905,28.52758],[-81.28905,28.52758],[-81.28904,28.52757],[-81.28903,28.52756],[-81.28903,28.52756],[-81.28883,28.52736],[-81.28881,28.52734],[-81.28921,28.52703],[-81.28941,28.52698],[-81.28965,28.5268],[-81.28983,28.52666],[-81.29,28.52658],[-81.29022,28.52656],[-81.2904,28.52647],[-81.29078,28.52647],[-81.29078,28.52663],[-81.29133,28.52838],[-81.29206,28.5295],[-81.29238,28.52933],[-81.29259,28.52932],[-81.29391,28.52864],[-81.29415,28.52864],[-81.29414,28.52855],[-81.29414,28.52804],[-81.29414,28.52791],[-81.29414,28.52778],[-81.29413,28.52727],[-81.29413,28.52714],[-81.29412,28.52636],[-81.29618,28.52635],[-81.29617,28.52482],[-81.29616,28.52453],[-81.29718,28.52453],[-81.29801,28.52452],[-81.29798,28.52183],[-81.29797,28.52062],[-81.29796,28.5191],[-81.29787,28.51907],[-81.29787,28.5191],[-81.29718,28.51885],[-81.2972,28.51882],[-81.2967,28.51863],[-81.29665,28.51873],[-81.29768,28.51911],[-81.29768,28.51946],[-81.29784,28.51946],[-81.29787,28.52263],[-81.29526,28.52266],[-81.29526,28.52235],[-81.29422,28.52236],[-81.29421,28.52215],[-81.29409,28.52215],[-81.29405,28.51765],[-81.29406,28.51734],[-81.29489,28.51765],[-81.29491,28.5176],[-81.29505,28.51766],[-81.29503,28.5177],[-81.29796,28.51879],[-81.29796,28.519],[-81.298,28.51902],[-81.30049,28.51992],[-81.30102,28.52011],[-81.302,28.52047],[-81.30212,28.52053],[-81.30223,28.5206],[-81.30325,28.52097],[-81.30346,28.52104],[-81.30479,28.5215],[-81.30489,28.52154],[-81.30501,28.52159],[-81.30624,28.52205],[-81.30786,28.52266],[-81.30833,28.52282],[-81.30836,28.52283],[-81.30887,28.52301],[-81.31041,28.52356],[-81.31041,28.52495],[-81.31046,28.52763],[-81.31047,28.52942],[-81.31048,28.52973],[-81.31048,28.53035],[-81.31049,28.53166],[-81.31049,28.53317],[-81.3105,28.53365],[-81.31051,28.53507],[-81.31052,28.53547],[-81.31053,28.5364],[-81.31054,28.53718],[-81.31054,28.53766],[-81.31056,28.53903],[-81.31043,28.53913],[-81.31043,28.53921],[-81.29198,28.53931],[-81.29198,28.53899],[-81.29197,28.53803]]]}},{"type":"Feature","properties":{"name":"Haralson Estates"},"geometry":{"type":"Polygon","coordinates":[[[-81.41832,28.55173],[-81.4181,28.55173],[-81.41792,28.55173],[-81.41792,28.55054],[-81.41712,28.55056],[-81.41711,28.55063],[-81.41706,28.55113],[-81.41706,28.55115],[-81.41706,28.5512],[-81.41702,28.55123],[-81.41658,28.55127],[-81.41658,28.55131],[-81.41595,28.55131],[-81.41595,28.55057],[-81.41398,28.55057],[-81.41396,28.54733],[-81.41395,28.54551],[-81.41389,28.54551],[-81.41388,28.54423],[-81.4139,28.54423],[-81.41393,28.54399],[-81.41394,28.54365],[-81.41394,28.54363],[-81.41395,28.54362],[-81.41396,28.5436],[-81.41397,28.54358],[-81.41398,28.54357],[-81.414,28.54355],[-81.41403,28.54353],[-81.41405,28.54352],[-81.41407,28.54352],[-81.41409,28.54351],[-81.41411,28.54351],[-81.41413,28.54351],[-81.41415,28.54351],[-81.41417,28.54351],[-81.41419,28.54351],[-81.41421,28.54352],[-81.41424,28.54353],[-81.41426,28.54355],[-81.41428,28.54356],[-81.41464,28.54384],[-81.41464,28.54404],[-81.41498,28.54404],[-81.4153,28.54423],[-81.41556,28.54442],[-81.41464,28.54442],[-81.41464,28.54456],[-81.41464,28.54496],[-81.41465,28.54533],[-81.41465,28.54551],[-81.41479,28.5455],[-81.41479,28.54628],[-81.41523,28.54641],[-81.41549,28.54651],[-81.41578,28.54659],[-81.41617,28.54671],[-81.41617,28.54677],[-81.41626,28.5468],[-81.41626,28.54674],[-81.41677,28.5469],[-81.41719,28.54704],[-81.41761,28.54718],[-81.4181,28.54733],[-81.4181,28.54737],[-81.41829,28.54737],[-81.41857,28.54742],[-81.41888,28.54745],[-81.41896,28.5475],[-81.41896,28.54807],[-81.41896,28.54852],[-81.41896,28.54888],[-81.41853,28.54888],[-81.41853,28.54902],[-81.41802,28.54903],[-81.41802,28.54919],[-81.41956,28.54918],[-81.41955,28.54852],[-81.41999,28.54851],[-81.42008,28.54852],[-81.42008,28.54912],[-81.42008,28.55],[-81.42007,28.55071],[-81.42007,28.55172],[-81.42008,28.55256],[-81.41997,28.55256],[-81.41911,28.55257],[-81.41857,28.55257],[-81.41857,28.55173],[-81.41832,28.55173]]]}},{"type":"Feature","properties":{"name":"Meridian Park"},"geometry":{"type":"Polygon","coordinates":[[[-81.17804,28.45128],[-81.17808,28.43297],[-81.17813,28.42933],[-81.17806,28.42751],[-81.17799,28.42568],[-81.17785,28.42194],[-81.19019,28.42188],[-81.19431,28.4219],[-81.19442,28.42538],[-81.19454,28.42902],[-81.19454,28.42921],[-81.20031,28.43175],[-81.20072,28.43194],[-81.21105,28.43654],[-81.22677,28.44409],[-81.2294,28.44527],[-81.22616,28.4497],[-81.22663,28.45005],[-81.22625,28.45049],[-81.22588,28.45073],[-81.22544,28.45089],[-81.22442,28.45098],[-81.22442,28.45057],[-81.22193,28.45058],[-81.22193,28.451],[-81.22139,28.45101],[-81.21759,28.45032],[-81.21355,28.45109],[-81.17804,28.45128]]]}},{"type":"Feature","properties":{"name":"Colonial Town Center"},"geometry":{"type":"Polygon","coordinates":[[[-81.32667,28.55698],[-81.32668,28.55624],[-81.3278,28.55624],[-81.32779,28.55698],[-81.32667,28.55698]],[[-81.34482,28.56135],[-81.34481,28.561],[-81.33605,28.56102],[-81.33583,28.56102],[-81.33495,28.56102],[-81.3345,28.56102],[-81.33367,28.56102],[-81.33354,28.56088],[-81.3335,28.55996],[-81.33348,28.55742],[-81.33166,28.55742],[-81.33151,28.55742],[-81.33138,28.55743],[-81.33024,28.55746],[-81.32981,28.55747],[-81.32982,28.55705],[-81.32982,28.55691],[-81.32982,28.55677],[-81.32982,28.55663],[-81.32982,28.55649],[-81.32983,28.55636],[-81.32983,28.55622],[-81.32983,28.55601],[-81.32983,28.55573],[-81.32983,28.5556],[-81.32924,28.5556],[-81.32921,28.5556],[-81.32906,28.5556],[-81.3289,28.55559],[-81.32828,28.55559],[-81.32812,28.55559],[-81.32812,28.55562],[-81.32797,28.55562],[-81.32781,28.55562],[-81.32766,28.55562],[-81.32765,28.55605],[-81.32749,28.55605],[-81.32734,28.55605],[-81.32734,28.55576],[-81.32734,28.55573],[-81.32718,28.55573],[-81.32708,28.55573],[-81.327,28.55573],[-81.32684,28.55573],[-81.32669,28.55573],[-81.32622,28.55574],[-81.32622,28.55537],[-81.32669,28.55536],[-81.32669,28.55523],[-81.32612,28.55523],[-81.32612,28.55486],[-81.3267,28.55485],[-81.32685,28.55485],[-81.32701,28.55485],[-81.3272,28.55485],[-81.32732,28.55485],[-81.32732,28.55434],[-81.32736,28.55434],[-81.32751,28.55434],[-81.32751,28.5542],[-81.32752,28.55397],[-81.32736,28.55396],[-81.32737,28.55354],[-81.32721,28.55354],[-81.32687,28.55354],[-81.32656,28.55354],[-81.32562,28.55355],[-81.32531,28.55356],[-81.32476,28.55356],[-81.32005,28.55352],[-81.32003,28.55352],[-81.3198,28.55352],[-81.31909,28.55353],[-81.31901,28.55353],[-81.31858,28.55353],[-81.31843,28.55353],[-81.31824,28.55353],[-81.31813,28.55353],[-81.31798,28.55354],[-81.31769,28.55354],[-81.31739,28.55354],[-81.31741,28.55352],[-81.31743,28.55351],[-81.31747,28.55349],[-81.3175,28.55346],[-81.31762,28.55342],[-81.3177,28.5534],[-81.31776,28.55339],[-81.31782,28.55338],[-81.31784,28.55338],[-81.31793,28.55336],[-81.31795,28.55335],[-81.31799,28.55335],[-81.31802,28.55334],[-81.31804,28.55334],[-81.31806,28.55334],[-81.31812,28.55333],[-81.31814,28.55332],[-81.31816,28.55332],[-81.31818,28.55331],[-81.3182,28.5533],[-81.31824,28.5533],[-81.31829,28.5533],[-81.31845,28.55327],[-81.31847,28.55327],[-81.3185,28.55327],[-81.31869,28.55324],[-81.31875,28.55323],[-81.31882,28.55323],[-81.31893,28.55324],[-81.31896,28.55324],[-81.319,28.55326],[-81.31916,28.55322],[-81.31925,28.5532],[-81.31936,28.55317],[-81.31938,28.55316],[-81.31949,28.55313],[-81.31956,28.5531],[-81.31961,28.55308],[-81.31969,28.55303],[-81.31974,28.553],[-81.31979,28.55296],[-81.31981,28.55295],[-81.31987,28.5529],[-81.31991,28.55287],[-81.32002,28.55281],[-81.32011,28.55273],[-81.32014,28.55271],[-81.32019,28.55266],[-81.32023,28.55261],[-81.32026,28.55256],[-81.32031,28.55252],[-81.32035,28.55249],[-81.32043,28.55242],[-81.32046,28.55235],[-81.32048,28.55232],[-81.3205,28.55222],[-81.3205,28.55218],[-81.32051,28.55209],[-81.32051,28.55199],[-81.32051,28.5519],[-81.32051,28.55179],[-81.32052,28.55167],[-81.32052,28.55163],[-81.3355,28.55164],[-81.33656,28.55162],[-81.33744,28.5516],[-81.33806,28.55157],[-81.33828,28.55152],[-81.33829,28.55189],[-81.33831,28.55257],[-81.33951,28.55255],[-81.33966,28.55072],[-81.3399,28.55072],[-81.34197,28.55068],[-81.34369,28.55062],[-81.34368,28.55144],[-81.34375,28.55144],[-81.34464,28.55144],[-81.34469,28.55118],[-81.34472,28.55109],[-81.34476,28.55099],[-81.34482,28.55087],[-81.3449,28.55074],[-81.34497,28.55065],[-81.3453,28.55031],[-81.34535,28.55024],[-81.3454,28.55017],[-81.34545,28.55008],[-81.34552,28.54993],[-81.34558,28.54979],[-81.34563,28.54955],[-81.34787,28.54948],[-81.34782,28.54782],[-81.34991,28.54779],[-81.35187,28.54773],[-81.35199,28.54775],[-81.35201,28.54906],[-81.35201,28.54956],[-81.35202,28.55047],[-81.35203,28.55138],[-81.35204,28.55229],[-81.35206,28.55321],[-81.34999,28.55322],[-81.34794,28.55323],[-81.34793,28.55428],[-81.34795,28.55555],[-81.34795,28.5562],[-81.34588,28.5562],[-81.34592,28.55785],[-81.34807,28.55782],[-81.34807,28.55777],[-81.34901,28.55776],[-81.34901,28.55786],[-81.34997,28.55784],[-81.35029,28.55783],[-81.3503,28.55862],[-81.35016,28.55864],[-81.35016,28.55871],[-81.35016,28.55879],[-81.35017,28.55954],[-81.35008,28.55955],[-81.35008,28.55978],[-81.35008,28.55999],[-81.35009,28.56053],[-81.35004,28.56053],[-81.34963,28.56054],[-81.3493,28.56054],[-81.34899,28.56055],[-81.34887,28.56055],[-81.34803,28.56056],[-81.34804,28.56132],[-81.34732,28.56132],[-81.34482,28.56135]]]}},{"type":"Feature","properties":{"name":"Southport"},"geometry":{"type":"Polygon","coordinates":[[[-81.34769,28.42115],[-81.34767,28.41826],[-81.3483,28.41912],[-81.3483,28.41918],[-81.34835,28.41919],[-81.34907,28.42018],[-81.35001,28.42146],[-81.34869,28.42146],[-81.34845,28.42115],[-81.34769,28.42115]],[[-81.34767,28.41826],[-81.34769,28.42165],[-81.34769,28.42342],[-81.34732,28.42342],[-81.34731,28.42431],[-81.34694,28.42431],[-81.34695,28.4252],[-81.34695,28.42706],[-81.34696,28.42878],[-81.34696,28.429],[-81.34695,28.4324],[-81.34695,28.43627],[-81.34697,28.43627],[-81.34698,28.43727],[-81.347,28.44018],[-81.34701,28.44117],[-81.34703,28.44225],[-81.34704,28.44238],[-81.34705,28.4425],[-81.34708,28.44266],[-81.34712,28.44278],[-81.34717,28.44294],[-81.34725,28.44313],[-81.34731,28.44325],[-81.34742,28.44343],[-81.34753,28.44356],[-81.34761,28.44366],[-81.34767,28.44372],[-81.34773,28.44379],[-81.34783,28.44388],[-81.34792,28.44395],[-81.34801,28.44404],[-81.34815,28.44414],[-81.34822,28.44418],[-81.34835,28.44429],[-81.34848,28.44436],[-81.34857,28.4444],[-81.34871,28.44446],[-81.3488,28.44449],[-81.34894,28.44453],[-81.34909,28.44457],[-81.34924,28.4446],[-81.34938,28.44463],[-81.34948,28.44464],[-81.34958,28.44465],[-81.34973,28.44466],[-81.34983,28.44466],[-81.34996,28.44467],[-81.35011,28.44465],[-81.3511,28.44437],[-81.35112,28.44462],[-81.35113,28.44712],[-81.35108,28.44712],[-81.3511,28.44959],[-81.35102,28.44962],[-81.35047,28.44976],[-81.35029,28.44979],[-81.35022,28.4498],[-81.35005,28.44982],[-81.34945,28.44985],[-81.34911,28.44986],[-81.34912,28.44854],[-81.34913,28.44844],[-81.34915,28.44836],[-81.34916,28.44825],[-81.34919,28.44816],[-81.34921,28.44809],[-81.34929,28.44789],[-81.34953,28.44737],[-81.34934,28.4473],[-81.34746,28.44732],[-81.34745,28.44606],[-81.34773,28.44598],[-81.34772,28.44573],[-81.34914,28.44534],[-81.34901,28.44521],[-81.34704,28.44578],[-81.34705,28.44747],[-81.34705,28.44842],[-81.34706,28.44976],[-81.34635,28.4498],[-81.34614,28.44979],[-81.34604,28.44979],[-81.34603,28.44748],[-81.34295,28.44752],[-81.34296,28.44981],[-81.34228,28.44999],[-81.33927,28.45001],[-81.33903,28.44981],[-81.33866,28.44981],[-81.33846,28.44999],[-81.33766,28.44999],[-81.33699,28.45004],[-81.33698,28.44824],[-81.33871,28.44824],[-81.3387,28.44735],[-81.33869,28.44544],[-81.33872,28.44544],[-81.33872,28.44502],[-81.33871,28.44347],[-81.33865,28.44347],[-81.33864,28.44266],[-81.33864,28.44194],[-81.33863,28.44143],[-81.33857,28.44143],[-81.33856,28.44051],[-81.33739,28.44],[-81.33694,28.43998],[-81.33695,28.44057],[-81.33503,28.44064],[-81.33501,28.43784],[-81.33501,28.43768],[-81.335,28.43655],[-81.33499,28.43631],[-81.33497,28.43409],[-81.33653,28.43489],[-81.338,28.43351],[-81.33797,28.43179],[-81.33797,28.43172],[-81.33787,28.42693],[-81.33787,28.42685],[-81.3378,28.42355],[-81.33776,28.4217],[-81.33771,28.41907],[-81.34031,28.41905],[-81.34103,28.42014],[-81.34362,28.42012],[-81.34355,28.41253],[-81.34524,28.41408],[-81.34534,28.41417],[-81.34544,28.41427],[-81.34553,28.41437],[-81.34563,28.41446],[-81.34581,28.41466],[-81.3459,28.41476],[-81.34598,28.41487],[-81.34607,28.41497],[-81.34615,28.41508],[-81.34624,28.4152],[-81.34694,28.41614],[-81.34767,28.41715],[-81.34767,28.41826]]]}},{"type":"Feature","properties":{"name":"Conway"},"geometry":{"type":"Polygon","coordinates":[[[-81.32913,28.5188],[-81.331,28.51878],[-81.33099,28.51682],[-81.33095,28.51332],[-81.33095,28.51267],[-81.33095,28.51249],[-81.33095,28.51245],[-81.33094,28.51223],[-81.33094,28.51201],[-81.33094,28.51179],[-81.33094,28.51163],[-81.33094,28.51147],[-81.33093,28.51131],[-81.33093,28.51071],[-81.33093,28.51059],[-81.33093,28.51057],[-81.33094,28.50987],[-81.33092,28.50837],[-81.33092,28.50799],[-81.33107,28.50799],[-81.33298,28.50797],[-81.33298,28.50931],[-81.33298,28.50966],[-81.3329,28.51004],[-81.33286,28.51056],[-81.33281,28.51113],[-81.3328,28.51128],[-81.3328,28.5117],[-81.33507,28.51151],[-81.33508,28.51274],[-81.33322,28.51275],[-81.33322,28.51316],[-81.33322,28.51324],[-81.33323,28.51334],[-81.33509,28.51334],[-81.33513,28.51848],[-81.33513,28.51883],[-81.33514,28.51933],[-81.33523,28.51933],[-81.33524,28.52049],[-81.33524,28.52131],[-81.33525,28.52181],[-81.33938,28.52178],[-81.33938,28.52238],[-81.33975,28.52237],[-81.33975,28.52272],[-81.33938,28.52272],[-81.33939,28.52412],[-81.33984,28.52412],[-81.33984,28.52368],[-81.34022,28.52368],[-81.34022,28.5242],[-81.3394,28.52421],[-81.3393,28.52421],[-81.33862,28.52421],[-81.3377,28.52422],[-81.33675,28.52423],[-81.33583,28.52423],[-81.33519,28.52424],[-81.33492,28.52424],[-81.33397,28.52425],[-81.33301,28.52425],[-81.33252,28.52425],[-81.33107,28.52426],[-81.32941,28.52428],[-81.32818,28.52428],[-81.32818,28.52063],[-81.32914,28.52063],[-81.32913,28.51947],[-81.32913,28.5188]]]}},{"type":"Feature","properties":{"name":"North Orange"},"geometry":{"type":"Polygon","coordinates":[[[-81.37744,28.58972],[-81.37744,28.58957],[-81.37762,28.58972],[-81.37779,28.58988],[-81.37788,28.58995],[-81.37788,28.59003],[-81.37789,28.59018],[-81.37745,28.59019],[-81.37745,28.59004],[-81.37744,28.58988],[-81.37744,28.58972]],[[-81.37623,28.59177],[-81.37622,28.59139],[-81.37638,28.59139],[-81.37654,28.59139],[-81.377,28.59139],[-81.37701,28.59177],[-81.37654,28.59177],[-81.37639,28.59177],[-81.37623,28.59177]],[[-81.37622,28.59086],[-81.37606,28.59086],[-81.37607,28.59125],[-81.37591,28.59125],[-81.3759,28.59086],[-81.37512,28.59086],[-81.37513,28.59125],[-81.37342,28.59124],[-81.37327,28.59124],[-81.37327,28.59121],[-81.37327,28.59107],[-81.37327,28.59093],[-81.37327,28.5908],[-81.37327,28.59066],[-81.37326,28.59052],[-81.37326,28.59038],[-81.37326,28.59025],[-81.37326,28.59011],[-81.37325,28.58997],[-81.37325,28.58983],[-81.37325,28.5897],[-81.37325,28.58961],[-81.37319,28.58956],[-81.37317,28.58956],[-81.37317,28.58942],[-81.37316,28.58904],[-81.37316,28.58866],[-81.37315,28.58852],[-81.37315,28.58814],[-81.37314,28.58776],[-81.37314,28.58762],[-81.37313,28.58724],[-81.37312,28.58686],[-81.37312,28.58673],[-81.37311,28.58634],[-81.37311,28.58595],[-81.37326,28.58595],[-81.37326,28.58584],[-81.37326,28.5854],[-81.37366,28.5854],[-81.37366,28.58548],[-81.37397,28.58548],[-81.37397,28.58512],[-81.37397,28.58503],[-81.37381,28.58503],[-81.37365,28.58503],[-81.37325,28.58503],[-81.37325,28.58486],[-81.37365,28.58486],[-81.37365,28.58469],[-81.37378,28.58469],[-81.37393,28.58469],[-81.37393,28.58436],[-81.37408,28.58436],[-81.37424,28.58436],[-81.37424,28.58422],[-81.37423,28.5839],[-81.37439,28.5839],[-81.37454,28.5839],[-81.37454,28.58357],[-81.37448,28.58344],[-81.37398,28.58344],[-81.37386,28.58344],[-81.37385,28.58296],[-81.37376,28.58296],[-81.37375,28.58265],[-81.37398,28.58265],[-81.37397,28.58234],[-81.37364,28.58234],[-81.37317,28.58235],[-81.37312,28.58235],[-81.37312,28.58185],[-81.37308,28.58098],[-81.37307,28.58091],[-81.37306,28.5802],[-81.37303,28.57912],[-81.37302,28.57904],[-81.37119,28.57905],[-81.37106,28.57905],[-81.37099,28.57907],[-81.37093,28.57908],[-81.37088,28.57911],[-81.37057,28.57862],[-81.36934,28.57863],[-81.36682,28.57727],[-81.36675,28.57724],[-81.36671,28.5772],[-81.36667,28.57717],[-81.36664,28.57714],[-81.3666,28.57711],[-81.36655,28.57707],[-81.36651,28.57703],[-81.36645,28.57698],[-81.36637,28.57691],[-81.3663,28.57686],[-81.36627,28.57684],[-81.36626,28.57683],[-81.36621,28.57679],[-81.3661,28.57667],[-81.36608,28.5766],[-81.36602,28.57646],[-81.36597,28.57633],[-81.36602,28.57631],[-81.36603,28.57621],[-81.36605,28.57613],[-81.36606,28.57608],[-81.36606,28.57604],[-81.36608,28.576],[-81.3661,28.57595],[-81.36613,28.57592],[-81.36614,28.5759],[-81.36618,28.57588],[-81.36629,28.57583],[-81.36632,28.5758],[-81.36636,28.57578],[-81.3664,28.57577],[-81.36645,28.57577],[-81.36666,28.57572],[-81.36669,28.57572],[-81.36678,28.57571],[-81.36683,28.57572],[-81.36688,28.57571],[-81.36698,28.57571],[-81.36719,28.5757],[-81.36733,28.57569],[-81.36746,28.5757],[-81.3675,28.57568],[-81.36756,28.57569],[-81.3677,28.57566],[-81.36776,28.57566],[-81.36781,28.57568],[-81.36794,28.57567],[-81.368,28.57566],[-81.3681,28.57564],[-81.36813,28.57563],[-81.36818,28.5756],[-81.36828,28.57549],[-81.36834,28.57543],[-81.36842,28.57534],[-81.36848,28.57527],[-81.36854,28.57518],[-81.36862,28.57499],[-81.36865,28.57495],[-81.3687,28.57488],[-81.36872,28.57487],[-81.36883,28.57465],[-81.36894,28.57449],[-81.36902,28.5744],[-81.36906,28.57433],[-81.36909,28.5743],[-81.36911,28.57421],[-81.36909,28.57414],[-81.36907,28.57406],[-81.36905,28.574],[-81.369,28.57393],[-81.36894,28.57389],[-81.36885,28.57385],[-81.36874,28.57383],[-81.36878,28.57363],[-81.36899,28.57371],[-81.36925,28.5738],[-81.36964,28.57391],[-81.3698,28.57395],[-81.37041,28.57403],[-81.37127,28.57411],[-81.37141,28.57318],[-81.37178,28.57136],[-81.37246,28.56783],[-81.37255,28.56752],[-81.37258,28.56723],[-81.37249,28.56486],[-81.37245,28.56416],[-81.37234,28.56408],[-81.37235,28.56398],[-81.37238,28.56361],[-81.37239,28.56345],[-81.37244,28.56312],[-81.37246,28.56302],[-81.3725,28.56286],[-81.37255,28.56271],[-81.3726,28.56256],[-81.37272,28.56225],[-81.37307,28.56162],[-81.37309,28.5616],[-81.37335,28.56127],[-81.37363,28.56096],[-81.37369,28.5609],[-81.37393,28.56069],[-81.3742,28.56047],[-81.37424,28.56044],[-81.37453,28.56027],[-81.37513,28.55997],[-81.37534,28.55987],[-81.3756,28.55973],[-81.37618,28.55943],[-81.37696,28.55904],[-81.37697,28.55953],[-81.37696,28.55996],[-81.37695,28.56011],[-81.37697,28.56026],[-81.377,28.56034],[-81.37704,28.56041],[-81.37713,28.56052],[-81.37723,28.56059],[-81.37735,28.56065],[-81.37748,28.56074],[-81.3776,28.5608],[-81.37767,28.56086],[-81.37774,28.56093],[-81.37784,28.56103],[-81.37805,28.56124],[-81.37826,28.56147],[-81.37837,28.56166],[-81.37847,28.56189],[-81.37854,28.56209],[-81.3786,28.56227],[-81.37864,28.5625],[-81.37767,28.56382],[-81.37675,28.56506],[-81.37597,28.56608],[-81.37576,28.56769],[-81.37575,28.56865],[-81.37576,28.56958],[-81.37573,28.57129],[-81.37574,28.57308],[-81.37581,28.57441],[-81.37577,28.57468],[-81.37571,28.57498],[-81.37508,28.57857],[-81.37513,28.57991],[-81.37516,28.58095],[-81.37517,28.58222],[-81.37517,28.58231],[-81.37593,28.58231],[-81.37613,28.58231],[-81.37613,28.58269],[-81.37614,28.58283],[-81.3757,28.58284],[-81.37562,28.58284],[-81.37563,28.58297],[-81.37563,28.58311],[-81.37563,28.58325],[-81.37563,28.58339],[-81.37562,28.58358],[-81.3756,28.5839],[-81.37558,28.58422],[-81.37558,28.58436],[-81.37556,28.58469],[-81.37554,28.58502],[-81.37555,28.58512],[-81.37559,28.58547],[-81.37563,28.58583],[-81.37566,28.58594],[-81.37578,28.58634],[-81.37583,28.58649],[-81.3759,28.58672],[-81.37599,28.5869],[-81.37615,28.5872],[-81.37618,28.58724],[-81.37631,28.58739],[-81.37647,28.58756],[-81.37654,28.58763],[-81.37668,28.58777],[-81.37695,28.58803],[-81.37726,28.58834],[-81.37728,28.58943],[-81.37728,28.58957],[-81.37729,28.58996],[-81.37729,28.59019],[-81.3773,28.59034],[-81.3773,28.59048],[-81.37731,28.59086],[-81.37731,28.59125],[-81.37716,28.59125],[-81.377,28.59125],[-81.37685,28.59125],[-81.37669,28.59125],[-81.37653,28.59125],[-81.37638,28.59125],[-81.37622,28.59125],[-81.37622,28.59086]]]}},{"type":"Feature","properties":{"name":"Richmond Heights"},"geometry":{"type":"Polygon","coordinates":[[[-81.43432,28.52706],[-81.43421,28.52705],[-81.43336,28.52705],[-81.43336,28.52764],[-81.43324,28.52762],[-81.43309,28.52759],[-81.43298,28.52756],[-81.43289,28.52755],[-81.43289,28.52743],[-81.43274,28.52743],[-81.43274,28.52706],[-81.43233,28.52706],[-81.43233,28.527],[-81.43233,28.52618],[-81.43233,28.5261],[-81.43233,28.52517],[-81.43232,28.52508],[-81.43232,28.52433],[-81.43231,28.52424],[-81.43231,28.52332],[-81.43147,28.52333],[-81.43065,28.52334],[-81.43023,28.52334],[-81.42874,28.52335],[-81.42816,28.52336],[-81.42608,28.52338],[-81.42607,28.52294],[-81.42606,28.52245],[-81.42605,28.52199],[-81.42605,28.52156],[-81.42605,28.51938],[-81.426,28.51701],[-81.426,28.51647],[-81.42599,28.5161],[-81.42599,28.51581],[-81.43356,28.51578],[-81.43524,28.51577],[-81.43796,28.51576],[-81.4428,28.51574],[-81.44292,28.52339],[-81.44228,28.52339],[-81.44004,28.52338],[-81.43807,28.52335],[-81.43808,28.52708],[-81.43448,28.52707],[-81.43432,28.52706]]]}},{"type":"Feature","properties":{"name":"Lake Richmond"},"geometry":{"type":"Polygon","coordinates":[[[-81.43796,28.51449],[-81.43794,28.51374],[-81.43724,28.51376],[-81.4372,28.51376],[-81.43717,28.51375],[-81.43714,28.51374],[-81.43711,28.51372],[-81.43709,28.51369],[-81.43707,28.51365],[-81.43706,28.5136],[-81.43705,28.51354],[-81.43704,28.51345],[-81.43702,28.51335],[-81.43698,28.51322],[-81.43693,28.51305],[-81.43683,28.51286],[-81.43672,28.5126],[-81.43648,28.5121],[-81.43636,28.51192],[-81.43618,28.51168],[-81.43602,28.51146],[-81.43595,28.51135],[-81.43591,28.51128],[-81.43585,28.51113],[-81.43579,28.51101],[-81.43575,28.51089],[-81.43571,28.51079],[-81.43566,28.51068],[-81.4366,28.51068],[-81.43644,28.51032],[-81.43661,28.51031],[-81.43874,28.5103],[-81.43873,28.50999],[-81.43995,28.50998],[-81.44208,28.50997],[-81.44274,28.50996],[-81.4428,28.51574],[-81.43796,28.51576],[-81.43796,28.51449]]]}},{"type":"Feature","properties":{"name":"Lake Nona Central"},"geometry":{"type":"Polygon","coordinates":[[[-81.25828,28.40882],[-81.25743,28.40858],[-81.25735,28.40858],[-81.2572,28.40866],[-81.25709,28.4087],[-81.25669,28.40868],[-81.25655,28.40837],[-81.25645,28.40722],[-81.2541,28.4072],[-81.25405,28.4072],[-81.254,28.40712],[-81.25387,28.40696],[-81.25375,28.40685],[-81.25369,28.40675],[-81.25366,28.40666],[-81.25364,28.40649],[-81.25359,28.40621],[-81.25351,28.40573],[-81.25341,28.40536],[-81.25329,28.40503],[-81.25312,28.40476],[-81.25292,28.40453],[-81.25269,28.40437],[-81.25245,28.40425],[-81.25214,28.40415],[-81.25192,28.40412],[-81.25167,28.40412],[-81.25141,28.40416],[-81.25113,28.40424],[-81.25087,28.4044],[-81.25067,28.40461],[-81.25053,28.40483],[-81.25046,28.40503],[-81.25045,28.40523],[-81.2505,28.40549],[-81.25057,28.40578],[-81.25062,28.40597],[-81.25064,28.40609],[-81.25061,28.40635],[-81.25055,28.40679],[-81.2505,28.40691],[-81.25041,28.40702],[-81.25028,28.40713],[-81.25012,28.40724],[-81.24995,28.40727],[-81.24978,28.40729],[-81.2496,28.40728],[-81.24919,28.40718],[-81.24867,28.40704],[-81.2483,28.40698],[-81.24778,28.40694],[-81.24752,28.40694],[-81.2472,28.40699],[-81.24713,28.407],[-81.24674,28.40693],[-81.24647,28.40692],[-81.24627,28.40687],[-81.24609,28.40691],[-81.24601,28.40699],[-81.24584,28.40705],[-81.24566,28.40712],[-81.24539,28.40713],[-81.24401,28.40712],[-81.24401,28.40712],[-81.24403,28.40702],[-81.24404,28.40696],[-81.24406,28.40685],[-81.24409,28.40671],[-81.24409,28.4067],[-81.24416,28.4063],[-81.24417,28.40624],[-81.2442,28.40605],[-81.24421,28.40594],[-81.24425,28.40568],[-81.24425,28.40564],[-81.24429,28.4054],[-81.24434,28.405],[-81.24439,28.40459],[-81.24442,28.40436],[-81.24443,28.40428],[-81.24449,28.40384],[-81.24449,28.40384],[-81.24448,28.40384],[-81.24446,28.40385],[-81.2443,28.40391],[-81.2443,28.40391],[-81.24432,28.40321],[-81.24433,28.40312],[-81.24432,28.40312],[-81.2446,28.40301],[-81.24466,28.40298],[-81.24475,28.4022],[-81.24479,28.40207],[-81.24481,28.40159],[-81.24492,28.40156],[-81.24504,28.40153],[-81.24527,28.40146],[-81.2455,28.40138],[-81.2458,28.40126],[-81.24602,28.40116],[-81.24618,28.40107],[-81.24637,28.40097],[-81.24658,28.40084],[-81.24683,28.40065],[-81.24707,28.40045],[-81.24725,28.40028],[-81.25066,28.39697],[-81.25031,28.39672],[-81.25088,28.39604],[-81.2513,28.39551],[-81.25511,28.39094],[-81.25878,28.3864],[-81.25903,28.38621],[-81.25968,28.38579],[-81.26058,28.38529],[-81.26182,28.38468],[-81.26267,28.38436],[-81.26529,28.38357],[-81.27052,28.38182],[-81.27396,28.38068],[-81.27557,28.38005],[-81.27821,28.37903],[-81.28017,28.37821],[-81.28232,28.37732],[-81.28234,28.37814],[-81.28234,28.37815],[-81.28234,28.37818],[-81.28235,28.37832],[-81.28235,28.37851],[-81.28237,28.38423],[-81.28237,28.38517],[-81.28238,28.38818],[-81.2824,28.39233],[-81.28242,28.40014],[-81.28242,28.40171],[-81.28244,28.40701],[-81.28243,28.40701],[-81.28195,28.407],[-81.28195,28.407],[-81.28185,28.40686],[-81.28181,28.40678],[-81.28173,28.4066],[-81.28163,28.40642],[-81.28153,28.40624],[-81.28151,28.40617],[-81.28147,28.40606],[-81.2814,28.40595],[-81.2813,28.40579],[-81.2811,28.40556],[-81.28102,28.40546],[-81.28086,28.40513],[-81.28057,28.40455],[-81.28011,28.40411],[-81.28004,28.40402],[-81.27983,28.40389],[-81.27971,28.40389],[-81.27964,28.40387],[-81.27953,28.40378],[-81.27929,28.40373],[-81.27917,28.40373],[-81.27903,28.40368],[-81.27892,28.40367],[-81.27882,28.40367],[-81.27855,28.40362],[-81.27846,28.40362],[-81.27842,28.40362],[-81.2781,28.40362],[-81.278,28.40362],[-81.27787,28.40363],[-81.27772,28.40363],[-81.27764,28.40365],[-81.2775,28.40364],[-81.27706,28.40354],[-81.27699,28.40354],[-81.27692,28.40356],[-81.2768,28.40361],[-81.27667,28.40365],[-81.27662,28.40365],[-81.27651,28.40367],[-81.27643,28.40369],[-81.27635,28.40371],[-81.27626,28.40371],[-81.27616,28.40368],[-81.27592,28.40368],[-81.27577,28.40369],[-81.27565,28.40369],[-81.27553,28.4037],[-81.27515,28.40374],[-81.27506,28.40374],[-81.27483,28.40367],[-81.2747,28.40365],[-81.27455,28.40358],[-81.27437,28.40351],[-81.2743,28.40351],[-81.27423,28.40348],[-81.27398,28.40344],[-81.27395,28.40341],[-81.2739,28.40341],[-81.27377,28.40338],[-81.27343,28.40337],[-81.27311,28.40331],[-81.27302,28.40331],[-81.2728,28.40327],[-81.27268,28.40327],[-81.27259,28.40325],[-81.27214,28.40325],[-81.272,28.40327],[-81.27166,28.40321],[-81.27156,28.40322],[-81.27148,28.40324],[-81.27124,28.40331],[-81.27089,28.40322],[-81.27079,28.40322],[-81.27067,28.40324],[-81.27051,28.40331],[-81.27039,28.40331],[-81.2702,28.40336],[-81.26985,28.40335],[-81.26949,28.40343],[-81.26932,28.40344],[-81.26909,28.40347],[-81.26884,28.40353],[-81.26854,28.40362],[-81.26844,28.40366],[-81.26832,28.40372],[-81.26808,28.40374],[-81.26795,28.40375],[-81.26779,28.40381],[-81.26769,28.40388],[-81.26759,28.40396],[-81.26737,28.40409],[-81.26711,28.40417],[-81.26702,28.40417],[-81.26669,28.4043],[-81.26639,28.4045],[-81.26628,28.40458],[-81.26579,28.40493],[-81.26566,28.40498],[-81.26549,28.40512],[-81.26521,28.40523],[-81.26505,28.40533],[-81.26494,28.40541],[-81.26473,28.40548],[-81.26465,28.40552],[-81.26456,28.4056],[-81.26441,28.40568],[-81.26412,28.40591],[-81.26397,28.406],[-81.26378,28.40611],[-81.26354,28.40622],[-81.26336,28.40633],[-81.2632,28.40642],[-81.26308,28.40655],[-81.26301,28.40661],[-81.26279,28.40708],[-81.26264,28.40755],[-81.26158,28.40759],[-81.26141,28.40779],[-81.26123,28.40796],[-81.26102,28.4081],[-81.26074,28.40822],[-81.26048,28.40828],[-81.26024,28.40832],[-81.26005,28.40834],[-81.25994,28.40834],[-81.25947,28.40854],[-81.25933,28.4086],[-81.25912,28.40874],[-81.25828,28.40882]]]}},{"type":"Feature","properties":{"name":"Southeastern Oaks"},"geometry":{"type":"Polygon","coordinates":[[[-81.23358,28.35084],[-81.23458,28.35083],[-81.23555,28.35179],[-81.2336,28.35179],[-81.23358,28.35084]],[[-81.21126,28.35241],[-81.21116,28.34824],[-81.21966,28.34816],[-81.22026,28.34816],[-81.22559,28.34814],[-81.22765,28.34813],[-81.23184,28.34814],[-81.23304,28.34932],[-81.23177,28.34932],[-81.23183,28.35179],[-81.22772,28.35179],[-81.22125,28.35177],[-81.2189,28.35179],[-81.21889,28.35179],[-81.21748,28.35179],[-81.21539,28.35237],[-81.21539,28.35232],[-81.21328,28.35233],[-81.21328,28.35241],[-81.21126,28.35241]]]}},{"type":"Feature","properties":{"name":"Lake Holden"},"geometry":{"type":"Polygon","coordinates":[[[-81.38218,28.51275],[-81.38174,28.51275],[-81.38155,28.51272],[-81.38127,28.51272],[-81.38056,28.51273],[-81.38047,28.51241],[-81.38048,28.51203],[-81.38048,28.51171],[-81.38052,28.51167],[-81.3805,28.511],[-81.38049,28.50923],[-81.38144,28.50924],[-81.38144,28.50874],[-81.38183,28.50874],[-81.38183,28.50847],[-81.38182,28.50792],[-81.3819,28.50792],[-81.3819,28.50768],[-81.3822,28.50735],[-81.38195,28.50636],[-81.38192,28.50636],[-81.38183,28.50601],[-81.3823,28.506],[-81.38251,28.506],[-81.38453,28.50602],[-81.38454,28.50749],[-81.38455,28.50922],[-81.38462,28.50922],[-81.38461,28.50978],[-81.38464,28.51125],[-81.38463,28.51214],[-81.38463,28.51287],[-81.38454,28.51287],[-81.38454,28.51323],[-81.38441,28.51309],[-81.38434,28.51304],[-81.38427,28.51299],[-81.38421,28.51295],[-81.38414,28.51292],[-81.38429,28.51214],[-81.38317,28.51214],[-81.38284,28.51214],[-81.38298,28.51256],[-81.38298,28.51275],[-81.38218,28.51275]]]}},{"type":"Feature","properties":{"name":"South Division"},"geometry":{"type":"Polygon","coordinates":[[[-81.38247,28.53112],[-81.3823,28.52911],[-81.38219,28.52784],[-81.38176,28.5238],[-81.38173,28.52341],[-81.38164,28.52249],[-81.3816,28.52213],[-81.38139,28.52016],[-81.381,28.51651],[-81.38086,28.51503],[-81.38082,28.51457],[-81.38076,28.51408],[-81.3807,28.51378],[-81.38048,28.51285],[-81.38057,28.51287],[-81.38056,28.51273],[-81.38127,28.51272],[-81.38155,28.51272],[-81.38174,28.51275],[-81.38218,28.51275],[-81.38298,28.51275],[-81.38298,28.51256],[-81.38284,28.51214],[-81.38317,28.51214],[-81.38429,28.51214],[-81.38414,28.51292],[-81.38421,28.51295],[-81.38427,28.51299],[-81.38434,28.51304],[-81.38441,28.51309],[-81.38447,28.51315],[-81.38454,28.51323],[-81.38464,28.51336],[-81.38471,28.5135],[-81.38477,28.51361],[-81.3848,28.51368],[-81.38485,28.51376],[-81.38491,28.51384],[-81.38497,28.51391],[-81.38505,28.514],[-81.38517,28.51412],[-81.38527,28.51412],[-81.38527,28.51419],[-81.38536,28.51426],[-81.38553,28.51435],[-81.38564,28.5144],[-81.38574,28.51444],[-81.38588,28.51444],[-81.38607,28.51453],[-81.38636,28.51457],[-81.3881,28.51456],[-81.38866,28.51455],[-81.38885,28.51457],[-81.38987,28.51456],[-81.38994,28.51453],[-81.38993,28.51422],[-81.39009,28.51422],[-81.39055,28.5139],[-81.39055,28.51368],[-81.3906,28.51367],[-81.39063,28.51366],[-81.39066,28.51364],[-81.39069,28.51362],[-81.3907,28.51359],[-81.3907,28.51356],[-81.3907,28.51343],[-81.3912,28.51342],[-81.3912,28.5133],[-81.39138,28.5133],[-81.39167,28.5131],[-81.39166,28.51291],[-81.39112,28.51292],[-81.39111,28.51268],[-81.39129,28.51268],[-81.39137,28.51268],[-81.39143,28.51266],[-81.39149,28.51264],[-81.39155,28.51261],[-81.39161,28.51257],[-81.39165,28.51253],[-81.39198,28.51218],[-81.39203,28.51213],[-81.39208,28.51209],[-81.39215,28.51204],[-81.39222,28.51201],[-81.39229,28.51198],[-81.39236,28.51196],[-81.39243,28.51194],[-81.39254,28.51193],[-81.39271,28.51193],[-81.39271,28.51168],[-81.39274,28.51168],[-81.39275,28.51165],[-81.39293,28.51165],[-81.39293,28.51178],[-81.39296,28.51178],[-81.39297,28.5123],[-81.39317,28.51215],[-81.39317,28.51197],[-81.39343,28.51193],[-81.39387,28.51161],[-81.39387,28.51139],[-81.39422,28.51139],[-81.39433,28.51131],[-81.39433,28.51102],[-81.39431,28.51085],[-81.39452,28.51085],[-81.39458,28.51084],[-81.39461,28.51083],[-81.39465,28.51082],[-81.39469,28.5108],[-81.39472,28.51078],[-81.39475,28.51075],[-81.39478,28.51071],[-81.3948,28.51067],[-81.39481,28.51063],[-81.395,28.51063],[-81.39501,28.51047],[-81.39518,28.51046],[-81.39518,28.51009],[-81.39526,28.51009],[-81.39533,28.50992],[-81.39533,28.50955],[-81.39544,28.50955],[-81.39548,28.50948],[-81.39566,28.5093],[-81.3961,28.50902],[-81.39676,28.50863],[-81.39675,28.5081],[-81.39679,28.50809],[-81.39682,28.50806],[-81.39682,28.50803],[-81.39685,28.50734],[-81.39711,28.50733],[-81.39714,28.50802],[-81.39714,28.50802],[-81.39714,28.50803],[-81.39715,28.50804],[-81.39715,28.50805],[-81.39716,28.50806],[-81.39717,28.50806],[-81.39717,28.50807],[-81.39718,28.50807],[-81.39719,28.50808],[-81.3972,28.50808],[-81.39721,28.50808],[-81.39722,28.50809],[-81.39723,28.50809],[-81.39747,28.50808],[-81.39749,28.50919],[-81.40104,28.50915],[-81.40104,28.50926],[-81.40116,28.50926],[-81.40116,28.5097],[-81.40103,28.50968],[-81.39974,28.5098],[-81.39846,28.51004],[-81.39772,28.51022],[-81.39721,28.5104],[-81.39601,28.51087],[-81.39488,28.51144],[-81.39381,28.51212],[-81.39125,28.51386],[-81.38881,28.5156],[-81.38849,28.51583],[-81.38829,28.51598],[-81.38773,28.51639],[-81.38723,28.517],[-81.38698,28.51732],[-81.3868,28.51758],[-81.3866,28.51803],[-81.38646,28.51853],[-81.38642,28.51894],[-81.38631,28.51948],[-81.38626,28.51986],[-81.38623,28.52018],[-81.38622,28.52269],[-81.38622,28.52367],[-81.38622,28.52454],[-81.38623,28.52567],[-81.38623,28.52629],[-81.38623,28.52725],[-81.38623,28.52806],[-81.38624,28.52867],[-81.38624,28.52941],[-81.38621,28.52991],[-81.38582,28.53109],[-81.38612,28.53108],[-81.38585,28.53139],[-81.38516,28.5322],[-81.38493,28.53258],[-81.38401,28.5341],[-81.38381,28.53442],[-81.38329,28.53529],[-81.3826,28.53527],[-81.38274,28.53476],[-81.38277,28.53449],[-81.38274,28.53405],[-81.38258,28.53247],[-81.38247,28.53112]]]}},{"type":"Feature","properties":{"name":"Westfield"},"geometry":{"type":"Polygon","coordinates":[[[-81.41031,28.54199],[-81.41068,28.54198],[-81.41068,28.54231],[-81.41032,28.54232],[-81.41031,28.54199]],[[-81.408,28.54424],[-81.40783,28.54419],[-81.40768,28.54424],[-81.40694,28.54425],[-81.40564,28.54426],[-81.40563,28.54418],[-81.40562,28.54361],[-81.40559,28.54195],[-81.4056,28.54185],[-81.40559,28.54104],[-81.40558,28.54019],[-81.40559,28.54013],[-81.40764,28.54012],[-81.40773,28.54012],[-81.41,28.5401],[-81.41001,28.54018],[-81.40969,28.54018],[-81.40971,28.54116],[-81.40972,28.54112],[-81.40974,28.5411],[-81.40977,28.54109],[-81.40979,28.54109],[-81.41002,28.54108],[-81.41002,28.541],[-81.41033,28.54099],[-81.41034,28.54152],[-81.41073,28.54151],[-81.41073,28.54182],[-81.40972,28.54183],[-81.40972,28.542],[-81.40977,28.5446],[-81.40967,28.54459],[-81.4087,28.5444],[-81.40859,28.54438],[-81.40848,28.54436],[-81.40819,28.54429],[-81.40801,28.54424],[-81.408,28.54424]]]}},{"type":"Feature","properties":{"name":"Lake Terrace"},"geometry":{"type":"Polygon","coordinates":[[[-81.34781,28.52427],[-81.348,28.52427],[-81.348,28.52461],[-81.34801,28.52475],[-81.34801,28.52489],[-81.34801,28.52502],[-81.34801,28.52516],[-81.34771,28.52516],[-81.34771,28.52489],[-81.3477,28.52436],[-81.3477,28.52436],[-81.3477,28.52436],[-81.3477,28.52436],[-81.3477,28.52435],[-81.3477,28.52435],[-81.34771,28.52435],[-81.34771,28.52434],[-81.34771,28.52434],[-81.34771,28.52434],[-81.34771,28.52434],[-81.34771,28.52433],[-81.34771,28.52433],[-81.34771,28.52433],[-81.34771,28.52433],[-81.34771,28.52432],[-81.34771,28.52432],[-81.34772,28.52432],[-81.34772,28.52432],[-81.34772,28.52431],[-81.34772,28.52431],[-81.34772,28.52431],[-81.34772,28.52431],[-81.34773,28.5243],[-81.34773,28.5243],[-81.34773,28.5243],[-81.34773,28.5243],[-81.34773,28.5243],[-81.34774,28.52429],[-81.34774,28.52429],[-81.34774,28.52429],[-81.34774,28.52429],[-81.34775,28.52429],[-81.34775,28.52429],[-81.34775,28.52428],[-81.34775,28.52428],[-81.34776,28.52428],[-81.34776,28.52428],[-81.34776,28.52428],[-81.34776,28.52428],[-81.34777,28.52428],[-81.34777,28.52427],[-81.34777,28.52427],[-81.34778,28.52427],[-81.34778,28.52427],[-81.34778,28.52427],[-81.34778,28.52427],[-81.34779,28.52427],[-81.34779,28.52427],[-81.34779,28.52427],[-81.3478,28.52427],[-81.3478,28.52427],[-81.3478,28.52427],[-81.34781,28.52427],[-81.34781,28.52427],[-81.34781,28.52427]],[[-81.35074,28.52338],[-81.35074,28.52325],[-81.35116,28.52324],[-81.35157,28.52324],[-81.35157,28.52338],[-81.35158,28.52338],[-81.35159,28.52352],[-81.35159,28.52365],[-81.35157,28.52365],[-81.35157,28.5239],[-81.35157,28.52391],[-81.35157,28.52391],[-81.35157,28.52391],[-81.35157,28.52392],[-81.35157,28.52392],[-81.35157,28.52392],[-81.35157,28.52392],[-81.35157,28.52393],[-81.35157,28.52393],[-81.35157,28.52393],[-81.35156,28.52393],[-81.35156,28.52394],[-81.35156,28.52394],[-81.35156,28.52394],[-81.35156,28.52394],[-81.35156,28.52395],[-81.35156,28.52395],[-81.35155,28.52395],[-81.35155,28.52395],[-81.35155,28.52395],[-81.35155,28.52396],[-81.35155,28.52396],[-81.35154,28.52396],[-81.35154,28.52396],[-81.35154,28.52396],[-81.35154,28.52397],[-81.35153,28.52397],[-81.35153,28.52397],[-81.35153,28.52397],[-81.35152,28.52397],[-81.35152,28.52397],[-81.35152,28.52397],[-81.35152,28.52397],[-81.35151,28.52397],[-81.35151,28.52398],[-81.35151,28.52398],[-81.3515,28.52398],[-81.3515,28.52398],[-81.3515,28.52398],[-81.35149,28.52398],[-81.35149,28.52398],[-81.35149,28.52398],[-81.35142,28.52398],[-81.35125,28.52398],[-81.35108,28.52398],[-81.351,28.52398],[-81.35092,28.52398],[-81.35075,28.52398],[-81.35074,28.52366],[-81.35074,28.52352],[-81.35074,28.52338]],[[-81.35169,28.51682],[-81.3516,28.51682],[-81.34872,28.51682],[-81.34871,28.51593],[-81.34901,28.51593],[-81.34901,28.51504],[-81.35156,28.51501],[-81.35157,28.51331],[-81.35168,28.51331],[-81.35169,28.51682]],[[-81.34078,28.5242],[-81.34052,28.5242],[-81.34022,28.5242],[-81.34022,28.52368],[-81.3403,28.52368],[-81.3403,28.52388],[-81.34061,28.52388],[-81.34061,28.52367],[-81.34074,28.52367],[-81.34073,28.52237],[-81.3408,28.52236],[-81.3413,28.52236],[-81.34135,28.52236],[-81.34135,28.52249],[-81.34136,28.52324],[-81.34171,28.52324],[-81.34172,28.52325],[-81.3419,28.52325],[-81.34332,28.52324],[-81.3435,28.52324],[-81.3435,28.52312],[-81.34351,28.52312],[-81.34351,28.52214],[-81.34348,28.51907],[-81.34379,28.51906],[-81.34402,28.51906],[-81.34425,28.51906],[-81.34448,28.51906],[-81.34472,28.51906],[-81.34496,28.51906],[-81.34519,28.51906],[-81.34544,28.51905],[-81.3457,28.51905],[-81.34597,28.51905],[-81.34624,28.51905],[-81.34686,28.51904],[-81.34685,28.51773],[-81.34738,28.51773],[-81.34739,28.51904],[-81.3474,28.52035],[-81.3474,28.52122],[-81.34741,28.52217],[-81.34756,28.52217],[-81.34756,28.52194],[-81.34766,28.52194],[-81.34765,28.52056],[-81.35009,28.52054],[-81.35009,28.52056],[-81.3501,28.52085],[-81.3501,28.52105],[-81.3501,28.52133],[-81.3501,28.52167],[-81.3501,28.52188],[-81.3501,28.52192],[-81.3501,28.52201],[-81.3501,28.52215],[-81.35011,28.52243],[-81.35011,28.52263],[-81.35011,28.52284],[-81.35011,28.52291],[-81.3501,28.52291],[-81.3501,28.52312],[-81.35059,28.52311],[-81.35059,28.52399],[-81.35011,28.52399],[-81.35011,28.52397],[-81.34919,28.52398],[-81.3477,28.52399],[-81.3473,28.52401],[-81.34671,28.52402],[-81.34548,28.52403],[-81.34549,28.52407],[-81.34397,28.52408],[-81.34397,28.52404],[-81.34397,28.52367],[-81.34352,28.52368],[-81.3435,28.52368],[-81.3435,28.52418],[-81.34342,28.52418],[-81.34181,28.52419],[-81.34141,28.52419],[-81.34078,28.5242]]]}},{"type":"Feature","properties":{"name":"Rosemont"},"geometry":{"type":"Polygon","coordinates":[[[-81.41665,28.59826],[-81.4165,28.59797],[-81.41565,28.59635],[-81.41635,28.59634],[-81.41573,28.59514],[-81.41726,28.59508],[-81.41726,28.5957],[-81.4178,28.59569],[-81.41786,28.59568],[-81.41792,28.59566],[-81.41799,28.59564],[-81.41806,28.59561],[-81.41813,28.59558],[-81.41821,28.59554],[-81.41831,28.59549],[-81.41865,28.59533],[-81.41884,28.59523],[-81.41887,28.5951],[-81.41889,28.59499],[-81.41893,28.5947],[-81.41896,28.5947],[-81.41897,28.59451],[-81.41897,28.59426],[-81.41896,28.59413],[-81.41893,28.59387],[-81.41888,28.59362],[-81.41885,28.5935],[-81.41879,28.59331],[-81.41868,28.59305],[-81.41861,28.59291],[-81.41854,28.59278],[-81.41848,28.59268],[-81.4184,28.59255],[-81.41833,28.59244],[-81.41819,28.59227],[-81.41785,28.59186],[-81.41781,28.59189],[-81.41761,28.59165],[-81.41745,28.59146],[-81.41743,28.59143],[-81.41727,28.59121],[-81.41726,28.59119],[-81.41709,28.59092],[-81.41713,28.5909],[-81.41706,28.59078],[-81.41705,28.59076],[-81.41698,28.59063],[-81.41691,28.5905],[-81.41683,28.59032],[-81.41676,28.59014],[-81.4167,28.58998],[-81.41663,28.58979],[-81.41658,28.58959],[-81.41653,28.58941],[-81.41649,28.5892],[-81.41646,28.58903],[-81.41645,28.58888],[-81.41643,28.58871],[-81.41642,28.58849],[-81.41641,28.58832],[-81.41639,28.58642],[-81.41638,28.58597],[-81.41638,28.58551],[-81.41637,28.58535],[-81.41699,28.58534],[-81.417,28.58551],[-81.41701,28.58613],[-81.41703,28.58754],[-81.41706,28.58754],[-81.41707,28.58818],[-81.41707,28.5885],[-81.41708,28.58869],[-81.41711,28.58895],[-81.41715,28.58916],[-81.41712,28.58917],[-81.41715,28.58934],[-81.4172,28.58951],[-81.41725,28.58968],[-81.4173,28.58984],[-81.41736,28.59001],[-81.41747,28.59025],[-81.41755,28.59041],[-81.41768,28.59064],[-81.41777,28.5908],[-81.41787,28.59095],[-81.41793,28.59102],[-81.41804,28.59116],[-81.41818,28.59134],[-81.41822,28.59139],[-81.4185,28.59121],[-81.41869,28.59108],[-81.41869,28.59146],[-81.41869,28.59173],[-81.4187,28.59194],[-81.41882,28.5921],[-81.4189,28.59221],[-81.41898,28.59234],[-81.41905,28.59245],[-81.41918,28.59269],[-81.42037,28.59268],[-81.42068,28.59268],[-81.4207,28.59446],[-81.42004,28.59446],[-81.41995,28.59447],[-81.41983,28.59449],[-81.41976,28.59451],[-81.41967,28.59453],[-81.4196,28.59456],[-81.41959,28.59469],[-81.41957,28.59488],[-81.41965,28.59484],[-81.41975,28.5948],[-81.41985,28.59477],[-81.41994,28.59475],[-81.42003,28.59474],[-81.42014,28.59474],[-81.4207,28.59474],[-81.42157,28.59473],[-81.42158,28.59521],[-81.42158,28.5957],[-81.42159,28.59621],[-81.42071,28.59622],[-81.42076,28.59639],[-81.42148,28.59638],[-81.42183,28.59638],[-81.42283,28.59637],[-81.42282,28.5962],[-81.4228,28.59459],[-81.42277,28.59285],[-81.42275,28.59124],[-81.42497,28.59124],[-81.42689,28.59123],[-81.42688,28.589],[-81.43112,28.58903],[-81.44119,28.58909],[-81.44119,28.59015],[-81.4412,28.591],[-81.4412,28.59144],[-81.4412,28.59273],[-81.44325,28.59274],[-81.44326,28.59438],[-81.44327,28.59618],[-81.44327,28.59648],[-81.44329,28.59821],[-81.44124,28.5982],[-81.44128,28.60109],[-81.44129,28.60186],[-81.44129,28.60202],[-81.44132,28.60369],[-81.44139,28.60588],[-81.4414,28.60607],[-81.44141,28.60622],[-81.44141,28.60632],[-81.44141,28.60635],[-81.44142,28.60647],[-81.44142,28.60652],[-81.44142,28.60658],[-81.44142,28.60669],[-81.44142,28.60673],[-81.44143,28.6068],[-81.44143,28.60694],[-81.44143,28.60697],[-81.44144,28.60722],[-81.44145,28.60737],[-81.44123,28.60737],[-81.44095,28.60738],[-81.44076,28.60738],[-81.44063,28.60738],[-81.44051,28.60738],[-81.44035,28.60738],[-81.44006,28.60738],[-81.43937,28.60738],[-81.43903,28.60738],[-81.4384,28.60738],[-81.4384,28.60742],[-81.43847,28.60928],[-81.43826,28.60928],[-81.43799,28.60928],[-81.43746,28.60928],[-81.4369,28.60928],[-81.43645,28.60928],[-81.43643,28.60891],[-81.43542,28.60891],[-81.43487,28.60891],[-81.43497,28.60739],[-81.43522,28.60372],[-81.43502,28.60373],[-81.43189,28.60377],[-81.43182,28.60432],[-81.43167,28.60589],[-81.43163,28.60629],[-81.43161,28.60655],[-81.43135,28.60655],[-81.43137,28.60746],[-81.43165,28.60746],[-81.43203,28.60745],[-81.43234,28.60744],[-81.43265,28.60744],[-81.43297,28.60743],[-81.43307,28.60743],[-81.4331,28.60839],[-81.43313,28.60864],[-81.43347,28.60907],[-81.43465,28.60905],[-81.43463,28.60933],[-81.43455,28.61053],[-81.4345,28.61118],[-81.4345,28.6116],[-81.43449,28.61171],[-81.43449,28.61221],[-81.43448,28.61229],[-81.43446,28.61237],[-81.43444,28.61245],[-81.43441,28.61251],[-81.43388,28.61252],[-81.43338,28.61254],[-81.4333,28.61254],[-81.43323,28.61254],[-81.43263,28.61256],[-81.43237,28.61257],[-81.43234,28.61257],[-81.43231,28.61256],[-81.43227,28.61255],[-81.43241,28.61237],[-81.43224,28.61226],[-81.4322,28.61224],[-81.43196,28.61209],[-81.43182,28.61227],[-81.43153,28.6121],[-81.43154,28.61207],[-81.43154,28.612],[-81.43146,28.612],[-81.43146,28.61183],[-81.43029,28.61118],[-81.4296,28.61079],[-81.42918,28.61054],[-81.42866,28.61023],[-81.42854,28.61016],[-81.42857,28.61012],[-81.42843,28.61004],[-81.42832,28.60997],[-81.42728,28.60929],[-81.42705,28.60914],[-81.427,28.60911],[-81.42661,28.60977],[-81.42614,28.61044],[-81.42455,28.61129],[-81.42406,28.61155],[-81.42366,28.61176],[-81.42326,28.61198],[-81.42286,28.61219],[-81.4226,28.61233],[-81.42278,28.61259],[-81.42308,28.61301],[-81.42332,28.61336],[-81.42299,28.61429],[-81.42255,28.61417],[-81.4221,28.61406],[-81.42109,28.61379],[-81.4209,28.61374],[-81.42071,28.61368],[-81.42057,28.61363],[-81.42043,28.61359],[-81.42034,28.61355],[-81.41991,28.61338],[-81.41946,28.61318],[-81.41919,28.61305],[-81.419,28.61294],[-81.41887,28.61287],[-81.41874,28.61279],[-81.41862,28.61271],[-81.41849,28.61263],[-81.4183,28.61251],[-81.4181,28.61236],[-81.41789,28.6122],[-81.41694,28.61147],[-81.41694,28.61122],[-81.41693,28.61086],[-81.41693,28.61076],[-81.4181,28.61074],[-81.41831,28.61073],[-81.41893,28.61073],[-81.41912,28.61073],[-81.41912,28.61093],[-81.42031,28.61092],[-81.4216,28.61092],[-81.42189,28.61081],[-81.42189,28.61076],[-81.42187,28.61069],[-81.42186,28.61066],[-81.42185,28.61062],[-81.42184,28.61057],[-81.42183,28.61051],[-81.42181,28.61034],[-81.4218,28.61014],[-81.42178,28.60909],[-81.42321,28.6092],[-81.4235,28.60922],[-81.42364,28.60882],[-81.42394,28.60889],[-81.42417,28.60817],[-81.42465,28.60758],[-81.4246,28.60755],[-81.4245,28.60748],[-81.42436,28.60739],[-81.42419,28.60727],[-81.42363,28.60687],[-81.42359,28.60683],[-81.42348,28.60675],[-81.42314,28.60648],[-81.42298,28.60635],[-81.42285,28.60623],[-81.42272,28.60613],[-81.42256,28.60599],[-81.42193,28.60539],[-81.42151,28.60495],[-81.42127,28.60469],[-81.42124,28.6047],[-81.42098,28.6044],[-81.42077,28.60412],[-81.42105,28.60391],[-81.42184,28.6039],[-81.4215,28.60344],[-81.42149,28.60323],[-81.42208,28.60321],[-81.42201,28.60116],[-81.42016,28.60119],[-81.42002,28.60092],[-81.41877,28.60094],[-81.41805,28.59957],[-81.41798,28.59957],[-81.41778,28.59919],[-81.41873,28.59917],[-81.41872,28.59886],[-81.41767,28.59888],[-81.41725,28.59808],[-81.41665,28.59826]]]}},{"type":"Feature","properties":{"name":"Lake Nona Estates"},"geometry":{"type":"Polygon","coordinates":[[[-81.24409,28.40671],[-81.24401,28.40712],[-81.24416,28.4063],[-81.24409,28.40671]],[[-81.27195,28.42202],[-81.27168,28.42202],[-81.26891,28.42202],[-81.27289,28.42201],[-81.27217,28.42201],[-81.27195,28.42202]],[[-81.24206,28.40931],[-81.2417,28.40916],[-81.24145,28.40909],[-81.24137,28.40907],[-81.24113,28.40918],[-81.24076,28.40947],[-81.24055,28.40958],[-81.2403,28.40974],[-81.24006,28.40993],[-81.23981,28.41007],[-81.23962,28.40983],[-81.23926,28.4097],[-81.23884,28.40951],[-81.23831,28.40912],[-81.23839,28.40832],[-81.23761,28.4084],[-81.23735,28.40828],[-81.23697,28.40794],[-81.23653,28.408],[-81.23649,28.4071],[-81.24406,28.40401],[-81.24396,28.4048],[-81.24385,28.40563],[-81.24379,28.40604],[-81.2437,28.40662],[-81.2436,28.40712],[-81.24349,28.40764],[-81.2434,28.40804],[-81.2433,28.40849],[-81.2432,28.40894],[-81.24311,28.40937],[-81.24305,28.4096],[-81.24306,28.4096],[-81.243,28.40991],[-81.24295,28.41019],[-81.2429,28.41051],[-81.24286,28.41078],[-81.24216,28.41078],[-81.24201,28.41078],[-81.24236,28.40944],[-81.24206,28.40931]],[[-81.24401,28.40712],[-81.24539,28.40713],[-81.24566,28.40712],[-81.24584,28.40705],[-81.24601,28.40699],[-81.24609,28.40691],[-81.24627,28.40687],[-81.24647,28.40692],[-81.24674,28.40693],[-81.24713,28.407],[-81.2472,28.40699],[-81.24752,28.40694],[-81.24778,28.40694],[-81.2483,28.40698],[-81.24867,28.40704],[-81.24919,28.40718],[-81.2496,28.40728],[-81.24978,28.40729],[-81.24995,28.40727],[-81.25012,28.40724],[-81.25028,28.40713],[-81.25041,28.40702],[-81.2505,28.40691],[-81.25055,28.40679],[-81.25061,28.40635],[-81.25064,28.40609],[-81.25062,28.40597],[-81.25057,28.40578],[-81.2505,28.40549],[-81.25045,28.40523],[-81.25046,28.40503],[-81.25053,28.40483],[-81.25067,28.40461],[-81.25087,28.4044],[-81.25113,28.40424],[-81.25141,28.40416],[-81.25167,28.40412],[-81.25192,28.40412],[-81.25214,28.40415],[-81.25245,28.40425],[-81.25269,28.40437],[-81.25292,28.40453],[-81.25312,28.40476],[-81.25329,28.40503],[-81.25341,28.40536],[-81.25351,28.40573],[-81.25359,28.40621],[-81.25364,28.40649],[-81.25366,28.40666],[-81.25369,28.40675],[-81.25375,28.40685],[-81.25387,28.40696],[-81.254,28.40712],[-81.25405,28.4072],[-81.2541,28.4072],[-81.25645,28.40722],[-81.25655,28.40837],[-81.25669,28.40868],[-81.25709,28.4087],[-81.2572,28.40866],[-81.25735,28.40858],[-81.25743,28.40858],[-81.25828,28.40882],[-81.25912,28.40874],[-81.25933,28.4086],[-81.25947,28.40854],[-81.25994,28.40834],[-81.26005,28.40834],[-81.26024,28.40832],[-81.26048,28.40828],[-81.26074,28.40822],[-81.26102,28.4081],[-81.26123,28.40796],[-81.26141,28.40779],[-81.26158,28.40759],[-81.26264,28.40755],[-81.26279,28.40708],[-81.26301,28.40661],[-81.26308,28.40655],[-81.2632,28.40642],[-81.26336,28.40633],[-81.26354,28.40622],[-81.26378,28.40611],[-81.26397,28.406],[-81.26412,28.40591],[-81.26441,28.40568],[-81.26456,28.4056],[-81.26465,28.40552],[-81.26473,28.40548],[-81.26494,28.40541],[-81.26505,28.40533],[-81.26521,28.40523],[-81.26549,28.40512],[-81.26566,28.40498],[-81.26579,28.40493],[-81.26628,28.40458],[-81.26639,28.4045],[-81.26669,28.4043],[-81.26702,28.40417],[-81.26711,28.40417],[-81.26737,28.40409],[-81.26759,28.40396],[-81.26769,28.40388],[-81.26779,28.40381],[-81.26795,28.40375],[-81.26808,28.40374],[-81.26832,28.40372],[-81.26844,28.40366],[-81.26854,28.40362],[-81.26884,28.40353],[-81.26909,28.40347],[-81.26932,28.40344],[-81.26949,28.40343],[-81.26985,28.40335],[-81.2702,28.40336],[-81.27039,28.40331],[-81.27051,28.40331],[-81.27067,28.40324],[-81.27079,28.40322],[-81.27089,28.40322],[-81.27124,28.40331],[-81.27148,28.40324],[-81.27156,28.40322],[-81.27166,28.40321],[-81.272,28.40327],[-81.27214,28.40325],[-81.27259,28.40325],[-81.27268,28.40327],[-81.2728,28.40327],[-81.27302,28.40331],[-81.27311,28.40331],[-81.27343,28.40337],[-81.27377,28.40338],[-81.2739,28.40341],[-81.27395,28.40341],[-81.27398,28.40344],[-81.27423,28.40348],[-81.2743,28.40351],[-81.27437,28.40351],[-81.27455,28.40358],[-81.2747,28.40365],[-81.27483,28.40367],[-81.27506,28.40374],[-81.27515,28.40374],[-81.27553,28.4037],[-81.27565,28.40369],[-81.27577,28.40369],[-81.27592,28.40368],[-81.27616,28.40368],[-81.27626,28.40371],[-81.27635,28.40371],[-81.27643,28.40369],[-81.27651,28.40367],[-81.27662,28.40365],[-81.27667,28.40365],[-81.2768,28.40361],[-81.27692,28.40356],[-81.27699,28.40354],[-81.27706,28.40354],[-81.2775,28.40364],[-81.27764,28.40365],[-81.27772,28.40363],[-81.27787,28.40363],[-81.278,28.40362],[-81.2781,28.40362],[-81.27842,28.40362],[-81.27846,28.40362],[-81.27855,28.40362],[-81.27882,28.40367],[-81.27892,28.40367],[-81.27903,28.40368],[-81.27917,28.40373],[-81.27929,28.40373],[-81.27953,28.40378],[-81.27964,28.40387],[-81.27971,28.40389],[-81.27983,28.40389],[-81.28004,28.40402],[-81.28011,28.40411],[-81.28057,28.40455],[-81.28086,28.40513],[-81.28102,28.40546],[-81.2811,28.40556],[-81.2813,28.40579],[-81.2814,28.40595],[-81.28147,28.40606],[-81.28151,28.40617],[-81.28153,28.40624],[-81.28163,28.40642],[-81.28173,28.4066],[-81.28181,28.40678],[-81.28185,28.40686],[-81.28195,28.407],[-81.2813,28.407],[-81.2813,28.40722],[-81.27661,28.40719],[-81.27672,28.41461],[-81.27133,28.41459],[-81.27171,28.41623],[-81.27209,28.41693],[-81.27225,28.41745],[-81.27138,28.41766],[-81.26966,28.41838],[-81.26966,28.41894],[-81.2697,28.41948],[-81.26893,28.41983],[-81.26883,28.41987],[-81.26868,28.41992],[-81.26856,28.41995],[-81.26845,28.41997],[-81.26835,28.41998],[-81.26821,28.41999],[-81.26807,28.41999],[-81.26795,28.41998],[-81.26743,28.41992],[-81.26733,28.4199],[-81.2672,28.41989],[-81.26703,28.41989],[-81.26681,28.41989],[-81.26652,28.4199],[-81.26638,28.41992],[-81.26636,28.41964],[-81.26634,28.41928],[-81.26633,28.41926],[-81.26632,28.41924],[-81.2663,28.41922],[-81.26626,28.41921],[-81.26588,28.4192],[-81.26386,28.41915],[-81.2635,28.4195],[-81.26222,28.41998],[-81.26194,28.42015],[-81.26163,28.42018],[-81.26146,28.42004],[-81.26099,28.42034],[-81.26083,28.42019],[-81.26073,28.42021],[-81.26057,28.42023],[-81.26025,28.42023],[-81.2602,28.42021],[-81.25997,28.42013],[-81.2595,28.4202],[-81.25911,28.42011],[-81.25901,28.42003],[-81.25892,28.41966],[-81.25872,28.41965],[-81.25818,28.41982],[-81.25744,28.42011],[-81.2575,28.4203],[-81.25574,28.41954],[-81.25548,28.41971],[-81.25468,28.41937],[-81.25411,28.41944],[-81.25385,28.41992],[-81.25336,28.42025],[-81.25307,28.4212],[-81.25321,28.4214],[-81.25332,28.42155],[-81.2536,28.42177],[-81.25376,28.42193],[-81.25314,28.42194],[-81.25312,28.42187],[-81.25288,28.42182],[-81.25267,28.42177],[-81.2522,28.4215],[-81.25195,28.42149],[-81.25167,28.42147],[-81.25166,28.42158],[-81.25163,28.4217],[-81.2516,28.42177],[-81.25156,28.42186],[-81.25151,28.42194],[-81.25146,28.42203],[-81.25139,28.42211],[-81.2513,28.42219],[-81.25121,28.42226],[-81.25102,28.4224],[-81.25058,28.42269],[-81.25022,28.423],[-81.2497,28.4235],[-81.24481,28.41966],[-81.24464,28.4195],[-81.2445,28.41934],[-81.24437,28.41919],[-81.24423,28.41901],[-81.24397,28.41867],[-81.24381,28.41839],[-81.24363,28.41806],[-81.24347,28.41771],[-81.24333,28.41734],[-81.24322,28.41702],[-81.24312,28.41667],[-81.24305,28.41631],[-81.24298,28.41599],[-81.24295,28.41561],[-81.24294,28.41473],[-81.24315,28.41473],[-81.24317,28.41219],[-81.2432,28.41164],[-81.24323,28.4111],[-81.24331,28.41055],[-81.24335,28.41029],[-81.24338,28.41006],[-81.24348,28.40957],[-81.24362,28.40891],[-81.24383,28.40894],[-81.24389,28.40867],[-81.24368,28.40864],[-81.24385,28.40787],[-81.24401,28.40712]]]}},{"type":"Feature","properties":{"name":"West Colonial"},"geometry":{"type":"Polygon","coordinates":[[[-81.4315,28.5509],[-81.43195,28.5509],[-81.43195,28.55131],[-81.4315,28.55132],[-81.4315,28.5509]],[[-81.4133,28.54692],[-81.4133,28.54688],[-81.41314,28.54688],[-81.41314,28.54684],[-81.41298,28.54684],[-81.41282,28.54684],[-81.41281,28.54643],[-81.41283,28.54643],[-81.41282,28.5457],[-81.41297,28.54575],[-81.41341,28.54589],[-81.41348,28.54597],[-81.41349,28.54642],[-81.41349,28.54692],[-81.4133,28.54692]],[[-81.44561,28.55386],[-81.44561,28.55382],[-81.44515,28.55382],[-81.44515,28.55381],[-81.44515,28.55378],[-81.44514,28.55341],[-81.44514,28.55275],[-81.44561,28.55274],[-81.44561,28.55274],[-81.44639,28.55273],[-81.44639,28.55394],[-81.44639,28.55431],[-81.44597,28.55432],[-81.44562,28.55432],[-81.44561,28.55391],[-81.44561,28.55386]],[[-81.41526,28.55947],[-81.41472,28.55789],[-81.41469,28.5579],[-81.41396,28.55802],[-81.41396,28.55824],[-81.41189,28.55827],[-81.41189,28.55784],[-81.41175,28.5578],[-81.41174,28.5578],[-81.41171,28.55778],[-81.41162,28.55774],[-81.4116,28.55774],[-81.4115,28.55768],[-81.41149,28.55768],[-81.41138,28.5576],[-81.41126,28.55751],[-81.41125,28.5575],[-81.41114,28.5574],[-81.41107,28.55731],[-81.41106,28.5573],[-81.411,28.55722],[-81.41094,28.55711],[-81.41093,28.5571],[-81.41089,28.55701],[-81.41088,28.55698],[-81.41084,28.55687],[-81.41081,28.55676],[-81.41081,28.55675],[-81.4108,28.55666],[-81.4108,28.55662],[-81.41079,28.55647],[-81.40983,28.55648],[-81.40983,28.55643],[-81.40983,28.55433],[-81.4057,28.55434],[-81.4057,28.55381],[-81.4057,28.55343],[-81.4057,28.55289],[-81.40569,28.5518],[-81.4098,28.55175],[-81.40977,28.55063],[-81.41144,28.55062],[-81.41143,28.54979],[-81.41273,28.54978],[-81.41351,28.54977],[-81.4135,28.54859],[-81.4135,28.54824],[-81.41343,28.54824],[-81.41325,28.54824],[-81.413,28.5483],[-81.41215,28.54831],[-81.41212,28.5483],[-81.41209,28.54828],[-81.41208,28.54826],[-81.41207,28.54824],[-81.41207,28.54782],[-81.41207,28.54777],[-81.41208,28.54773],[-81.41211,28.5477],[-81.41213,28.54767],[-81.41213,28.54763],[-81.41212,28.54759],[-81.41211,28.54756],[-81.41209,28.54754],[-81.41208,28.54753],[-81.41207,28.54753],[-81.41207,28.54752],[-81.41206,28.54752],[-81.41205,28.54751],[-81.41204,28.54751],[-81.41202,28.5475],[-81.41201,28.5475],[-81.412,28.5475],[-81.41199,28.5475],[-81.41198,28.5475],[-81.41196,28.5475],[-81.41195,28.5475],[-81.41165,28.54723],[-81.41165,28.54694],[-81.41171,28.54694],[-81.41186,28.54694],[-81.41235,28.54693],[-81.41267,28.54693],[-81.41267,28.54734],[-81.41349,28.54733],[-81.41396,28.54733],[-81.41398,28.55057],[-81.41595,28.55057],[-81.41595,28.55131],[-81.41658,28.55131],[-81.41658,28.55127],[-81.41702,28.55123],[-81.41706,28.5512],[-81.41706,28.55115],[-81.41706,28.55113],[-81.41711,28.55063],[-81.41712,28.55056],[-81.41792,28.55054],[-81.41792,28.55173],[-81.4181,28.55173],[-81.41832,28.55173],[-81.41857,28.55173],[-81.41857,28.55257],[-81.41911,28.55257],[-81.41997,28.55256],[-81.42008,28.55256],[-81.42007,28.55172],[-81.42007,28.55071],[-81.42008,28.55],[-81.42008,28.54912],[-81.42008,28.54852],[-81.42016,28.54851],[-81.42016,28.54826],[-81.42016,28.54745],[-81.4256,28.5474],[-81.42621,28.5474],[-81.42628,28.5474],[-81.42628,28.54713],[-81.42627,28.54634],[-81.42655,28.54634],[-81.4272,28.54634],[-81.4272,28.54624],[-81.42915,28.54623],[-81.43024,28.54633],[-81.42993,28.54633],[-81.42994,28.54671],[-81.42916,28.54672],[-81.42916,28.54711],[-81.42933,28.54711],[-81.42947,28.54711],[-81.42958,28.54712],[-81.42967,28.54712],[-81.42976,28.54713],[-81.42987,28.54714],[-81.42998,28.54715],[-81.43007,28.54715],[-81.43013,28.54715],[-81.43017,28.54712],[-81.43018,28.5473],[-81.43044,28.54746],[-81.43046,28.549],[-81.43125,28.54898],[-81.43136,28.54899],[-81.43141,28.55246],[-81.43301,28.55244],[-81.43301,28.55243],[-81.43345,28.55242],[-81.43353,28.55242],[-81.43396,28.55242],[-81.43396,28.55199],[-81.43395,28.55185],[-81.43352,28.55185],[-81.43353,28.55171],[-81.43352,28.55157],[-81.43352,28.55144],[-81.43395,28.55144],[-81.43413,28.55143],[-81.43412,28.5513],[-81.43412,28.55102],[-81.43412,28.55088],[-81.43412,28.55081],[-81.4345,28.55081],[-81.43451,28.55102],[-81.43455,28.55101],[-81.43456,28.55158],[-81.43451,28.55158],[-81.43452,28.55198],[-81.43438,28.55198],[-81.43413,28.55199],[-81.43414,28.55242],[-81.43452,28.55241],[-81.43504,28.5524],[-81.43547,28.5524],[-81.43828,28.55238],[-81.43878,28.55238],[-81.44069,28.55236],[-81.44192,28.55235],[-81.44192,28.5519],[-81.4423,28.55189],[-81.4423,28.55116],[-81.44248,28.55116],[-81.44248,28.55081],[-81.44268,28.55081],[-81.44286,28.55081],[-81.44285,28.54966],[-81.4439,28.54965],[-81.44421,28.54965],[-81.44422,28.55079],[-81.44594,28.55079],[-81.44594,28.55232],[-81.44547,28.55233],[-81.44547,28.55159],[-81.44499,28.55159],[-81.44499,28.55233],[-81.44453,28.55233],[-81.44397,28.55234],[-81.44395,28.55097],[-81.44346,28.55097],[-81.44346,28.55139],[-81.44287,28.5514],[-81.44287,28.55159],[-81.44288,28.55235],[-81.44279,28.55234],[-81.44279,28.55274],[-81.44281,28.55379],[-81.44281,28.55434],[-81.44283,28.55614],[-81.44288,28.55974],[-81.43812,28.55977],[-81.43668,28.55978],[-81.43665,28.55743],[-81.43663,28.55618],[-81.43526,28.55619],[-81.43366,28.5562],[-81.43148,28.55622],[-81.43148,28.55608],[-81.43147,28.55533],[-81.43147,28.55512],[-81.43146,28.55485],[-81.43053,28.55486],[-81.43054,28.55581],[-81.43054,28.55623],[-81.43036,28.55623],[-81.43029,28.55623],[-81.43006,28.55623],[-81.42983,28.55623],[-81.42981,28.55623],[-81.42981,28.55623],[-81.42821,28.55625],[-81.42641,28.55626],[-81.42634,28.55626],[-81.4253,28.55628],[-81.42529,28.55529],[-81.42526,28.55437],[-81.42525,28.5529],[-81.42251,28.55293],[-81.42252,28.55369],[-81.42314,28.55368],[-81.42315,28.55434],[-81.42019,28.55437],[-81.42018,28.55336],[-81.42065,28.55336],[-81.42064,28.55295],[-81.42017,28.55294],[-81.41998,28.55295],[-81.41964,28.55295],[-81.41959,28.55295],[-81.41851,28.55297],[-81.41832,28.55297],[-81.418,28.55297],[-81.41799,28.55457],[-81.41798,28.55637],[-81.41806,28.55637],[-81.41809,28.55817],[-81.42006,28.55814],[-81.42009,28.55986],[-81.41811,28.5599],[-81.41812,28.55998],[-81.41543,28.56006],[-81.41537,28.55989],[-81.41523,28.55948],[-81.41526,28.55947]],[[-81.42977,28.55286],[-81.42977,28.55327],[-81.43032,28.55327],[-81.43031,28.55286],[-81.42977,28.55286]],[[-81.41517,28.55259],[-81.41517,28.55218],[-81.41462,28.55218],[-81.41462,28.5526],[-81.41517,28.55259]],[[-81.42856,28.55537],[-81.42855,28.55469],[-81.42837,28.55469],[-81.4282,28.55469],[-81.42785,28.55469],[-81.42786,28.55538],[-81.42856,28.55537]],[[-81.43031,28.55244],[-81.4303,28.55157],[-81.42936,28.55157],[-81.42937,28.55245],[-81.43031,28.55244]],[[-81.4266,28.55467],[-81.4266,28.5547],[-81.42677,28.5547],[-81.42676,28.55454],[-81.42679,28.55454],[-81.42678,28.55384],[-81.42732,28.55384],[-81.4273,28.55288],[-81.42657,28.55289],[-81.4266,28.55467]],[[-81.42878,28.55468],[-81.42879,28.55537],[-81.4298,28.55536],[-81.42981,28.55559],[-81.43035,28.55559],[-81.43034,28.55511],[-81.43027,28.55511],[-81.4298,28.55511],[-81.42979,28.55467],[-81.42917,28.55468],[-81.42878,28.55468]]]}},{"type":"Feature","properties":{"name":"Malibu Groves"},"geometry":{"type":"Polygon","coordinates":[[[-81.44266,28.53798],[-81.44267,28.53887],[-81.44268,28.53988],[-81.44227,28.53989],[-81.44227,28.5398],[-81.44226,28.53917],[-81.44195,28.53917],[-81.44164,28.53918],[-81.44164,28.53926],[-81.44133,28.53926],[-81.44134,28.53991],[-81.44174,28.5399],[-81.44175,28.54135],[-81.44175,28.54152],[-81.44175,28.54163],[-81.44116,28.54164],[-81.44063,28.54165],[-81.44064,28.54261],[-81.44218,28.54258],[-81.44218,28.54312],[-81.44261,28.54313],[-81.44261,28.54342],[-81.44262,28.54363],[-81.44262,28.54389],[-81.44262,28.54451],[-81.44263,28.54484],[-81.44259,28.54489],[-81.4424,28.54493],[-81.44206,28.54499],[-81.44206,28.54475],[-81.44168,28.54475],[-81.44168,28.5439],[-81.44065,28.54391],[-81.44064,28.54346],[-81.43855,28.54348],[-81.43856,28.54493],[-81.43856,28.54528],[-81.4386,28.54529],[-81.4386,28.54605],[-81.43895,28.54593],[-81.43918,28.54586],[-81.43977,28.54571],[-81.43977,28.5464],[-81.4398,28.54643],[-81.43993,28.54643],[-81.43993,28.54624],[-81.44028,28.54624],[-81.44027,28.54562],[-81.44066,28.54554],[-81.44128,28.54543],[-81.44128,28.54544],[-81.4422,28.5453],[-81.4422,28.54531],[-81.44244,28.54527],[-81.44256,28.54525],[-81.44259,28.54527],[-81.4426,28.54571],[-81.44263,28.54571],[-81.44264,28.54649],[-81.44171,28.5465],[-81.44171,28.54702],[-81.44244,28.54701],[-81.44244,28.54668],[-81.44264,28.54668],[-81.44264,28.54707],[-81.44067,28.54709],[-81.43979,28.5471],[-81.43979,28.54792],[-81.43862,28.54792],[-81.43861,28.54744],[-81.43779,28.54744],[-81.4375,28.54744],[-81.4372,28.54658],[-81.43711,28.54632],[-81.43657,28.54653],[-81.43655,28.54545],[-81.43601,28.54545],[-81.43601,28.54531],[-81.43504,28.54531],[-81.43505,28.54546],[-81.43553,28.54546],[-81.43554,28.54641],[-81.43555,28.54687],[-81.43507,28.54702],[-81.43506,28.54659],[-81.43477,28.54659],[-81.43477,28.54624],[-81.4348,28.54624],[-81.43476,28.54607],[-81.43475,28.54573],[-81.4324,28.54575],[-81.43241,28.54655],[-81.43178,28.54623],[-81.43177,28.54535],[-81.43038,28.54536],[-81.43038,28.54491],[-81.43299,28.54489],[-81.433,28.54534],[-81.43433,28.54532],[-81.43433,28.54505],[-81.43433,28.54375],[-81.43432,28.54348],[-81.43042,28.5435],[-81.43039,28.5417],[-81.4325,28.5417],[-81.43249,28.5414],[-81.43434,28.5414],[-81.43433,28.5408],[-81.43249,28.5408],[-81.43248,28.53994],[-81.43411,28.53995],[-81.43432,28.53995],[-81.43432,28.5394],[-81.43247,28.53939],[-81.43247,28.53905],[-81.43432,28.53905],[-81.43432,28.53809],[-81.43438,28.5381],[-81.43442,28.5381],[-81.43442,28.53665],[-81.43441,28.53624],[-81.43441,28.53616],[-81.4345,28.53616],[-81.43487,28.53615],[-81.43855,28.53611],[-81.43856,28.53536],[-81.43856,28.53519],[-81.43856,28.53443],[-81.44272,28.53439],[-81.44271,28.53515],[-81.44271,28.53531],[-81.44269,28.53614],[-81.44266,28.53798]],[[-81.43947,28.53802],[-81.43854,28.53804],[-81.43854,28.53807],[-81.43947,28.53806],[-81.43947,28.53802]]]}},{"type":"Feature","properties":{"name":"Lake Whippoorwill"},"geometry":{"type":"Polygon","coordinates":[[[-81.23856,28.38132],[-81.23858,28.37827],[-81.24429,28.37831],[-81.24428,28.38116],[-81.23856,28.38132]],[[-81.24018,28.38946],[-81.24019,28.389],[-81.23916,28.38901],[-81.2392,28.38536],[-81.23737,28.38536],[-81.23737,28.38445],[-81.23899,28.38445],[-81.23899,28.38308],[-81.24292,28.38308],[-81.24291,28.38336],[-81.24427,28.38336],[-81.24427,28.38363],[-81.24251,28.38363],[-81.24253,28.38406],[-81.24427,28.38407],[-81.24426,28.38537],[-81.24421,28.38865],[-81.24419,28.38944],[-81.24419,28.3899],[-81.24418,28.39035],[-81.24417,28.39081],[-81.24416,28.39126],[-81.24416,28.39171],[-81.24415,28.39217],[-81.24414,28.39262],[-81.24411,28.39262],[-81.24411,28.39298],[-81.24409,28.39405],[-81.2441,28.39516],[-81.24226,28.39517],[-81.24226,28.39578],[-81.23809,28.3958],[-81.23809,28.39407],[-81.2381,28.39302],[-81.2381,28.39175],[-81.24016,28.39173],[-81.24018,28.38946]]]}},{"type":"Feature","properties":{"name":"Vista East"},"geometry":{"type":"Polygon","coordinates":[[[-81.24083,28.48087],[-81.24011,28.47807],[-81.23994,28.47742],[-81.23895,28.47359],[-81.24438,28.47356],[-81.24608,28.47355],[-81.25336,28.47352],[-81.26067,28.47349],[-81.26066,28.45638],[-81.26066,28.45157],[-81.26066,28.44911],[-81.26082,28.44899],[-81.26486,28.44962],[-81.26552,28.4506],[-81.26617,28.45157],[-81.26628,28.45157],[-81.26684,28.45242],[-81.26736,28.4532],[-81.26788,28.45398],[-81.26763,28.45398],[-81.26814,28.45476],[-81.26893,28.45596],[-81.26432,28.45595],[-81.26458,28.45635],[-81.26907,28.45635],[-81.26919,28.45635],[-81.26945,28.45674],[-81.2697,28.45674],[-81.26996,28.45713],[-81.2651,28.45713],[-81.26536,28.45752],[-81.27022,28.45752],[-81.271,28.4587],[-81.27075,28.4587],[-81.27101,28.45909],[-81.27125,28.45909],[-81.27176,28.45985],[-81.27202,28.46025],[-81.27253,28.46103],[-81.27281,28.46145],[-81.27307,28.46185],[-81.27333,28.46224],[-81.27359,28.46263],[-81.27385,28.46302],[-81.27437,28.4638],[-81.27521,28.46511],[-81.27555,28.46562],[-81.27563,28.46578],[-81.27578,28.46578],[-81.27591,28.46599],[-81.27604,28.46618],[-81.27593,28.46618],[-81.27629,28.46671],[-81.27658,28.46716],[-81.27292,28.46716],[-81.27293,28.46761],[-81.27293,28.4685],[-81.27293,28.46894],[-81.27294,28.46939],[-81.27294,28.46954],[-81.27294,28.46984],[-81.27294,28.47028],[-81.27294,28.47073],[-81.27295,28.47117],[-81.27295,28.47151],[-81.27295,28.47162],[-81.27295,28.47206],[-81.27295,28.47209],[-81.27296,28.47349],[-81.27296,28.47352],[-81.27297,28.47542],[-81.27298,28.47727],[-81.27299,28.4808],[-81.27278,28.4808],[-81.26609,28.48081],[-81.26069,28.48081],[-81.2607,28.48811],[-81.25849,28.48812],[-81.2585,28.4915],[-81.26071,28.49149],[-81.26073,28.49542],[-81.25487,28.49545],[-81.2442,28.49549],[-81.2442,28.49367],[-81.24378,28.49367],[-81.24371,28.49292],[-81.2436,28.49217],[-81.24396,28.49183],[-81.24396,28.49167],[-81.24404,28.49167],[-81.24404,28.48789],[-81.24284,28.48696],[-81.24257,28.48692],[-81.24126,28.48243],[-81.24083,28.48087]]]}},{"type":"Feature","properties":{"name":"Baldwin Park"},"geometry":{"type":"Polygon","coordinates":[[[-81.31512,28.57541],[-81.315,28.56449],[-81.31511,28.56449],[-81.31511,28.56408],[-81.3151,28.56394],[-81.31509,28.56325],[-81.31509,28.5627],[-81.3154,28.5627],[-81.3154,28.56256],[-81.31546,28.56256],[-81.31546,28.56242],[-81.31555,28.56242],[-81.31555,28.56228],[-81.31555,28.56215],[-81.31555,28.56208],[-81.31554,28.56201],[-81.31554,28.56173],[-81.31562,28.56173],[-81.31601,28.56173],[-81.31601,28.56155],[-81.31616,28.56151],[-81.31631,28.56146],[-81.31631,28.5614],[-81.31631,28.56131],[-81.31646,28.56126],[-81.31645,28.56102],[-81.31648,28.56101],[-81.31653,28.56099],[-81.31656,28.56098],[-81.3166,28.56096],[-81.31663,28.56094],[-81.31667,28.56093],[-81.3167,28.56091],[-81.31674,28.56089],[-81.31683,28.56087],[-81.31713,28.56065],[-81.31723,28.56058],[-81.31735,28.56048],[-81.31745,28.56039],[-81.31752,28.56032],[-81.31757,28.56027],[-81.31766,28.56017],[-81.31774,28.56007],[-81.31783,28.55994],[-81.3179,28.55983],[-81.31794,28.55977],[-81.31797,28.55972],[-81.318,28.55966],[-81.31803,28.55961],[-81.31806,28.55954],[-81.31809,28.55948],[-81.31814,28.55935],[-81.31821,28.5592],[-81.31829,28.55902],[-81.31846,28.55863],[-81.31852,28.55846],[-81.31867,28.55846],[-81.31959,28.55845],[-81.31975,28.55845],[-81.32013,28.55844],[-81.32013,28.5583],[-81.32017,28.55827],[-81.32017,28.5581],[-81.32017,28.55803],[-81.32059,28.55802],[-81.32074,28.55802],[-81.32074,28.55775],[-81.32116,28.55774],[-81.32116,28.5576],[-81.32125,28.5576],[-81.32142,28.5576],[-81.32158,28.5576],[-81.32174,28.5576],[-81.32174,28.55757],[-81.32191,28.55757],[-81.32191,28.55746],[-81.32195,28.55746],[-81.32238,28.55745],[-81.32258,28.55745],[-81.32274,28.55745],[-81.32316,28.55744],[-81.32358,28.55744],[-81.32373,28.55743],[-81.32415,28.55743],[-81.32458,28.55742],[-81.32476,28.55742],[-81.3252,28.55742],[-81.3252,28.55714],[-81.32725,28.55712],[-81.32725,28.55705],[-81.32919,28.55705],[-81.32982,28.55705],[-81.32981,28.55747],[-81.33024,28.55746],[-81.33138,28.55743],[-81.33151,28.55742],[-81.33166,28.55742],[-81.33348,28.55742],[-81.3335,28.55996],[-81.33354,28.56088],[-81.33354,28.5609],[-81.33354,28.56101],[-81.33358,28.56214],[-81.3336,28.56335],[-81.33367,28.56456],[-81.33372,28.56594],[-81.33373,28.56626],[-81.33375,28.56802],[-81.33396,28.56796],[-81.33407,28.56794],[-81.33419,28.56792],[-81.33434,28.56791],[-81.33581,28.56787],[-81.33863,28.56788],[-81.33992,28.56787],[-81.33992,28.56788],[-81.33992,28.56799],[-81.33993,28.56832],[-81.33993,28.56863],[-81.33994,28.56898],[-81.33994,28.5692],[-81.33994,28.56942],[-81.33995,28.56963],[-81.33995,28.56985],[-81.33995,28.57007],[-81.33996,28.57029],[-81.33996,28.5705],[-81.33996,28.57072],[-81.33997,28.571],[-81.33997,28.57116],[-81.33998,28.57152],[-81.33998,28.57185],[-81.33999,28.57229],[-81.33999,28.57246],[-81.33999,28.57273],[-81.34,28.57293],[-81.34,28.57312],[-81.34001,28.57332],[-81.34001,28.57351],[-81.34001,28.5737],[-81.34001,28.57389],[-81.34002,28.57409],[-81.34002,28.57428],[-81.34002,28.57447],[-81.34002,28.57466],[-81.34003,28.57494],[-81.34003,28.57516],[-81.34003,28.57526],[-81.34004,28.57567],[-81.34005,28.57593],[-81.34005,28.57618],[-81.34005,28.57643],[-81.34006,28.57669],[-81.34006,28.57694],[-81.34006,28.57719],[-81.34007,28.57745],[-81.34007,28.5777],[-81.34007,28.57795],[-81.34008,28.5782],[-81.34008,28.57846],[-81.34009,28.57871],[-81.33977,28.57872],[-81.33822,28.57873],[-81.33502,28.57876],[-81.33499,28.57876],[-81.33488,28.57876],[-81.33486,28.57876],[-81.33312,28.57879],[-81.3331,28.57714],[-81.33291,28.57714],[-81.33183,28.57715],[-81.33173,28.57715],[-81.33173,28.57707],[-81.33173,28.57663],[-81.33172,28.57648],[-81.33172,28.57611],[-81.33172,28.57588],[-81.33171,28.57533],[-81.33117,28.57534],[-81.33076,28.57534],[-81.33053,28.57535],[-81.3303,28.57535],[-81.33006,28.57535],[-81.3298,28.57535],[-81.32953,28.57536],[-81.3293,28.57536],[-81.32906,28.57536],[-81.32883,28.57536],[-81.3286,28.57537],[-81.32836,28.57537],[-81.32811,28.57537],[-81.32778,28.57538],[-81.32759,28.57537],[-81.32759,28.5753],[-81.32613,28.57531],[-81.3246,28.57533],[-81.32465,28.57885],[-81.32465,28.57898],[-81.3246,28.57898],[-81.32463,28.58086],[-81.32464,28.58109],[-81.32464,28.5813],[-81.32464,28.5815],[-81.32465,28.58171],[-81.32465,28.58179],[-81.3244,28.5818],[-81.32414,28.58181],[-81.32388,28.58182],[-81.32361,28.58183],[-81.32337,28.58184],[-81.32313,28.58185],[-81.32289,28.58186],[-81.32264,28.58186],[-81.3224,28.58187],[-81.32216,28.58188],[-81.32191,28.58189],[-81.32167,28.5819],[-81.32143,28.58191],[-81.32119,28.58192],[-81.32093,28.58193],[-81.32071,28.58193],[-81.32046,28.58194],[-81.32021,28.58195],[-81.31997,28.58196],[-81.31973,28.58197],[-81.31948,28.58198],[-81.31884,28.58196],[-81.31792,28.58192],[-81.31654,28.58188],[-81.31623,28.58187],[-81.31595,28.58186],[-81.3159,28.58186],[-81.31568,28.58185],[-81.31562,28.58185],[-81.31541,28.58184],[-81.31534,28.58184],[-81.31523,28.58184],[-81.31523,28.5816],[-81.31522,28.58138],[-81.31522,28.58116],[-81.31522,28.58094],[-81.31521,28.58072],[-81.31521,28.58049],[-81.3152,28.58025],[-81.3152,28.58],[-81.3152,28.57973],[-81.31519,28.57944],[-81.31519,28.57913],[-81.31518,28.57871],[-81.31517,28.57846],[-81.31517,28.57801],[-81.31516,28.57785],[-81.31516,28.57743],[-81.31515,28.57719],[-81.31515,28.57699],[-81.31514,28.57653],[-81.31513,28.57555],[-81.31512,28.57541]],[[-81.3252,28.55783],[-81.3252,28.55769],[-81.32476,28.5577],[-81.32458,28.5577],[-81.32415,28.5577],[-81.32373,28.55771],[-81.32358,28.55771],[-81.32316,28.55772],[-81.32274,28.55772],[-81.32258,28.55772],[-81.32258,28.55786],[-81.32216,28.55787],[-81.32216,28.558],[-81.32174,28.55801],[-81.32159,28.55801],[-81.32159,28.55815],[-81.32117,28.55815],[-81.32117,28.55829],[-81.32075,28.5583],[-81.32059,28.5583],[-81.32059,28.55844],[-81.32059,28.55857],[-81.32026,28.55858],[-81.32026,28.55871],[-81.32017,28.55872],[-81.32017,28.55878],[-81.32017,28.55899],[-81.32017,28.55927],[-81.32017,28.55988],[-81.32029,28.56],[-81.31984,28.56034],[-81.31965,28.56049],[-81.31956,28.56052],[-81.31932,28.56062],[-81.3187,28.56063],[-81.3187,28.56031],[-81.31862,28.56031],[-81.31861,28.55984],[-81.31854,28.55984],[-81.31854,28.56026],[-81.31818,28.56027],[-81.31818,28.56035],[-81.31799,28.56042],[-81.31799,28.56064],[-81.31748,28.56065],[-81.31748,28.56086],[-81.31749,28.56113],[-81.31707,28.56113],[-81.31707,28.56119],[-81.31707,28.56122],[-81.31691,28.56128],[-81.31691,28.56137],[-81.31676,28.56142],[-81.31676,28.56171],[-81.31617,28.56192],[-81.31601,28.56193],[-81.31601,28.562],[-81.31601,28.56214],[-81.31602,28.56269],[-81.31602,28.56283],[-81.31571,28.56283],[-81.31571,28.56297],[-81.31568,28.56297],[-81.31568,28.56311],[-81.31562,28.56311],[-81.31562,28.56325],[-81.31556,28.56325],[-81.31556,28.56338],[-81.31557,28.56393],[-81.31557,28.56407],[-81.31558,28.56448],[-81.31588,28.56448],[-81.31598,28.56448],[-81.31605,28.56448],[-81.3162,28.56448],[-81.31667,28.56447],[-81.3168,28.56447],[-81.31682,28.56447],[-81.31698,28.56447],[-81.31714,28.56447],[-81.31759,28.56446],[-81.31776,28.56446],[-81.31816,28.56445],[-81.31839,28.56445],[-81.31854,28.56445],[-81.3187,28.56445],[-81.31901,28.56445],[-81.31918,28.56444],[-81.31957,28.56444],[-81.31962,28.56444],[-81.31973,28.56444],[-81.32021,28.56443],[-81.32123,28.56441],[-81.32114,28.56074],[-81.32167,28.56073],[-81.32216,28.56072],[-81.32231,28.56072],[-81.32246,28.56072],[-81.32369,28.5607],[-81.32392,28.56069],[-81.32431,28.56069],[-81.32467,28.56068],[-81.32518,28.56067],[-81.32519,28.55966],[-81.32519,28.55923],[-81.32519,28.55906],[-81.32519,28.55879],[-81.3252,28.55858],[-81.3252,28.55824],[-81.3252,28.55783]]]}},{"type":"Feature","properties":{"name":"College Park"},"geometry":{"type":"Polygon","coordinates":[[[-81.40416,28.57515],[-81.40456,28.57514],[-81.40458,28.57521],[-81.40458,28.57522],[-81.4046,28.57528],[-81.40462,28.57536],[-81.40464,28.57541],[-81.40466,28.57546],[-81.4043,28.5756],[-81.40429,28.57557],[-81.40427,28.57553],[-81.40425,28.57547],[-81.40424,28.57543],[-81.40423,28.57539],[-81.40421,28.57533],[-81.4042,28.57528],[-81.40418,28.57521],[-81.40416,28.57515]],[[-81.40269,28.57785],[-81.40292,28.57785],[-81.40292,28.57815],[-81.40277,28.57816],[-81.40261,28.57816],[-81.4023,28.57816],[-81.40203,28.57816],[-81.402,28.57813],[-81.402,28.57786],[-81.40214,28.57786],[-81.4023,28.57786],[-81.40245,28.57786],[-81.40261,28.57785],[-81.40269,28.57785]],[[-81.37691,28.58593],[-81.37722,28.58593],[-81.37723,28.58671],[-81.37677,28.58671],[-81.37676,28.58632],[-81.37692,28.58632],[-81.37691,28.58593]],[[-81.38974,28.59002],[-81.38973,28.58934],[-81.38767,28.58937],[-81.38766,28.58923],[-81.3856,28.58926],[-81.3856,28.58933],[-81.38553,28.58933],[-81.38523,28.58933],[-81.38464,28.58934],[-81.38464,28.58931],[-81.38458,28.58931],[-81.38359,28.58933],[-81.38344,28.58933],[-81.37853,28.58939],[-81.37853,28.58942],[-81.37837,28.58942],[-81.37812,28.58942],[-81.3779,28.58924],[-81.3778,28.58915],[-81.37764,28.58902],[-81.37749,28.58888],[-81.37743,28.58883],[-81.37742,28.58861],[-81.37742,28.58833],[-81.37741,28.58806],[-81.37741,28.58792],[-81.37741,28.58764],[-81.3774,28.58737],[-81.3774,28.58709],[-81.37739,28.58682],[-81.37739,28.58654],[-81.37738,28.58627],[-81.37738,28.58599],[-81.37737,28.58572],[-81.37737,28.58544],[-81.37736,28.58509],[-81.37738,28.58509],[-81.37737,28.58494],[-81.37737,28.5848],[-81.37737,28.58468],[-81.37737,28.58454],[-81.3772,28.58454],[-81.3772,28.58469],[-81.37679,28.58469],[-81.37679,28.58436],[-81.3772,28.58436],[-81.37719,28.58422],[-81.37718,28.5839],[-81.37718,28.58358],[-81.37717,28.58336],[-81.37717,28.58323],[-81.37674,28.58323],[-81.37674,28.58337],[-81.3763,28.58338],[-81.37628,28.5823],[-81.37613,28.58231],[-81.37593,28.58231],[-81.37517,28.58231],[-81.37517,28.58222],[-81.37516,28.58095],[-81.37513,28.57991],[-81.37508,28.57857],[-81.37571,28.57498],[-81.37577,28.57468],[-81.37581,28.57441],[-81.37574,28.57308],[-81.37573,28.57129],[-81.37576,28.56958],[-81.37575,28.56865],[-81.37576,28.56769],[-81.37597,28.56608],[-81.37675,28.56506],[-81.37767,28.56382],[-81.37864,28.5625],[-81.37953,28.56137],[-81.38027,28.56044],[-81.38055,28.56009],[-81.38062,28.55983],[-81.38067,28.55966],[-81.38085,28.55911],[-81.38127,28.55768],[-81.38136,28.55716],[-81.38232,28.55379],[-81.38241,28.5534],[-81.38246,28.55304],[-81.38275,28.55303],[-81.38311,28.55302],[-81.3843,28.55301],[-81.38476,28.553],[-81.38607,28.55301],[-81.38708,28.55301],[-81.38766,28.55302],[-81.38845,28.55301],[-81.38885,28.55301],[-81.38928,28.55302],[-81.38992,28.55301],[-81.39099,28.553],[-81.39162,28.55299],[-81.39275,28.55299],[-81.39336,28.55299],[-81.39469,28.55297],[-81.39543,28.55292],[-81.39558,28.55292],[-81.39561,28.55538],[-81.39561,28.55585],[-81.3956,28.55673],[-81.39561,28.55683],[-81.39563,28.55696],[-81.39564,28.55701],[-81.39567,28.55712],[-81.39568,28.55715],[-81.39572,28.55726],[-81.39578,28.5574],[-81.39577,28.55752],[-81.39587,28.55778],[-81.39598,28.55801],[-81.39724,28.56004],[-81.39951,28.56373],[-81.39954,28.56381],[-81.3994,28.56381],[-81.39987,28.56447],[-81.40008,28.56483],[-81.40013,28.56491],[-81.40023,28.56507],[-81.40036,28.5653],[-81.40053,28.56556],[-81.40143,28.56699],[-81.40167,28.56737],[-81.40179,28.56737],[-81.40177,28.56774],[-81.40179,28.56791],[-81.40186,28.57109],[-81.40185,28.57109],[-81.40191,28.57331],[-81.40193,28.57331],[-81.40194,28.57362],[-81.40273,28.5736],[-81.40417,28.57359],[-81.40425,28.57393],[-81.40454,28.57507],[-81.40414,28.57508],[-81.40402,28.57508],[-81.40402,28.57522],[-81.40411,28.57552],[-81.4042,28.57577],[-81.40414,28.57577],[-81.40415,28.57618],[-81.40383,28.57619],[-81.40352,28.57619],[-81.40352,28.57578],[-81.40305,28.57578],[-81.40305,28.57537],[-81.40289,28.57537],[-81.40242,28.57538],[-81.40243,28.57551],[-81.40197,28.57552],[-81.40198,28.57577],[-81.40243,28.57576],[-81.40243,28.57593],[-81.40198,28.57593],[-81.40179,28.57593],[-81.40182,28.57818],[-81.40184,28.58002],[-81.40183,28.58006],[-81.40181,28.58015],[-81.4018,28.5802],[-81.40177,28.58024],[-81.40173,28.58031],[-81.40167,28.58039],[-81.40161,28.58043],[-81.40157,28.58046],[-81.40149,28.58051],[-81.40144,28.58052],[-81.40138,28.58055],[-81.40131,28.58057],[-81.40124,28.58058],[-81.40119,28.58059],[-81.40105,28.58059],[-81.40092,28.58061],[-81.40079,28.58064],[-81.40066,28.58068],[-81.40054,28.58073],[-81.4005,28.58075],[-81.40041,28.58081],[-81.39953,28.5814],[-81.39909,28.5817],[-81.39873,28.58192],[-81.39837,28.58207],[-81.39789,28.58229],[-81.39689,28.58269],[-81.39628,28.58289],[-81.39599,28.58296],[-81.39552,28.58304],[-81.39435,28.58329],[-81.39386,28.58338],[-81.39148,28.58377],[-81.39162,28.58388],[-81.39313,28.58518],[-81.39308,28.58522],[-81.39309,28.58523],[-81.39314,28.58529],[-81.39318,28.58534],[-81.39325,28.58544],[-81.39331,28.58554],[-81.39343,28.58575],[-81.39346,28.58581],[-81.39349,28.58588],[-81.39351,28.58595],[-81.39353,28.58599],[-81.39355,28.58604],[-81.39357,28.5861],[-81.39359,28.58617],[-81.39359,28.5862],[-81.3936,28.58624],[-81.39361,28.58628],[-81.39362,28.58631],[-81.39362,28.58634],[-81.39363,28.58638],[-81.39365,28.58654],[-81.39366,28.58658],[-81.39366,28.58662],[-81.39366,28.58666],[-81.39366,28.58671],[-81.39367,28.58688],[-81.39368,28.58747],[-81.39369,28.58837],[-81.39365,28.58841],[-81.39354,28.58841],[-81.39355,28.58856],[-81.39365,28.58856],[-81.3937,28.58859],[-81.3937,28.58873],[-81.39371,28.5889],[-81.39372,28.58902],[-81.39373,28.58912],[-81.39375,28.58922],[-81.39377,28.58936],[-81.3938,28.58949],[-81.39383,28.58965],[-81.39361,28.58965],[-81.39363,28.58998],[-81.38974,28.59002]]]}},{"type":"Feature","properties":{"name":"Boggy Creek"},"geometry":{"type":"Polygon","coordinates":[[[-81.35726,28.42311],[-81.35725,28.42166],[-81.35925,28.42167],[-81.35925,28.42216],[-81.35726,28.42311]],[[-81.34769,28.42342],[-81.34769,28.42165],[-81.349,28.42165],[-81.349,28.42342],[-81.34769,28.42342]],[[-81.35417,28.42883],[-81.35417,28.42709],[-81.35314,28.42708],[-81.35313,28.42525],[-81.35122,28.42525],[-81.35122,28.42432],[-81.35299,28.42433],[-81.35299,28.42354],[-81.35427,28.42354],[-81.3558,28.42355],[-81.35725,28.42355],[-81.35725,28.42336],[-81.35925,28.42241],[-81.35925,28.42344],[-81.35829,28.42344],[-81.35829,28.42711],[-81.35726,28.4271],[-81.35726,28.42885],[-81.35571,28.42884],[-81.3552,28.42884],[-81.35417,28.42883]],[[-81.34698,28.43727],[-81.34697,28.43627],[-81.34695,28.43627],[-81.34695,28.4324],[-81.34696,28.429],[-81.34696,28.42878],[-81.34695,28.42706],[-81.34702,28.42706],[-81.349,28.42707],[-81.34899,28.42881],[-81.34902,28.42901],[-81.34946,28.42901],[-81.35211,28.42901],[-81.35212,28.43033],[-81.35212,28.43077],[-81.35314,28.43077],[-81.35315,28.43276],[-81.35626,28.43276],[-81.35625,28.43254],[-81.35624,28.43081],[-81.35727,28.43082],[-81.3578,28.43082],[-81.35779,28.42992],[-81.35878,28.42993],[-81.35877,28.42903],[-81.35896,28.42902],[-81.35897,28.42993],[-81.35927,28.42993],[-81.35927,28.43083],[-81.35928,28.43278],[-81.36362,28.43275],[-81.36362,28.43374],[-81.36457,28.43373],[-81.3646,28.43635],[-81.36567,28.43634],[-81.36724,28.43634],[-81.36732,28.43641],[-81.36733,28.43698],[-81.36728,28.43741],[-81.36726,28.4375],[-81.36724,28.43759],[-81.36722,28.43769],[-81.36709,28.43811],[-81.36694,28.43817],[-81.36676,28.43822],[-81.36654,28.43824],[-81.36639,28.43824],[-81.36631,28.43823],[-81.36621,28.43822],[-81.36613,28.43821],[-81.36603,28.43819],[-81.36593,28.43816],[-81.3658,28.43812],[-81.36571,28.43808],[-81.3656,28.43801],[-81.36551,28.43796],[-81.36543,28.4379],[-81.36535,28.43783],[-81.36516,28.43764],[-81.36505,28.43753],[-81.36495,28.43746],[-81.36488,28.43742],[-81.36478,28.43736],[-81.3647,28.43732],[-81.36452,28.43726],[-81.36441,28.43722],[-81.3643,28.4372],[-81.36416,28.43718],[-81.36404,28.43718],[-81.3638,28.43717],[-81.3638,28.43635],[-81.3638,28.43607],[-81.36286,28.43607],[-81.36284,28.43455],[-81.35935,28.43458],[-81.35936,28.43617],[-81.35108,28.4362],[-81.3511,28.44014],[-81.34784,28.44017],[-81.347,28.44018],[-81.34698,28.43727]],[[-81.35041,28.42096],[-81.35035,28.42086],[-81.35019,28.4206],[-81.34964,28.41985],[-81.34926,28.41933],[-81.3491,28.41912],[-81.34835,28.41808],[-81.34767,28.41715],[-81.34694,28.41614],[-81.34624,28.4152],[-81.34615,28.41508],[-81.34607,28.41497],[-81.34598,28.41487],[-81.3459,28.41476],[-81.34581,28.41466],[-81.34563,28.41446],[-81.34553,28.41437],[-81.34544,28.41427],[-81.34534,28.41417],[-81.34524,28.41408],[-81.34355,28.41253],[-81.34343,28.41243],[-81.34303,28.41205],[-81.34267,28.41173],[-81.34267,28.41149],[-81.34133,28.41026],[-81.34084,28.40981],[-81.34035,28.40937],[-81.33961,28.40869],[-81.33864,28.40779],[-81.33842,28.4076],[-81.3361,28.40547],[-81.33603,28.4054],[-81.33595,28.40533],[-81.33588,28.40525],[-81.33581,28.40518],[-81.3357,28.40505],[-81.33567,28.405],[-81.33558,28.40488],[-81.33552,28.40481],[-81.33543,28.40467],[-81.33536,28.40456],[-81.33529,28.40441],[-81.33453,28.40311],[-81.33398,28.40215],[-81.33391,28.40202],[-81.33385,28.4019],[-81.33381,28.40184],[-81.33376,28.40172],[-81.3337,28.40156],[-81.33502,28.40157],[-81.33541,28.40185],[-81.33965,28.40187],[-81.33963,28.40189],[-81.34271,28.40191],[-81.35093,28.4016],[-81.35105,28.40159],[-81.35514,28.40146],[-81.35515,28.40332],[-81.35515,28.40365],[-81.35929,28.40364],[-81.36347,28.40363],[-81.3703,28.40361],[-81.37097,28.40366],[-81.37146,28.40375],[-81.37188,28.40386],[-81.37222,28.40398],[-81.37267,28.40417],[-81.37304,28.40436],[-81.37342,28.4046],[-81.3737,28.40481],[-81.3737,28.40514],[-81.37408,28.40514],[-81.37431,28.40538],[-81.37453,28.40564],[-81.37449,28.40619],[-81.37411,28.40696],[-81.37433,28.40697],[-81.37426,28.40865],[-81.37425,28.40873],[-81.37415,28.41105],[-81.37413,28.41138],[-81.37405,28.41185],[-81.374,28.41206],[-81.37387,28.41247],[-81.37375,28.4128],[-81.37307,28.41427],[-81.37288,28.41424],[-81.3725,28.41523],[-81.37219,28.41592],[-81.37208,28.41634],[-81.372,28.41657],[-81.37177,28.41706],[-81.37165,28.41735],[-81.3716,28.41752],[-81.37156,28.41792],[-81.37169,28.41792],[-81.37354,28.41792],[-81.37242,28.42157],[-81.37119,28.42157],[-81.37116,28.42157],[-81.36839,28.42158],[-81.36839,28.42152],[-81.36839,28.42136],[-81.36616,28.42136],[-81.36616,28.42081],[-81.3657,28.42082],[-81.36551,28.42095],[-81.36551,28.42137],[-81.35958,28.42139],[-81.35958,28.42155],[-81.35958,28.42161],[-81.35725,28.42161],[-81.35313,28.4216],[-81.35066,28.4216],[-81.35062,28.42142],[-81.35059,28.42133],[-81.35055,28.42124],[-81.35051,28.42114],[-81.35046,28.42105],[-81.35041,28.42096]]]}},{"type":"Feature","properties":{"name":"Airport North"},"geometry":{"type":"Polygon","coordinates":[[[-81.27318,28.46165],[-81.27335,28.46156],[-81.27426,28.46156],[-81.27426,28.4619],[-81.27335,28.4619],[-81.27318,28.46165]],[[-81.27391,28.46275],[-81.27357,28.46223],[-81.27458,28.46223],[-81.27457,28.46268],[-81.27434,28.46267],[-81.27431,28.46268],[-81.27427,28.46268],[-81.2742,28.46269],[-81.27415,28.46271],[-81.27403,28.46275],[-81.27399,28.46275],[-81.27398,28.46275],[-81.27394,28.46275],[-81.27391,28.46275]],[[-81.29368,28.48092],[-81.29467,28.48092],[-81.29467,28.48134],[-81.29368,28.48134],[-81.29368,28.48092]],[[-81.27619,28.47162],[-81.27948,28.4716],[-81.27955,28.47172],[-81.27975,28.47205],[-81.27619,28.47206],[-81.27619,28.47162]],[[-81.33294,28.45345],[-81.33301,28.45335],[-81.33309,28.45324],[-81.33316,28.45313],[-81.33324,28.453],[-81.3333,28.45288],[-81.33335,28.45277],[-81.33339,28.45266],[-81.33344,28.45252],[-81.33354,28.45252],[-81.33354,28.45249],[-81.33404,28.45249],[-81.33404,28.45341],[-81.33475,28.4534],[-81.33477,28.45489],[-81.33271,28.4549],[-81.33272,28.45673],[-81.33084,28.45674],[-81.33085,28.4566],[-81.33089,28.45643],[-81.33093,28.45626],[-81.33097,28.4561],[-81.33104,28.45593],[-81.33111,28.45579],[-81.3312,28.45562],[-81.3313,28.45547],[-81.33144,28.45528],[-81.33176,28.4549],[-81.33253,28.454],[-81.33285,28.45362],[-81.33282,28.4536],[-81.33294,28.45345]],[[-81.31892,28.48424],[-81.3189,28.48075],[-81.31942,28.48075],[-81.32046,28.48079],[-81.32156,28.48079],[-81.32156,28.48086],[-81.32201,28.48087],[-81.32201,28.48066],[-81.32253,28.48065],[-81.32253,28.48087],[-81.32668,28.48083],[-81.32668,28.4842],[-81.3215,28.48423],[-81.31892,28.48424]],[[-81.29154,28.48246],[-81.29153,28.48172],[-81.29055,28.48173],[-81.29055,28.48114],[-81.29016,28.48114],[-81.29016,28.48075],[-81.29015,28.48071],[-81.29055,28.48081],[-81.29153,28.48081],[-81.29151,28.47714],[-81.28955,28.47716],[-81.28936,28.47716],[-81.28937,28.47847],[-81.28937,28.4791],[-81.28937,28.47937],[-81.28938,28.48001],[-81.28938,28.48033],[-81.28938,28.48065],[-81.28938,28.48074],[-81.28714,28.48076],[-81.28713,28.48067],[-81.28713,28.48035],[-81.28713,28.48002],[-81.28713,28.47969],[-81.2864,28.4797],[-81.2864,28.47937],[-81.28636,28.47937],[-81.28636,28.47893],[-81.28712,28.47892],[-81.28738,28.47892],[-81.28712,28.47869],[-81.28689,28.4785],[-81.28667,28.47831],[-81.28634,28.47802],[-81.28639,28.47798],[-81.28616,28.47779],[-81.28609,28.47785],[-81.28632,28.47803],[-81.28591,28.4784],[-81.28591,28.47893],[-81.28551,28.47894],[-81.2855,28.4784],[-81.28551,28.47758],[-81.2855,28.4775],[-81.28572,28.47741],[-81.28555,28.47702],[-81.28543,28.4769],[-81.28524,28.47674],[-81.28524,28.47527],[-81.28354,28.47528],[-81.28203,28.47398],[-81.2819,28.47386],[-81.2817,28.47368],[-81.28155,28.47354],[-81.28137,28.47337],[-81.2813,28.4733],[-81.28095,28.47294],[-81.28522,28.47292],[-81.28523,28.47248],[-81.28129,28.4725],[-81.28054,28.4725],[-81.28022,28.47215],[-81.28005,28.47193],[-81.27988,28.47172],[-81.27982,28.47164],[-81.27921,28.47078],[-81.27858,28.46983],[-81.2795,28.46983],[-81.28118,28.46982],[-81.28118,28.4699],[-81.28127,28.4699],[-81.28226,28.46989],[-81.28423,28.46988],[-81.28521,28.46988],[-81.2852,28.46971],[-81.2852,28.46952],[-81.28519,28.46668],[-81.28107,28.46669],[-81.27665,28.4667],[-81.27639,28.46631],[-81.27638,28.46628],[-81.27638,28.46625],[-81.27638,28.46622],[-81.27639,28.4662],[-81.2764,28.46618],[-81.27617,28.46618],[-81.27592,28.46581],[-81.2759,28.46578],[-81.27565,28.46538],[-81.27537,28.46497],[-81.27547,28.46497],[-81.27544,28.46492],[-81.27543,28.46491],[-81.27537,28.46483],[-81.27536,28.46482],[-81.2753,28.46473],[-81.27518,28.46457],[-81.27512,28.46449],[-81.27485,28.46418],[-81.27434,28.4634],[-81.27704,28.46342],[-81.27703,28.46224],[-81.27702,28.45909],[-81.27702,28.4587],[-81.27123,28.45869],[-81.27044,28.45752],[-81.27701,28.45751],[-81.277,28.45555],[-81.27501,28.45555],[-81.27452,28.45555],[-81.27402,28.45556],[-81.27376,28.45516],[-81.2735,28.45477],[-81.27298,28.45399],[-81.26812,28.45399],[-81.26762,28.4532],[-81.26739,28.45281],[-81.26724,28.45253],[-81.26722,28.45242],[-81.26699,28.45202],[-81.26683,28.45203],[-81.26667,28.4518],[-81.26624,28.45114],[-81.26525,28.44965],[-81.26814,28.44896],[-81.26872,28.44896],[-81.26871,28.44813],[-81.27397,28.44813],[-81.28,28.44813],[-81.28027,28.44813],[-81.28059,28.44814],[-81.28073,28.44814],[-81.28104,28.44814],[-81.28138,28.44813],[-81.28162,28.44813],[-81.28184,28.44813],[-81.28194,28.44813],[-81.28209,28.44813],[-81.28226,28.44814],[-81.28227,28.44814],[-81.28237,28.44814],[-81.28278,28.44816],[-81.28285,28.44821],[-81.28392,28.44827],[-81.28425,28.44828],[-81.28858,28.44905],[-81.29075,28.44941],[-81.29076,28.45036],[-81.28927,28.45013],[-81.28927,28.45146],[-81.30037,28.45143],[-81.30351,28.4514],[-81.30645,28.45139],[-81.30755,28.45138],[-81.3093,28.45138],[-81.31037,28.45137],[-81.31046,28.45137],[-81.31072,28.45137],[-81.31095,28.45137],[-81.31433,28.45135],[-81.32651,28.45135],[-81.33062,28.45131],[-81.33063,28.45178],[-81.33064,28.4535],[-81.33069,28.45354],[-81.3317,28.4542],[-81.33171,28.45432],[-81.33149,28.45458],[-81.33125,28.45485],[-81.33106,28.45509],[-81.33091,28.45531],[-81.33081,28.45547],[-81.33071,28.45569],[-81.33064,28.45585],[-81.3306,28.45602],[-81.33057,28.45617],[-81.33055,28.4565],[-81.33058,28.45857],[-81.3306,28.45857],[-81.33061,28.46036],[-81.32697,28.46038],[-81.32698,28.46042],[-81.33059,28.4604],[-81.3306,28.46224],[-81.33065,28.46582],[-81.33064,28.46696],[-81.32809,28.46697],[-81.32809,28.46774],[-81.33064,28.46773],[-81.33065,28.47092],[-81.33051,28.47092],[-81.3305,28.47138],[-81.33066,28.47138],[-81.33066,28.47167],[-81.33026,28.47167],[-81.33026,28.47184],[-81.33066,28.47184],[-81.33066,28.47257],[-81.33051,28.47257],[-81.33051,28.4732],[-81.33066,28.4732],[-81.33069,28.47868],[-81.32872,28.47869],[-81.32871,28.47687],[-81.32665,28.47688],[-81.3251,28.47689],[-81.32512,28.47979],[-81.32476,28.47979],[-81.32476,28.47993],[-81.3246,28.47993],[-81.3246,28.48046],[-81.32409,28.48046],[-81.32357,28.48046],[-81.32253,28.48047],[-81.32201,28.48048],[-81.32097,28.48048],[-81.32097,28.4787],[-81.32148,28.47869],[-81.32148,28.47691],[-81.31837,28.47692],[-81.31372,28.47694],[-81.31372,28.47698],[-81.31327,28.47698],[-81.31326,28.48044],[-81.31317,28.48044],[-81.31316,28.47694],[-81.31269,28.47695],[-81.3127,28.48052],[-81.31226,28.48052],[-81.31105,28.48052],[-81.31105,28.48042],[-81.31047,28.48042],[-81.31042,28.48039],[-81.31042,28.48062],[-81.31012,28.48062],[-81.30908,28.48062],[-81.30908,28.48047],[-81.30907,28.47696],[-81.3039,28.47699],[-81.30183,28.477],[-81.30183,28.47518],[-81.29877,28.47519],[-81.29876,28.47336],[-81.29561,28.47338],[-81.29563,28.47712],[-81.29357,28.47713],[-81.29249,28.47713],[-81.29251,28.48063],[-81.29251,28.4808],[-81.29349,28.48079],[-81.29349,28.48186],[-81.2929,28.48187],[-81.29286,28.48217],[-81.29285,28.48217],[-81.29285,28.48245],[-81.29154,28.48246]],[[-81.32081,28.46341],[-81.32065,28.4634],[-81.32056,28.46405],[-81.32081,28.46447],[-81.32102,28.46586],[-81.32118,28.46586],[-81.32096,28.46444],[-81.32096,28.46443],[-81.32072,28.46402],[-81.32081,28.46341]],[[-81.32558,28.46958],[-81.32557,28.46593],[-81.32454,28.46593],[-81.32455,28.46958],[-81.32558,28.46958]]]}},{"type":"Feature","properties":{"name":"Princeton/Silver Star"},"geometry":{"type":"Polygon","coordinates":[[[-81.42285,28.5563],[-81.42527,28.55628],[-81.42529,28.55768],[-81.42532,28.55978],[-81.42291,28.55982],[-81.42288,28.55838],[-81.42286,28.5571],[-81.42285,28.5563]],[[-81.42064,28.58889],[-81.42062,28.58723],[-81.41961,28.58723],[-81.4196,28.58668],[-81.41863,28.58669],[-81.41861,28.5855],[-81.42261,28.58548],[-81.42265,28.58887],[-81.42064,28.58889]],[[-81.41537,28.5909],[-81.41535,28.59],[-81.4149,28.59],[-81.41475,28.58973],[-81.41461,28.58945],[-81.4146,28.58909],[-81.41484,28.58909],[-81.41484,28.58849],[-81.41331,28.58851],[-81.41331,28.5891],[-81.41255,28.58911],[-81.41196,28.58798],[-81.41274,28.58797],[-81.4123,28.58714],[-81.41152,28.58715],[-81.41075,28.58568],[-81.4108,28.5856],[-81.41091,28.5856],[-81.41091,28.58555],[-81.41314,28.58553],[-81.41364,28.58647],[-81.41364,28.58679],[-81.41371,28.58692],[-81.41373,28.58695],[-81.41375,28.58696],[-81.41378,28.58698],[-81.4138,28.58698],[-81.41385,28.58699],[-81.41503,28.58698],[-81.41502,28.58643],[-81.41534,28.58644],[-81.41534,28.58553],[-81.4151,28.58552],[-81.41499,28.58552],[-81.41435,28.58553],[-81.41434,28.58536],[-81.41348,28.58537],[-81.41326,28.58537],[-81.41321,28.58371],[-81.41242,28.58372],[-81.4123,28.58372],[-81.4123,28.58367],[-81.41229,28.58354],[-81.41241,28.58354],[-81.41239,28.58284],[-81.41239,28.58269],[-81.41237,28.5818],[-81.41233,28.58092],[-81.41324,28.58091],[-81.41324,28.58083],[-81.41335,28.58085],[-81.41341,28.58086],[-81.41348,28.58088],[-81.41354,28.58091],[-81.41366,28.58096],[-81.41372,28.581],[-81.4138,28.58105],[-81.41386,28.5811],[-81.41392,28.58115],[-81.41399,28.58122],[-81.41405,28.58131],[-81.41409,28.58137],[-81.41413,28.58144],[-81.41416,28.5815],[-81.41419,28.5816],[-81.41417,28.5809],[-81.4143,28.5809],[-81.41429,28.58003],[-81.41523,28.58],[-81.41523,28.57973],[-81.41317,28.57977],[-81.41317,28.57979],[-81.41051,28.57976],[-81.41047,28.57832],[-81.41047,28.57828],[-81.40924,28.57829],[-81.40719,28.57832],[-81.40719,28.5786],[-81.40723,28.57898],[-81.40727,28.57923],[-81.40736,28.57959],[-81.40748,28.57993],[-81.4076,28.58019],[-81.40811,28.58116],[-81.4091,28.58304],[-81.40916,28.58304],[-81.40997,28.58457],[-81.41016,28.58457],[-81.41028,28.5848],[-81.41084,28.5848],[-81.41087,28.58524],[-81.41083,28.58524],[-81.41083,28.58533],[-81.41001,28.58534],[-81.40739,28.58039],[-81.40721,28.58],[-81.40707,28.57959],[-81.40699,28.57929],[-81.40695,28.57901],[-81.40693,28.57885],[-81.40691,28.57869],[-81.40691,28.57832],[-81.4069,28.57726],[-81.4069,28.57635],[-81.40687,28.57581],[-81.40684,28.57554],[-81.40679,28.57528],[-81.40672,28.57493],[-81.40663,28.57457],[-81.40597,28.57458],[-81.40598,28.57595],[-81.40592,28.57595],[-81.40593,28.57645],[-81.40532,28.57645],[-81.40513,28.5761],[-81.40493,28.57567],[-81.4048,28.57531],[-81.40475,28.57513],[-81.40473,28.57506],[-81.40443,28.5739],[-81.40425,28.57393],[-81.40417,28.57359],[-81.40273,28.5736],[-81.40194,28.57362],[-81.40193,28.57331],[-81.40191,28.57331],[-81.40185,28.57109],[-81.40186,28.57109],[-81.40179,28.56791],[-81.40177,28.56774],[-81.40179,28.56737],[-81.40167,28.56737],[-81.40143,28.56699],[-81.40053,28.56556],[-81.40036,28.5653],[-81.40023,28.56507],[-81.40013,28.56491],[-81.41007,28.56488],[-81.40997,28.56011],[-81.41397,28.56005],[-81.41543,28.56006],[-81.41812,28.55998],[-81.41812,28.56006],[-81.42225,28.55999],[-81.42639,28.55992],[-81.4264,28.56091],[-81.42642,28.56256],[-81.42643,28.56347],[-81.42645,28.56528],[-81.42646,28.56619],[-81.42646,28.56706],[-81.42543,28.56707],[-81.4244,28.56708],[-81.42438,28.56531],[-81.42325,28.56532],[-81.42327,28.56709],[-81.42028,28.56712],[-81.41822,28.56714],[-81.41822,28.56718],[-81.42234,28.56714],[-81.42234,28.56722],[-81.42646,28.56718],[-81.42647,28.56726],[-81.42641,28.56732],[-81.42636,28.56739],[-81.42631,28.56748],[-81.42628,28.56758],[-81.42626,28.56766],[-81.42625,28.56776],[-81.42625,28.56782],[-81.42627,28.56794],[-81.4263,28.56837],[-81.42591,28.56837],[-81.42591,28.56858],[-81.42631,28.56857],[-81.42635,28.56904],[-81.42638,28.56948],[-81.4264,28.56974],[-81.42641,28.56999],[-81.42642,28.57028],[-81.42632,28.57035],[-81.42507,28.57017],[-81.42507,28.57018],[-81.42472,28.57013],[-81.42251,28.56981],[-81.42251,28.56964],[-81.42238,28.56964],[-81.42238,28.56952],[-81.42225,28.56953],[-81.42226,28.56977],[-81.42187,28.56972],[-81.42104,28.56961],[-81.4202,28.56953],[-81.41956,28.56948],[-81.41958,28.56921],[-81.41933,28.56919],[-81.41931,28.56947],[-81.41889,28.56945],[-81.41805,28.56943],[-81.41728,28.56944],[-81.41728,28.5694],[-81.41673,28.56942],[-81.41612,28.56945],[-81.41592,28.56921],[-81.41619,28.57032],[-81.41635,28.57007],[-81.41682,28.57005],[-81.41764,28.57002],[-81.41845,28.57003],[-81.41886,28.57004],[-81.41927,28.57006],[-81.41926,28.57026],[-81.4195,28.57028],[-81.41952,28.57003],[-81.42014,28.57007],[-81.42136,28.5702],[-81.42227,28.57033],[-81.42227,28.57079],[-81.42252,28.57079],[-81.42252,28.57037],[-81.4245,28.57066],[-81.4245,28.57069],[-81.42638,28.57096],[-81.4267,28.57098],[-81.42855,28.57125],[-81.42873,28.57128],[-81.42872,28.5713],[-81.42944,28.57141],[-81.42951,28.57142],[-81.42966,28.57145],[-81.42976,28.57146],[-81.42989,28.57149],[-81.43001,28.57152],[-81.43013,28.57155],[-81.43025,28.57159],[-81.43036,28.57162],[-81.43043,28.57172],[-81.43044,28.57226],[-81.43045,28.57256],[-81.42963,28.57256],[-81.42859,28.57257],[-81.42663,28.57259],[-81.42664,28.5727],[-81.42663,28.57273],[-81.4266,28.57284],[-81.42655,28.57296],[-81.42656,28.57429],[-81.42656,28.57438],[-81.42608,28.57438],[-81.42601,28.57442],[-81.42593,28.57446],[-81.42588,28.57448],[-81.42582,28.57449],[-81.42576,28.5745],[-81.42571,28.5745],[-81.42554,28.57451],[-81.42554,28.57456],[-81.42556,28.5754],[-81.42559,28.57617],[-81.42559,28.57625],[-81.42662,28.57625],[-81.42657,28.57446],[-81.4276,28.57445],[-81.42961,28.57444],[-81.43055,28.57444],[-81.4306,28.57622],[-81.42966,28.57623],[-81.42869,28.57623],[-81.42874,28.57821],[-81.4294,28.5782],[-81.42941,28.57867],[-81.4297,28.57866],[-81.42969,28.5782],[-81.42997,28.5782],[-81.43065,28.57819],[-81.43067,28.57866],[-81.43069,28.57965],[-81.42944,28.57966],[-81.42947,28.58074],[-81.43072,28.58074],[-81.43076,28.58171],[-81.43072,28.58172],[-81.42679,28.58174],[-81.42571,28.58174],[-81.42471,28.58174],[-81.42272,28.58175],[-81.42274,28.58353],[-81.42271,28.58361],[-81.42273,28.58534],[-81.42245,28.58534],[-81.4216,28.58534],[-81.42059,28.58535],[-81.42059,28.58532],[-81.41969,28.58533],[-81.41969,28.58535],[-81.41959,28.58535],[-81.41955,28.58272],[-81.41954,28.58182],[-81.41951,28.58176],[-81.41948,28.57994],[-81.41944,28.5783],[-81.41944,28.57826],[-81.41937,28.57825],[-81.41937,28.57922],[-81.41859,28.57922],[-81.41859,28.57878],[-81.41909,28.57877],[-81.41908,28.57825],[-81.41836,28.57826],[-81.41836,28.57867],[-81.41794,28.57867],[-81.41796,28.57914],[-81.41684,28.57915],[-81.41687,28.58006],[-81.4184,28.58005],[-81.41841,28.5804],[-81.41773,28.58041],[-81.41775,28.58177],[-81.41693,28.58178],[-81.41695,28.58268],[-81.41697,28.58406],[-81.41699,28.58534],[-81.41637,28.58535],[-81.41638,28.58551],[-81.41638,28.58597],[-81.41639,28.58642],[-81.41641,28.58832],[-81.41642,28.58849],[-81.41643,28.58871],[-81.41645,28.58888],[-81.41646,28.58903],[-81.41649,28.5892],[-81.41653,28.58941],[-81.41658,28.58959],[-81.41663,28.58979],[-81.4167,28.58998],[-81.41676,28.59014],[-81.41683,28.59032],[-81.41691,28.5905],[-81.41698,28.59063],[-81.41705,28.59076],[-81.41706,28.59078],[-81.41713,28.5909],[-81.41709,28.59092],[-81.41726,28.59119],[-81.41727,28.59121],[-81.41743,28.59143],[-81.41745,28.59146],[-81.41761,28.59165],[-81.41581,28.59167],[-81.41581,28.59197],[-81.41407,28.59198],[-81.41383,28.59154],[-81.4135,28.59092],[-81.41537,28.5909]],[[-81.40365,28.57094],[-81.4036,28.57075],[-81.40349,28.57046],[-81.40335,28.57015],[-81.4032,28.56985],[-81.40307,28.56963],[-81.40296,28.56947],[-81.40277,28.56946],[-81.40291,28.56969],[-81.40321,28.57023],[-81.40347,28.57089],[-81.40351,28.57106],[-81.40369,28.57173],[-81.40374,28.57193],[-81.4039,28.57192],[-81.40386,28.57172],[-81.40365,28.57094]],[[-81.41422,28.57541],[-81.41423,28.57631],[-81.41601,28.5763],[-81.41601,28.57626],[-81.41591,28.57627],[-81.41588,28.57539],[-81.41422,28.57541]],[[-81.40744,28.5781],[-81.40743,28.57773],[-81.40806,28.57772],[-81.40805,28.57727],[-81.40856,28.57726],[-81.40856,28.57713],[-81.40848,28.57713],[-81.40848,28.57645],[-81.40848,28.57642],[-81.40848,28.57629],[-81.40827,28.57629],[-81.40826,28.57585],[-81.40826,28.57547],[-81.4085,28.57546],[-81.40855,28.57546],[-81.40856,28.57629],[-81.40904,28.57628],[-81.40908,28.57628],[-81.40909,28.57636],[-81.40907,28.57636],[-81.40908,28.57738],[-81.40912,28.57738],[-81.40913,28.57755],[-81.41001,28.57754],[-81.41002,28.57806],[-81.41007,28.57807],[-81.41002,28.57453],[-81.40802,28.57455],[-81.40803,28.57546],[-81.40772,28.57547],[-81.40772,28.57579],[-81.40753,28.57579],[-81.40754,28.57642],[-81.40774,28.57642],[-81.40774,28.57684],[-81.40758,28.57684],[-81.40758,28.57724],[-81.40718,28.57724],[-81.40719,28.5781],[-81.40744,28.5781]]]}},{"type":"Feature","properties":{"name":"Sunbridge/ICP"},"geometry":{"type":"Polygon","coordinates":[[[-81.16969,28.46164],[-81.16962,28.46163],[-81.16956,28.46161],[-81.16949,28.4616],[-81.16942,28.46158],[-81.16935,28.46157],[-81.16928,28.46155],[-81.16922,28.46153],[-81.16915,28.46152],[-81.16908,28.4615],[-81.16902,28.46148],[-81.16895,28.46145],[-81.16889,28.46143],[-81.16882,28.46141],[-81.16876,28.46138],[-81.1687,28.46136],[-81.16863,28.46133],[-81.16857,28.4613],[-81.16851,28.46127],[-81.16845,28.46124],[-81.16839,28.46121],[-81.16833,28.46118],[-81.16827,28.46115],[-81.16821,28.46112],[-81.16815,28.46108],[-81.16809,28.46105],[-81.16804,28.46101],[-81.16798,28.46097],[-81.16793,28.46094],[-81.16787,28.4609],[-81.16782,28.46086],[-81.16777,28.46082],[-81.16771,28.46078],[-81.16766,28.46074],[-81.16761,28.46069],[-81.16756,28.46065],[-81.16751,28.46061],[-81.16746,28.46056],[-81.16742,28.46052],[-81.16737,28.46047],[-81.16733,28.46042],[-81.16728,28.46037],[-81.16724,28.46033],[-81.1672,28.46028],[-81.16716,28.46023],[-81.16445,28.45692],[-81.16445,28.45692],[-81.16445,28.45692],[-81.16445,28.45691],[-81.16444,28.45691],[-81.16444,28.45691],[-81.16444,28.45691],[-81.16444,28.45691],[-81.16444,28.4569],[-81.16444,28.4569],[-81.16443,28.4569],[-81.16443,28.4569],[-81.16443,28.45689],[-81.16443,28.45689],[-81.16443,28.45689],[-81.16442,28.45689],[-81.16442,28.45689],[-81.16442,28.45688],[-81.16442,28.45688],[-81.16442,28.45688],[-81.16441,28.45688],[-81.16441,28.45687],[-81.16441,28.45687],[-81.16441,28.45687],[-81.16441,28.45687],[-81.16441,28.45687],[-81.1644,28.45686],[-81.1644,28.45686],[-81.1644,28.45686],[-81.1644,28.45686],[-81.1644,28.45685],[-81.16439,28.45685],[-81.16439,28.45685],[-81.16439,28.45685],[-81.16439,28.45685],[-81.16439,28.45684],[-81.16438,28.45684],[-81.16438,28.45684],[-81.16438,28.45684],[-81.16438,28.45683],[-81.16438,28.45683],[-81.16437,28.45683],[-81.16437,28.45683],[-81.16437,28.45683],[-81.16437,28.45682],[-81.16437,28.45682],[-81.16437,28.45682],[-81.16436,28.45682],[-81.16436,28.45682],[-81.16436,28.45681],[-81.16436,28.45681],[-81.16436,28.45681],[-81.16435,28.45681],[-81.16435,28.4568],[-81.16435,28.4568],[-81.16435,28.4568],[-81.16435,28.4568],[-81.16434,28.4568],[-81.16434,28.45679],[-81.16434,28.45679],[-81.16434,28.45679],[-81.16434,28.45679],[-81.16433,28.45679],[-81.16433,28.45678],[-81.16433,28.45678],[-81.16433,28.45678],[-81.16433,28.45678],[-81.16432,28.45677],[-81.16432,28.45677],[-81.16432,28.45677],[-81.16432,28.45677],[-81.16432,28.45677],[-81.16431,28.45676],[-81.16431,28.45676],[-81.16431,28.45676],[-81.16431,28.45676],[-81.16431,28.45676],[-81.1643,28.45675],[-81.1643,28.45675],[-81.1643,28.45675],[-81.1643,28.45675],[-81.1643,28.45675],[-81.16429,28.45674],[-81.16429,28.45674],[-81.16429,28.45674],[-81.16429,28.45674],[-81.16429,28.45673],[-81.16428,28.45673],[-81.16428,28.45673],[-81.16428,28.45673],[-81.16428,28.45673],[-81.16428,28.45672],[-81.16427,28.45672],[-81.16427,28.45672],[-81.16427,28.45672],[-81.16427,28.45672],[-81.16427,28.45671],[-81.16426,28.45671],[-81.16426,28.45671],[-81.16426,28.45671],[-81.16426,28.45671],[-81.16426,28.4567],[-81.16425,28.4567],[-81.16425,28.4567],[-81.16425,28.4567],[-81.16425,28.4567],[-81.16425,28.45669],[-81.16424,28.45669],[-81.16424,28.45669],[-81.16424,28.45669],[-81.16424,28.45669],[-81.16424,28.45668],[-81.16423,28.45668],[-81.16423,28.45668],[-81.16423,28.45668],[-81.16423,28.45667],[-81.16422,28.45667],[-81.16422,28.45667],[-81.16422,28.45667],[-81.16422,28.45667],[-81.16422,28.45666],[-81.16421,28.45666],[-81.16421,28.45666],[-81.16421,28.45666],[-81.16421,28.45666],[-81.16421,28.45665],[-81.1642,28.45665],[-81.1642,28.45665],[-81.1642,28.45665],[-81.1642,28.45665],[-81.1642,28.45664],[-81.16419,28.45664],[-81.16419,28.45664],[-81.16419,28.45664],[-81.16419,28.45664],[-81.16418,28.45663],[-81.16418,28.45663],[-81.16418,28.45663],[-81.16418,28.45663],[-81.16418,28.45663],[-81.16417,28.45662],[-81.16417,28.45662],[-81.16417,28.45662],[-81.16417,28.45662],[-81.16417,28.45662],[-81.16416,28.45661],[-81.16416,28.45661],[-81.16416,28.45661],[-81.16416,28.45661],[-81.16415,28.45661],[-81.16415,28.4566],[-81.16415,28.4566],[-81.16415,28.4566],[-81.16415,28.4566],[-81.16414,28.4566],[-81.16414,28.45659],[-81.16414,28.45659],[-81.16414,28.45659],[-81.16414,28.45659],[-81.16413,28.45659],[-81.16413,28.45658],[-81.16413,28.45658],[-81.16413,28.45658],[-81.16412,28.45658],[-81.16412,28.45658],[-81.16412,28.45657],[-81.16412,28.45657],[-81.16412,28.45657],[-81.16411,28.45657],[-81.16411,28.45657],[-81.16411,28.45657],[-81.16411,28.45656],[-81.1641,28.45656],[-81.1641,28.45656],[-81.1641,28.45656],[-81.1641,28.45656],[-81.1641,28.45655],[-81.16409,28.45655],[-81.16409,28.45655],[-81.16409,28.45655],[-81.16409,28.45655],[-81.16408,28.45654],[-81.16408,28.45654],[-81.16408,28.45654],[-81.16408,28.45654],[-81.16408,28.45654],[-81.16407,28.45653],[-81.16407,28.45653],[-81.16407,28.45653],[-81.16407,28.45653],[-81.16406,28.45653],[-81.16406,28.45652],[-81.16406,28.45652],[-81.16406,28.45652],[-81.16406,28.45652],[-81.16405,28.45652],[-81.16405,28.45652],[-81.16405,28.45651],[-81.16405,28.45651],[-81.16404,28.45651],[-81.16404,28.45651],[-81.16404,28.45651],[-81.16404,28.4565],[-81.16404,28.4565],[-81.16403,28.4565],[-81.16403,28.4565],[-81.16403,28.4565],[-81.16403,28.45649],[-81.16402,28.45649],[-81.16402,28.45649],[-81.16402,28.45649],[-81.16402,28.45649],[-81.16401,28.45649],[-81.16401,28.45648],[-81.16401,28.45648],[-81.16401,28.45648],[-81.16401,28.45648],[-81.164,28.45648],[-81.164,28.45647],[-81.164,28.45647],[-81.164,28.45647],[-81.16399,28.45647],[-81.16399,28.45647],[-81.16399,28.45646],[-81.16399,28.45646],[-81.16398,28.45646],[-81.16398,28.45646],[-81.16398,28.45646],[-81.16398,28.45646],[-81.16398,28.45645],[-81.16397,28.45645],[-81.16397,28.45645],[-81.16397,28.45645],[-81.16397,28.45645],[-81.16396,28.45644],[-81.16396,28.45644],[-81.16396,28.45644],[-81.16396,28.45644],[-81.16395,28.45644],[-81.16395,28.45644],[-81.16395,28.45643],[-81.16395,28.45643],[-81.16395,28.45643],[-81.16394,28.45643],[-81.16394,28.45643],[-81.16394,28.45642],[-81.16394,28.45642],[-81.16393,28.45642],[-81.16393,28.45642],[-81.16393,28.45642],[-81.16393,28.45642],[-81.16392,28.45641],[-81.16392,28.45641],[-81.16392,28.45641],[-81.16392,28.45641],[-81.16391,28.45641],[-81.16391,28.4564],[-81.16391,28.4564],[-81.16391,28.4564],[-81.16391,28.4564],[-81.1639,28.4564],[-81.1639,28.4564],[-81.1639,28.45639],[-81.1639,28.45639],[-81.16389,28.45639],[-81.16389,28.45639],[-81.16389,28.45639],[-81.16389,28.45639],[-81.16388,28.45638],[-81.16388,28.45638],[-81.16388,28.45638],[-81.16388,28.45638],[-81.16387,28.45638],[-81.16387,28.45637],[-81.16387,28.45637],[-81.16387,28.45637],[-81.16386,28.45637],[-81.16386,28.45637],[-81.16386,28.45637],[-81.16386,28.45636],[-81.16385,28.45636],[-81.16385,28.45636],[-81.16385,28.45636],[-81.16385,28.45636],[-81.16385,28.45636],[-81.16384,28.45635],[-81.16384,28.45635],[-81.16384,28.45635],[-81.16384,28.45635],[-81.16383,28.45635],[-81.16383,28.45635],[-81.16383,28.45634],[-81.16383,28.45634],[-81.16382,28.45634],[-81.16382,28.45634],[-81.16382,28.45634],[-81.16382,28.45634],[-81.16381,28.45633],[-81.16381,28.45633],[-81.16381,28.45633],[-81.16381,28.45633],[-81.1638,28.45633],[-81.1638,28.45632],[-81.1638,28.45632],[-81.1638,28.45632],[-81.16379,28.45632],[-81.16379,28.45632],[-81.16379,28.45632],[-81.16379,28.45631],[-81.16378,28.45631],[-81.16378,28.45631],[-81.16378,28.45631],[-81.16378,28.45631],[-81.16377,28.45631],[-81.16377,28.4563],[-81.16377,28.4563],[-81.16377,28.4563],[-81.16376,28.4563],[-81.16376,28.4563],[-81.16376,28.4563],[-81.16376,28.45629],[-81.16375,28.45629],[-81.16375,28.45629],[-81.16375,28.45629],[-81.16375,28.45629],[-81.16374,28.45629],[-81.16374,28.45629],[-81.16374,28.45628],[-81.16374,28.45628],[-81.16373,28.45628],[-81.16373,28.45628],[-81.16373,28.45628],[-81.16373,28.45628],[-81.16372,28.45627],[-81.16372,28.45627],[-81.16372,28.45627],[-81.16372,28.45627],[-81.16371,28.45627],[-81.16371,28.45627],[-81.16371,28.45626],[-81.16371,28.45626],[-81.1637,28.45626],[-81.1637,28.45626],[-81.1637,28.45626],[-81.1637,28.45626],[-81.16369,28.45625],[-81.16369,28.45625],[-81.16369,28.45625],[-81.16369,28.45625],[-81.16368,28.45625],[-81.16368,28.45625],[-81.16368,28.45624],[-81.16368,28.45624],[-81.16367,28.45624],[-81.16367,28.45624],[-81.16367,28.45624],[-81.16367,28.45624],[-81.16366,28.45624],[-81.16366,28.45623],[-81.16366,28.45623],[-81.16366,28.45623],[-81.16365,28.45623],[-81.16365,28.45623],[-81.16365,28.45623],[-81.16365,28.45622],[-81.16364,28.45622],[-81.16364,28.45622],[-81.16305,28.45587],[-81.163,28.45583],[-81.16296,28.45581],[-81.16292,28.45578],[-81.16288,28.45575],[-81.16284,28.45572],[-81.1628,28.45569],[-81.16276,28.45566],[-81.16272,28.45563],[-81.16269,28.4556],[-81.16265,28.45557],[-81.16262,28.45554],[-81.16258,28.45551],[-81.16255,28.45547],[-81.16251,28.45544],[-81.16248,28.45541],[-81.16245,28.45537],[-81.16241,28.45534],[-81.16238,28.4553],[-81.16235,28.45527],[-81.16232,28.45523],[-81.16229,28.45519],[-81.16227,28.45516],[-81.16224,28.45512],[-81.16221,28.45508],[-81.16219,28.45504],[-81.16216,28.455],[-81.16214,28.45496],[-81.16211,28.45492],[-81.16209,28.45488],[-81.16207,28.45484],[-81.16205,28.4548],[-81.16203,28.45476],[-81.16201,28.45472],[-81.16199,28.45468],[-81.16197,28.45464],[-81.16195,28.45459],[-81.16194,28.45455],[-81.16192,28.45451],[-81.16191,28.45447],[-81.16189,28.45442],[-81.16188,28.45438],[-81.16187,28.45434],[-81.16146,28.4528],[-81.16516,28.45213],[-81.16553,28.45213],[-81.16597,28.4522],[-81.16639,28.45232],[-81.16659,28.45239],[-81.16699,28.45256],[-81.16736,28.45276],[-81.16827,28.45342],[-81.16849,28.45356],[-81.16879,28.45373],[-81.1689,28.45377],[-81.16925,28.45383],[-81.17023,28.45384],[-81.17029,28.45389],[-81.17033,28.45426],[-81.17035,28.45426],[-81.17045,28.45473],[-81.17045,28.45512],[-81.17047,28.45538],[-81.17053,28.4558],[-81.17064,28.45616],[-81.17076,28.45644],[-81.17087,28.45666],[-81.17107,28.45698],[-81.17123,28.45718],[-81.17145,28.45742],[-81.17214,28.45805],[-81.17237,28.45827],[-81.17259,28.45854],[-81.17272,28.45873],[-81.17289,28.45903],[-81.17299,28.45928],[-81.17308,28.45955],[-81.17314,28.45982],[-81.17316,28.46004],[-81.17317,28.46133],[-81.17302,28.46147],[-81.17254,28.46147],[-81.17234,28.46148],[-81.17205,28.46151],[-81.1716,28.46158],[-81.17119,28.46163],[-81.17119,28.46163],[-81.17101,28.46165],[-81.17094,28.46166],[-81.17087,28.46167],[-81.1708,28.46167],[-81.17074,28.46168],[-81.17067,28.46168],[-81.1706,28.46169],[-81.17053,28.46169],[-81.17046,28.46169],[-81.17039,28.46169],[-81.17032,28.46169],[-81.17025,28.46169],[-81.17018,28.46169],[-81.17011,28.46168],[-81.17004,28.46168],[-81.16997,28.46167],[-81.1699,28.46166],[-81.16983,28.46166],[-81.16976,28.46165],[-81.16969,28.46164]],[[-81.16595,28.45076],[-81.16241,28.45074],[-81.16237,28.45077],[-81.16139,28.45058],[-81.16112,28.45052],[-81.16112,28.45052],[-81.16111,28.44786],[-81.16111,28.44757],[-81.16131,28.44763],[-81.16141,28.44766],[-81.1615,28.4477],[-81.1616,28.4477],[-81.16173,28.44754],[-81.16187,28.44739],[-81.16204,28.44725],[-81.16141,28.44655],[-81.1611,28.44655],[-81.15986,28.44656],[-81.15986,28.44747],[-81.15964,28.44759],[-81.15956,28.44766],[-81.15945,28.44777],[-81.1594,28.44783],[-81.15914,28.44825],[-81.15812,28.45],[-81.15788,28.45037],[-81.15644,28.45036],[-81.15644,28.45058],[-81.15595,28.45058],[-81.15597,28.45062],[-81.15598,28.45071],[-81.15581,28.45071],[-81.15562,28.4507],[-81.14456,28.45064],[-81.14456,28.45064],[-81.14456,28.4493],[-81.14457,28.44766],[-81.14457,28.44591],[-81.14456,28.4367],[-81.14443,28.4258],[-81.15476,28.42572],[-81.15629,28.42572],[-81.15818,28.42571],[-81.1588,28.4257],[-81.16106,28.42568],[-81.16106,28.42537],[-81.16802,28.42534],[-81.16772,28.42564],[-81.16896,28.42563],[-81.16925,28.42535],[-81.16969,28.42491],[-81.16969,28.42545],[-81.16975,28.42542],[-81.16981,28.42539],[-81.16987,28.42535],[-81.16994,28.4253],[-81.17,28.42525],[-81.17009,28.42519],[-81.17172,28.42374],[-81.17315,28.42247],[-81.17332,28.42233],[-81.17345,28.42225],[-81.1736,28.42218],[-81.17371,28.42213],[-81.17387,28.42208],[-81.17387,28.42201],[-81.17785,28.42202],[-81.17799,28.42568],[-81.17806,28.42751],[-81.17813,28.42933],[-81.17805,28.45073],[-81.17805,28.45073],[-81.17804,28.45073],[-81.17359,28.45076],[-81.17359,28.45068],[-81.17339,28.45068],[-81.173,28.45049],[-81.17268,28.45032],[-81.17236,28.45017],[-81.17201,28.45005],[-81.17172,28.44999],[-81.17137,28.44998],[-81.17112,28.44998],[-81.17111,28.44986],[-81.17044,28.44986],[-81.16998,28.44986],[-81.16997,28.44994],[-81.16812,28.45074],[-81.16812,28.45077],[-81.16595,28.45076]],[[-81.17799,28.46567],[-81.17799,28.46601],[-81.17799,28.46657],[-81.18625,28.46654],[-81.18623,28.4724],[-81.1862,28.49577],[-81.17793,28.4958],[-81.17793,28.49634],[-81.16966,28.49636],[-81.16966,28.49548],[-81.16772,28.49549],[-81.16715,28.49555],[-81.16653,28.49572],[-81.16623,28.49585],[-81.16438,28.49584],[-81.16121,28.49585],[-81.16122,28.50296],[-81.16018,28.50397],[-81.15972,28.50363],[-81.15946,28.5034],[-81.15919,28.5031],[-81.15896,28.50277],[-81.15878,28.50242],[-81.15862,28.50195],[-81.15856,28.50157],[-81.15854,28.5013],[-81.15854,28.49586],[-81.14464,28.49589],[-81.14457,28.49295],[-81.1445,28.48858],[-81.14459,28.48129],[-81.14455,28.46667],[-81.16023,28.46662],[-81.16021,28.45931],[-81.16021,28.45931],[-81.16019,28.45473],[-81.1603,28.45461],[-81.16035,28.45447],[-81.16037,28.45313],[-81.16113,28.45311],[-81.16147,28.45442],[-81.16149,28.45448],[-81.16151,28.45453],[-81.16152,28.45458],[-81.16154,28.45463],[-81.16156,28.45468],[-81.16158,28.45472],[-81.1616,28.45477],[-81.16162,28.45482],[-81.16164,28.45487],[-81.16166,28.45491],[-81.16168,28.45496],[-81.16171,28.45501],[-81.16173,28.45505],[-81.16176,28.4551],[-81.16179,28.45514],[-81.16182,28.45519],[-81.16184,28.45523],[-81.16187,28.45528],[-81.16191,28.45532],[-81.16194,28.45536],[-81.16197,28.45541],[-81.162,28.45545],[-81.16204,28.45549],[-81.16207,28.45553],[-81.16211,28.45557],[-81.16214,28.45561],[-81.16218,28.45565],[-81.16222,28.45569],[-81.16226,28.45573],[-81.1623,28.45576],[-81.16234,28.4558],[-81.16238,28.45584],[-81.16242,28.45587],[-81.16246,28.45591],[-81.16251,28.45594],[-81.16255,28.45597],[-81.16259,28.45601],[-81.16264,28.45604],[-81.16268,28.45607],[-81.16273,28.4561],[-81.16278,28.45613],[-81.16282,28.45616],[-81.16341,28.45652],[-81.16342,28.45652],[-81.16342,28.45652],[-81.16342,28.45652],[-81.16342,28.45652],[-81.16343,28.45652],[-81.16343,28.45653],[-81.16343,28.45653],[-81.16343,28.45653],[-81.16344,28.45653],[-81.16344,28.45653],[-81.16344,28.45653],[-81.16344,28.45654],[-81.16345,28.45654],[-81.16345,28.45654],[-81.16345,28.45654],[-81.16345,28.45654],[-81.16346,28.45654],[-81.16346,28.45655],[-81.16346,28.45655],[-81.16346,28.45655],[-81.16347,28.45655],[-81.16347,28.45655],[-81.16347,28.45655],[-81.16347,28.45655],[-81.16348,28.45656],[-81.16348,28.45656],[-81.16348,28.45656],[-81.16348,28.45656],[-81.16349,28.45656],[-81.16349,28.45656],[-81.16349,28.45657],[-81.16349,28.45657],[-81.1635,28.45657],[-81.1635,28.45657],[-81.1635,28.45657],[-81.1635,28.45657],[-81.16351,28.45658],[-81.16351,28.45658],[-81.16351,28.45658],[-81.16351,28.45658],[-81.16352,28.45658],[-81.16352,28.45658],[-81.16352,28.45659],[-81.16352,28.45659],[-81.16353,28.45659],[-81.16353,28.45659],[-81.16353,28.45659],[-81.16353,28.45659],[-81.16354,28.4566],[-81.16354,28.4566],[-81.16354,28.4566],[-81.16354,28.4566],[-81.16355,28.4566],[-81.16355,28.4566],[-81.16355,28.45661],[-81.16355,28.45661],[-81.16356,28.45661],[-81.16356,28.45661],[-81.16356,28.45661],[-81.16356,28.45661],[-81.16357,28.45662],[-81.16357,28.45662],[-81.16357,28.45662],[-81.16357,28.45662],[-81.16358,28.45662],[-81.16358,28.45662],[-81.16358,28.45663],[-81.16358,28.45663],[-81.16359,28.45663],[-81.16359,28.45663],[-81.16359,28.45663],[-81.16359,28.45664],[-81.1636,28.45664],[-81.1636,28.45664],[-81.1636,28.45664],[-81.1636,28.45664],[-81.1636,28.45664],[-81.16361,28.45665],[-81.16361,28.45665],[-81.16361,28.45665],[-81.16361,28.45665],[-81.16362,28.45665],[-81.16362,28.45665],[-81.16362,28.45666],[-81.16362,28.45666],[-81.16363,28.45666],[-81.16363,28.45666],[-81.16363,28.45666],[-81.16363,28.45666],[-81.16364,28.45667],[-81.16364,28.45667],[-81.16364,28.45667],[-81.16364,28.45667],[-81.16365,28.45667],[-81.16365,28.45668],[-81.16365,28.45668],[-81.16365,28.45668],[-81.16365,28.45668],[-81.16366,28.45668],[-81.16366,28.45668],[-81.16366,28.45669],[-81.16366,28.45669],[-81.16367,28.45669],[-81.16367,28.45669],[-81.16367,28.45669],[-81.16367,28.4567],[-81.16368,28.4567],[-81.16368,28.4567],[-81.16368,28.4567],[-81.16368,28.4567],[-81.16369,28.4567],[-81.16369,28.45671],[-81.16369,28.45671],[-81.16369,28.45671],[-81.16369,28.45671],[-81.1637,28.45671],[-81.1637,28.45672],[-81.1637,28.45672],[-81.1637,28.45672],[-81.16371,28.45672],[-81.16371,28.45672],[-81.16371,28.45672],[-81.16371,28.45673],[-81.16372,28.45673],[-81.16372,28.45673],[-81.16372,28.45673],[-81.16372,28.45673],[-81.16372,28.45674],[-81.16373,28.45674],[-81.16373,28.45674],[-81.16373,28.45674],[-81.16373,28.45674],[-81.16374,28.45674],[-81.16374,28.45675],[-81.16374,28.45675],[-81.16374,28.45675],[-81.16375,28.45675],[-81.16375,28.45675],[-81.16375,28.45676],[-81.16375,28.45676],[-81.16375,28.45676],[-81.16376,28.45676],[-81.16376,28.45676],[-81.16376,28.45677],[-81.16376,28.45677],[-81.16377,28.45677],[-81.16377,28.45677],[-81.16377,28.45677],[-81.16377,28.45677],[-81.16377,28.45678],[-81.16378,28.45678],[-81.16378,28.45678],[-81.16378,28.45678],[-81.16378,28.45678],[-81.16379,28.45679],[-81.16379,28.45679],[-81.16379,28.45679],[-81.16379,28.45679],[-81.1638,28.45679],[-81.1638,28.4568],[-81.1638,28.4568],[-81.1638,28.4568],[-81.1638,28.4568],[-81.16381,28.4568],[-81.16381,28.45681],[-81.16381,28.45681],[-81.16381,28.45681],[-81.16382,28.45681],[-81.16382,28.45681],[-81.16382,28.45682],[-81.16382,28.45682],[-81.16382,28.45682],[-81.16383,28.45682],[-81.16383,28.45682],[-81.16383,28.45682],[-81.16383,28.45683],[-81.16383,28.45683],[-81.16384,28.45683],[-81.16384,28.45683],[-81.16384,28.45683],[-81.16384,28.45684],[-81.16385,28.45684],[-81.16385,28.45684],[-81.16385,28.45684],[-81.16385,28.45684],[-81.16385,28.45685],[-81.16386,28.45685],[-81.16386,28.45685],[-81.16386,28.45685],[-81.16386,28.45685],[-81.16387,28.45686],[-81.16387,28.45686],[-81.16387,28.45686],[-81.16387,28.45686],[-81.16387,28.45686],[-81.16388,28.45687],[-81.16388,28.45687],[-81.16388,28.45687],[-81.16388,28.45687],[-81.16388,28.45687],[-81.16389,28.45688],[-81.16389,28.45688],[-81.16389,28.45688],[-81.16389,28.45688],[-81.1639,28.45688],[-81.1639,28.45689],[-81.1639,28.45689],[-81.1639,28.45689],[-81.1639,28.45689],[-81.16391,28.45689],[-81.16391,28.4569],[-81.16391,28.4569],[-81.16391,28.4569],[-81.16391,28.4569],[-81.16392,28.4569],[-81.16392,28.45691],[-81.16392,28.45691],[-81.16392,28.45691],[-81.16392,28.45691],[-81.16393,28.45691],[-81.16393,28.45692],[-81.16393,28.45692],[-81.16393,28.45692],[-81.16394,28.45692],[-81.16394,28.45692],[-81.16394,28.45693],[-81.16394,28.45693],[-81.16394,28.45693],[-81.16395,28.45693],[-81.16395,28.45694],[-81.16395,28.45694],[-81.16395,28.45694],[-81.16395,28.45694],[-81.16396,28.45694],[-81.16396,28.45695],[-81.16396,28.45695],[-81.16396,28.45695],[-81.16396,28.45695],[-81.16397,28.45695],[-81.16397,28.45696],[-81.16397,28.45696],[-81.16397,28.45696],[-81.16397,28.45696],[-81.16398,28.45696],[-81.16398,28.45697],[-81.16398,28.45697],[-81.16398,28.45697],[-81.16398,28.45697],[-81.16399,28.45697],[-81.16399,28.45698],[-81.16399,28.45698],[-81.16399,28.45698],[-81.16399,28.45698],[-81.164,28.45699],[-81.164,28.45699],[-81.164,28.45699],[-81.164,28.45699],[-81.164,28.45699],[-81.16401,28.457],[-81.16401,28.457],[-81.16401,28.457],[-81.16401,28.457],[-81.16401,28.457],[-81.16402,28.45701],[-81.16402,28.45701],[-81.16402,28.45701],[-81.16402,28.45701],[-81.16402,28.45701],[-81.16403,28.45702],[-81.16403,28.45702],[-81.16403,28.45702],[-81.16403,28.45702],[-81.16403,28.45703],[-81.16404,28.45703],[-81.16404,28.45703],[-81.16404,28.45703],[-81.16404,28.45703],[-81.16404,28.45704],[-81.16405,28.45704],[-81.16405,28.45704],[-81.16405,28.45704],[-81.16405,28.45705],[-81.16405,28.45705],[-81.16405,28.45705],[-81.16406,28.45705],[-81.16406,28.45705],[-81.16406,28.45706],[-81.16406,28.45706],[-81.16406,28.45706],[-81.16407,28.45706],[-81.16407,28.45706],[-81.16407,28.45707],[-81.16407,28.45707],[-81.16407,28.45707],[-81.16408,28.45707],[-81.16408,28.45708],[-81.16408,28.45708],[-81.16408,28.45708],[-81.16408,28.45708],[-81.16409,28.45708],[-81.16409,28.45709],[-81.16409,28.45709],[-81.16409,28.45709],[-81.16409,28.45709],[-81.16409,28.4571],[-81.1641,28.4571],[-81.1641,28.4571],[-81.1641,28.4571],[-81.1641,28.4571],[-81.1641,28.45711],[-81.16411,28.45711],[-81.16411,28.45711],[-81.16411,28.45711],[-81.16411,28.45712],[-81.16411,28.45712],[-81.16412,28.45712],[-81.16412,28.45712],[-81.16412,28.45712],[-81.16412,28.45713],[-81.16412,28.45713],[-81.16412,28.45713],[-81.16683,28.46044],[-81.16687,28.46049],[-81.16692,28.46055],[-81.16697,28.4606],[-81.16702,28.46065],[-81.16707,28.4607],[-81.16712,28.46075],[-81.16717,28.4608],[-81.16722,28.46085],[-81.16727,28.4609],[-81.16733,28.46095],[-81.16739,28.461],[-81.16744,28.46104],[-81.1675,28.46109],[-81.16756,28.46113],[-81.16762,28.46118],[-81.16768,28.46122],[-81.16774,28.46126],[-81.1678,28.4613],[-81.16786,28.46134],[-81.16792,28.46138],[-81.16799,28.46142],[-81.16805,28.46145],[-81.16812,28.46149],[-81.16819,28.46152],[-81.16825,28.46156],[-81.16832,28.46159],[-81.16839,28.46162],[-81.16846,28.46165],[-81.16853,28.46168],[-81.1686,28.46171],[-81.16867,28.46174],[-81.16874,28.46176],[-81.16881,28.46179],[-81.16888,28.46181],[-81.16895,28.46183],[-81.16903,28.46186],[-81.1691,28.46188],[-81.16917,28.4619],[-81.16925,28.46191],[-81.16932,28.46193],[-81.1694,28.46195],[-81.16947,28.46196],[-81.16955,28.46198],[-81.16962,28.46199],[-81.1697,28.462],[-81.16977,28.46201],[-81.16985,28.46202],[-81.16993,28.46203],[-81.17,28.46203],[-81.17008,28.46204],[-81.17016,28.46204],[-81.17023,28.46205],[-81.17031,28.46205],[-81.17039,28.46205],[-81.17046,28.46205],[-81.17054,28.46205],[-81.17062,28.46204],[-81.17069,28.46204],[-81.17077,28.46204],[-81.17085,28.46203],[-81.17092,28.46202],[-81.171,28.46201],[-81.17107,28.462],[-81.17202,28.46187],[-81.17202,28.46187],[-81.17203,28.46187],[-81.17203,28.46187],[-81.17203,28.46187],[-81.17203,28.46187],[-81.17204,28.46187],[-81.17204,28.46187],[-81.17204,28.46187],[-81.17205,28.46187],[-81.17205,28.46187],[-81.17205,28.46187],[-81.17206,28.46187],[-81.17206,28.46187],[-81.17206,28.46187],[-81.17207,28.46187],[-81.17207,28.46187],[-81.17207,28.46187],[-81.17207,28.46187],[-81.17208,28.46187],[-81.17208,28.46187],[-81.17208,28.46186],[-81.17209,28.46186],[-81.17209,28.46186],[-81.17209,28.46186],[-81.1721,28.46186],[-81.1721,28.46186],[-81.1721,28.46186],[-81.17211,28.46186],[-81.17211,28.46186],[-81.17211,28.46186],[-81.17211,28.46186],[-81.17212,28.46186],[-81.17212,28.46186],[-81.17212,28.46186],[-81.17213,28.46186],[-81.17213,28.46186],[-81.17213,28.46186],[-81.17214,28.46186],[-81.17214,28.46186],[-81.17214,28.46186],[-81.17215,28.46186],[-81.17215,28.46186],[-81.17215,28.46186],[-81.17215,28.46186],[-81.17216,28.46186],[-81.17216,28.46186],[-81.17216,28.46186],[-81.17217,28.46186],[-81.17217,28.46185],[-81.17217,28.46185],[-81.17218,28.46185],[-81.17218,28.46185],[-81.17218,28.46185],[-81.17219,28.46185],[-81.17219,28.46185],[-81.17219,28.46185],[-81.17219,28.46185],[-81.1722,28.46185],[-81.1722,28.46185],[-81.1722,28.46185],[-81.17221,28.46185],[-81.17221,28.46185],[-81.17221,28.46185],[-81.17222,28.46185],[-81.17222,28.46185],[-81.17222,28.46185],[-81.17223,28.46185],[-81.17223,28.46185],[-81.17223,28.46185],[-81.17224,28.46185],[-81.17224,28.46185],[-81.17224,28.46185],[-81.17224,28.46185],[-81.17225,28.46185],[-81.17225,28.46185],[-81.17225,28.46185],[-81.17226,28.46185],[-81.17226,28.46185],[-81.17226,28.46185],[-81.17227,28.46185],[-81.17227,28.46185],[-81.17227,28.46184],[-81.17228,28.46184],[-81.17228,28.46184],[-81.17228,28.46184],[-81.17228,28.46184],[-81.17229,28.46184],[-81.17229,28.46184],[-81.17229,28.46184],[-81.1723,28.46184],[-81.1723,28.46184],[-81.1723,28.46184],[-81.17231,28.46184],[-81.17231,28.46184],[-81.17231,28.46184],[-81.17232,28.46184],[-81.17232,28.46184],[-81.17232,28.46184],[-81.17233,28.46184],[-81.17233,28.46184],[-81.17233,28.46184],[-81.17233,28.46184],[-81.17234,28.46184],[-81.17234,28.46184],[-81.17234,28.46184],[-81.17235,28.46184],[-81.17235,28.46184],[-81.17235,28.46184],[-81.17236,28.46184],[-81.17236,28.46184],[-81.17236,28.46184],[-81.17237,28.46184],[-81.17237,28.46184],[-81.17237,28.46184],[-81.17237,28.46184],[-81.17238,28.46184],[-81.17238,28.46184],[-81.17238,28.46184],[-81.17239,28.46184],[-81.17239,28.46184],[-81.17239,28.46184],[-81.1724,28.46184],[-81.1724,28.46184],[-81.1724,28.46184],[-81.17241,28.46184],[-81.17241,28.46184],[-81.17241,28.46183],[-81.17242,28.46183],[-81.17242,28.46183],[-81.17242,28.46183],[-81.17242,28.46183],[-81.17243,28.46183],[-81.17243,28.46183],[-81.17243,28.46183],[-81.17244,28.46183],[-81.17244,28.46183],[-81.17244,28.46183],[-81.17245,28.46183],[-81.17245,28.46183],[-81.17245,28.46183],[-81.17246,28.46183],[-81.17246,28.46183],[-81.17246,28.46183],[-81.17246,28.46183],[-81.17247,28.46183],[-81.17247,28.46183],[-81.17247,28.46183],[-81.17248,28.46183],[-81.17248,28.46183],[-81.17248,28.46183],[-81.17249,28.46183],[-81.17249,28.46183],[-81.17249,28.46183],[-81.1725,28.46183],[-81.1725,28.46183],[-81.1725,28.46183],[-81.17251,28.46183],[-81.17251,28.46183],[-81.17251,28.46183],[-81.17251,28.46183],[-81.17252,28.46183],[-81.17252,28.46183],[-81.17252,28.46183],[-81.17253,28.46183],[-81.17253,28.46183],[-81.17253,28.46183],[-81.17254,28.46183],[-81.17254,28.46183],[-81.17254,28.46183],[-81.17255,28.46183],[-81.17255,28.46183],[-81.17255,28.46183],[-81.17255,28.46183],[-81.17256,28.46183],[-81.17256,28.46183],[-81.17256,28.46183],[-81.17257,28.46183],[-81.17257,28.46183],[-81.17257,28.46183],[-81.17258,28.46183],[-81.17258,28.46183],[-81.17258,28.46183],[-81.17259,28.46183],[-81.17259,28.46183],[-81.17259,28.46183],[-81.1726,28.46183],[-81.1726,28.46183],[-81.1726,28.46183],[-81.1726,28.46183],[-81.17261,28.46183],[-81.17261,28.46183],[-81.17261,28.46183],[-81.17262,28.46183],[-81.17262,28.46183],[-81.17262,28.46183],[-81.17263,28.46183],[-81.17263,28.46183],[-81.17263,28.46183],[-81.17264,28.46183],[-81.17264,28.46183],[-81.17264,28.46183],[-81.17265,28.46183],[-81.17265,28.46183],[-81.17265,28.46183],[-81.17265,28.46183],[-81.17266,28.46183],[-81.17266,28.46183],[-81.17266,28.46183],[-81.17267,28.46183],[-81.17267,28.46183],[-81.17267,28.46183],[-81.17268,28.46183],[-81.17268,28.46183],[-81.17268,28.46183],[-81.17269,28.46183],[-81.17269,28.46183],[-81.17269,28.46183],[-81.17269,28.46183],[-81.1727,28.46183],[-81.17302,28.46183],[-81.17317,28.46196],[-81.17354,28.46196],[-81.17354,28.46007],[-81.17351,28.45983],[-81.17347,28.45959],[-81.17341,28.45936],[-81.17333,28.45912],[-81.17323,28.4589],[-81.17314,28.45873],[-81.17298,28.45846],[-81.17279,28.45821],[-81.17262,28.45802],[-81.17241,28.45782],[-81.17177,28.45724],[-81.17161,28.45707],[-81.17146,28.45689],[-81.17129,28.45666],[-81.17118,28.45647],[-81.17108,28.45626],[-81.17097,28.45599],[-81.17101,28.45598],[-81.17096,28.45581],[-81.17092,28.45564],[-81.17089,28.45547],[-81.17086,28.45512],[-81.17088,28.45492],[-81.17091,28.45472],[-81.17096,28.45472],[-81.17098,28.45452],[-81.17112,28.45414],[-81.17139,28.4536],[-81.17162,28.45326],[-81.17175,28.4531],[-81.17202,28.45286],[-81.17217,28.45275],[-81.17249,28.45255],[-81.17283,28.45238],[-81.17319,28.45225],[-81.17337,28.4522],[-81.17375,28.45213],[-81.17804,28.45211],[-81.17799,28.46567]]]}},{"type":"Feature","properties":{"name":"Lake Fairview"},"geometry":{"type":"Polygon","coordinates":[[[-81.40885,28.60498],[-81.40886,28.60404],[-81.40949,28.60405],[-81.40949,28.60549],[-81.40885,28.60498]],[[-81.41059,28.60497],[-81.41058,28.60402],[-81.40766,28.60399],[-81.40751,28.60387],[-81.40776,28.60361],[-81.40765,28.60352],[-81.40739,28.60378],[-81.40735,28.60375],[-81.40701,28.60347],[-81.40693,28.60341],[-81.40681,28.60331],[-81.40669,28.60322],[-81.40664,28.60327],[-81.40654,28.60319],[-81.40644,28.60311],[-81.40629,28.603],[-81.40615,28.60289],[-81.40601,28.6028],[-81.40593,28.60274],[-81.4058,28.60265],[-81.40568,28.60256],[-81.40556,28.60249],[-81.40548,28.60243],[-81.40543,28.6024],[-81.40531,28.60232],[-81.40518,28.60224],[-81.40506,28.60215],[-81.40494,28.60207],[-81.40486,28.60202],[-81.40424,28.60161],[-81.4042,28.60158],[-81.4039,28.60139],[-81.40389,28.60138],[-81.40374,28.60128],[-81.40398,28.60103],[-81.404,28.60104],[-81.40402,28.60104],[-81.40412,28.60108],[-81.40415,28.60109],[-81.40425,28.60097],[-81.40428,28.60099],[-81.40417,28.6011],[-81.40433,28.60116],[-81.40444,28.60119],[-81.40447,28.60119],[-81.40452,28.60113],[-81.40458,28.60114],[-81.40453,28.6012],[-81.40456,28.6012],[-81.40467,28.6012],[-81.40468,28.60119],[-81.40473,28.60032],[-81.40417,28.60032],[-81.40418,28.60008],[-81.4042,28.59977],[-81.4042,28.59965],[-81.40424,28.59877],[-81.40429,28.59761],[-81.4043,28.59757],[-81.40431,28.59728],[-81.40432,28.597],[-81.40433,28.59669],[-81.40435,28.59645],[-81.40678,28.59642],[-81.40715,28.59642],[-81.40734,28.59642],[-81.40763,28.59641],[-81.40794,28.59641],[-81.40818,28.59641],[-81.40841,28.5964],[-81.40872,28.5964],[-81.40913,28.5964],[-81.40915,28.59893],[-81.40951,28.59893],[-81.40952,28.60029],[-81.40952,28.60047],[-81.40995,28.60048],[-81.41015,28.60039],[-81.41024,28.60034],[-81.41036,28.6003],[-81.41055,28.60027],[-81.41055,28.60027],[-81.41052,28.59638],[-81.41053,28.59638],[-81.41052,28.59578],[-81.41534,28.59577],[-81.41565,28.59635],[-81.4165,28.59797],[-81.41665,28.59826],[-81.41699,28.5989],[-81.41708,28.59909],[-81.41716,28.59928],[-81.41726,28.59954],[-81.41731,28.59972],[-81.41737,28.59993],[-81.41733,28.59995],[-81.41728,28.59999],[-81.41726,28.60002],[-81.41724,28.60005],[-81.41722,28.60009],[-81.4172,28.60014],[-81.41721,28.60017],[-81.41721,28.60022],[-81.41765,28.60204],[-81.41675,28.60205],[-81.41679,28.60395],[-81.41483,28.60398],[-81.41472,28.60397],[-81.41471,28.60429],[-81.41427,28.60429],[-81.41414,28.60429],[-81.41415,28.60482],[-81.41069,28.60486],[-81.41069,28.60497],[-81.41059,28.60497]]]}},{"type":"Feature","properties":{"name":"Lake Nona South"},"geometry":{"type":"Polygon","coordinates":[[[-81.30969,28.35985],[-81.30891,28.35985],[-81.30891,28.35958],[-81.30969,28.35958],[-81.30969,28.35985]],[[-81.24665,28.37812],[-81.24471,28.37813],[-81.24471,28.37806],[-81.24462,28.37806],[-81.24463,28.37546],[-81.24451,28.37545],[-81.24452,28.37429],[-81.24453,28.37078],[-81.24456,28.36524],[-81.24455,28.36475],[-81.24449,28.36388],[-81.24443,28.36353],[-81.24434,28.36299],[-81.24423,28.36247],[-81.24398,28.36166],[-81.24366,28.36084],[-81.2434,28.36025],[-81.24322,28.35988],[-81.24295,28.35939],[-81.24267,28.35895],[-81.2422,28.35829],[-81.24172,28.3577],[-81.24111,28.35702],[-81.23657,28.35253],[-81.23595,28.35191],[-81.23594,28.35173],[-81.23481,28.35062],[-81.23391,28.34973],[-81.23374,28.34973],[-81.23277,28.34877],[-81.23228,28.34828],[-81.23475,28.34828],[-81.23585,28.34827],[-81.24003,28.34827],[-81.24002,28.34813],[-81.24419,28.34811],[-81.26071,28.34809],[-81.27649,28.34809],[-81.28475,28.34808],[-81.29292,28.34808],[-81.29297,28.35232],[-81.28995,28.35247],[-81.28477,28.35273],[-81.28478,28.35453],[-81.28997,28.35427],[-81.29308,28.35412],[-81.29315,28.3613],[-81.29324,28.3613],[-81.29423,28.3613],[-81.29424,28.36212],[-81.29523,28.36212],[-81.29523,28.36214],[-81.29722,28.36214],[-81.29732,28.36214],[-81.29732,28.36214],[-81.29741,28.36214],[-81.2994,28.36214],[-81.3014,28.36214],[-81.30158,28.36214],[-81.30156,28.36129],[-81.30555,28.36129],[-81.30556,28.36214],[-81.30575,28.36214],[-81.30574,28.36129],[-81.3057,28.35958],[-81.30671,28.35958],[-81.30661,28.35584],[-81.3096,28.35584],[-81.30968,28.35941],[-81.30769,28.35941],[-81.30773,28.36128],[-81.30972,28.36128],[-81.30972,28.36165],[-81.30972,28.36198],[-81.3097,28.36233],[-81.30967,28.36271],[-81.30976,28.36271],[-81.30976,28.36307],[-81.30976,28.36307],[-81.30975,28.36353],[-81.3093,28.38009],[-81.30742,28.38007],[-81.30744,28.38105],[-81.30932,28.38106],[-81.30944,28.38365],[-81.30686,28.38197],[-81.30532,28.38097],[-81.29804,28.37631],[-81.29792,28.37625],[-81.29721,28.3758],[-81.29626,28.37531],[-81.29625,28.3753],[-81.29563,28.37507],[-81.29498,28.37491],[-81.29432,28.3748],[-81.29365,28.37475],[-81.29297,28.37477],[-81.2923,28.37485],[-81.29165,28.37499],[-81.29101,28.37519],[-81.28235,28.37851],[-81.28232,28.37732],[-81.28017,28.37821],[-81.27821,28.37903],[-81.27557,28.38005],[-81.27396,28.38068],[-81.27052,28.38182],[-81.26529,28.38357],[-81.26267,28.38436],[-81.26182,28.38468],[-81.26058,28.38529],[-81.25968,28.38579],[-81.25903,28.38621],[-81.25878,28.3864],[-81.25511,28.39094],[-81.2513,28.39551],[-81.25088,28.39604],[-81.25031,28.39672],[-81.25066,28.39697],[-81.25045,28.39719],[-81.25019,28.39744],[-81.24725,28.40028],[-81.24708,28.40044],[-81.24693,28.40057],[-81.24678,28.40069],[-81.24659,28.40082],[-81.24637,28.40097],[-81.24621,28.40106],[-81.24601,28.40116],[-81.24579,28.40127],[-81.2455,28.40138],[-81.24522,28.40148],[-81.24504,28.40153],[-81.24492,28.40156],[-81.24492,28.39846],[-81.24492,28.39826],[-81.24469,28.39826],[-81.24435,28.39523],[-81.24435,28.39443],[-81.24435,28.39374],[-81.24437,28.39374],[-81.24437,28.39262],[-81.24443,28.38899],[-81.24443,28.38848],[-81.24443,28.38835],[-81.24442,28.38826],[-81.24444,28.38761],[-81.24445,28.38738],[-81.24447,28.38537],[-81.24448,28.38316],[-81.24449,28.38175],[-81.2445,28.37814],[-81.2445,28.37813],[-81.24471,28.37813],[-81.24471,28.37814],[-81.24665,28.37812]]]}},{"type":"Feature","properties":{"name":"Lake Como"},"geometry":{"type":"Polygon","coordinates":[[[-81.3436,28.53686],[-81.3436,28.53675],[-81.34358,28.53552],[-81.34358,28.53513],[-81.34358,28.53466],[-81.34357,28.53435],[-81.34356,28.53375],[-81.34356,28.53359],[-81.34356,28.53283],[-81.34354,28.53203],[-81.34354,28.53191],[-81.34353,28.531],[-81.34352,28.53012],[-81.34349,28.5292],[-81.34347,28.5283],[-81.34346,28.52737],[-81.34343,28.52648],[-81.34342,28.5255],[-81.34341,28.52512],[-81.34341,28.52497],[-81.34351,28.52498],[-81.3435,28.52431],[-81.3435,28.5243],[-81.34363,28.5243],[-81.34403,28.5243],[-81.34403,28.52465],[-81.34394,28.52465],[-81.34394,28.52475],[-81.34395,28.52482],[-81.34395,28.52496],[-81.34395,28.52537],[-81.34395,28.52565],[-81.34396,28.52578],[-81.34396,28.52599],[-81.34439,28.52599],[-81.34455,28.52598],[-81.34499,28.52598],[-81.34498,28.5255],[-81.34456,28.5255],[-81.34454,28.5255],[-81.34439,28.5255],[-81.34439,28.52537],[-81.34438,28.52502],[-81.34438,28.52474],[-81.34438,28.52465],[-81.34438,28.52431],[-81.34455,28.52431],[-81.34539,28.5243],[-81.34546,28.5243],[-81.34546,28.52423],[-81.34611,28.52423],[-81.34611,28.52428],[-81.34611,28.5243],[-81.34612,28.52474],[-81.34637,28.52474],[-81.34652,28.52474],[-81.34652,28.52487],[-81.34653,28.52501],[-81.34653,28.52506],[-81.34653,28.52515],[-81.34653,28.52528],[-81.34653,28.52542],[-81.34653,28.52569],[-81.34654,28.52597],[-81.34669,28.52597],[-81.34693,28.52597],[-81.34699,28.52597],[-81.34714,28.52596],[-81.34716,28.52596],[-81.34741,28.52596],[-81.34772,28.52596],[-81.348,28.52596],[-81.34802,28.52596],[-81.3486,28.52595],[-81.34858,28.52502],[-81.34944,28.52502],[-81.34945,28.52594],[-81.35037,28.52593],[-81.35049,28.52593],[-81.3506,28.52594],[-81.35064,28.52594],[-81.35084,28.52594],[-81.35108,28.52593],[-81.35111,28.52593],[-81.35131,28.52593],[-81.35178,28.52593],[-81.35178,28.52597],[-81.35178,28.52611],[-81.35179,28.52652],[-81.35179,28.5267],[-81.35179,28.52686],[-81.3518,28.527],[-81.3518,28.52728],[-81.35224,28.52727],[-81.35225,28.52748],[-81.35225,28.52766],[-81.35244,28.52766],[-81.35264,28.52766],[-81.35283,28.52766],[-81.35326,28.52766],[-81.35368,28.52765],[-81.35387,28.52765],[-81.35429,28.52765],[-81.35472,28.52765],[-81.35481,28.52764],[-81.35481,28.52781],[-81.35482,28.52831],[-81.35482,28.52872],[-81.35483,28.52924],[-81.35483,28.52956],[-81.35381,28.52955],[-81.35381,28.53045],[-81.35383,28.53139],[-81.35455,28.53137],[-81.35549,28.53137],[-81.35589,28.53137],[-81.35597,28.53773],[-81.35598,28.53819],[-81.35185,28.53829],[-81.34773,28.53835],[-81.34358,28.53838],[-81.34358,28.53798],[-81.3436,28.53686]]]}},{"type":"Feature","properties":{"name":"Sunbridge/Camino"},"geometry":{"type":"Polygon","coordinates":[[[-81.14368,28.45064],[-81.14169,28.45025],[-81.14168,28.45042],[-81.1408,28.45058],[-81.1378,28.45048],[-81.12415,28.4504],[-81.12785,28.44746],[-81.13001,28.44412],[-81.13497,28.4433],[-81.13655,28.44118],[-81.13664,28.43807],[-81.1387,28.43301],[-81.13602,28.42868],[-81.139,28.42584],[-81.13561,28.40754],[-81.14442,28.4075],[-81.14442,28.40095],[-81.14604,28.39785],[-81.14609,28.39778],[-81.14614,28.39774],[-81.14617,28.39772],[-81.14621,28.3977],[-81.14626,28.39768],[-81.14632,28.39767],[-81.15813,28.39535],[-81.16046,28.39488],[-81.16095,28.39468],[-81.16097,28.40273],[-81.16099,28.40755],[-81.16105,28.42538],[-81.16105,28.42568],[-81.1588,28.4257],[-81.15476,28.42572],[-81.15273,28.42574],[-81.14855,28.42577],[-81.14809,28.42578],[-81.14442,28.4258],[-81.14456,28.4367],[-81.14456,28.44204],[-81.14457,28.44591],[-81.14456,28.4484],[-81.14456,28.45064],[-81.14368,28.45064]],[[-81.1581,28.39527],[-81.15603,28.38922],[-81.15458,28.38399],[-81.15384,28.38152],[-81.15419,28.37831],[-81.14687,28.37832],[-81.14686,28.37207],[-81.14233,28.37207],[-81.14234,28.37832],[-81.12793,28.37833],[-81.12788,28.3637],[-81.12777,28.34835],[-81.16078,28.34853],[-81.16082,28.35488],[-81.16091,28.37831],[-81.16615,28.37828],[-81.16617,28.37927],[-81.16859,28.37929],[-81.16858,28.37996],[-81.16856,28.38024],[-81.16852,28.38048],[-81.16846,28.38073],[-81.16838,28.38101],[-81.16827,28.38127],[-81.16816,28.38149],[-81.16741,28.38289],[-81.167,28.38367],[-81.16691,28.38395],[-81.16687,28.38422],[-81.1669,28.38455],[-81.16693,28.3847],[-81.167,28.3849],[-81.1671,28.38509],[-81.16718,28.38522],[-81.1673,28.38536],[-81.16533,28.38638],[-81.1665,28.38767],[-81.16847,28.38665],[-81.17062,28.38902],[-81.17046,28.38913],[-81.17037,28.38921],[-81.17029,28.38932],[-81.17,28.38964],[-81.16987,28.38974],[-81.16914,28.39015],[-81.1684,28.3905],[-81.16734,28.39108],[-81.166,28.39187],[-81.16326,28.39338],[-81.16211,28.39402],[-81.16096,28.39459],[-81.16043,28.3948],[-81.1581,28.39527]]]}},{"type":"Feature","properties":{"name":"Palomar"},"geometry":{"type":"Polygon","coordinates":[[[-81.39425,28.58801],[-81.3944,28.58801],[-81.3944,28.58831],[-81.3944,28.58839],[-81.3944,28.58877],[-81.39403,28.58878],[-81.39397,28.58878],[-81.39397,28.58863],[-81.39397,28.58847],[-81.39397,28.58832],[-81.39397,28.58816],[-81.39397,28.58801],[-81.39425,28.58801]],[[-81.39396,28.58708],[-81.39439,28.58707],[-81.3944,28.58746],[-81.39471,28.58745],[-81.39471,28.58784],[-81.39396,28.58785],[-81.39396,28.58708]],[[-81.39802,28.59107],[-81.39797,28.58834],[-81.39533,28.58838],[-81.39533,28.58799],[-81.39533,28.58783],[-81.39517,28.58783],[-81.39517,28.58745],[-81.39579,28.58744],[-81.39579,28.58766],[-81.39598,28.58766],[-81.39629,28.58765],[-81.39629,28.58743],[-81.39786,28.58741],[-81.39785,28.58686],[-81.3976,28.58686],[-81.39759,28.58647],[-81.39784,28.58646],[-81.39782,28.58561],[-81.39638,28.58562],[-81.39637,28.58516],[-81.39594,28.5852],[-81.39593,28.58468],[-81.39575,28.58471],[-81.39491,28.58482],[-81.39379,28.58497],[-81.39378,28.58458],[-81.39329,28.58503],[-81.39326,28.58506],[-81.39312,28.58518],[-81.39161,28.58388],[-81.39148,28.58377],[-81.39386,28.58338],[-81.39435,28.58329],[-81.39552,28.58304],[-81.39599,28.58296],[-81.39628,28.58289],[-81.39689,28.58269],[-81.39788,28.58229],[-81.39836,28.58207],[-81.39872,28.58192],[-81.39909,28.5817],[-81.39952,28.5814],[-81.40041,28.58081],[-81.4005,28.58075],[-81.40054,28.58073],[-81.40066,28.58068],[-81.40078,28.58064],[-81.40092,28.58061],[-81.40105,28.58059],[-81.40118,28.58059],[-81.40124,28.58058],[-81.40131,28.58057],[-81.40137,28.58055],[-81.40144,28.58052],[-81.40149,28.58051],[-81.40157,28.58046],[-81.40161,28.58043],[-81.40167,28.58039],[-81.40173,28.58031],[-81.40193,28.58039],[-81.40195,28.58192],[-81.40216,28.59102],[-81.39802,28.59107]]]}},{"type":"Feature","properties":{"name":"Holden Heights"},"geometry":{"type":"Polygon","coordinates":[[[-81.39918,28.52638],[-81.39918,28.52637],[-81.39908,28.52637],[-81.39833,28.52638],[-81.39832,28.52561],[-81.39908,28.52561],[-81.39917,28.5256],[-81.39917,28.52559],[-81.39933,28.52559],[-81.39933,28.52638],[-81.39918,28.52638]],[[-81.38582,28.53109],[-81.38621,28.52991],[-81.38624,28.52941],[-81.38624,28.52867],[-81.38623,28.52806],[-81.38623,28.52725],[-81.38623,28.52629],[-81.38623,28.52567],[-81.38622,28.52454],[-81.38622,28.52367],[-81.38622,28.52269],[-81.38623,28.52018],[-81.38626,28.51986],[-81.38631,28.51948],[-81.38642,28.51894],[-81.38646,28.51853],[-81.3866,28.51803],[-81.3868,28.51758],[-81.38698,28.51732],[-81.38723,28.517],[-81.38773,28.51639],[-81.38829,28.51598],[-81.38849,28.51583],[-81.38881,28.5156],[-81.39125,28.51386],[-81.39381,28.51212],[-81.39488,28.51144],[-81.39601,28.51087],[-81.39721,28.5104],[-81.39772,28.51022],[-81.39846,28.51004],[-81.39974,28.5098],[-81.40103,28.50968],[-81.40116,28.5097],[-81.40117,28.51024],[-81.40118,28.51076],[-81.40103,28.51077],[-81.40102,28.51027],[-81.40096,28.51028],[-81.40096,28.5101],[-81.40061,28.51016],[-81.40033,28.51023],[-81.40006,28.51031],[-81.39986,28.51038],[-81.39961,28.51049],[-81.3992,28.51071],[-81.39883,28.51093],[-81.39869,28.51101],[-81.39869,28.51131],[-81.39818,28.51131],[-81.39807,28.51137],[-81.39761,28.51159],[-81.39761,28.51172],[-81.39726,28.51173],[-81.39726,28.51189],[-81.39718,28.5119],[-81.39716,28.51191],[-81.39715,28.51194],[-81.39714,28.51196],[-81.39713,28.51259],[-81.39688,28.51259],[-81.39683,28.5119],[-81.39624,28.51191],[-81.395,28.51214],[-81.39481,28.51217],[-81.39481,28.51231],[-81.39446,28.51232],[-81.39403,28.5125],[-81.39387,28.51261],[-81.39387,28.51269],[-81.39364,28.5127],[-81.39344,28.51289],[-81.39325,28.51301],[-81.39326,28.51328],[-81.39298,28.51329],[-81.39298,28.51366],[-81.39273,28.51366],[-81.39273,28.51345],[-81.3926,28.51345],[-81.39261,28.51366],[-81.39226,28.51366],[-81.39208,28.51383],[-81.39183,28.51401],[-81.39183,28.5142],[-81.39149,28.51421],[-81.39121,28.5144],[-81.39122,28.51477],[-81.39106,28.51477],[-81.39072,28.51495],[-81.39025,28.5152],[-81.39026,28.51549],[-81.38979,28.5155],[-81.38953,28.51566],[-81.38917,28.5159],[-81.38917,28.51604],[-81.38897,28.51604],[-81.38876,28.51617],[-81.38877,28.51732],[-81.38887,28.51732],[-81.38887,28.51823],[-81.38889,28.52112],[-81.38891,28.52369],[-81.39304,28.52364],[-81.39304,28.52373],[-81.39501,28.52371],[-81.39501,28.52464],[-81.39305,28.52466],[-81.39306,28.52645],[-81.39512,28.52642],[-81.39512,28.5265],[-81.39633,28.52648],[-81.39633,28.52741],[-81.39713,28.5274],[-81.39712,28.52647],[-81.39918,28.52645],[-81.39918,28.52652],[-81.39949,28.52652],[-81.39964,28.52652],[-81.40103,28.5265],[-81.4011,28.52655],[-81.4011,28.52682],[-81.4011,28.52736],[-81.40125,28.52735],[-81.40125,28.5274],[-81.40132,28.531],[-81.40048,28.531],[-81.39966,28.531],[-81.39879,28.53101],[-81.39742,28.53102],[-81.39725,28.53102],[-81.39519,28.53104],[-81.39511,28.53104],[-81.39321,28.53106],[-81.39309,28.53101],[-81.39133,28.53102],[-81.39103,28.53102],[-81.3905,28.53103],[-81.38975,28.53103],[-81.38901,28.53104],[-81.38813,28.53105],[-81.38788,28.53105],[-81.38747,28.53105],[-81.38692,28.53106],[-81.38612,28.53108],[-81.38582,28.53109]]]}},{"type":"Feature","properties":{"name":"Pineloch"},"geometry":{"type":"Polygon","coordinates":[[[-81.3624,28.50949],[-81.36283,28.50949],[-81.36284,28.51009],[-81.3624,28.5101],[-81.3624,28.50949]],[[-81.35998,28.513],[-81.35998,28.51263],[-81.35993,28.51263],[-81.35992,28.51186],[-81.36036,28.51185],[-81.36037,28.51263],[-81.36139,28.51261],[-81.36139,28.5125],[-81.36183,28.5125],[-81.36183,28.51261],[-81.36198,28.51261],[-81.36198,28.51243],[-81.36242,28.51242],[-81.36242,28.5126],[-81.36248,28.5126],[-81.36248,28.51273],[-81.36261,28.51273],[-81.36261,28.5128],[-81.36287,28.5128],[-81.36287,28.51295],[-81.36285,28.51297],[-81.36202,28.51298],[-81.36199,28.51295],[-81.36183,28.51295],[-81.3618,28.51298],[-81.36101,28.51299],[-81.36096,28.51295],[-81.36081,28.51295],[-81.36076,28.51299],[-81.35998,28.513]],[[-81.35573,28.5131],[-81.35573,28.51262],[-81.35647,28.51261],[-81.35647,28.51196],[-81.35759,28.51196],[-81.3576,28.51307],[-81.35972,28.51305],[-81.35993,28.51305],[-81.35993,28.51313],[-81.35887,28.51315],[-81.35729,28.51317],[-81.3561,28.51319],[-81.35497,28.51319],[-81.35342,28.51322],[-81.35304,28.51323],[-81.35159,28.51324],[-81.35157,28.51324],[-81.35157,28.51314],[-81.35573,28.5131]],[[-81.36732,28.51305],[-81.36732,28.51292],[-81.36731,28.51125],[-81.36653,28.51126],[-81.36653,28.5108],[-81.36609,28.5108],[-81.36608,28.50965],[-81.36609,28.50966],[-81.36609,28.50967],[-81.36609,28.50968],[-81.36609,28.5097],[-81.36609,28.50971],[-81.36609,28.50973],[-81.3661,28.50975],[-81.3661,28.50976],[-81.36611,28.50978],[-81.36612,28.5098],[-81.36613,28.50982],[-81.36614,28.50984],[-81.36615,28.50985],[-81.36616,28.50986],[-81.36617,28.50987],[-81.36618,28.50987],[-81.36619,28.50988],[-81.36621,28.50988],[-81.36623,28.50989],[-81.36624,28.50989],[-81.36626,28.50988],[-81.36628,28.50988],[-81.3663,28.50988],[-81.36632,28.50987],[-81.36634,28.50987],[-81.36636,28.50986],[-81.36637,28.50985],[-81.36639,28.50984],[-81.36641,28.50983],[-81.36644,28.50981],[-81.36647,28.50979],[-81.36648,28.50978],[-81.36649,28.50977],[-81.36651,28.50977],[-81.36652,28.50976],[-81.36652,28.50938],[-81.366,28.50939],[-81.36599,28.50882],[-81.36548,28.50928],[-81.36551,28.51294],[-81.36453,28.51295],[-81.36367,28.51296],[-81.36304,28.51296],[-81.36302,28.51294],[-81.36302,28.51266],[-81.36297,28.51266],[-81.36294,28.50935],[-81.36212,28.50936],[-81.36215,28.50907],[-81.36195,28.50876],[-81.36195,28.50797],[-81.36416,28.50701],[-81.36494,28.50668],[-81.36518,28.50667],[-81.36543,28.50667],[-81.36584,28.50666],[-81.36597,28.50666],[-81.36804,28.50661],[-81.36804,28.50687],[-81.36804,28.50732],[-81.36805,28.50757],[-81.36805,28.50837],[-81.36806,28.50856],[-81.36806,28.50937],[-81.36796,28.50937],[-81.36797,28.51074],[-81.36849,28.51074],[-81.3685,28.51215],[-81.36809,28.51215],[-81.36809,28.51291],[-81.3696,28.5129],[-81.37006,28.51289],[-81.37007,28.5112],[-81.36992,28.51091],[-81.36977,28.51058],[-81.36972,28.51042],[-81.36979,28.51041],[-81.36931,28.50935],[-81.36998,28.50935],[-81.37063,28.50935],[-81.37144,28.50933],[-81.37227,28.50934],[-81.37227,28.50926],[-81.37227,28.50896],[-81.37268,28.50895],[-81.37269,28.5084],[-81.37311,28.5084],[-81.3731,28.50925],[-81.3733,28.50925],[-81.3733,28.50881],[-81.37372,28.5088],[-81.37372,28.50894],[-81.37408,28.50894],[-81.37408,28.50924],[-81.37423,28.50924],[-81.37421,28.50748],[-81.37427,28.50749],[-81.37426,28.50697],[-81.37426,28.50691],[-81.37422,28.50691],[-81.37421,28.50647],[-81.37523,28.50646],[-81.37522,28.50628],[-81.37612,28.50627],[-81.37612,28.50609],[-81.37613,28.50586],[-81.37613,28.50565],[-81.37613,28.50561],[-81.37614,28.5052],[-81.37505,28.50521],[-81.37504,28.50566],[-81.37422,28.50567],[-81.37398,28.50567],[-81.37377,28.50568],[-81.37354,28.50568],[-81.37353,28.50523],[-81.3722,28.50524],[-81.3722,28.50483],[-81.3732,28.50482],[-81.3732,28.50478],[-81.37422,28.50477],[-81.37421,28.50393],[-81.37445,28.50393],[-81.37445,28.5038],[-81.37352,28.50382],[-81.37352,28.50354],[-81.37391,28.50354],[-81.3739,28.50326],[-81.37429,28.50326],[-81.37428,28.50255],[-81.37444,28.50255],[-81.37444,28.50241],[-81.37614,28.50239],[-81.37615,28.50319],[-81.37641,28.50319],[-81.37642,28.50402],[-81.37642,28.50448],[-81.37642,28.50464],[-81.37643,28.50563],[-81.37638,28.50563],[-81.37637,28.506],[-81.37636,28.50649],[-81.37637,28.50688],[-81.3764,28.50766],[-81.37642,28.50813],[-81.37642,28.50879],[-81.37642,28.5092],[-81.37644,28.50937],[-81.37643,28.50993],[-81.37643,28.51007],[-81.37643,28.51021],[-81.37643,28.51052],[-81.37644,28.51065],[-81.37653,28.51065],[-81.37666,28.51065],[-81.37681,28.51065],[-81.37682,28.51105],[-81.37683,28.51119],[-81.37683,28.51126],[-81.37683,28.51133],[-81.37683,28.5114],[-81.37683,28.51146],[-81.37728,28.51147],[-81.37729,28.51289],[-81.37632,28.5129],[-81.37539,28.5129],[-81.3753,28.5129],[-81.3745,28.51291],[-81.37436,28.51291],[-81.37421,28.51292],[-81.37245,28.51295],[-81.37229,28.51295],[-81.37221,28.51295],[-81.37016,28.51302],[-81.37006,28.51302],[-81.36903,28.51303],[-81.36808,28.51305],[-81.36732,28.51305]]]}},{"type":"Feature","properties":{"name":"Wadeview Park"},"geometry":{"type":"Polygon","coordinates":[[[-81.36205,28.51582],[-81.36205,28.51562],[-81.36247,28.51562],[-81.36268,28.51562],[-81.36268,28.51575],[-81.36247,28.51575],[-81.36247,28.51582],[-81.36205,28.51582]],[[-81.37227,28.52164],[-81.37228,28.52027],[-81.37049,28.5203],[-81.37029,28.5203],[-81.3692,28.52032],[-81.36852,28.52031],[-81.36814,28.52031],[-81.36805,28.52031],[-81.36663,28.52033],[-81.36404,28.52035],[-81.36296,28.52037],[-81.36197,28.52039],[-81.36005,28.5204],[-81.35984,28.52045],[-81.35949,28.52045],[-81.35933,28.52045],[-81.35917,28.52045],[-81.35902,28.52045],[-81.35886,28.52045],[-81.35871,28.52045],[-81.35855,28.52046],[-81.3584,28.52046],[-81.35824,28.52046],[-81.35813,28.52046],[-81.35787,28.52046],[-81.35787,28.52033],[-81.35784,28.51876],[-81.35909,28.51876],[-81.35909,28.51894],[-81.35909,28.51913],[-81.35909,28.51933],[-81.35909,28.5195],[-81.35947,28.5195],[-81.35982,28.51949],[-81.35982,28.51936],[-81.35947,28.51936],[-81.35947,28.5192],[-81.35982,28.51919],[-81.35981,28.5173],[-81.35894,28.5173],[-81.35894,28.51678],[-81.35872,28.51678],[-81.35871,28.51663],[-81.35871,28.5163],[-81.35887,28.51629],[-81.35902,28.51629],[-81.35918,28.51628],[-81.3592,28.51628],[-81.35919,28.51615],[-81.35919,28.5158],[-81.3591,28.5158],[-81.3591,28.51573],[-81.35909,28.51558],[-81.35909,28.51544],[-81.35922,28.51544],[-81.35938,28.51544],[-81.35937,28.5153],[-81.35937,28.51516],[-81.35981,28.51515],[-81.3598,28.51488],[-81.35938,28.51488],[-81.35938,28.51472],[-81.35938,28.51458],[-81.35937,28.51444],[-81.35978,28.51444],[-81.3598,28.51444],[-81.35979,28.51416],[-81.35937,28.51417],[-81.35937,28.51403],[-81.35887,28.51403],[-81.35887,28.51358],[-81.35785,28.51358],[-81.35786,28.51397],[-81.35755,28.51397],[-81.35754,28.51368],[-81.3573,28.51368],[-81.3573,28.51347],[-81.35677,28.51348],[-81.35677,28.51415],[-81.3561,28.51415],[-81.3561,28.51374],[-81.35508,28.51375],[-81.35508,28.51329],[-81.35448,28.51329],[-81.35449,28.51362],[-81.35492,28.51361],[-81.35492,28.51375],[-81.354,28.51376],[-81.354,28.5133],[-81.35342,28.5133],[-81.35241,28.51331],[-81.35226,28.51331],[-81.35168,28.51331],[-81.35157,28.51331],[-81.35157,28.51324],[-81.35159,28.51324],[-81.35304,28.51323],[-81.35342,28.51322],[-81.35497,28.51319],[-81.3561,28.51319],[-81.35729,28.51317],[-81.35887,28.51315],[-81.35993,28.51313],[-81.35994,28.51348],[-81.35999,28.51348],[-81.35999,28.5133],[-81.36003,28.51325],[-81.3608,28.51325],[-81.36084,28.51329],[-81.36097,28.51329],[-81.36101,28.51324],[-81.36141,28.51324],[-81.36181,28.51324],[-81.36185,28.51326],[-81.36185,28.51382],[-81.36141,28.51382],[-81.36142,28.51398],[-81.36098,28.51399],[-81.36097,28.51357],[-81.36039,28.51358],[-81.3604,28.51399],[-81.35995,28.51399],[-81.35996,28.51475],[-81.35996,28.51534],[-81.36042,28.51534],[-81.36041,28.5152],[-81.36087,28.5152],[-81.36087,28.51548],[-81.35997,28.51548],[-81.35998,28.51563],[-81.36,28.51669],[-81.36393,28.51665],[-81.36391,28.51527],[-81.36307,28.51528],[-81.36307,28.51547],[-81.36246,28.51547],[-81.36246,28.5152],[-81.36202,28.5152],[-81.36202,28.51506],[-81.3629,28.51506],[-81.36289,28.51486],[-81.36305,28.51486],[-81.3639,28.51485],[-81.3639,28.51459],[-81.36306,28.51459],[-81.36306,28.51433],[-81.36389,28.51432],[-81.36389,28.51406],[-81.36305,28.51407],[-81.36305,28.51376],[-81.36389,28.51376],[-81.36389,28.51354],[-81.36347,28.51354],[-81.36347,28.51365],[-81.36305,28.51365],[-81.36305,28.51354],[-81.36287,28.51353],[-81.36288,28.51381],[-81.36244,28.51381],[-81.36245,28.51395],[-81.36201,28.51395],[-81.362,28.51326],[-81.36205,28.51323],[-81.36229,28.51323],[-81.3623,28.51353],[-81.36244,28.51353],[-81.36258,28.51353],[-81.36258,28.51323],[-81.36384,28.51321],[-81.36389,28.51325],[-81.36406,28.51327],[-81.36412,28.51321],[-81.3649,28.5132],[-81.36493,28.51323],[-81.36508,28.51322],[-81.36511,28.5132],[-81.36593,28.51319],[-81.36596,28.51321],[-81.36611,28.51321],[-81.36614,28.51319],[-81.36628,28.51319],[-81.36686,28.51318],[-81.36686,28.51349],[-81.36699,28.51348],[-81.36701,28.51576],[-81.36694,28.51577],[-81.36692,28.51582],[-81.36689,28.51593],[-81.36686,28.51604],[-81.36687,28.51615],[-81.36689,28.51626],[-81.36694,28.51637],[-81.36702,28.51652],[-81.36702,28.51669],[-81.36812,28.51668],[-81.36809,28.51314],[-81.36732,28.51314],[-81.36732,28.51305],[-81.36808,28.51305],[-81.36903,28.51303],[-81.37006,28.51302],[-81.37016,28.51302],[-81.37221,28.51295],[-81.37229,28.51295],[-81.37245,28.51295],[-81.37421,28.51292],[-81.37436,28.51291],[-81.3745,28.51291],[-81.3753,28.5129],[-81.37539,28.5129],[-81.37632,28.5129],[-81.37635,28.51387],[-81.37635,28.51474],[-81.37636,28.51573],[-81.37638,28.51658],[-81.37638,28.5175],[-81.37639,28.51841],[-81.37638,28.51933],[-81.37639,28.52023],[-81.37641,28.52115],[-81.37641,28.52198],[-81.37643,28.52205],[-81.37643,28.52252],[-81.37228,28.52253],[-81.37227,28.52164]]]}}]}