{"type":"FeatureCollection","features":[{"type":"Feature","properties":{"name":"City Of Plant City"},"geometry":{"type":"Polygon","coordinates":[[[-82.06846,28.05987],[-82.07255,28.05986],[-82.07255,28.05977],[-82.07255,28.05498],[-82.07252,28.05136],[-82.07451,28.05136],[-82.07448,28.04718],[-82.0726,28.04719],[-82.07248,28.04719],[-82.07249,28.04776],[-82.07099,28.04775],[-82.071,28.04906],[-82.07151,28.04906],[-82.07158,28.05139],[-82.07159,28.05276],[-82.07052,28.05276],[-82.07052,28.0543],[-82.06661,28.0543],[-82.06661,28.0495],[-82.06205,28.0495],[-82.06205,28.05053],[-82.0595,28.05054],[-82.05949,28.04868],[-82.06011,28.04868],[-82.06011,28.04799],[-82.06046,28.04769],[-82.06011,28.04768],[-82.05601,28.04765],[-82.05597,28.04307],[-82.05596,28.04053],[-82.05799,28.04055],[-82.05802,28.04322],[-82.05802,28.044],[-82.05926,28.04401],[-82.05926,28.04355],[-82.05938,28.04355],[-82.06007,28.04354],[-82.06004,28.04045],[-82.0621,28.04048],[-82.06257,28.04049],[-82.06259,28.04162],[-82.06236,28.04162],[-82.06237,28.04225],[-82.06419,28.04227],[-82.06417,28.04136],[-82.06829,28.04143],[-82.06833,28.0441],[-82.07256,28.0442],[-82.07251,28.04057],[-82.07593,28.04056],[-82.07661,28.04056],[-82.07661,28.04125],[-82.07871,28.04125],[-82.08062,28.04124],[-82.08068,28.04596],[-82.08476,28.04596],[-82.08475,28.04414],[-82.08629,28.04414],[-82.08626,28.04052],[-82.08676,28.04052],[-82.08881,28.04052],[-82.08876,28.03766],[-82.08875,28.03721],[-82.08874,28.03657],[-82.08865,28.03647],[-82.0867,28.03647],[-82.08621,28.03648],[-82.08466,28.03648],[-82.07699,28.03652],[-82.07698,28.03446],[-82.07697,28.0335],[-82.07699,28.03331],[-82.08053,28.03329],[-82.08052,28.0327],[-82.0886,28.03266],[-82.08868,28.03266],[-82.08868,28.03234],[-82.08875,28.03234],[-82.09275,28.0323],[-82.09271,28.02958],[-82.09067,28.02962],[-82.09063,28.02743],[-82.09268,28.02741],[-82.09269,28.0278],[-82.09681,28.02775],[-82.0968,28.02712],[-82.09674,28.02712],[-82.09573,28.02714],[-82.09567,28.02714],[-82.09567,28.02669],[-82.09567,28.02666],[-82.09272,28.02672],[-82.09271,28.02599],[-82.09267,28.026],[-82.09266,28.02511],[-82.09266,28.02328],[-82.09265,28.02237],[-82.09678,28.0223],[-82.09678,28.02168],[-82.09686,28.02168],[-82.09827,28.02165],[-82.1009,28.0216],[-82.10091,28.02221],[-82.10301,28.02217],[-82.1044,28.02214],[-82.10438,28.01826],[-82.10146,28.01877],[-82.10145,28.01857],[-82.10088,28.01858],[-82.10088,28.01887],[-82.09936,28.01913],[-82.09936,28.01861],[-82.09813,28.01863],[-82.09813,28.01935],[-82.09479,28.01993],[-82.08855,28.02101],[-82.08855,28.02104],[-82.0867,28.02136],[-82.08671,28.02246],[-82.08658,28.02246],[-82.08661,28.0261],[-82.08457,28.02613],[-82.08452,28.02173],[-82.07503,28.02338],[-82.07576,28.02614],[-82.0764,28.02615],[-82.07736,28.02615],[-82.07747,28.0329],[-82.07614,28.0335],[-82.07443,28.03351],[-82.07443,28.03446],[-82.07444,28.03514],[-82.0731,28.03514],[-82.0731,28.03461],[-82.07245,28.03461],[-82.0723,28.03461],[-82.0723,28.03463],[-82.0723,28.03614],[-82.07222,28.03614],[-82.07222,28.03631],[-82.07215,28.03638],[-82.07033,28.03649],[-82.07033,28.03649],[-82.07032,28.03649],[-82.06959,28.03648],[-82.06952,28.03641],[-82.0689,28.03643],[-82.06832,28.03642],[-82.06833,28.03324],[-82.06925,28.03326],[-82.06925,28.03244],[-82.06833,28.03242],[-82.06833,28.03191],[-82.06833,28.03052],[-82.06832,28.02965],[-82.06817,28.02965],[-82.06409,28.02952],[-82.06409,28.0277],[-82.06702,28.02778],[-82.06702,28.0275],[-82.06817,28.02752],[-82.06817,28.02779],[-82.06832,28.02779],[-82.07032,28.02783],[-82.07031,28.02601],[-82.07035,28.02601],[-82.07031,28.02485],[-82.07236,28.02449],[-82.07232,28.02385],[-82.07227,28.02247],[-82.07082,28.02244],[-82.06949,28.02241],[-82.06829,28.02239],[-82.06813,28.02239],[-82.06813,28.02241],[-82.06814,28.02301],[-82.06815,28.02348],[-82.06816,28.02405],[-82.06818,28.0247],[-82.06407,28.02541],[-82.06404,28.02315],[-82.06435,28.02316],[-82.06434,28.0223],[-82.06434,28.02185],[-82.06402,28.02184],[-82.06403,28.02229],[-82.06196,28.02224],[-82.05991,28.02219],[-82.05996,28.02397],[-82.05997,28.0258],[-82.0589,28.02578],[-82.05893,28.0261],[-82.05894,28.02679],[-82.05895,28.02941],[-82.05993,28.02943],[-82.05997,28.02943],[-82.05998,28.03125],[-82.06206,28.03129],[-82.0641,28.03133],[-82.06412,28.03315],[-82.06413,28.03447],[-82.06414,28.03637],[-82.06376,28.03639],[-82.06321,28.03637],[-82.06301,28.03633],[-82.06237,28.03631],[-82.06208,28.03629],[-82.06092,28.03618],[-82.06089,28.03618],[-82.06086,28.03617],[-82.06082,28.03617],[-82.06077,28.03616],[-82.06073,28.03615],[-82.06071,28.03615],[-82.06071,28.03615],[-82.06063,28.03613],[-82.06053,28.03611],[-82.06049,28.0361],[-82.06045,28.03609],[-82.06041,28.03608],[-82.06037,28.03606],[-82.06033,28.03605],[-82.06031,28.03605],[-82.06027,28.03604],[-82.06024,28.03604],[-82.06021,28.03603],[-82.06019,28.03603],[-82.06016,28.03602],[-82.06013,28.03601],[-82.06009,28.03599],[-82.06005,28.03598],[-82.06002,28.03597],[-82.06002,28.03585],[-82.05987,28.03585],[-82.05987,28.0359],[-82.05985,28.03588],[-82.05971,28.03581],[-82.05956,28.03572],[-82.0594,28.03559],[-82.05808,28.03447],[-82.05747,28.03396],[-82.05728,28.03373],[-82.05713,28.03355],[-82.05685,28.03339],[-82.05663,28.03333],[-82.05638,28.03331],[-82.05628,28.0331],[-82.05628,28.033],[-82.05616,28.03299],[-82.0559,28.03299],[-82.05581,28.01653],[-82.05574,28.00385],[-82.05574,28.0038],[-82.0557,27.99652],[-82.05568,27.98923],[-82.05567,27.98564],[-82.05571,27.97972],[-82.05569,27.9782],[-82.05569,27.97745],[-82.06066,27.97746],[-82.06067,27.97827],[-82.06379,27.97829],[-82.0638,27.98014],[-82.05965,27.98016],[-82.05966,27.98079],[-82.0593,27.98079],[-82.05931,27.98107],[-82.05966,27.98107],[-82.05966,27.98134],[-82.05803,27.98134],[-82.05804,27.98198],[-82.05671,27.98198],[-82.0567,27.98216],[-82.05671,27.98553],[-82.0567,27.98564],[-82.05978,27.98564],[-82.05978,27.98648],[-82.05978,27.98741],[-82.05979,27.98829],[-82.06148,27.9883],[-82.06194,27.9883],[-82.06202,27.9883],[-82.06241,27.9883],[-82.06287,27.9883],[-82.06292,27.9883],[-82.06396,27.9883],[-82.06393,27.99413],[-82.06805,27.99413],[-82.06807,27.99641],[-82.06807,27.9965],[-82.06862,27.9965],[-82.07011,27.9965],[-82.0701,28.00034],[-82.06779,28.00032],[-82.06764,28.00026],[-82.06752,28.00024],[-82.06688,28.00023],[-82.06665,28.00023],[-82.06622,28.00023],[-82.06579,28.00022],[-82.06453,28.00021],[-82.06454,27.99907],[-82.06432,27.99906],[-82.06432,27.99861],[-82.06401,27.99861],[-82.06401,27.99823],[-82.06403,27.99693],[-82.06403,27.99651],[-82.06403,27.99644],[-82.06385,27.99644],[-82.06187,27.99644],[-82.06188,27.99658],[-82.06187,27.99829],[-82.06187,27.99836],[-82.06245,27.99836],[-82.06248,27.99836],[-82.06278,27.99836],[-82.06278,27.99874],[-82.06327,27.99874],[-82.06327,27.99927],[-82.06239,27.99925],[-82.06239,27.99952],[-82.06383,27.99954],[-82.06383,27.9996],[-82.06384,27.99997],[-82.06384,28.00027],[-82.06383,28.00047],[-82.06294,28.00047],[-82.06294,28.00088],[-82.06326,28.00088],[-82.06325,28.00146],[-82.06294,28.00145],[-82.06293,28.00213],[-82.05982,28.00208],[-82.05982,28.00296],[-82.05981,28.00396],[-82.06406,28.00402],[-82.06406,28.00535],[-82.06738,28.00541],[-82.06738,28.00763],[-82.06796,28.00765],[-82.06796,28.00792],[-82.06737,28.00791],[-82.06737,28.00976],[-82.06797,28.00978],[-82.06797,28.01029],[-82.06736,28.01028],[-82.06736,28.01132],[-82.06799,28.01134],[-82.06799,28.01148],[-82.06729,28.01146],[-82.06729,28.01161],[-82.0673,28.01212],[-82.06734,28.01394],[-82.06738,28.01572],[-82.06741,28.01728],[-82.06745,28.01914],[-82.06748,28.0205],[-82.0681,28.02051],[-82.06808,28.01994],[-82.06814,28.01994],[-82.06824,28.01994],[-82.06876,28.01995],[-82.06875,28.01966],[-82.07219,28.01976],[-82.07217,28.01928],[-82.07216,28.0189],[-82.07216,28.01876],[-82.07214,28.01792],[-82.07213,28.01737],[-82.07212,28.01685],[-82.07205,28.01156],[-82.07201,28.0098],[-82.0724,28.0098],[-82.07619,28.00979],[-82.07622,28.00831],[-82.07654,28.00831],[-82.07656,28.00744],[-82.07623,28.00744],[-82.07625,28.00478],[-82.07627,28.00053],[-82.07753,28.00055],[-82.07855,28.00475],[-82.08032,28.00507],[-82.08032,28.00534],[-82.08024,28.01157],[-82.08025,28.01268],[-82.08065,28.01268],[-82.08126,28.01219],[-82.08313,28.01193],[-82.08441,28.01169],[-82.08441,28.01156],[-82.0851,28.01156],[-82.08612,28.01138],[-82.0881,28.01181],[-82.08833,28.01156],[-82.08868,28.0112],[-82.08873,28.01068],[-82.08868,28.01012],[-82.08867,28.00961],[-82.0892,28.00925],[-82.08973,28.00886],[-82.08974,28.00857],[-82.09001,28.00835],[-82.0903,28.00824],[-82.09078,28.00817],[-82.09114,28.00789],[-82.09022,28.00698],[-82.09018,28.00091],[-82.09019,27.99962],[-82.09021,27.99651],[-82.08855,27.99651],[-82.08429,27.99652],[-82.08427,27.99233],[-82.08425,27.98801],[-82.08425,27.98774],[-82.0842,27.98774],[-82.08408,27.98773],[-82.08396,27.98772],[-82.08383,27.9877],[-82.08371,27.98768],[-82.08359,27.98766],[-82.08348,27.98763],[-82.08336,27.9876],[-82.08324,27.98757],[-82.08313,27.98753],[-82.08301,27.98749],[-82.0829,27.98744],[-82.08279,27.98739],[-82.08269,27.98734],[-82.08258,27.98729],[-82.08248,27.98723],[-82.08238,27.98717],[-82.08228,27.9871],[-82.08218,27.98704],[-82.08209,27.98697],[-82.082,27.98689],[-82.08191,27.98682],[-82.08183,27.98674],[-82.08175,27.98666],[-82.08167,27.98657],[-82.08159,27.98649],[-82.08152,27.9864],[-82.08145,27.98631],[-82.08139,27.98621],[-82.08133,27.98612],[-82.08127,27.98602],[-82.08122,27.98593],[-82.08117,27.98583],[-82.08113,27.98573],[-82.08109,27.98562],[-82.08103,27.98562],[-82.08101,27.98558],[-82.08431,27.98557],[-82.08446,27.98557],[-82.0885,27.98558],[-82.08852,27.9874],[-82.08765,27.98742],[-82.08766,27.98775],[-82.08663,27.98773],[-82.08668,27.98773],[-82.08673,27.98774],[-82.08678,27.98774],[-82.08683,27.98775],[-82.08688,27.98776],[-82.08693,27.98777],[-82.08698,27.98778],[-82.08703,27.98779],[-82.08708,27.98781],[-82.08713,27.98783],[-82.08717,27.98784],[-82.08722,27.98786],[-82.08726,27.98788],[-82.08731,27.98791],[-82.08735,27.98793],[-82.0874,27.98796],[-82.08744,27.98798],[-82.08748,27.98801],[-82.08752,27.98804],[-82.08756,27.98807],[-82.08759,27.9881],[-82.08763,27.98813],[-82.08766,27.98816],[-82.0877,27.9882],[-82.08773,27.98823],[-82.08776,27.98827],[-82.08779,27.98831],[-82.08781,27.98835],[-82.08784,27.98839],[-82.08787,27.98843],[-82.08789,27.98847],[-82.08791,27.98851],[-82.08793,27.98855],[-82.08795,27.98859],[-82.08796,27.98863],[-82.08815,27.98913],[-82.08822,27.98925],[-82.08853,27.99005],[-82.08853,27.9891],[-82.08878,27.9891],[-82.09262,27.98909],[-82.09261,27.98783],[-82.09259,27.98549],[-82.09256,27.98186],[-82.09362,27.98183],[-82.09359,27.97995],[-82.09462,27.97992],[-82.09461,27.9818],[-82.09465,27.98545],[-82.09657,27.98542],[-82.09695,27.98517],[-82.10084,27.98301],[-82.10083,27.98285],[-82.10083,27.98161],[-82.10327,27.98155],[-82.1033,27.98156],[-82.10332,27.98158],[-82.10335,27.98159],[-82.10338,27.9816],[-82.1034,27.98161],[-82.10343,27.98163],[-82.10345,27.98164],[-82.10348,27.98166],[-82.1035,27.98168],[-82.10352,27.98169],[-82.10354,27.98171],[-82.10356,27.98173],[-82.10359,27.98175],[-82.10361,27.98177],[-82.10483,27.98323],[-82.10488,27.97883],[-82.10258,27.97885],[-82.10257,27.9784],[-82.10088,27.97841],[-82.10088,27.97801],[-82.10086,27.97582],[-82.10169,27.97582],[-82.1022,27.97582],[-82.10271,27.97582],[-82.10323,27.97581],[-82.10427,27.97581],[-82.10492,27.97581],[-82.10493,27.97427],[-82.10975,27.97426],[-82.10976,27.97615],[-82.11299,27.97617],[-82.11299,27.9771],[-82.11299,27.97798],[-82.11518,27.97794],[-82.11725,27.97793],[-82.11741,27.97793],[-82.11973,27.97792],[-82.11974,27.97434],[-82.11974,27.97427],[-82.11727,27.97427],[-82.11728,27.97282],[-82.11625,27.97282],[-82.11626,27.97063],[-82.1173,27.97063],[-82.11731,27.96942],[-82.11721,27.96942],[-82.11724,27.96698],[-82.11724,27.96691],[-82.11326,27.9669],[-82.11321,27.97063],[-82.11116,27.97063],[-82.11117,27.96881],[-82.11207,27.96881],[-82.11208,27.9684],[-82.11171,27.9684],[-82.11172,27.96709],[-82.11119,27.96709],[-82.11119,27.9669],[-82.11118,27.96636],[-82.11049,27.96636],[-82.11049,27.96589],[-82.11015,27.96589],[-82.11014,27.96513],[-82.10917,27.96513],[-82.10917,27.96516],[-82.10911,27.96516],[-82.10908,27.96244],[-82.11115,27.96244],[-82.11113,27.96091],[-82.11731,27.9609],[-82.1173,27.95974],[-82.12089,27.95977],[-82.1209,27.95969],[-82.12153,27.95969],[-82.12537,27.95968],[-82.12539,27.96149],[-82.12541,27.96332],[-82.12104,27.96334],[-82.12111,27.96424],[-82.12119,27.96547],[-82.12121,27.96567],[-82.12116,27.9658],[-82.12115,27.96604],[-82.12116,27.96699],[-82.1214,27.96699],[-82.12542,27.96699],[-82.12546,27.97243],[-82.12554,27.97243],[-82.12947,27.97242],[-82.12947,27.97196],[-82.12946,27.97149],[-82.12946,27.97058],[-82.12946,27.96705],[-82.13046,27.96706],[-82.13046,27.96755],[-82.13046,27.96805],[-82.13046,27.96854],[-82.13133,27.96854],[-82.13245,27.96853],[-82.13245,27.96804],[-82.13245,27.96706],[-82.13346,27.96706],[-82.13346,27.96863],[-82.13346,27.96878],[-82.13346,27.96922],[-82.13348,27.96964],[-82.13347,27.97012],[-82.13347,27.97055],[-82.13477,27.97055],[-82.13525,27.97055],[-82.13574,27.97055],[-82.13642,27.97055],[-82.1374,27.97055],[-82.13755,27.97053],[-82.13756,27.96973],[-82.13951,27.96973],[-82.13951,27.96825],[-82.13891,27.96824],[-82.13892,27.96707],[-82.14033,27.96707],[-82.14154,27.96707],[-82.14156,27.97418],[-82.13753,27.97419],[-82.13754,27.97362],[-82.13738,27.97362],[-82.13674,27.97362],[-82.13673,27.9742],[-82.13546,27.97421],[-82.13445,27.97421],[-82.13345,27.97422],[-82.13345,27.97567],[-82.13344,27.97778],[-82.13206,27.97778],[-82.13144,27.97779],[-82.13144,27.97728],[-82.13145,27.97677],[-82.13091,27.97678],[-82.13046,27.97678],[-82.13045,27.97779],[-82.12945,27.97779],[-82.12733,27.97781],[-82.12733,27.977],[-82.12687,27.97701],[-82.12687,27.97781],[-82.12591,27.97782],[-82.12591,27.97702],[-82.12545,27.97702],[-82.12545,27.97698],[-82.12195,27.97701],[-82.12146,27.97701],[-82.12146,27.97791],[-82.1242,27.9779],[-82.1242,27.97797],[-82.1242,27.97973],[-82.12382,27.97973],[-82.12374,27.97973],[-82.12338,27.97973],[-82.1229,27.97974],[-82.1229,27.98146],[-82.12183,27.98146],[-82.12182,27.98118],[-82.12187,27.98118],[-82.12187,27.98106],[-82.12035,27.98105],[-82.12035,27.98154],[-82.12145,27.98154],[-82.12546,27.98153],[-82.12546,27.9816],[-82.12547,27.98321],[-82.12547,27.98435],[-82.12547,27.98455],[-82.12598,27.98455],[-82.12598,27.98527],[-82.12705,27.9853],[-82.12705,27.98543],[-82.12812,27.98544],[-82.12812,27.98528],[-82.12811,27.98492],[-82.12796,27.98492],[-82.12795,27.98265],[-82.12857,27.98264],[-82.12858,27.98154],[-82.12897,27.98154],[-82.12898,27.98314],[-82.12944,27.98314],[-82.12945,27.9853],[-82.12954,27.9853],[-82.12954,27.98626],[-82.13147,27.98626],[-82.13159,27.98626],[-82.13159,27.98733],[-82.13159,27.98743],[-82.13239,27.98743],[-82.13239,27.98799],[-82.13437,27.988],[-82.13437,27.98698],[-82.13699,27.987],[-82.13699,27.98783],[-82.13756,27.98783],[-82.13752,27.9853],[-82.13349,27.9853],[-82.13347,27.9816],[-82.13347,27.98151],[-82.13746,27.9815],[-82.14113,27.98149],[-82.14072,27.98278],[-82.13985,27.98249],[-82.13972,27.98288],[-82.13958,27.98327],[-82.13949,27.9837],[-82.1394,27.98411],[-82.13873,27.98431],[-82.13932,27.98513],[-82.13992,27.9848],[-82.1402,27.9848],[-82.14161,27.9848],[-82.14155,27.98156],[-82.14155,27.98156],[-82.14155,27.98149],[-82.14154,27.98142],[-82.14146,27.98142],[-82.14142,27.98142],[-82.14131,27.98142],[-82.14131,27.98136],[-82.14131,27.9812],[-82.1413,27.98114],[-82.1413,27.98114],[-82.13746,27.98116],[-82.13745,27.97925],[-82.13745,27.9792],[-82.13745,27.97791],[-82.13879,27.97791],[-82.1402,27.97791],[-82.14155,27.97791],[-82.14524,27.97791],[-82.14525,27.98024],[-82.14564,27.98024],[-82.14564,27.98048],[-82.14573,27.98048],[-82.14762,27.98049],[-82.14762,27.98018],[-82.14762,27.97959],[-82.14567,27.97958],[-82.14563,27.97958],[-82.14562,27.9741],[-82.14572,27.9741],[-82.14594,27.9741],[-82.14726,27.97411],[-82.148,27.97412],[-82.14915,27.97413],[-82.14973,27.97416],[-82.15089,27.97416],[-82.15182,27.97416],[-82.15229,27.97415],[-82.15275,27.97415],[-82.15377,27.97415],[-82.15378,27.97361],[-82.15378,27.97314],[-82.15378,27.9727],[-82.15379,27.97226],[-82.15379,27.97182],[-82.15379,27.97151],[-82.1538,27.97116],[-82.1538,27.97094],[-82.1538,27.97056],[-82.1538,27.97048],[-82.15381,27.97007],[-82.15381,27.96964],[-82.15381,27.96937],[-82.15382,27.96877],[-82.15383,27.96776],[-82.15383,27.9674],[-82.15386,27.9674],[-82.15414,27.9674],[-82.15414,27.96708],[-82.15414,27.96698],[-82.15391,27.96698],[-82.15391,27.9669],[-82.15391,27.96683],[-82.15391,27.9641],[-82.15391,27.96383],[-82.15391,27.96321],[-82.15391,27.96143],[-82.15391,27.9611],[-82.15376,27.9611],[-82.15283,27.9611],[-82.15283,27.96196],[-82.1528,27.96196],[-82.15279,27.96254],[-82.15178,27.96254],[-82.15177,27.96322],[-82.15064,27.96322],[-82.15065,27.96462],[-82.14931,27.96462],[-82.14931,27.96457],[-82.14972,27.96389],[-82.14972,27.96322],[-82.1491,27.96322],[-82.1491,27.96141],[-82.14909,27.95958],[-82.14569,27.95959],[-82.14569,27.95868],[-82.14972,27.95866],[-82.14972,27.95958],[-82.1528,27.95956],[-82.15376,27.95956],[-82.15376,27.95962],[-82.15391,27.95963],[-82.15941,27.95967],[-82.15941,27.95593],[-82.16218,27.95595],[-82.16217,27.95904],[-82.16145,27.95904],[-82.16143,27.95953],[-82.16143,27.95968],[-82.16209,27.95969],[-82.16209,27.96145],[-82.1621,27.96328],[-82.16201,27.96328],[-82.16201,27.96421],[-82.16054,27.9642],[-82.16055,27.96476],[-82.16201,27.96477],[-82.162,27.96607],[-82.162,27.96616],[-82.15794,27.96617],[-82.15794,27.96641],[-82.1573,27.96641],[-82.15729,27.96698],[-82.15735,27.96708],[-82.158,27.96707],[-82.15799,27.96987],[-82.15798,27.97062],[-82.15945,27.97064],[-82.15949,27.97035],[-82.15949,27.97006],[-82.15949,27.96964],[-82.1595,27.96887],[-82.1595,27.96829],[-82.15951,27.9676],[-82.15951,27.96707],[-82.15951,27.96698],[-82.16428,27.967],[-82.16615,27.967],[-82.16615,27.96976],[-82.16615,27.97063],[-82.16632,27.97063],[-82.16834,27.97066],[-82.16834,27.97116],[-82.16833,27.97158],[-82.16832,27.9725],[-82.16831,27.97378],[-82.16831,27.97434],[-82.17037,27.97435],[-82.17037,27.97888],[-82.17044,27.97888],[-82.17094,27.97887],[-82.17451,27.97887],[-82.17451,27.97932],[-82.17264,27.97933],[-82.17128,27.97933],[-82.17044,27.97933],[-82.17037,27.97933],[-82.17037,27.98091],[-82.17109,27.98091],[-82.17109,27.98128],[-82.17104,27.98128],[-82.17043,27.98127],[-82.17037,27.98127],[-82.17037,27.98161],[-82.17043,27.98161],[-82.17089,27.98161],[-82.17452,27.9816],[-82.17452,27.98174],[-82.17452,27.98204],[-82.17452,27.98261],[-82.17452,27.98313],[-82.17452,27.98353],[-82.17453,27.98366],[-82.1748,27.9835],[-82.17513,27.98393],[-82.17453,27.9843],[-82.17452,27.98524],[-82.17452,27.98709],[-82.17868,27.98708],[-82.17862,27.99073],[-82.17656,27.99072],[-82.17656,27.98891],[-82.17451,27.98892],[-82.17451,27.99069],[-82.17451,27.99082],[-82.1745,27.99257],[-82.1745,27.99291],[-82.17449,27.99624],[-82.17654,27.99624],[-82.17667,28.00329],[-82.17873,28.00329],[-82.17874,28.00372],[-82.17463,28.00422],[-82.17466,28.00578],[-82.17509,28.00569],[-82.17551,28.0056],[-82.17551,28.00592],[-82.17552,28.0067],[-82.17554,28.00773],[-82.17555,28.00897],[-82.17557,28.01058],[-82.17656,28.01056],[-82.17808,28.01054],[-82.18087,28.0105],[-82.18085,28.00868],[-82.18188,28.00867],[-82.1819,28.01048],[-82.18291,28.01048],[-82.18292,28.01139],[-82.18696,28.01138],[-82.18704,28.01138],[-82.18706,28.01353],[-82.187,28.01353],[-82.18639,28.01353],[-82.1864,28.01411],[-82.18512,28.01411],[-82.18396,28.01412],[-82.18293,28.01413],[-82.18086,28.01415],[-82.17987,28.01415],[-82.17888,28.01416],[-82.1788,28.01416],[-82.17475,28.01419],[-82.17474,28.01555],[-82.17474,28.01601],[-82.17473,28.01782],[-82.17225,28.01783],[-82.17194,28.01783],[-82.17163,28.01783],[-82.17152,28.01783],[-82.17124,28.01783],[-82.17052,28.01783],[-82.17051,28.01805],[-82.17051,28.02006],[-82.16942,28.02002],[-82.16635,28.01987],[-82.16637,28.01789],[-82.16591,28.01789],[-82.1657,28.0179],[-82.16443,28.01795],[-82.16443,28.01866],[-82.16419,28.01866],[-82.16419,28.01898],[-82.16351,28.01899],[-82.16351,28.01974],[-82.16228,28.01968],[-82.16228,28.0199],[-82.16228,28.02062],[-82.16228,28.02159],[-82.16227,28.02337],[-82.16023,28.02341],[-82.16023,28.02508],[-82.15948,28.02508],[-82.15948,28.02398],[-82.15816,28.02402],[-82.15817,28.02523],[-82.15817,28.0256],[-82.15771,28.02562],[-82.15742,28.02563],[-82.15716,28.02564],[-82.15716,28.02571],[-82.15716,28.026],[-82.15716,28.02622],[-82.15678,28.02623],[-82.15678,28.02572],[-82.15677,28.02527],[-82.15622,28.02528],[-82.15624,28.02576],[-82.15624,28.02598],[-82.15626,28.02668],[-82.15626,28.0278],[-82.15626,28.0284],[-82.15627,28.0289],[-82.15628,28.02891],[-82.15628,28.0294],[-82.15524,28.02942],[-82.15524,28.02929],[-82.15524,28.02897],[-82.15454,28.02899],[-82.15455,28.02889],[-82.15519,28.02849],[-82.15478,28.02829],[-82.15413,28.02823],[-82.15279,28.0281],[-82.15231,28.02806],[-82.15114,28.02795],[-82.15078,28.02804],[-82.15048,28.02803],[-82.15041,28.02809],[-82.15041,28.02827],[-82.15024,28.02828],[-82.14979,28.02829],[-82.14978,28.02909],[-82.14939,28.0291],[-82.14768,28.02914],[-82.1464,28.02917],[-82.14562,28.02919],[-82.14516,28.0292],[-82.14432,28.02922],[-82.14327,28.02924],[-82.14223,28.02927],[-82.14228,28.03203],[-82.1423,28.03286],[-82.13818,28.03294],[-82.13412,28.03309],[-82.13412,28.03325],[-82.13413,28.03378],[-82.13412,28.03666],[-82.13413,28.03784],[-82.13413,28.03841],[-82.13414,28.03855],[-82.13414,28.0393],[-82.13414,28.03957],[-82.13414,28.03974],[-82.13414,28.04022],[-82.13415,28.04028],[-82.13415,28.04037],[-82.13415,28.04154],[-82.13415,28.04167],[-82.13414,28.04208],[-82.13418,28.04208],[-82.13613,28.04208],[-82.13613,28.04123],[-82.13693,28.04123],[-82.13693,28.04024],[-82.13817,28.04025],[-82.13818,28.04386],[-82.13619,28.04387],[-82.13413,28.04388],[-82.13209,28.04388],[-82.1317,28.04389],[-82.13126,28.04389],[-82.13111,28.04389],[-82.13057,28.04389],[-82.13012,28.04389],[-82.13004,28.04389],[-82.12998,28.04389],[-82.12962,28.04389],[-82.12851,28.0439],[-82.12787,28.0439],[-82.129,28.0475],[-82.12183,28.04753],[-82.12183,28.04735],[-82.12187,28.04391],[-82.12188,28.04112],[-82.12188,28.04035],[-82.12188,28.04029],[-82.11769,28.04029],[-82.11769,28.04022],[-82.11766,28.03886],[-82.11669,28.03887],[-82.11669,28.03882],[-82.11667,28.0387],[-82.11665,28.0386],[-82.11665,28.03847],[-82.11667,28.03837],[-82.11667,28.03823],[-82.11668,28.03819],[-82.11625,28.0382],[-82.11624,28.03809],[-82.11548,28.03809],[-82.11549,28.04029],[-82.1135,28.04028],[-82.11346,28.04393],[-82.11022,28.04394],[-82.11021,28.0435],[-82.10937,28.0435],[-82.10934,28.04031],[-82.10997,28.04031],[-82.10995,28.03819],[-82.10933,28.03819],[-82.10932,28.0381],[-82.10918,28.0381],[-82.10786,28.0381],[-82.10787,28.04032],[-82.10715,28.04034],[-82.10716,28.04398],[-82.10681,28.04398],[-82.10681,28.04433],[-82.10927,28.04432],[-82.10928,28.04448],[-82.10824,28.04449],[-82.10824,28.04488],[-82.10926,28.04488],[-82.10928,28.04762],[-82.11344,28.0476],[-82.11338,28.05482],[-82.11742,28.05479],[-82.11638,28.05639],[-82.11626,28.05853],[-82.11605,28.06213],[-82.11717,28.06527],[-82.11784,28.06527],[-82.11804,28.06583],[-82.12181,28.06582],[-82.13497,28.06581],[-82.1361,28.06949],[-82.13683,28.07288],[-82.13684,28.07293],[-82.13686,28.07305],[-82.13722,28.07499],[-82.13727,28.07523],[-82.13749,28.07644],[-82.13737,28.07644],[-82.13743,28.07672],[-82.13799,28.07963],[-82.1381,28.0802],[-82.13845,28.08201],[-82.1388,28.08381],[-82.13867,28.08381],[-82.13886,28.08477],[-82.13938,28.08745],[-82.13517,28.08748],[-82.13516,28.08677],[-82.13416,28.08678],[-82.13416,28.08678],[-82.13416,28.08955],[-82.13416,28.09052],[-82.13352,28.09053],[-82.13351,28.09109],[-82.13008,28.09111],[-82.13009,28.0878],[-82.12994,28.0878],[-82.12993,28.08753],[-82.12627,28.08755],[-82.12186,28.0876],[-82.12184,28.08394],[-82.12184,28.08003],[-82.12214,28.07923],[-82.12212,28.07833],[-82.12318,28.07799],[-82.12316,28.07669],[-82.12314,28.07566],[-82.12182,28.07567],[-82.12092,28.07568],[-82.11869,28.06943],[-82.11763,28.06657],[-82.11763,28.06583],[-82.11738,28.06583],[-82.11343,28.06585],[-82.11342,28.06472],[-82.11341,28.06216],[-82.10931,28.06219],[-82.10933,28.06586],[-82.10526,28.0659],[-82.10527,28.06774],[-82.10424,28.06774],[-82.10424,28.0659],[-82.10117,28.0659],[-82.0984,28.06589],[-82.0984,28.06465],[-82.09765,28.06465],[-82.09765,28.0638],[-82.09715,28.0638],[-82.09715,28.06223],[-82.10116,28.06222],[-82.10116,28.06148],[-82.10115,28.05856],[-82.1017,28.05856],[-82.10169,28.0578],[-82.10115,28.0578],[-82.10113,28.05605],[-82.10112,28.0549],[-82.09712,28.05492],[-82.09711,28.05404],[-82.09711,28.05289],[-82.0971,28.05259],[-82.09708,28.05104],[-82.09707,28.05058],[-82.09706,28.05012],[-82.09962,28.05009],[-82.09961,28.04782],[-82.09961,28.04749],[-82.09889,28.0475],[-82.09888,28.04676],[-82.09886,28.04539],[-82.09885,28.04405],[-82.09902,28.04405],[-82.09901,28.04359],[-82.097,28.04363],[-82.09699,28.04282],[-82.10099,28.04282],[-82.10099,28.04221],[-82.10098,28.0413],[-82.09893,28.04132],[-82.09737,28.04133],[-82.09691,28.04134],[-82.09691,28.04043],[-82.09697,28.04043],[-82.09738,28.04042],[-82.09928,28.04041],[-82.10097,28.04039],[-82.10095,28.03344],[-82.10062,28.03344],[-82.10061,28.0331],[-82.10023,28.03311],[-82.10023,28.03345],[-82.09988,28.03345],[-82.09954,28.03345],[-82.09954,28.03312],[-82.09918,28.03312],[-82.09919,28.03346],[-82.09884,28.03346],[-82.09829,28.03347],[-82.09818,28.03347],[-82.09803,28.03348],[-82.098,28.03349],[-82.09792,28.03352],[-82.09787,28.03355],[-82.09787,28.03355],[-82.09787,28.03355],[-82.09786,28.03356],[-82.09785,28.03356],[-82.09785,28.03357],[-82.09784,28.03357],[-82.09784,28.03358],[-82.09783,28.03359],[-82.09783,28.03359],[-82.09782,28.0336],[-82.09782,28.03361],[-82.09781,28.03362],[-82.09781,28.03362],[-82.09781,28.03363],[-82.0978,28.03364],[-82.0978,28.03365],[-82.0978,28.03366],[-82.09779,28.03366],[-82.09779,28.03367],[-82.09779,28.03368],[-82.09779,28.03369],[-82.09779,28.0337],[-82.09778,28.03371],[-82.09778,28.03371],[-82.09778,28.03372],[-82.09778,28.03373],[-82.09778,28.03374],[-82.09736,28.03375],[-82.09736,28.03345],[-82.09683,28.03346],[-82.09683,28.03316],[-82.09579,28.03317],[-82.09276,28.0332],[-82.09277,28.03375],[-82.09278,28.03445],[-82.09281,28.03661],[-82.09281,28.03709],[-82.09671,28.03709],[-82.09671,28.0386],[-82.09678,28.0386],[-82.09679,28.03926],[-82.09596,28.03928],[-82.09562,28.03929],[-82.09562,28.03951],[-82.09285,28.03956],[-82.09286,28.04047],[-82.0929,28.04138],[-82.09295,28.04138],[-82.09489,28.04137],[-82.0949,28.04227],[-82.09296,28.04229],[-82.09297,28.04415],[-82.09282,28.04415],[-82.09282,28.04456],[-82.09348,28.04455],[-82.09348,28.04455],[-82.09691,28.04449],[-82.09691,28.0476],[-82.09282,28.04766],[-82.09282,28.04773],[-82.09691,28.0477],[-82.09691,28.04814],[-82.09393,28.04822],[-82.09394,28.04953],[-82.0888,28.04955],[-82.08882,28.05139],[-82.0848,28.05135],[-82.08482,28.05302],[-82.08483,28.05498],[-82.08483,28.05589],[-82.08484,28.05681],[-82.08484,28.05769],[-82.08484,28.05859],[-82.08481,28.06587],[-82.0848,28.06784],[-82.08479,28.06957],[-82.08616,28.06957],[-82.08617,28.07015],[-82.08683,28.07015],[-82.08684,28.0732],[-82.08888,28.0732],[-82.09302,28.0732],[-82.09302,28.07378],[-82.09704,28.07378],[-82.09704,28.07418],[-82.09582,28.07419],[-82.09582,28.07477],[-82.09704,28.07476],[-82.09702,28.07677],[-82.093,28.07679],[-82.08895,28.07678],[-82.08895,28.07675],[-82.08881,28.07675],[-82.0888,28.08024],[-82.08604,28.08024],[-82.08605,28.08025],[-82.08259,28.08026],[-82.07243,28.08023],[-82.07244,28.06968],[-82.07255,28.06238],[-82.07606,28.06242],[-82.07606,28.06201],[-82.07583,28.06201],[-82.07583,28.06159],[-82.07493,28.06158],[-82.07493,28.06034],[-82.0738,28.06033],[-82.0738,28.06074],[-82.07255,28.06073],[-82.07255,28.06115],[-82.06846,28.06111],[-82.06846,28.05987]]]}},{"type":"Feature","properties":{"name":"City Of Tampa"},"geometry":{"type":"Polygon","coordinates":[[[-82.46104,27.91171],[-82.46115,27.91171],[-82.46122,27.91172],[-82.46127,27.91172],[-82.46136,27.91174],[-82.46143,27.91175],[-82.46149,27.91176],[-82.46155,27.91178],[-82.46177,27.91189],[-82.4618,27.91192],[-82.46185,27.91196],[-82.46189,27.91199],[-82.46193,27.91203],[-82.46197,27.91207],[-82.46198,27.91208],[-82.46202,27.91215],[-82.46207,27.9122],[-82.4621,27.91227],[-82.46212,27.9123],[-82.46214,27.91235],[-82.46216,27.91239],[-82.46218,27.91248],[-82.46218,27.91251],[-82.46219,27.91257],[-82.4622,27.91263],[-82.46221,27.91268],[-82.46219,27.91289],[-82.46219,27.91301],[-82.46218,27.91313],[-82.46218,27.91322],[-82.46218,27.91337],[-82.46217,27.91352],[-82.46216,27.91365],[-82.46216,27.91382],[-82.46215,27.91395],[-82.46216,27.91409],[-82.46216,27.91426],[-82.46216,27.91449],[-82.46217,27.91477],[-82.46222,27.91553],[-82.46224,27.91573],[-82.46226,27.91586],[-82.46228,27.91614],[-82.4623,27.91632],[-82.46234,27.91669],[-82.46239,27.91699],[-82.46241,27.91706],[-82.46241,27.91719],[-82.46241,27.91726],[-82.46235,27.9174],[-82.46227,27.9175],[-82.46219,27.91755],[-82.46214,27.91757],[-82.46207,27.91759],[-82.46198,27.91762],[-82.46192,27.91762],[-82.46185,27.91762],[-82.46178,27.9176],[-82.4616,27.91754],[-82.46147,27.9175],[-82.46125,27.91745],[-82.4612,27.91743],[-82.461,27.91741],[-82.46081,27.91738],[-82.46072,27.91736],[-82.46064,27.91733],[-82.46056,27.9173],[-82.46052,27.91729],[-82.46042,27.91723],[-82.46036,27.9172],[-82.46029,27.91715],[-82.46026,27.91712],[-82.46023,27.91709],[-82.46016,27.91703],[-82.4601,27.91695],[-82.46007,27.9169],[-82.46004,27.91686],[-82.46001,27.91681],[-82.46,27.91679],[-82.45993,27.91666],[-82.45989,27.91652],[-82.45988,27.91642],[-82.45988,27.91633],[-82.45987,27.91627],[-82.45988,27.91619],[-82.4599,27.91613],[-82.45992,27.91606],[-82.45994,27.916],[-82.45996,27.91594],[-82.45999,27.91585],[-82.46001,27.91579],[-82.46004,27.9157],[-82.46006,27.91561],[-82.46008,27.91555],[-82.4601,27.91548],[-82.46011,27.91539],[-82.46012,27.91529],[-82.46013,27.91521],[-82.46014,27.91514],[-82.46014,27.91504],[-82.46015,27.91494],[-82.46015,27.91483],[-82.46015,27.91476],[-82.46015,27.91466],[-82.46013,27.91454],[-82.46011,27.91448],[-82.4601,27.91441],[-82.46008,27.91432],[-82.46006,27.91425],[-82.46004,27.91419],[-82.46,27.91409],[-82.45997,27.91394],[-82.45994,27.9138],[-82.45993,27.9137],[-82.45993,27.91362],[-82.45993,27.91353],[-82.45993,27.91345],[-82.45994,27.91335],[-82.45995,27.91326],[-82.45996,27.91319],[-82.45997,27.91312],[-82.45999,27.91307],[-82.46002,27.91297],[-82.46004,27.91288],[-82.46007,27.91276],[-82.46008,27.91268],[-82.4601,27.91262],[-82.4601,27.91254],[-82.46011,27.91245],[-82.46016,27.91231],[-82.46021,27.9122],[-82.46025,27.91215],[-82.46029,27.91209],[-82.46033,27.91204],[-82.46039,27.912],[-82.46047,27.91193],[-82.46054,27.91188],[-82.4606,27.91185],[-82.46067,27.91181],[-82.46074,27.91178],[-82.46083,27.91176],[-82.4609,27.91174],[-82.46097,27.91172],[-82.46104,27.91171]],[[-82.44883,27.94074],[-82.44884,27.93979],[-82.44881,27.93974],[-82.44876,27.93971],[-82.44868,27.9397],[-82.4486,27.93972],[-82.4483,27.94035],[-82.44823,27.94043],[-82.44803,27.94053],[-82.44786,27.9406],[-82.44767,27.94061],[-82.44749,27.94059],[-82.44739,27.94055],[-82.44725,27.94049],[-82.44712,27.94042],[-82.44706,27.94037],[-82.44701,27.94032],[-82.44691,27.9402],[-82.44684,27.94006],[-82.4468,27.93992],[-82.44651,27.93942],[-82.44645,27.93924],[-82.44641,27.93912],[-82.44638,27.93899],[-82.44639,27.93884],[-82.44697,27.93699],[-82.44711,27.93669],[-82.44739,27.93622],[-82.44785,27.93505],[-82.44807,27.9346],[-82.44828,27.93438],[-82.4483,27.93434],[-82.4483,27.9343],[-82.44826,27.93425],[-82.44819,27.93414],[-82.44816,27.93406],[-82.44815,27.93386],[-82.44816,27.93348],[-82.44812,27.93339],[-82.44811,27.9333],[-82.44814,27.93321],[-82.44818,27.93315],[-82.44824,27.9331],[-82.44826,27.93303],[-82.44832,27.93248],[-82.44834,27.93233],[-82.44832,27.93216],[-82.44845,27.93109],[-82.44846,27.93062],[-82.44843,27.93041],[-82.44841,27.93033],[-82.44838,27.93026],[-82.44837,27.92927],[-82.44831,27.92838],[-82.4483,27.92825],[-82.44841,27.92814],[-82.44847,27.92688],[-82.44859,27.92634],[-82.44865,27.92618],[-82.44869,27.92604],[-82.44873,27.92596],[-82.44873,27.92587],[-82.44872,27.92576],[-82.4487,27.92562],[-82.44869,27.92553],[-82.44872,27.92549],[-82.44877,27.92549],[-82.4488,27.92553],[-82.44885,27.92561],[-82.44887,27.92577],[-82.44894,27.92591],[-82.44903,27.92604],[-82.44903,27.92609],[-82.45006,27.92797],[-82.45132,27.93033],[-82.45158,27.93082],[-82.45167,27.93078],[-82.45203,27.93142],[-82.45253,27.93234],[-82.45256,27.93238],[-82.4527,27.93275],[-82.45275,27.93276],[-82.45301,27.9334],[-82.45318,27.9337],[-82.45391,27.93497],[-82.45454,27.93613],[-82.45497,27.93691],[-82.45516,27.93725],[-82.45527,27.93744],[-82.4556,27.9382],[-82.45534,27.93874],[-82.45544,27.93878],[-82.45528,27.93911],[-82.45517,27.93907],[-82.45492,27.93915],[-82.45488,27.93922],[-82.45463,27.93931],[-82.45461,27.93934],[-82.45443,27.9394],[-82.45421,27.93948],[-82.45322,27.93974],[-82.45211,27.94004],[-82.45087,27.94039],[-82.45051,27.94049],[-82.44993,27.94064],[-82.44972,27.94054],[-82.44946,27.94061],[-82.44892,27.94078],[-82.44888,27.94079],[-82.44885,27.94077],[-82.44883,27.94074]],[[-82.25411,28.17137],[-82.25411,28.17135],[-82.25411,28.17135],[-82.2541,28.17021],[-82.25408,28.16923],[-82.25407,28.16849],[-82.25404,28.16663],[-82.25401,28.16483],[-82.25398,28.16326],[-82.25396,28.16223],[-82.25395,28.16153],[-82.25391,28.15876],[-82.25387,28.15656],[-82.2541,28.15656],[-82.25466,28.15656],[-82.25544,28.15656],[-82.25698,28.15656],[-82.25726,28.15656],[-82.25781,28.15656],[-82.27206,28.15656],[-82.27127,28.15753],[-82.27117,28.15766],[-82.27075,28.15818],[-82.27062,28.15833],[-82.27015,28.15891],[-82.26968,28.15949],[-82.26904,28.16028],[-82.26764,28.162],[-82.26707,28.16271],[-82.26703,28.16269],[-82.26673,28.16307],[-82.26513,28.16503],[-82.26516,28.16505],[-82.2645,28.16586],[-82.26366,28.16533],[-82.26106,28.16435],[-82.26094,28.16429],[-82.26071,28.164],[-82.26049,28.16371],[-82.26045,28.16366],[-82.26445,28.16248],[-82.26452,28.16241],[-82.26456,28.16244],[-82.26446,28.16207],[-82.26467,28.162],[-82.26468,28.1619],[-82.26468,28.16185],[-82.2646,28.16132],[-82.26458,28.16119],[-82.26439,28.16087],[-82.26239,28.16114],[-82.26158,28.16102],[-82.26037,28.16176],[-82.26017,28.16186],[-82.25981,28.1622],[-82.25897,28.16272],[-82.25791,28.16138],[-82.25732,28.16175],[-82.26069,28.16477],[-82.26145,28.16599],[-82.2634,28.16722],[-82.26302,28.16769],[-82.26176,28.16689],[-82.26211,28.16647],[-82.26141,28.16603],[-82.26064,28.1648],[-82.25722,28.16175],[-82.25783,28.16137],[-82.25731,28.16072],[-82.25581,28.16165],[-82.25972,28.16516],[-82.261,28.16718],[-82.26261,28.1682],[-82.26226,28.16863],[-82.261,28.16783],[-82.26127,28.16749],[-82.26091,28.16726],[-82.25963,28.16522],[-82.25767,28.16347],[-82.25687,28.1654],[-82.25877,28.16669],[-82.25893,28.16679],[-82.26065,28.16825],[-82.26093,28.16791],[-82.26218,28.16872],[-82.26187,28.16911],[-82.26061,28.1683],[-82.25889,28.16683],[-82.25873,28.16673],[-82.25685,28.16545],[-82.25654,28.1662],[-82.25657,28.1662],[-82.25666,28.16628],[-82.25678,28.16634],[-82.25693,28.16666],[-82.25707,28.16679],[-82.25721,28.16688],[-82.25752,28.16699],[-82.25792,28.16734],[-82.25835,28.16771],[-82.25842,28.16777],[-82.26026,28.16873],[-82.26057,28.16835],[-82.26183,28.16915],[-82.26143,28.16968],[-82.2614,28.16973],[-82.26115,28.17006],[-82.26089,28.17039],[-82.26087,28.17042],[-82.26087,28.17042],[-82.26086,28.17043],[-82.26086,28.17043],[-82.26086,28.17044],[-82.26085,28.17044],[-82.26085,28.17044],[-82.26085,28.17045],[-82.26084,28.17045],[-82.26084,28.17046],[-82.26084,28.17046],[-82.26083,28.17047],[-82.26083,28.17047],[-82.26082,28.17048],[-82.26082,28.17048],[-82.26082,28.17048],[-82.26081,28.17049],[-82.26081,28.17049],[-82.26081,28.1705],[-82.2608,28.1705],[-82.2608,28.17051],[-82.26079,28.17051],[-82.26079,28.17051],[-82.26079,28.17052],[-82.26078,28.17052],[-82.26078,28.17053],[-82.26077,28.17053],[-82.26077,28.17054],[-82.26077,28.17054],[-82.26076,28.17054],[-82.26076,28.17055],[-82.26076,28.17055],[-82.26075,28.17056],[-82.26075,28.17056],[-82.26074,28.17057],[-82.26074,28.17057],[-82.26074,28.17057],[-82.26073,28.17058],[-82.26073,28.17058],[-82.26072,28.17059],[-82.26072,28.17059],[-82.26072,28.1706],[-82.26071,28.1706],[-82.26071,28.1706],[-82.2607,28.17061],[-82.2607,28.17061],[-82.2607,28.17062],[-82.26069,28.17062],[-82.26069,28.17063],[-82.26068,28.17063],[-82.26068,28.17063],[-82.26068,28.17064],[-82.26067,28.17064],[-82.26067,28.17065],[-82.26066,28.17065],[-82.26066,28.17065],[-82.26066,28.17066],[-82.26065,28.17066],[-82.26065,28.17067],[-82.26064,28.17067],[-82.26064,28.17068],[-82.26064,28.17068],[-82.26063,28.17068],[-82.26063,28.17069],[-82.26062,28.17069],[-82.26062,28.1707],[-82.26061,28.1707],[-82.26061,28.1707],[-82.26061,28.17071],[-82.2606,28.17071],[-82.2606,28.17072],[-82.26059,28.17072],[-82.26059,28.17072],[-82.26059,28.17073],[-82.26058,28.17073],[-82.26058,28.17074],[-82.26057,28.17074],[-82.26057,28.17074],[-82.26056,28.17075],[-82.26056,28.17075],[-82.26056,28.17076],[-82.26055,28.17076],[-82.26055,28.17076],[-82.26054,28.17077],[-82.26054,28.17077],[-82.26054,28.17078],[-82.26053,28.17078],[-82.26053,28.17079],[-82.26052,28.17079],[-82.26052,28.17079],[-82.26051,28.1708],[-82.26051,28.1708],[-82.26051,28.17081],[-82.2605,28.17081],[-82.2605,28.17081],[-82.26049,28.17082],[-82.26049,28.17082],[-82.26049,28.17083],[-82.26048,28.17083],[-82.26048,28.17084],[-82.26047,28.17084],[-82.26047,28.17084],[-82.26047,28.17085],[-82.26046,28.17085],[-82.26046,28.17085],[-82.26046,28.17086],[-82.26045,28.17086],[-82.26045,28.17086],[-82.26045,28.17086],[-82.26044,28.17087],[-82.26044,28.17087],[-82.26044,28.17087],[-82.26043,28.17087],[-82.26043,28.17088],[-82.26043,28.17088],[-82.26042,28.17088],[-82.26042,28.17089],[-82.26042,28.17089],[-82.26041,28.17089],[-82.26041,28.17089],[-82.26041,28.1709],[-82.2604,28.1709],[-82.2604,28.1709],[-82.2604,28.17091],[-82.26039,28.17091],[-82.26039,28.17091],[-82.26038,28.17091],[-82.26038,28.17092],[-82.26038,28.17092],[-82.26037,28.17092],[-82.26037,28.17092],[-82.26037,28.17093],[-82.26036,28.17093],[-82.26036,28.17093],[-82.26036,28.17094],[-82.26035,28.17094],[-82.26035,28.17094],[-82.26035,28.17094],[-82.26034,28.17095],[-82.26034,28.17095],[-82.26034,28.17095],[-82.26033,28.17095],[-82.26033,28.17096],[-82.26033,28.17096],[-82.26032,28.17096],[-82.26032,28.17097],[-82.26032,28.17097],[-82.26031,28.17097],[-82.26031,28.17097],[-82.2603,28.17098],[-82.2603,28.17098],[-82.2603,28.17098],[-82.26029,28.17098],[-82.26029,28.17099],[-82.26029,28.17099],[-82.26028,28.17099],[-82.26028,28.171],[-82.26028,28.171],[-82.26027,28.171],[-82.26027,28.171],[-82.26027,28.17101],[-82.26026,28.17101],[-82.26026,28.17101],[-82.26026,28.17101],[-82.26025,28.17102],[-82.26025,28.17102],[-82.26024,28.17102],[-82.26024,28.17102],[-82.26024,28.17103],[-82.26023,28.17103],[-82.26023,28.17103],[-82.26023,28.17104],[-82.26022,28.17104],[-82.26022,28.17104],[-82.26022,28.17104],[-82.26021,28.17105],[-82.26021,28.17105],[-82.26021,28.17105],[-82.2602,28.17105],[-82.2602,28.17106],[-82.2602,28.17106],[-82.26019,28.17106],[-82.26019,28.17107],[-82.26018,28.17107],[-82.26018,28.17107],[-82.26018,28.17107],[-82.26017,28.17108],[-82.26017,28.17108],[-82.26017,28.17108],[-82.26016,28.17108],[-82.26016,28.17109],[-82.26016,28.17109],[-82.25981,28.17134],[-82.25411,28.17137]],[[-82.45421,27.93191],[-82.45409,27.93169],[-82.45406,27.9317],[-82.45398,27.93156],[-82.45388,27.93136],[-82.45378,27.93118],[-82.45372,27.93107],[-82.45367,27.93098],[-82.45357,27.93078],[-82.45357,27.93071],[-82.45359,27.93062],[-82.45362,27.93057],[-82.45369,27.93052],[-82.45372,27.93051],[-82.45383,27.93048],[-82.45386,27.93048],[-82.45389,27.93048],[-82.45392,27.93048],[-82.45394,27.93048],[-82.45399,27.93048],[-82.45401,27.93048],[-82.45405,27.93048],[-82.45408,27.93049],[-82.45409,27.9305],[-82.4541,27.9305],[-82.45411,27.9305],[-82.45412,27.93051],[-82.45413,27.93051],[-82.45413,27.93052],[-82.45414,27.93052],[-82.45415,27.93053],[-82.45416,27.93053],[-82.45417,27.93054],[-82.45417,27.93054],[-82.45418,27.93055],[-82.45419,27.93055],[-82.45419,27.93056],[-82.4542,27.93057],[-82.45421,27.93057],[-82.45421,27.93058],[-82.45422,27.93059],[-82.45423,27.93059],[-82.45423,27.9306],[-82.45424,27.93061],[-82.45424,27.93062],[-82.45426,27.93064],[-82.45428,27.93066],[-82.45431,27.93069],[-82.45434,27.93073],[-82.45436,27.93076],[-82.45439,27.93079],[-82.45442,27.93082],[-82.45445,27.93085],[-82.45448,27.93088],[-82.45451,27.93092],[-82.45454,27.93095],[-82.45456,27.93097],[-82.45458,27.931],[-82.4546,27.93102],[-82.45462,27.93105],[-82.45464,27.93108],[-82.45467,27.9311],[-82.45469,27.93113],[-82.45471,27.93115],[-82.45473,27.93118],[-82.45475,27.9312],[-82.45476,27.93121],[-82.45477,27.93122],[-82.45478,27.93122],[-82.45479,27.93123],[-82.4548,27.93123],[-82.45481,27.93124],[-82.45482,27.93125],[-82.45482,27.93125],[-82.45483,27.93126],[-82.45484,27.93126],[-82.45485,27.93127],[-82.45486,27.93127],[-82.45487,27.93128],[-82.45488,27.93128],[-82.45489,27.93128],[-82.4549,27.93129],[-82.45491,27.93129],[-82.45492,27.93129],[-82.45493,27.9313],[-82.45495,27.9313],[-82.45496,27.9313],[-82.45497,27.93131],[-82.45498,27.93131],[-82.45499,27.93131],[-82.455,27.93131],[-82.45501,27.93131],[-82.45502,27.93132],[-82.45503,27.93132],[-82.45504,27.93132],[-82.45505,27.93132],[-82.45506,27.93132],[-82.45508,27.93132],[-82.45509,27.93132],[-82.4551,27.93132],[-82.45511,27.93132],[-82.45512,27.93132],[-82.45513,27.93132],[-82.45514,27.93132],[-82.45515,27.93131],[-82.45516,27.93131],[-82.45517,27.93131],[-82.45518,27.93131],[-82.45519,27.9313],[-82.4552,27.9313],[-82.45521,27.9313],[-82.45522,27.93129],[-82.45523,27.93129],[-82.45524,27.93129],[-82.45525,27.93128],[-82.45526,27.93128],[-82.45527,27.93127],[-82.45528,27.93127],[-82.45529,27.93126],[-82.4553,27.93126],[-82.45531,27.93125],[-82.45531,27.93125],[-82.45532,27.93124],[-82.45533,27.93123],[-82.45534,27.93123],[-82.45535,27.93122],[-82.45536,27.93122],[-82.45536,27.93121],[-82.45537,27.9312],[-82.45538,27.9312],[-82.45538,27.93119],[-82.45539,27.93118],[-82.4554,27.93117],[-82.4554,27.93117],[-82.45541,27.93116],[-82.45541,27.93115],[-82.45542,27.93114],[-82.45542,27.93113],[-82.45542,27.93112],[-82.45543,27.93111],[-82.45543,27.9311],[-82.45543,27.93109],[-82.45543,27.93108],[-82.45544,27.93107],[-82.45544,27.93106],[-82.45544,27.93105],[-82.45544,27.93104],[-82.45544,27.93103],[-82.45544,27.93102],[-82.45545,27.93101],[-82.45544,27.93101],[-82.45544,27.931],[-82.45544,27.931],[-82.45544,27.93097],[-82.45543,27.93095],[-82.45542,27.93093],[-82.45541,27.9309],[-82.4554,27.93088],[-82.4554,27.93086],[-82.45539,27.93083],[-82.45538,27.93081],[-82.45537,27.93079],[-82.45536,27.93076],[-82.45535,27.93074],[-82.45534,27.93072],[-82.45533,27.93069],[-82.45532,27.93067],[-82.45531,27.93065],[-82.4553,27.93062],[-82.45529,27.9306],[-82.45528,27.93058],[-82.45527,27.93056],[-82.45526,27.93053],[-82.45525,27.93051],[-82.45524,27.93049],[-82.45523,27.93047],[-82.45521,27.93045],[-82.4552,27.93042],[-82.45519,27.9304],[-82.45518,27.93038],[-82.45516,27.93036],[-82.45515,27.93034],[-82.45514,27.93031],[-82.45512,27.93029],[-82.45511,27.93027],[-82.4551,27.93025],[-82.45508,27.93023],[-82.45507,27.93021],[-82.45505,27.93019],[-82.45504,27.93017],[-82.45502,27.93015],[-82.45501,27.93013],[-82.45499,27.9301],[-82.45498,27.93008],[-82.45496,27.93007],[-82.45495,27.93005],[-82.45493,27.93003],[-82.45492,27.93001],[-82.4549,27.92999],[-82.45489,27.92997],[-82.45487,27.92996],[-82.45486,27.92994],[-82.45485,27.92992],[-82.45484,27.92992],[-82.45483,27.9299],[-82.45481,27.92988],[-82.45479,27.92987],[-82.45478,27.92985],[-82.45476,27.92983],[-82.45474,27.92981],[-82.45473,27.9298],[-82.45469,27.92977],[-82.45463,27.92973],[-82.45458,27.92971],[-82.45451,27.92968],[-82.45445,27.92966],[-82.45439,27.92964],[-82.45431,27.92963],[-82.45421,27.92962],[-82.45414,27.92962],[-82.45407,27.92963],[-82.45398,27.92966],[-82.45391,27.92969],[-82.45383,27.92972],[-82.45379,27.92974],[-82.45374,27.92977],[-82.45369,27.92979],[-82.45367,27.92982],[-82.45359,27.92986],[-82.45353,27.92989],[-82.45347,27.92992],[-82.45342,27.92994],[-82.45336,27.92995],[-82.45331,27.92995],[-82.45326,27.92995],[-82.45321,27.92993],[-82.45316,27.92991],[-82.45313,27.92989],[-82.45311,27.92987],[-82.45308,27.92985],[-82.45305,27.92981],[-82.45302,27.92975],[-82.45296,27.92965],[-82.4529,27.92952],[-82.45266,27.92909],[-82.45239,27.92859],[-82.45226,27.92836],[-82.45225,27.92834],[-82.4522,27.92826],[-82.45216,27.92825],[-82.45213,27.92823],[-82.4521,27.92818],[-82.45179,27.92759],[-82.45156,27.92717],[-82.45104,27.92621],[-82.44911,27.92268],[-82.44836,27.92125],[-82.44815,27.92086],[-82.44778,27.92019],[-82.44739,27.91947],[-82.44702,27.9188],[-82.44676,27.91833],[-82.44643,27.91771],[-82.44577,27.91649],[-82.44562,27.91621],[-82.44554,27.91607],[-82.4455,27.91601],[-82.44545,27.91589],[-82.44539,27.91574],[-82.44533,27.91556],[-82.44529,27.91538],[-82.44526,27.91522],[-82.44524,27.91506],[-82.44524,27.91494],[-82.44524,27.91476],[-82.44525,27.91461],[-82.44527,27.91443],[-82.44531,27.91422],[-82.44537,27.91402],[-82.44547,27.91378],[-82.44556,27.91359],[-82.4456,27.91348],[-82.44565,27.91341],[-82.44569,27.91333],[-82.44575,27.91322],[-82.4458,27.91311],[-82.44586,27.91299],[-82.44591,27.91293],[-82.44598,27.91284],[-82.44607,27.91272],[-82.44612,27.91265],[-82.44617,27.91257],[-82.44622,27.91249],[-82.44626,27.91241],[-82.44629,27.91231],[-82.44633,27.91222],[-82.44639,27.91204],[-82.44644,27.91183],[-82.44645,27.91161],[-82.44641,27.91141],[-82.44634,27.91133],[-82.44626,27.91124],[-82.44618,27.91114],[-82.44613,27.91105],[-82.44605,27.91093],[-82.44597,27.91081],[-82.44591,27.91073],[-82.44585,27.91061],[-82.4458,27.91052],[-82.44574,27.91037],[-82.4457,27.91024],[-82.44567,27.91008],[-82.44566,27.90998],[-82.44566,27.90988],[-82.4457,27.90979],[-82.44575,27.90972],[-82.44576,27.9097],[-82.44587,27.90961],[-82.44597,27.90952],[-82.4461,27.90943],[-82.44625,27.90931],[-82.44639,27.9092],[-82.44653,27.90909],[-82.44681,27.90877],[-82.44709,27.90843],[-82.44729,27.90825],[-82.44762,27.90796],[-82.44811,27.90769],[-82.44856,27.90751],[-82.44968,27.90719],[-82.44985,27.90718],[-82.45084,27.90735],[-82.45147,27.90759],[-82.45212,27.90797],[-82.45212,27.908],[-82.4521,27.90803],[-82.45206,27.90807],[-82.45199,27.90808],[-82.45189,27.90808],[-82.45177,27.90805],[-82.45137,27.90823],[-82.4513,27.90822],[-82.45032,27.90802],[-82.45026,27.90812],[-82.45013,27.90806],[-82.45002,27.90799],[-82.44996,27.90776],[-82.44979,27.90769],[-82.44967,27.90772],[-82.44957,27.90772],[-82.44938,27.90769],[-82.44909,27.90772],[-82.4486,27.90783],[-82.44834,27.90794],[-82.44783,27.90832],[-82.44781,27.90834],[-82.4477,27.90848],[-82.44763,27.9086],[-82.44756,27.90871],[-82.44748,27.90882],[-82.44722,27.9094],[-82.4472,27.90951],[-82.44719,27.90962],[-82.44718,27.90969],[-82.44718,27.90972],[-82.44717,27.90981],[-82.44718,27.90998],[-82.44718,27.91011],[-82.4472,27.91024],[-82.44724,27.91046],[-82.44726,27.91053],[-82.44729,27.9107],[-82.44734,27.91083],[-82.4474,27.91092],[-82.44746,27.91101],[-82.44751,27.91109],[-82.44756,27.9111],[-82.44758,27.91116],[-82.4476,27.91123],[-82.4476,27.91124],[-82.44764,27.91131],[-82.44768,27.91142],[-82.4477,27.91156],[-82.44775,27.91167],[-82.44777,27.91178],[-82.44782,27.91186],[-82.44781,27.91191],[-82.44784,27.9119],[-82.44787,27.91189],[-82.4479,27.91189],[-82.44793,27.91188],[-82.44796,27.91187],[-82.44799,27.91186],[-82.44802,27.91186],[-82.44805,27.91185],[-82.44808,27.91184],[-82.44811,27.91184],[-82.44814,27.91183],[-82.44817,27.91183],[-82.4482,27.91182],[-82.44824,27.91182],[-82.44827,27.91181],[-82.4483,27.91181],[-82.44833,27.9118],[-82.44836,27.9118],[-82.44839,27.91179],[-82.44842,27.91179],[-82.44845,27.91178],[-82.44848,27.91178],[-82.44851,27.91178],[-82.44854,27.91177],[-82.44857,27.91177],[-82.4486,27.91177],[-82.44863,27.91177],[-82.44867,27.91176],[-82.4487,27.91176],[-82.44873,27.91176],[-82.44876,27.91176],[-82.44879,27.91176],[-82.44879,27.91176],[-82.44882,27.91176],[-82.44885,27.91175],[-82.44888,27.91175],[-82.44891,27.91175],[-82.44894,27.91175],[-82.44898,27.91175],[-82.44901,27.91175],[-82.44904,27.91175],[-82.44907,27.91175],[-82.4491,27.91176],[-82.44913,27.91176],[-82.44916,27.91176],[-82.44919,27.91176],[-82.44922,27.91176],[-82.44925,27.91176],[-82.44929,27.91176],[-82.44932,27.91177],[-82.44935,27.91177],[-82.44938,27.91177],[-82.44941,27.91178],[-82.44944,27.91178],[-82.44947,27.91178],[-82.4495,27.91179],[-82.44953,27.91179],[-82.44956,27.91179],[-82.44959,27.9118],[-82.44962,27.9118],[-82.44965,27.91181],[-82.44968,27.91181],[-82.44972,27.91182],[-82.44975,27.91182],[-82.44978,27.91183],[-82.44981,27.91183],[-82.44984,27.91184],[-82.44987,27.91185],[-82.4499,27.91185],[-82.44993,27.91186],[-82.44995,27.91186],[-82.44997,27.91187],[-82.44999,27.91187],[-82.45001,27.91188],[-82.45003,27.91189],[-82.45004,27.91189],[-82.45006,27.9119],[-82.45008,27.9119],[-82.4501,27.91191],[-82.45012,27.91192],[-82.45014,27.91192],[-82.45016,27.91193],[-82.45018,27.91194],[-82.4502,27.91195],[-82.45022,27.91195],[-82.45023,27.91196],[-82.45025,27.91197],[-82.45027,27.91198],[-82.45029,27.91199],[-82.45031,27.912],[-82.45032,27.912],[-82.45034,27.91201],[-82.45036,27.91202],[-82.45038,27.91203],[-82.45039,27.91204],[-82.45041,27.91205],[-82.45043,27.91206],[-82.45045,27.91207],[-82.45046,27.91208],[-82.45048,27.91209],[-82.4505,27.9121],[-82.45051,27.91212],[-82.45053,27.91213],[-82.45055,27.91214],[-82.45056,27.91215],[-82.45058,27.91216],[-82.45059,27.91217],[-82.45061,27.91219],[-82.45062,27.9122],[-82.45064,27.91221],[-82.45065,27.91222],[-82.45067,27.91223],[-82.45067,27.91224],[-82.45068,27.91224],[-82.45068,27.91224],[-82.45069,27.91225],[-82.45069,27.91225],[-82.4507,27.91225],[-82.4507,27.91225],[-82.45071,27.91225],[-82.45071,27.91225],[-82.45072,27.91226],[-82.45072,27.91226],[-82.45073,27.91226],[-82.45073,27.91226],[-82.45074,27.91226],[-82.45075,27.91226],[-82.45075,27.91226],[-82.45076,27.91226],[-82.45076,27.91226],[-82.45096,27.91219],[-82.45117,27.91211],[-82.45117,27.91211],[-82.45118,27.91211],[-82.45118,27.91211],[-82.45119,27.91211],[-82.45119,27.9121],[-82.45119,27.9121],[-82.4512,27.9121],[-82.4512,27.9121],[-82.4512,27.91209],[-82.45121,27.91209],[-82.45121,27.91209],[-82.45121,27.91208],[-82.45121,27.91208],[-82.45122,27.91208],[-82.45122,27.91207],[-82.45122,27.91207],[-82.45122,27.91207],[-82.45122,27.91206],[-82.45122,27.91205],[-82.45123,27.91203],[-82.45123,27.91201],[-82.45123,27.91198],[-82.45123,27.91196],[-82.45124,27.91193],[-82.45124,27.91191],[-82.45124,27.91188],[-82.45125,27.91186],[-82.45125,27.91183],[-82.45126,27.91181],[-82.45126,27.91178],[-82.45127,27.91176],[-82.45127,27.91173],[-82.45128,27.91171],[-82.45128,27.91168],[-82.45129,27.91166],[-82.45129,27.91164],[-82.4513,27.91161],[-82.45131,27.91159],[-82.45131,27.91156],[-82.45132,27.91154],[-82.45133,27.91151],[-82.45133,27.91149],[-82.45134,27.91147],[-82.45135,27.91144],[-82.45136,27.91142],[-82.45137,27.91139],[-82.45138,27.91137],[-82.45138,27.91135],[-82.45139,27.91132],[-82.4514,27.9113],[-82.45141,27.91128],[-82.45142,27.91125],[-82.45143,27.91123],[-82.45144,27.91121],[-82.45145,27.91118],[-82.45146,27.91116],[-82.45148,27.91114],[-82.45149,27.91112],[-82.4515,27.91109],[-82.45151,27.91107],[-82.45152,27.91105],[-82.45153,27.91102],[-82.45155,27.911],[-82.45156,27.91098],[-82.45157,27.91096],[-82.45158,27.91094],[-82.4516,27.91091],[-82.45161,27.91089],[-82.45163,27.91087],[-82.45164,27.91085],[-82.45165,27.91083],[-82.45167,27.91081],[-82.45168,27.91079],[-82.4517,27.91077],[-82.45171,27.91075],[-82.45173,27.91072],[-82.45174,27.9107],[-82.45176,27.91068],[-82.45177,27.91066],[-82.45179,27.91064],[-82.4518,27.91062],[-82.45182,27.9106],[-82.45184,27.91058],[-82.45185,27.91057],[-82.45187,27.91055],[-82.45189,27.91053],[-82.45191,27.91051],[-82.45192,27.91049],[-82.45194,27.91047],[-82.45196,27.91045],[-82.45198,27.91043],[-82.452,27.91041],[-82.45201,27.9104],[-82.45203,27.91038],[-82.45205,27.91036],[-82.45207,27.91034],[-82.45209,27.91033],[-82.45211,27.91031],[-82.45213,27.91029],[-82.45215,27.91027],[-82.45217,27.91026],[-82.45219,27.91024],[-82.45221,27.91022],[-82.45223,27.91021],[-82.45225,27.91019],[-82.45227,27.91017],[-82.45229,27.91016],[-82.45231,27.91014],[-82.45233,27.91013],[-82.45235,27.91011],[-82.45238,27.9101],[-82.4524,27.91008],[-82.45242,27.91007],[-82.45244,27.91005],[-82.45246,27.91004],[-82.45249,27.91002],[-82.45251,27.91001],[-82.45253,27.90999],[-82.45255,27.90998],[-82.45258,27.90997],[-82.4526,27.90995],[-82.45262,27.90994],[-82.45265,27.90993],[-82.45267,27.90991],[-82.45269,27.9099],[-82.45272,27.90989],[-82.45274,27.90988],[-82.45276,27.90986],[-82.45279,27.90985],[-82.45281,27.90984],[-82.45284,27.90983],[-82.45286,27.90982],[-82.45288,27.90981],[-82.45291,27.90979],[-82.45293,27.90978],[-82.45296,27.90977],[-82.45298,27.90976],[-82.45301,27.90975],[-82.45303,27.90974],[-82.45306,27.90973],[-82.45308,27.90972],[-82.45311,27.90971],[-82.45314,27.9097],[-82.45315,27.9097],[-82.45316,27.90969],[-82.45319,27.90969],[-82.45321,27.90968],[-82.45324,27.90967],[-82.45326,27.90966],[-82.45329,27.90965],[-82.45332,27.90965],[-82.45334,27.90964],[-82.45337,27.90963],[-82.4534,27.90962],[-82.45342,27.90962],[-82.45345,27.90961],[-82.45348,27.9096],[-82.4535,27.9096],[-82.45353,27.90959],[-82.45356,27.90958],[-82.45358,27.90958],[-82.45361,27.90957],[-82.45364,27.90957],[-82.45366,27.90956],[-82.45369,27.90956],[-82.45372,27.90955],[-82.45374,27.90955],[-82.45377,27.90955],[-82.4538,27.90954],[-82.45382,27.90954],[-82.45384,27.90954],[-82.45387,27.90954],[-82.45389,27.90953],[-82.45391,27.90953],[-82.45394,27.90952],[-82.45396,27.90952],[-82.45399,27.90952],[-82.45401,27.90951],[-82.45403,27.90951],[-82.45406,27.9095],[-82.45408,27.9095],[-82.4541,27.90949],[-82.45413,27.90949],[-82.45415,27.90948],[-82.45417,27.90948],[-82.4542,27.90947],[-82.45422,27.90946],[-82.45424,27.90946],[-82.45427,27.90945],[-82.45429,27.90944],[-82.45431,27.90944],[-82.45433,27.90943],[-82.45436,27.90942],[-82.45438,27.90941],[-82.4544,27.90941],[-82.45442,27.9094],[-82.45445,27.90939],[-82.45447,27.90938],[-82.45445,27.90933],[-82.45437,27.90927],[-82.45432,27.9092],[-82.45422,27.9091],[-82.45406,27.90894],[-82.45394,27.90884],[-82.45386,27.90873],[-82.45378,27.90853],[-82.45378,27.90853],[-82.45376,27.9084],[-82.45376,27.90838],[-82.45376,27.90837],[-82.45376,27.90836],[-82.45376,27.90835],[-82.45376,27.90833],[-82.45376,27.90832],[-82.45376,27.90831],[-82.45376,27.9083],[-82.45376,27.90828],[-82.45376,27.90827],[-82.45376,27.90826],[-82.45376,27.90825],[-82.45376,27.90823],[-82.45376,27.90822],[-82.45376,27.90821],[-82.45376,27.9082],[-82.45377,27.90819],[-82.45377,27.90817],[-82.45377,27.90816],[-82.45377,27.90815],[-82.45378,27.90814],[-82.45378,27.90812],[-82.45378,27.90811],[-82.45379,27.9081],[-82.45379,27.90809],[-82.4538,27.90808],[-82.4538,27.90807],[-82.45381,27.90805],[-82.45381,27.90804],[-82.45382,27.90803],[-82.45382,27.90802],[-82.45383,27.90801],[-82.45383,27.908],[-82.45383,27.90799],[-82.45384,27.90798],[-82.45384,27.90798],[-82.45385,27.90797],[-82.45385,27.90796],[-82.45386,27.90795],[-82.45386,27.90795],[-82.45387,27.90794],[-82.45387,27.90793],[-82.45388,27.90793],[-82.45388,27.90792],[-82.45389,27.90791],[-82.4539,27.90791],[-82.4539,27.9079],[-82.45391,27.9079],[-82.45392,27.90789],[-82.45392,27.90788],[-82.45393,27.90788],[-82.45394,27.90787],[-82.45395,27.90787],[-82.45395,27.90786],[-82.45396,27.90786],[-82.45397,27.90785],[-82.45398,27.90785],[-82.45399,27.90785],[-82.45399,27.90784],[-82.454,27.90784],[-82.45401,27.90783],[-82.45402,27.90783],[-82.45403,27.90783],[-82.45404,27.90782],[-82.45405,27.90782],[-82.45406,27.90782],[-82.45406,27.90782],[-82.45407,27.90782],[-82.45408,27.90781],[-82.45409,27.90781],[-82.4541,27.90781],[-82.45411,27.90781],[-82.45413,27.9078],[-82.45414,27.9078],[-82.45415,27.9078],[-82.45416,27.9078],[-82.45417,27.9078],[-82.45418,27.9078],[-82.45419,27.9078],[-82.4542,27.9078],[-82.45421,27.9078],[-82.45422,27.9078],[-82.45424,27.9078],[-82.45425,27.9078],[-82.45426,27.9078],[-82.45427,27.9078],[-82.45428,27.9078],[-82.45429,27.9078],[-82.4543,27.9078],[-82.45431,27.9078],[-82.45432,27.9078],[-82.45434,27.90781],[-82.45435,27.90781],[-82.45436,27.90781],[-82.45437,27.90781],[-82.45438,27.90781],[-82.45439,27.90782],[-82.4544,27.90782],[-82.45441,27.90782],[-82.45442,27.90783],[-82.45443,27.90783],[-82.45444,27.90784],[-82.45445,27.90784],[-82.45446,27.90784],[-82.45446,27.90785],[-82.45447,27.90785],[-82.45448,27.90786],[-82.45448,27.90786],[-82.45449,27.90786],[-82.4545,27.90787],[-82.4545,27.90787],[-82.45451,27.90788],[-82.45451,27.90788],[-82.45452,27.90789],[-82.45452,27.90789],[-82.45453,27.9079],[-82.45453,27.90791],[-82.45453,27.90791],[-82.45454,27.90792],[-82.45455,27.90793],[-82.45456,27.90794],[-82.45456,27.90796],[-82.45457,27.90797],[-82.45458,27.90798],[-82.45459,27.90799],[-82.45459,27.90801],[-82.4546,27.90802],[-82.45461,27.90803],[-82.45461,27.90805],[-82.45462,27.90806],[-82.45463,27.90808],[-82.45463,27.90809],[-82.45464,27.9081],[-82.45464,27.90812],[-82.45465,27.90813],[-82.45465,27.90814],[-82.45466,27.90816],[-82.45466,27.90817],[-82.45467,27.90818],[-82.45467,27.90819],[-82.45467,27.90821],[-82.45467,27.90822],[-82.45468,27.90823],[-82.45468,27.90824],[-82.45468,27.90825],[-82.45468,27.90826],[-82.45468,27.90829],[-82.45469,27.90832],[-82.45469,27.90834],[-82.45469,27.90837],[-82.45469,27.90838],[-82.45469,27.90839],[-82.45469,27.90839],[-82.45469,27.9084],[-82.45469,27.9084],[-82.45469,27.90841],[-82.45469,27.90842],[-82.45469,27.90842],[-82.45469,27.90843],[-82.45469,27.90843],[-82.45469,27.90844],[-82.4547,27.90844],[-82.45472,27.90852],[-82.45473,27.90855],[-82.45479,27.9087],[-82.45487,27.90884],[-82.455,27.90903],[-82.45504,27.90912],[-82.45531,27.90898],[-82.45562,27.90883],[-82.45574,27.90877],[-82.45592,27.90871],[-82.4561,27.90864],[-82.45628,27.90858],[-82.45644,27.90854],[-82.45654,27.90851],[-82.45656,27.90851],[-82.45659,27.9085],[-82.45667,27.90849],[-82.4568,27.90847],[-82.45688,27.90846],[-82.45697,27.90845],[-82.45714,27.90843],[-82.45743,27.90839],[-82.45767,27.90837],[-82.45834,27.90836],[-82.45889,27.90837],[-82.45902,27.90836],[-82.45903,27.90836],[-82.45929,27.90834],[-82.45934,27.90834],[-82.45944,27.90834],[-82.45961,27.90833],[-82.45966,27.90832],[-82.45974,27.90831],[-82.45986,27.9083],[-82.46,27.90829],[-82.46015,27.90829],[-82.46025,27.9083],[-82.46039,27.90831],[-82.46049,27.90833],[-82.46056,27.90834],[-82.46064,27.90836],[-82.46071,27.90838],[-82.46079,27.9084],[-82.46086,27.90842],[-82.46092,27.90845],[-82.46095,27.90845],[-82.46101,27.90848],[-82.46112,27.90854],[-82.46119,27.90858],[-82.46121,27.9086],[-82.46127,27.90863],[-82.46133,27.90867],[-82.4614,27.90873],[-82.46145,27.90877],[-82.46152,27.90884],[-82.46158,27.90889],[-82.46163,27.90895],[-82.46165,27.90898],[-82.46169,27.90901],[-82.46174,27.90908],[-82.46178,27.90913],[-82.46183,27.90921],[-82.4619,27.9093],[-82.46194,27.90937],[-82.46196,27.90945],[-82.46199,27.90949],[-82.46202,27.90958],[-82.46204,27.90963],[-82.46205,27.90968],[-82.46205,27.90971],[-82.46206,27.90975],[-82.46207,27.90978],[-82.4621,27.90989],[-82.4621,27.90998],[-82.4621,27.91002],[-82.46211,27.91009],[-82.4621,27.91017],[-82.4621,27.91026],[-82.4621,27.91032],[-82.46209,27.9104],[-82.46208,27.91046],[-82.46206,27.91053],[-82.46203,27.91063],[-82.46201,27.91069],[-82.46198,27.91076],[-82.46195,27.91083],[-82.46192,27.91089],[-82.46188,27.91096],[-82.46184,27.91102],[-82.4618,27.91106],[-82.46178,27.91109],[-82.46175,27.91112],[-82.46172,27.91115],[-82.46165,27.91121],[-82.46156,27.91127],[-82.46147,27.91133],[-82.46139,27.91136],[-82.46132,27.91138],[-82.46125,27.9114],[-82.46118,27.91143],[-82.46111,27.91144],[-82.46105,27.91144],[-82.46099,27.91145],[-82.46095,27.91145],[-82.46087,27.91145],[-82.46081,27.91146],[-82.46075,27.91147],[-82.46069,27.9115],[-82.46063,27.91152],[-82.46057,27.91153],[-82.46053,27.91154],[-82.46049,27.91156],[-82.46045,27.91158],[-82.46041,27.9116],[-82.46035,27.91164],[-82.46031,27.91168],[-82.46023,27.91174],[-82.46017,27.9118],[-82.46013,27.91185],[-82.46007,27.91193],[-82.46004,27.912],[-82.46001,27.91207],[-82.45998,27.91214],[-82.45997,27.91218],[-82.45995,27.91224],[-82.45992,27.91232],[-82.4599,27.91238],[-82.45988,27.91245],[-82.45984,27.91253],[-82.45981,27.91259],[-82.45978,27.91264],[-82.45974,27.91272],[-82.45971,27.91276],[-82.45968,27.9128],[-82.45966,27.91284],[-82.45962,27.91289],[-82.45958,27.91296],[-82.45953,27.91305],[-82.4595,27.91313],[-82.45947,27.91319],[-82.45944,27.91327],[-82.45942,27.91336],[-82.45941,27.91345],[-82.4594,27.91353],[-82.45941,27.91363],[-82.4594,27.9137],[-82.45941,27.91377],[-82.45941,27.91384],[-82.45943,27.91392],[-82.45945,27.914],[-82.45947,27.91409],[-82.45949,27.91413],[-82.4595,27.91417],[-82.45952,27.91424],[-82.45955,27.91431],[-82.45957,27.9144],[-82.45957,27.91442],[-82.45961,27.91451],[-82.45963,27.91459],[-82.45964,27.91466],[-82.45965,27.91474],[-82.45967,27.91484],[-82.45967,27.91492],[-82.45968,27.91499],[-82.45968,27.91509],[-82.45967,27.9152],[-82.45967,27.9153],[-82.45966,27.91541],[-82.45963,27.91552],[-82.4596,27.91564],[-82.45958,27.91573],[-82.45957,27.91582],[-82.45956,27.91593],[-82.45956,27.91599],[-82.45956,27.91606],[-82.45957,27.91617],[-82.45957,27.91623],[-82.45958,27.91629],[-82.4596,27.91635],[-82.45962,27.91643],[-82.45965,27.91651],[-82.45967,27.9166],[-82.45971,27.91672],[-82.45976,27.91681],[-82.45984,27.91693],[-82.45986,27.91696],[-82.45991,27.91701],[-82.45997,27.91708],[-82.46002,27.91714],[-82.46004,27.91716],[-82.46012,27.91725],[-82.46014,27.91726],[-82.46022,27.91733],[-82.46025,27.91735],[-82.4603,27.91739],[-82.4604,27.91745],[-82.46046,27.91748],[-82.46047,27.91749],[-82.46052,27.91751],[-82.46059,27.91754],[-82.46066,27.91758],[-82.4607,27.91759],[-82.46074,27.9176],[-82.46081,27.91762],[-82.46091,27.91765],[-82.46098,27.91766],[-82.46101,27.91767],[-82.4611,27.91768],[-82.46123,27.9177],[-82.46129,27.91772],[-82.46133,27.91772],[-82.46145,27.91776],[-82.46155,27.9178],[-82.46161,27.91783],[-82.46166,27.91785],[-82.46174,27.9179],[-82.4618,27.91794],[-82.46188,27.918],[-82.46191,27.91802],[-82.46193,27.91804],[-82.46199,27.9181],[-82.46204,27.91815],[-82.46209,27.91821],[-82.46213,27.91826],[-82.46214,27.91828],[-82.46219,27.91834],[-82.46223,27.91841],[-82.46226,27.91845],[-82.4623,27.91851],[-82.46233,27.91857],[-82.46236,27.91864],[-82.46239,27.91872],[-82.46242,27.91882],[-82.46243,27.91891],[-82.46244,27.91897],[-82.46245,27.91902],[-82.46245,27.91914],[-82.46245,27.91926],[-82.46246,27.91959],[-82.46246,27.91978],[-82.4625,27.92024],[-82.46257,27.92086],[-82.46258,27.92098],[-82.46258,27.92111],[-82.46253,27.92127],[-82.46244,27.92149],[-82.46229,27.92166],[-82.46218,27.92177],[-82.46205,27.92184],[-82.46193,27.9219],[-82.46179,27.92194],[-82.46155,27.92199],[-82.46131,27.92199],[-82.46111,27.92196],[-82.46094,27.92189],[-82.46072,27.92176],[-82.46052,27.92159],[-82.46046,27.92153],[-82.4604,27.92147],[-82.46035,27.92144],[-82.46031,27.92141],[-82.46021,27.92136],[-82.46013,27.92132],[-82.46011,27.92132],[-82.46003,27.92129],[-82.45996,27.92127],[-82.45993,27.92126],[-82.4599,27.92126],[-82.45982,27.92124],[-82.45975,27.92122],[-82.45967,27.9212],[-82.45963,27.92117],[-82.4596,27.92116],[-82.45953,27.92112],[-82.45946,27.92108],[-82.45939,27.92104],[-82.45932,27.92099],[-82.45927,27.92093],[-82.45925,27.92091],[-82.45921,27.92086],[-82.45917,27.92079],[-82.45913,27.9207],[-82.45908,27.92061],[-82.45904,27.92051],[-82.45901,27.92044],[-82.45896,27.92035],[-82.45891,27.92026],[-82.45889,27.92022],[-82.45869,27.92047],[-82.45869,27.92047],[-82.45873,27.92054],[-82.45878,27.9206],[-82.45881,27.92066],[-82.45885,27.92073],[-82.45889,27.92081],[-82.45892,27.9209],[-82.45893,27.92095],[-82.45895,27.92102],[-82.45896,27.92105],[-82.45899,27.92113],[-82.45901,27.92118],[-82.45902,27.92121],[-82.45906,27.92129],[-82.45906,27.9213],[-82.45911,27.92139],[-82.45914,27.92144],[-82.45917,27.92148],[-82.4592,27.92152],[-82.45924,27.92157],[-82.45924,27.92158],[-82.45931,27.92166],[-82.45938,27.92172],[-82.45943,27.92177],[-82.45949,27.92182],[-82.4595,27.92183],[-82.45956,27.92187],[-82.45965,27.92194],[-82.45969,27.92197],[-82.4597,27.92197],[-82.45977,27.92201],[-82.45986,27.92206],[-82.45992,27.92209],[-82.45993,27.92209],[-82.46001,27.92212],[-82.46008,27.92215],[-82.46009,27.92215],[-82.46014,27.92217],[-82.46021,27.92219],[-82.46027,27.9222],[-82.46031,27.92222],[-82.46038,27.92223],[-82.46046,27.92224],[-82.46051,27.92225],[-82.46057,27.92226],[-82.46065,27.92227],[-82.46072,27.92228],[-82.46079,27.92228],[-82.46088,27.92229],[-82.46092,27.92229],[-82.461,27.92229],[-82.46105,27.92229],[-82.46113,27.92228],[-82.4612,27.92228],[-82.46124,27.92228],[-82.46127,27.92228],[-82.46137,27.92228],[-82.46145,27.92229],[-82.46151,27.9223],[-82.46157,27.92231],[-82.4616,27.92232],[-82.46167,27.92234],[-82.46172,27.92236],[-82.46178,27.92238],[-82.46183,27.92241],[-82.46184,27.92241],[-82.46192,27.92245],[-82.46197,27.92249],[-82.46204,27.92256],[-82.46216,27.92265],[-82.46224,27.92273],[-82.46232,27.92287],[-82.46242,27.92315],[-82.46245,27.92332],[-82.46247,27.92345],[-82.46248,27.92366],[-82.46247,27.92384],[-82.46245,27.92401],[-82.46243,27.92416],[-82.46231,27.9246],[-82.46226,27.92486],[-82.46218,27.92551],[-82.46217,27.92569],[-82.46214,27.92587],[-82.46213,27.926],[-82.46211,27.92617],[-82.46205,27.92653],[-82.46194,27.92717],[-82.46188,27.92728],[-82.46183,27.92734],[-82.46175,27.9274],[-82.46166,27.92746],[-82.46155,27.92752],[-82.46139,27.92757],[-82.46122,27.92758],[-82.46104,27.92754],[-82.46084,27.92746],[-82.46068,27.9274],[-82.46036,27.92716],[-82.4603,27.92706],[-82.46024,27.92699],[-82.46017,27.9269],[-82.46008,27.92682],[-82.46,27.9268],[-82.45996,27.92679],[-82.45987,27.92679],[-82.45982,27.9268],[-82.45976,27.92682],[-82.45972,27.92685],[-82.4597,27.92686],[-82.45966,27.9269],[-82.45964,27.92692],[-82.45961,27.92695],[-82.45957,27.92702],[-82.45954,27.92709],[-82.45952,27.92717],[-82.45952,27.92718],[-82.45953,27.92726],[-82.45954,27.92729],[-82.45955,27.92732],[-82.45959,27.92737],[-82.4596,27.92738],[-82.45966,27.92743],[-82.45971,27.92747],[-82.4598,27.92751],[-82.45991,27.92754],[-82.46,27.92756],[-82.46006,27.92757],[-82.46015,27.92758],[-82.4602,27.92757],[-82.46032,27.92759],[-82.46039,27.9276],[-82.46042,27.92761],[-82.46056,27.92765],[-82.46069,27.92768],[-82.46081,27.92773],[-82.46091,27.92778],[-82.46096,27.9278],[-82.46103,27.92782],[-82.46111,27.92787],[-82.46118,27.92791],[-82.46122,27.92794],[-82.46125,27.92797],[-82.46128,27.92799],[-82.46134,27.92806],[-82.46149,27.9282],[-82.46161,27.9284],[-82.46165,27.92852],[-82.46168,27.92866],[-82.46168,27.92913],[-82.4616,27.92942],[-82.4615,27.92964],[-82.4613,27.92997],[-82.46117,27.93011],[-82.461,27.93021],[-82.46075,27.93026],[-82.46038,27.93026],[-82.46025,27.93025],[-82.45999,27.9302],[-82.45968,27.93007],[-82.45956,27.92996],[-82.45952,27.92993],[-82.45948,27.92989],[-82.4594,27.92981],[-82.45934,27.92973],[-82.45927,27.92962],[-82.45922,27.92952],[-82.45921,27.92952],[-82.45917,27.92943],[-82.45913,27.92932],[-82.45912,27.92929],[-82.4591,27.92924],[-82.45905,27.92912],[-82.459,27.92906],[-82.45898,27.92903],[-82.45893,27.92899],[-82.45885,27.92893],[-82.45884,27.92892],[-82.45875,27.92888],[-82.45872,27.92887],[-82.45865,27.92885],[-82.45859,27.92884],[-82.45856,27.92884],[-82.45849,27.92885],[-82.45846,27.92886],[-82.45844,27.92886],[-82.4584,27.92888],[-82.45836,27.92892],[-82.45833,27.92897],[-82.45831,27.92902],[-82.4583,27.92905],[-82.45832,27.92913],[-82.45834,27.92918],[-82.45836,27.92921],[-82.45839,27.92924],[-82.45844,27.9293],[-82.45846,27.92931],[-82.4585,27.92934],[-82.45856,27.92937],[-82.45862,27.9294],[-82.45866,27.92941],[-82.45874,27.92945],[-82.45875,27.92946],[-82.45881,27.92948],[-82.4589,27.92955],[-82.45897,27.92961],[-82.45905,27.92969],[-82.45911,27.92975],[-82.45917,27.92983],[-82.45921,27.92991],[-82.45926,27.92999],[-82.45926,27.93],[-82.45928,27.93005],[-82.45932,27.9301],[-82.45938,27.93026],[-82.45935,27.93042],[-82.45928,27.9306],[-82.45915,27.93074],[-82.45899,27.93083],[-82.45876,27.93088],[-82.4586,27.93089],[-82.45846,27.93087],[-82.45829,27.93085],[-82.45793,27.93087],[-82.45778,27.93089],[-82.45757,27.93096],[-82.45751,27.93098],[-82.45739,27.93105],[-82.45731,27.9311],[-82.4573,27.93111],[-82.45729,27.93111],[-82.45728,27.93112],[-82.45728,27.93112],[-82.45727,27.93113],[-82.45726,27.93113],[-82.45726,27.93114],[-82.45725,27.93114],[-82.45724,27.93115],[-82.45724,27.93115],[-82.45723,27.93116],[-82.45723,27.93117],[-82.45722,27.93117],[-82.45722,27.93118],[-82.45721,27.93119],[-82.45721,27.93119],[-82.4572,27.9312],[-82.4572,27.93121],[-82.45719,27.93121],[-82.45719,27.93122],[-82.45719,27.93123],[-82.45718,27.93124],[-82.45718,27.93124],[-82.45718,27.93125],[-82.45717,27.93126],[-82.45717,27.93127],[-82.45717,27.93128],[-82.45716,27.93128],[-82.45716,27.93129],[-82.45716,27.9313],[-82.45716,27.93131],[-82.45716,27.93131],[-82.45716,27.93132],[-82.45716,27.93133],[-82.45716,27.93134],[-82.45716,27.93135],[-82.45716,27.93136],[-82.45716,27.93136],[-82.45716,27.93137],[-82.45716,27.93138],[-82.45716,27.93139],[-82.45716,27.9314],[-82.45716,27.9314],[-82.45716,27.93141],[-82.45717,27.93142],[-82.45717,27.93143],[-82.45717,27.93143],[-82.45717,27.93144],[-82.45718,27.93145],[-82.45718,27.93145],[-82.45718,27.93146],[-82.45719,27.93147],[-82.45719,27.93148],[-82.4572,27.93148],[-82.4572,27.93149],[-82.45721,27.9315],[-82.45721,27.9315],[-82.45722,27.93151],[-82.45722,27.93151],[-82.45723,27.93152],[-82.45723,27.93153],[-82.45724,27.93153],[-82.45724,27.93154],[-82.45725,27.93154],[-82.45726,27.93155],[-82.45726,27.93155],[-82.45727,27.93156],[-82.45728,27.93156],[-82.45728,27.93157],[-82.45729,27.93157],[-82.4573,27.93158],[-82.45731,27.93158],[-82.45731,27.93158],[-82.45732,27.93159],[-82.45733,27.93159],[-82.45734,27.93159],[-82.45734,27.9316],[-82.45735,27.9316],[-82.45736,27.9316],[-82.45737,27.93161],[-82.45738,27.93161],[-82.45739,27.93161],[-82.45739,27.93161],[-82.4574,27.93161],[-82.45741,27.93162],[-82.45742,27.93162],[-82.45743,27.93162],[-82.45744,27.93162],[-82.45745,27.93162],[-82.45746,27.93162],[-82.45747,27.93162],[-82.45748,27.93162],[-82.45749,27.93162],[-82.45749,27.93161],[-82.4575,27.93161],[-82.45751,27.93161],[-82.45752,27.93161],[-82.45753,27.93161],[-82.45754,27.93161],[-82.45755,27.9316],[-82.45756,27.9316],[-82.45757,27.9316],[-82.45757,27.9316],[-82.45758,27.93159],[-82.45759,27.93159],[-82.4576,27.93159],[-82.45761,27.93158],[-82.45762,27.93158],[-82.45762,27.93158],[-82.45763,27.93157],[-82.45764,27.93157],[-82.45765,27.93156],[-82.45766,27.93156],[-82.45766,27.93155],[-82.45767,27.93155],[-82.45768,27.93154],[-82.45773,27.93151],[-82.45778,27.93145],[-82.45785,27.93138],[-82.4579,27.93133],[-82.45791,27.93132],[-82.45798,27.93127],[-82.45803,27.93124],[-82.45805,27.93123],[-82.45813,27.93118],[-82.45816,27.93116],[-82.45819,27.93115],[-82.45825,27.93113],[-82.45831,27.93113],[-82.45839,27.93112],[-82.45846,27.93111],[-82.45852,27.93111],[-82.45865,27.9311],[-82.45869,27.9311],[-82.45879,27.93109],[-82.45893,27.93107],[-82.45899,27.93106],[-82.45908,27.93104],[-82.45918,27.93102],[-82.45921,27.93101],[-82.45931,27.93098],[-82.45943,27.93094],[-82.45955,27.93089],[-82.45964,27.93086],[-82.45967,27.93084],[-82.45976,27.9308],[-82.45985,27.93075],[-82.4599,27.93072],[-82.45992,27.93071],[-82.45999,27.93066],[-82.46006,27.93062],[-82.46012,27.93059],[-82.46019,27.93057],[-82.46027,27.93055],[-82.46033,27.93054],[-82.46041,27.93053],[-82.46049,27.93053],[-82.46056,27.93053],[-82.46058,27.93054],[-82.46066,27.93055],[-82.46073,27.93057],[-82.46081,27.9306],[-82.46084,27.93062],[-82.46086,27.93063],[-82.46092,27.93067],[-82.46098,27.93071],[-82.46104,27.93076],[-82.46108,27.93082],[-82.46113,27.93088],[-82.46116,27.93093],[-82.46118,27.93098],[-82.46121,27.93105],[-82.46122,27.93112],[-82.46123,27.93118],[-82.46124,27.93122],[-82.46124,27.93125],[-82.46124,27.93136],[-82.46124,27.93144],[-82.46123,27.93152],[-82.46122,27.93161],[-82.46122,27.93164],[-82.46121,27.93176],[-82.46119,27.93188],[-82.46118,27.93202],[-82.46116,27.93216],[-82.46116,27.93221],[-82.46114,27.9323],[-82.46113,27.93239],[-82.46112,27.93245],[-82.46112,27.93247],[-82.46111,27.93256],[-82.4611,27.93261],[-82.46109,27.93265],[-82.46108,27.9327],[-82.46107,27.9328],[-82.46106,27.93284],[-82.46101,27.93311],[-82.46098,27.93325],[-82.46094,27.93345],[-82.46093,27.93348],[-82.4609,27.93363],[-82.46089,27.9337],[-82.46087,27.9338],[-82.46084,27.93397],[-82.46082,27.93406],[-82.46081,27.9341],[-82.46078,27.93427],[-82.46077,27.93433],[-82.46075,27.93447],[-82.46073,27.9346],[-82.46069,27.93488],[-82.46067,27.935],[-82.46066,27.93515],[-82.46064,27.93529],[-82.46062,27.93542],[-82.46061,27.93552],[-82.4606,27.93559],[-82.4606,27.93565],[-82.46059,27.9357],[-82.46058,27.93576],[-82.4605,27.9363],[-82.46045,27.93665],[-82.46046,27.93681],[-82.4604,27.93712],[-82.46126,27.93767],[-82.46115,27.9378],[-82.46114,27.93782],[-82.461,27.93797],[-82.45981,27.93911],[-82.45917,27.93971],[-82.45915,27.93972],[-82.45913,27.93973],[-82.4591,27.93975],[-82.45907,27.93976],[-82.45904,27.93977],[-82.459,27.93977],[-82.45897,27.93978],[-82.45893,27.93978],[-82.45888,27.93977],[-82.45885,27.93976],[-82.45881,27.93974],[-82.45876,27.93971],[-82.4587,27.93966],[-82.45805,27.93901],[-82.45795,27.93883],[-82.45742,27.93788],[-82.45741,27.93784],[-82.45709,27.93729],[-82.45694,27.93702],[-82.45693,27.93698],[-82.45674,27.93662],[-82.45674,27.93659],[-82.45658,27.93627],[-82.45645,27.93603],[-82.4563,27.93578],[-82.45621,27.93561],[-82.45613,27.93546],[-82.45591,27.93504],[-82.4558,27.93485],[-82.45576,27.93478],[-82.45562,27.93451],[-82.45549,27.93425],[-82.45537,27.93403],[-82.45516,27.93371],[-82.45499,27.93335],[-82.45482,27.93306],[-82.45445,27.93235],[-82.45431,27.9321],[-82.45426,27.932],[-82.45421,27.93191]],[[-82.38839,28.1711],[-82.38373,28.1711],[-82.38372,28.1711],[-82.38368,28.1711],[-82.38364,28.1711],[-82.38359,28.1711],[-82.38355,28.17109],[-82.38351,28.17109],[-82.38346,28.17109],[-82.38342,28.17109],[-82.38338,28.17108],[-82.38333,28.17108],[-82.38329,28.17108],[-82.38325,28.17107],[-82.3832,28.17107],[-82.38316,28.17107],[-82.38311,28.17106],[-82.38307,28.17106],[-82.38303,28.17105],[-82.38298,28.17105],[-82.38294,28.17104],[-82.3829,28.17104],[-82.38285,28.17103],[-82.38281,28.17103],[-82.38277,28.17102],[-82.38272,28.17102],[-82.38268,28.17101],[-82.38264,28.171],[-82.38259,28.171],[-82.38254,28.17099],[-82.38249,28.17098],[-82.38244,28.17097],[-82.38239,28.17097],[-82.38234,28.17096],[-82.38229,28.17095],[-82.38224,28.17094],[-82.38219,28.17093],[-82.38214,28.17092],[-82.38209,28.17091],[-82.38204,28.1709],[-82.38199,28.17089],[-82.38194,28.17088],[-82.38189,28.17087],[-82.38184,28.17086],[-82.3818,28.17085],[-82.38109,28.17069],[-82.38105,28.17068],[-82.381,28.17067],[-82.38095,28.17066],[-82.38091,28.17064],[-82.38086,28.17063],[-82.38081,28.17062],[-82.38077,28.17061],[-82.38072,28.17059],[-82.38067,28.17058],[-82.38063,28.17057],[-82.38058,28.17056],[-82.38053,28.17055],[-82.38048,28.17054],[-82.38044,28.17053],[-82.38039,28.17052],[-82.38038,28.17052],[-82.38038,28.17041],[-82.38038,28.17003],[-82.38037,28.16926],[-82.37905,28.16909],[-82.37906,28.17004],[-82.37906,28.17022],[-82.37906,28.17032],[-82.37904,28.17032],[-82.37899,28.17032],[-82.37894,28.17031],[-82.37889,28.17031],[-82.37884,28.17031],[-82.3788,28.17031],[-82.37875,28.1703],[-82.3759,28.17012],[-82.3759,28.16763],[-82.37226,28.16762],[-82.37104,28.16762],[-82.36895,28.16762],[-82.36895,28.16762],[-82.36895,28.1676],[-82.36374,28.16762],[-82.36373,28.16763],[-82.36223,28.17117],[-82.36035,28.17117],[-82.36023,28.17117],[-82.35858,28.17118],[-82.35694,28.17118],[-82.35529,28.17119],[-82.35404,28.17119],[-82.35396,28.16767],[-82.35385,28.16288],[-82.36135,28.16286],[-82.35783,28.1567],[-82.35332,28.15672],[-82.3533,28.154],[-82.35328,28.15156],[-82.35328,28.15113],[-82.35324,28.14664],[-82.35322,28.14418],[-82.35321,28.14354],[-82.35345,28.143],[-82.35425,28.14183],[-82.35377,28.14195],[-82.3532,28.14194],[-82.34816,28.14211],[-82.34738,28.14211],[-82.34585,28.1421],[-82.34014,28.14208],[-82.3366,28.14208],[-82.33136,28.1421],[-82.32895,28.1421],[-82.32594,28.1421],[-82.32133,28.14211],[-82.32004,28.14211],[-82.31376,28.1421],[-82.31258,28.1421],[-82.30795,28.1421],[-82.30795,28.1424],[-82.30866,28.14277],[-82.30914,28.14277],[-82.31014,28.14252],[-82.3121,28.14253],[-82.31211,28.14299],[-82.31215,28.14523],[-82.31214,28.14536],[-82.31216,28.14618],[-82.31216,28.14618],[-82.31237,28.15664],[-82.31237,28.15666],[-82.31493,28.15666],[-82.31493,28.1572],[-82.31398,28.1572],[-82.31398,28.15795],[-82.31493,28.15795],[-82.31493,28.15817],[-82.3189,28.15816],[-82.31989,28.15666],[-82.32033,28.15665],[-82.32034,28.15768],[-82.32051,28.1713],[-82.30389,28.17132],[-82.28726,28.17131],[-82.27893,28.1713],[-82.27069,28.17129],[-82.26028,28.17134],[-82.26053,28.17116],[-82.26066,28.17105],[-82.26081,28.17091],[-82.26094,28.17079],[-82.26171,28.16985],[-82.26335,28.16784],[-82.26496,28.16585],[-82.2654,28.16532],[-82.26542,28.16535],[-82.26992,28.15981],[-82.27256,28.15656],[-82.27839,28.14934],[-82.27887,28.14934],[-82.28158,28.14933],[-82.28181,28.14929],[-82.28362,28.1493],[-82.28463,28.1493],[-82.28702,28.14931],[-82.28702,28.14902],[-82.28412,28.14773],[-82.28086,28.14628],[-82.28122,28.14567],[-82.28136,28.14538],[-82.2814,28.14529],[-82.28154,28.14498],[-82.28169,28.14467],[-82.28184,28.14436],[-82.28199,28.14404],[-82.28216,28.14368],[-82.28525,28.14368],[-82.28697,28.14368],[-82.28696,28.14268],[-82.28696,28.14249],[-82.28695,28.14212],[-82.28695,28.14199],[-82.28704,28.14199],[-82.28761,28.14199],[-82.28832,28.14199],[-82.28903,28.14199],[-82.2911,28.142],[-82.29108,28.14027],[-82.29108,28.13913],[-82.29108,28.13899],[-82.29108,28.13846],[-82.29211,28.13846],[-82.29315,28.13847],[-82.29419,28.13848],[-82.29522,28.13848],[-82.29519,28.13456],[-82.2915,28.1346],[-82.29149,28.13353],[-82.29103,28.13354],[-82.29101,28.13291],[-82.28896,28.13288],[-82.28896,28.13288],[-82.28804,28.13288],[-82.28926,28.13106],[-82.28949,28.13108],[-82.29308,28.13111],[-82.29307,28.12913],[-82.29444,28.12912],[-82.29444,28.12917],[-82.29444,28.12967],[-82.29865,28.12966],[-82.29865,28.12933],[-82.29919,28.12933],[-82.29918,28.12809],[-82.30089,28.12809],[-82.30089,28.12754],[-82.30218,28.12755],[-82.30329,28.12756],[-82.3034,28.12756],[-82.30354,28.12756],[-82.30502,28.12756],[-82.30502,28.12756],[-82.30524,28.12763],[-82.3053,28.12765],[-82.30959,28.12909],[-82.31007,28.12923],[-82.31109,28.12957],[-82.31109,28.12957],[-82.3111,28.12957],[-82.3111,28.12958],[-82.31111,28.12958],[-82.31112,28.12958],[-82.31112,28.12958],[-82.31113,28.12959],[-82.31114,28.12959],[-82.31114,28.12959],[-82.31115,28.12959],[-82.31115,28.12959],[-82.31116,28.12959],[-82.31117,28.12959],[-82.31117,28.12959],[-82.31118,28.12959],[-82.31119,28.12959],[-82.31119,28.12959],[-82.3112,28.12959],[-82.31121,28.12959],[-82.31121,28.12959],[-82.31122,28.12959],[-82.31147,28.12967],[-82.31147,28.12967],[-82.31148,28.12967],[-82.31149,28.12968],[-82.31151,28.12968],[-82.31152,28.12969],[-82.31153,28.12969],[-82.31155,28.1297],[-82.31157,28.1297],[-82.3116,28.12971],[-82.31162,28.12971],[-82.31165,28.12971],[-82.31168,28.12972],[-82.3117,28.12972],[-82.31171,28.12972],[-82.31183,28.12974],[-82.31195,28.12974],[-82.31196,28.12974],[-82.31196,28.12974],[-82.31197,28.12974],[-82.31199,28.12974],[-82.31202,28.12974],[-82.31205,28.12974],[-82.31207,28.12974],[-82.3121,28.12974],[-82.31213,28.12974],[-82.31215,28.12974],[-82.31218,28.12974],[-82.31221,28.12974],[-82.31223,28.12974],[-82.31562,28.12967],[-82.31576,28.12967],[-82.31825,28.1296],[-82.31841,28.12959],[-82.31841,28.12959],[-82.31841,28.12959],[-82.31844,28.12959],[-82.31846,28.12959],[-82.31849,28.12959],[-82.31851,28.12959],[-82.31853,28.12959],[-82.31856,28.12959],[-82.31858,28.12958],[-82.31861,28.12958],[-82.31863,28.12958],[-82.31864,28.12958],[-82.3188,28.12957],[-82.31888,28.12955],[-82.31889,28.12955],[-82.31892,28.12955],[-82.31895,28.12955],[-82.31897,28.12954],[-82.319,28.12954],[-82.31903,28.12953],[-82.31906,28.12953],[-82.31908,28.12953],[-82.31911,28.12952],[-82.31914,28.12952],[-82.31917,28.12951],[-82.31919,28.1295],[-82.31984,28.12936],[-82.32026,28.12927],[-82.32057,28.1292],[-82.32058,28.1292],[-82.3206,28.1292],[-82.32061,28.12919],[-82.32063,28.12919],[-82.32064,28.12919],[-82.32066,28.12919],[-82.32066,28.12919],[-82.32066,28.12919],[-82.32081,28.12916],[-82.32103,28.12905],[-82.32131,28.12886],[-82.3215,28.12868],[-82.32212,28.12784],[-82.3222,28.12774],[-82.32228,28.12765],[-82.32239,28.12754],[-82.33617,28.12753],[-82.33652,28.12753],[-82.33694,28.12752],[-82.35266,28.12752],[-82.35269,28.12064],[-82.35269,28.12018],[-82.35864,28.12022],[-82.35865,28.12021],[-82.35895,28.12021],[-82.35928,28.12021],[-82.35951,28.12021],[-82.35975,28.12022],[-82.36013,28.12022],[-82.36043,28.12022],[-82.36043,28.12023],[-82.36211,28.12024],[-82.36203,28.12524],[-82.35911,28.1275],[-82.35734,28.12886],[-82.35734,28.12887],[-82.35732,28.13008],[-82.35729,28.13263],[-82.35866,28.13514],[-82.35936,28.13631],[-82.36314,28.13246],[-82.36291,28.13103],[-82.36279,28.13027],[-82.36597,28.12476],[-82.36654,28.12378],[-82.36654,28.12337],[-82.36651,28.12027],[-82.36662,28.12027],[-82.36662,28.11911],[-82.36596,28.11595],[-82.36584,28.11541],[-82.36589,28.11298],[-82.36593,28.11122],[-82.36593,28.10714],[-82.36592,28.10255],[-82.36593,28.10026],[-82.36584,28.10016],[-82.3658,28.10011],[-82.36576,28.10007],[-82.36572,28.10002],[-82.36567,28.09997],[-82.36563,28.09993],[-82.36559,28.09988],[-82.36554,28.09983],[-82.3655,28.09979],[-82.3655,28.09978],[-82.3655,28.09978],[-82.36546,28.09974],[-82.36541,28.09969],[-82.3654,28.09969],[-82.36406,28.09841],[-82.36403,28.09838],[-82.36399,28.09835],[-82.36396,28.09832],[-82.36392,28.0983],[-82.36389,28.09827],[-82.36385,28.09824],[-82.36381,28.09821],[-82.36378,28.09819],[-82.36374,28.09816],[-82.36371,28.09813],[-82.36367,28.09811],[-82.36363,28.09808],[-82.3636,28.09806],[-82.36068,28.09591],[-82.35996,28.09536],[-82.35927,28.09477],[-82.35863,28.09415],[-82.35802,28.0935],[-82.35745,28.09282],[-82.35724,28.09249],[-82.35682,28.09184],[-82.35681,28.09183],[-82.35639,28.09116],[-82.35601,28.09048],[-82.35567,28.08978],[-82.35537,28.08907],[-82.35511,28.08835],[-82.35485,28.08755],[-82.35485,28.08755],[-82.35486,28.08754],[-82.35475,28.08718],[-82.35474,28.08714],[-82.35472,28.08709],[-82.35471,28.08703],[-82.35469,28.08697],[-82.35468,28.08692],[-82.35467,28.08686],[-82.35465,28.0868],[-82.35464,28.08675],[-82.35463,28.08669],[-82.35462,28.08663],[-82.3546,28.08657],[-82.35459,28.08652],[-82.35458,28.08646],[-82.35457,28.0864],[-82.35456,28.08635],[-82.35455,28.08629],[-82.35454,28.08623],[-82.35453,28.08617],[-82.35452,28.08612],[-82.35451,28.08606],[-82.3545,28.086],[-82.35449,28.08594],[-82.35448,28.08588],[-82.35447,28.08583],[-82.35446,28.08577],[-82.35445,28.08571],[-82.35444,28.08565],[-82.35444,28.0856],[-82.35443,28.08554],[-82.35442,28.08548],[-82.35441,28.08542],[-82.35441,28.08536],[-82.3544,28.08531],[-82.35439,28.08525],[-82.35439,28.08519],[-82.35438,28.08513],[-82.35438,28.08508],[-82.35437,28.08502],[-82.35437,28.08496],[-82.35436,28.0849],[-82.35436,28.08484],[-82.35435,28.08478],[-82.35435,28.08473],[-82.35434,28.08467],[-82.35434,28.08461],[-82.35434,28.08455],[-82.35433,28.08449],[-82.35432,28.08393],[-82.35433,28.08222],[-82.35434,28.08028],[-82.35436,28.07718],[-82.35436,28.07681],[-82.35442,28.07627],[-82.35451,28.0753],[-82.35454,28.07508],[-82.35458,28.07465],[-82.35461,28.07447],[-82.35465,28.07428],[-82.35465,28.07425],[-82.35466,28.07422],[-82.35467,28.07418],[-82.35467,28.07415],[-82.35468,28.07412],[-82.35469,28.07409],[-82.3547,28.07406],[-82.3547,28.07403],[-82.35471,28.074],[-82.35472,28.07397],[-82.35473,28.07394],[-82.35474,28.0739],[-82.35475,28.07387],[-82.35476,28.07384],[-82.35477,28.07381],[-82.35478,28.07378],[-82.35479,28.07375],[-82.3548,28.07372],[-82.35481,28.07369],[-82.35481,28.07368],[-82.35482,28.07366],[-82.35483,28.07363],[-82.35483,28.07362],[-82.35485,28.07359],[-82.35485,28.07358],[-82.35485,28.07357],[-82.35533,28.07225],[-82.3557,28.07119],[-82.35572,28.07115],[-82.35575,28.07107],[-82.35575,28.07106],[-82.35575,28.07105],[-82.35576,28.07103],[-82.35576,28.07102],[-82.35577,28.071],[-82.35577,28.07099],[-82.35578,28.07097],[-82.35578,28.07096],[-82.35579,28.07095],[-82.35579,28.07093],[-82.3558,28.07092],[-82.3558,28.07091],[-82.35581,28.07089],[-82.35581,28.07088],[-82.35582,28.07087],[-82.35582,28.07086],[-82.35591,28.07066],[-82.35607,28.07027],[-82.35607,28.07027],[-82.35608,28.07026],[-82.35608,28.07025],[-82.35609,28.07024],[-82.35609,28.07023],[-82.3561,28.07022],[-82.35611,28.07021],[-82.35611,28.0702],[-82.35612,28.07019],[-82.35612,28.07018],[-82.35613,28.07017],[-82.35614,28.07016],[-82.35614,28.07015],[-82.35615,28.07014],[-82.35616,28.07014],[-82.35617,28.07013],[-82.35617,28.07012],[-82.35618,28.07011],[-82.35619,28.0701],[-82.3562,28.07009],[-82.35621,28.07008],[-82.35622,28.07008],[-82.35622,28.07007],[-82.35623,28.07006],[-82.35624,28.07005],[-82.35625,28.07005],[-82.35626,28.07004],[-82.35627,28.07003],[-82.35627,28.07003],[-82.35628,28.07002],[-82.35629,28.07002],[-82.3563,28.07001],[-82.35631,28.07],[-82.35632,28.07],[-82.35633,28.06999],[-82.35634,28.06999],[-82.35635,28.06998],[-82.35637,28.06997],[-82.35638,28.06997],[-82.35639,28.06996],[-82.3564,28.06996],[-82.35641,28.06995],[-82.35641,28.06995],[-82.35642,28.06995],[-82.35643,28.06995],[-82.35645,28.06994],[-82.35646,28.06994],[-82.35647,28.06993],[-82.35648,28.06993],[-82.35649,28.06993],[-82.35649,28.06993],[-82.35651,28.06992],[-82.35652,28.06992],[-82.35653,28.06992],[-82.35654,28.06992],[-82.35655,28.06991],[-82.35657,28.06991],[-82.35658,28.06991],[-82.35659,28.06991],[-82.3566,28.06991],[-82.35662,28.06991],[-82.35663,28.06991],[-82.35664,28.0699],[-82.35817,28.06975],[-82.3594,28.06964],[-82.3595,28.06963],[-82.3595,28.06961],[-82.35951,28.06961],[-82.35951,28.06956],[-82.35952,28.06946],[-82.35965,28.06946],[-82.35987,28.06946],[-82.35998,28.06946],[-82.35998,28.06955],[-82.36059,28.06954],[-82.36227,28.06953],[-82.36298,28.06953],[-82.36298,28.06949],[-82.36479,28.06949],[-82.36479,28.06944],[-82.36882,28.06942],[-82.36886,28.07412],[-82.36886,28.07506],[-82.36887,28.07663],[-82.36891,28.08116],[-82.3689,28.08128],[-82.36891,28.08128],[-82.36899,28.08128],[-82.36902,28.08128],[-82.36909,28.08126],[-82.36916,28.08124],[-82.36923,28.0812],[-82.36929,28.08117],[-82.36934,28.08112],[-82.36939,28.08106],[-82.36943,28.081],[-82.36947,28.08094],[-82.36951,28.08089],[-82.36958,28.08082],[-82.36965,28.08075],[-82.36972,28.08068],[-82.3698,28.08062],[-82.36988,28.08056],[-82.36997,28.08051],[-82.37006,28.08047],[-82.37017,28.08043],[-82.37027,28.08039],[-82.37037,28.08036],[-82.37043,28.08035],[-82.3705,28.08033],[-82.37056,28.08032],[-82.37062,28.08031],[-82.37069,28.0803],[-82.37077,28.08029],[-82.37085,28.08028],[-82.37094,28.08028],[-82.37102,28.08027],[-82.3711,28.08025],[-82.3712,28.08022],[-82.37129,28.08018],[-82.37139,28.08013],[-82.37148,28.08008],[-82.37158,28.08004],[-82.37166,28.08002],[-82.37174,28.08001],[-82.37182,28.07999],[-82.3719,28.07998],[-82.37195,28.07997],[-82.37202,28.07997],[-82.37208,28.07997],[-82.37215,28.07997],[-82.37221,28.07996],[-82.37228,28.07995],[-82.37236,28.07994],[-82.37244,28.07992],[-82.37253,28.07989],[-82.3726,28.07985],[-82.37267,28.07981],[-82.37272,28.07976],[-82.37277,28.07971],[-82.37281,28.07965],[-82.37284,28.07959],[-82.37285,28.07958],[-82.37285,28.07957],[-82.37285,28.07957],[-82.37285,28.07956],[-82.37285,28.07955],[-82.37286,28.07954],[-82.37286,28.07952],[-82.37286,28.07952],[-82.37286,28.07951],[-82.37285,28.07951],[-82.37285,28.0795],[-82.37285,28.07949],[-82.37285,28.07948],[-82.37285,28.07947],[-82.37283,28.07944],[-82.37281,28.0794],[-82.37278,28.07937],[-82.37276,28.07934],[-82.37274,28.07932],[-82.37272,28.0793],[-82.37271,28.07928],[-82.37269,28.07926],[-82.37268,28.07924],[-82.37265,28.07919],[-82.37263,28.07913],[-82.37262,28.07906],[-82.37262,28.07899],[-82.37261,28.07893],[-82.37259,28.07883],[-82.37258,28.07873],[-82.37256,28.07864],[-82.37256,28.07854],[-82.37256,28.07844],[-82.37256,28.07837],[-82.37256,28.07829],[-82.37256,28.07822],[-82.37257,28.07814],[-82.37259,28.07807],[-82.37261,28.07804],[-82.37263,28.07799],[-82.37265,28.07795],[-82.37268,28.07791],[-82.37272,28.07788],[-82.37274,28.07788],[-82.37276,28.07787],[-82.37279,28.07787],[-82.37282,28.07787],[-82.37284,28.07788],[-82.37288,28.07789],[-82.37292,28.07791],[-82.37295,28.07794],[-82.37299,28.07797],[-82.37302,28.078],[-82.37307,28.07804],[-82.37312,28.07808],[-82.37317,28.07812],[-82.37322,28.07816],[-82.37327,28.07817],[-82.37331,28.07818],[-82.37335,28.07818],[-82.37339,28.07818],[-82.37343,28.07817],[-82.37346,28.07816],[-82.37347,28.07813],[-82.37347,28.07813],[-82.37348,28.07812],[-82.37348,28.07808],[-82.37348,28.07804],[-82.37348,28.078],[-82.37348,28.07796],[-82.37349,28.0779],[-82.3735,28.07784],[-82.37351,28.07778],[-82.37352,28.07773],[-82.37354,28.07768],[-82.37359,28.07764],[-82.37365,28.0776],[-82.37372,28.07756],[-82.37379,28.07753],[-82.37386,28.0775],[-82.37392,28.07747],[-82.37398,28.07744],[-82.37404,28.07741],[-82.3741,28.07738],[-82.37412,28.07737],[-82.37415,28.07734],[-82.37418,28.07731],[-82.37422,28.07728],[-82.37425,28.07724],[-82.37428,28.07721],[-82.37431,28.07719],[-82.37433,28.07717],[-82.37436,28.07715],[-82.37439,28.07713],[-82.37441,28.07711],[-82.37444,28.07709],[-82.37448,28.07706],[-82.37451,28.07703],[-82.37454,28.07701],[-82.37457,28.07698],[-82.37461,28.07695],[-82.37465,28.07692],[-82.37469,28.07688],[-82.37472,28.07686],[-82.37475,28.07686],[-82.37477,28.07686],[-82.37479,28.07687],[-82.37481,28.07689],[-82.37483,28.0769],[-82.37484,28.07692],[-82.37485,28.07694],[-82.37484,28.07698],[-82.37483,28.07701],[-82.37483,28.07705],[-82.37483,28.07708],[-82.37485,28.07711],[-82.37488,28.07714],[-82.37491,28.07716],[-82.37494,28.07718],[-82.37498,28.0772],[-82.37504,28.0772],[-82.37512,28.07718],[-82.3752,28.07715],[-82.37527,28.07712],[-82.37534,28.07713],[-82.37537,28.07714],[-82.3754,28.07716],[-82.37543,28.07718],[-82.37546,28.07721],[-82.37548,28.07723],[-82.3755,28.07728],[-82.37551,28.07733],[-82.37551,28.07738],[-82.37552,28.07744],[-82.37552,28.0775],[-82.37553,28.07755],[-82.37555,28.07761],[-82.37557,28.07767],[-82.37558,28.07772],[-82.37559,28.07778],[-82.37562,28.07786],[-82.37564,28.07793],[-82.37566,28.07801],[-82.37567,28.07809],[-82.37568,28.07817],[-82.37568,28.07821],[-82.37568,28.07826],[-82.37568,28.0783],[-82.37568,28.07832],[-82.37567,28.07834],[-82.37564,28.07836],[-82.37561,28.07836],[-82.37558,28.07837],[-82.37555,28.07838],[-82.37553,28.07839],[-82.37553,28.0784],[-82.37552,28.07841],[-82.37552,28.07843],[-82.37553,28.07846],[-82.37555,28.0785],[-82.37557,28.07852],[-82.3756,28.07854],[-82.37562,28.07853],[-82.37567,28.07848],[-82.37571,28.07843],[-82.37575,28.07839],[-82.37576,28.07837],[-82.37577,28.07839],[-82.37578,28.07841],[-82.37579,28.07843],[-82.3758,28.07845],[-82.37581,28.07846],[-82.37584,28.07847],[-82.37588,28.07847],[-82.37592,28.07846],[-82.37597,28.07845],[-82.37602,28.07844],[-82.37607,28.07845],[-82.37611,28.07845],[-82.37616,28.07846],[-82.37621,28.07846],[-82.37625,28.07846],[-82.37631,28.07845],[-82.37636,28.07843],[-82.37641,28.07841],[-82.37647,28.07839],[-82.37652,28.07837],[-82.3766,28.07833],[-82.37669,28.07828],[-82.37677,28.07824],[-82.37685,28.0782],[-82.37694,28.07818],[-82.37703,28.07818],[-82.37712,28.0782],[-82.37721,28.07822],[-82.37729,28.07824],[-82.37738,28.07827],[-82.37744,28.0783],[-82.37749,28.07832],[-82.37754,28.07835],[-82.3776,28.07838],[-82.37766,28.07839],[-82.37772,28.07839],[-82.37778,28.07838],[-82.37782,28.07837],[-82.37786,28.07835],[-82.3779,28.07834],[-82.37794,28.07833],[-82.37797,28.07831],[-82.37803,28.07827],[-82.37809,28.07822],[-82.37814,28.07817],[-82.3782,28.07813],[-82.37824,28.07812],[-82.37827,28.07813],[-82.37829,28.07814],[-82.37831,28.07816],[-82.37834,28.07817],[-82.37836,28.07818],[-82.37839,28.0782],[-82.37841,28.07821],[-82.37844,28.07822],[-82.37847,28.07824],[-82.3785,28.07825],[-82.37852,28.07826],[-82.37855,28.07828],[-82.37857,28.07829],[-82.3786,28.0783],[-82.37863,28.07831],[-82.37867,28.07833],[-82.37871,28.07834],[-82.37875,28.07835],[-82.37879,28.07835],[-82.37882,28.07835],[-82.37885,28.07834],[-82.37887,28.07832],[-82.37888,28.07829],[-82.3789,28.07827],[-82.37892,28.07825],[-82.37896,28.07823],[-82.37899,28.07821],[-82.37903,28.07819],[-82.37907,28.07817],[-82.3791,28.07815],[-82.37913,28.0781],[-82.37916,28.07805],[-82.37918,28.078],[-82.37921,28.07794],[-82.37923,28.07789],[-82.37926,28.07785],[-82.37928,28.07781],[-82.3793,28.07777],[-82.37933,28.07773],[-82.37935,28.07769],[-82.37942,28.0776],[-82.37953,28.0775],[-82.37958,28.07744],[-82.37964,28.07739],[-82.3797,28.07733],[-82.37975,28.07727],[-82.37981,28.07721],[-82.37983,28.07719],[-82.37985,28.07716],[-82.37987,28.07714],[-82.3799,28.07711],[-82.37992,28.07709],[-82.37993,28.07708],[-82.37994,28.07707],[-82.37995,28.07706],[-82.37996,28.07705],[-82.37998,28.07703],[-82.37999,28.07702],[-82.38,28.077],[-82.38001,28.07699],[-82.38002,28.07698],[-82.38003,28.07697],[-82.38005,28.07695],[-82.38006,28.07694],[-82.38007,28.07692],[-82.38007,28.07691],[-82.38008,28.0769],[-82.38008,28.07689],[-82.38008,28.07687],[-82.38007,28.07685],[-82.38006,28.07683],[-82.38005,28.07682],[-82.38004,28.0768],[-82.38002,28.0768],[-82.38001,28.0768],[-82.37999,28.07679],[-82.37997,28.07679],[-82.37997,28.07679],[-82.37997,28.07679],[-82.37999,28.07677],[-82.38001,28.07676],[-82.38003,28.07675],[-82.38006,28.07672],[-82.38009,28.0767],[-82.38012,28.07667],[-82.38015,28.07664],[-82.38015,28.07664],[-82.38017,28.07661],[-82.38023,28.07653],[-82.38026,28.07644],[-82.38026,28.07644],[-82.38027,28.07642],[-82.38029,28.07633],[-82.38031,28.07622],[-82.38033,28.07613],[-82.38034,28.07605],[-82.38034,28.07597],[-82.38034,28.07589],[-82.38035,28.07581],[-82.38035,28.07573],[-82.38036,28.07569],[-82.38037,28.07565],[-82.38038,28.07561],[-82.38039,28.07557],[-82.3804,28.07553],[-82.38041,28.07549],[-82.38042,28.07544],[-82.38043,28.0754],[-82.38043,28.07536],[-82.38044,28.07531],[-82.38046,28.07526],[-82.38047,28.07521],[-82.38049,28.07515],[-82.3805,28.0751],[-82.3805,28.07505],[-82.38051,28.07501],[-82.38051,28.07501],[-82.38051,28.07498],[-82.38051,28.07494],[-82.38051,28.07491],[-82.3805,28.07488],[-82.3805,28.07488],[-82.38048,28.07486],[-82.38045,28.07485],[-82.38042,28.07483],[-82.3804,28.07482],[-82.38038,28.0748],[-82.38037,28.07479],[-82.38035,28.07477],[-82.38035,28.07476],[-82.38035,28.07476],[-82.38035,28.07475],[-82.38034,28.07475],[-82.38034,28.07474],[-82.38034,28.07474],[-82.38033,28.07472],[-82.38031,28.07468],[-82.3803,28.07464],[-82.38029,28.07459],[-82.38028,28.07454],[-82.38027,28.0745],[-82.38027,28.07445],[-82.38027,28.07441],[-82.38027,28.07437],[-82.38027,28.07432],[-82.38025,28.07429],[-82.38025,28.07428],[-82.38023,28.07425],[-82.38021,28.07423],[-82.38021,28.07423],[-82.38021,28.07423],[-82.38018,28.0742],[-82.38015,28.07417],[-82.38012,28.07415],[-82.38006,28.07411],[-82.38,28.07408],[-82.37994,28.07406],[-82.37988,28.07403],[-82.37988,28.07403],[-82.37984,28.07399],[-82.37983,28.07396],[-82.37982,28.07394],[-82.37981,28.07392],[-82.3798,28.07389],[-82.37979,28.07387],[-82.37979,28.07384],[-82.37979,28.07381],[-82.37979,28.07378],[-82.37979,28.07375],[-82.37978,28.07372],[-82.37977,28.07369],[-82.37976,28.07368],[-82.37975,28.07367],[-82.37975,28.07367],[-82.37973,28.07364],[-82.37971,28.07361],[-82.37969,28.07358],[-82.37965,28.07352],[-82.37962,28.07346],[-82.37958,28.0734],[-82.37955,28.07335],[-82.37951,28.07329],[-82.37947,28.07322],[-82.37942,28.07316],[-82.37937,28.0731],[-82.37932,28.07303],[-82.37931,28.07302],[-82.37928,28.07297],[-82.37924,28.07291],[-82.37921,28.07284],[-82.37917,28.07278],[-82.37914,28.07271],[-82.37911,28.07267],[-82.3791,28.07265],[-82.37905,28.07261],[-82.379,28.07256],[-82.37895,28.07251],[-82.3789,28.07247],[-82.37886,28.07242],[-82.37882,28.07236],[-82.37879,28.07229],[-82.37876,28.07222],[-82.37873,28.07216],[-82.37869,28.0721],[-82.37865,28.07205],[-82.37862,28.07201],[-82.37858,28.07196],[-82.37854,28.07192],[-82.3785,28.07188],[-82.37847,28.07186],[-82.37845,28.07184],[-82.37845,28.07184],[-82.3784,28.07181],[-82.37839,28.0718],[-82.37834,28.07177],[-82.37829,28.07174],[-82.37824,28.0717],[-82.37811,28.07159],[-82.378,28.07146],[-82.37796,28.07139],[-82.37792,28.07134],[-82.3779,28.07132],[-82.37782,28.07117],[-82.37774,28.07102],[-82.37768,28.07086],[-82.37762,28.0707],[-82.37759,28.07053],[-82.37755,28.07036],[-82.37752,28.07019],[-82.37751,28.07009],[-82.3775,28.06999],[-82.3775,28.06998],[-82.37749,28.06991],[-82.37748,28.06985],[-82.37746,28.06979],[-82.37746,28.06972],[-82.37745,28.06966],[-82.37744,28.06959],[-82.37745,28.06951],[-82.37745,28.06943],[-82.37745,28.0694],[-82.37742,28.06928],[-82.38426,28.06924],[-82.38537,28.06923],[-82.38781,28.06922],[-82.39349,28.06918],[-82.39639,28.06916],[-82.40185,28.06912],[-82.40192,28.06835],[-82.40191,28.06742],[-82.40191,28.06654],[-82.4019,28.06559],[-82.40188,28.06184],[-82.40187,28.06124],[-82.40184,28.05981],[-82.40182,28.05823],[-82.40179,28.05634],[-82.40068,28.05634],[-82.40067,28.05549],[-82.40066,28.05505],[-82.39991,28.05505],[-82.39862,28.05506],[-82.39826,28.05506],[-82.39763,28.05506],[-82.39758,28.05506],[-82.39758,28.05475],[-82.39758,28.05388],[-82.39758,28.05299],[-82.39758,28.05219],[-82.39758,28.05144],[-82.39759,28.05074],[-82.39758,28.04978],[-82.39758,28.0492],[-82.39758,28.04842],[-82.39758,28.04733],[-82.39758,28.04709],[-82.39758,28.04703],[-82.39752,28.04703],[-82.39751,28.04676],[-82.39764,28.04676],[-82.39764,28.04655],[-82.39764,28.04634],[-82.39764,28.0463],[-82.39764,28.0462],[-82.39764,28.04593],[-82.39764,28.04566],[-82.39764,28.04561],[-82.39763,28.04553],[-82.39764,28.04525],[-82.39763,28.04498],[-82.39763,28.04493],[-82.39763,28.04484],[-82.39763,28.04473],[-82.39764,28.04465],[-82.39764,28.04456],[-82.39764,28.04448],[-82.39764,28.04429],[-82.39764,28.04424],[-82.39764,28.04407],[-82.39764,28.04388],[-82.3976,28.04388],[-82.39761,28.04372],[-82.3976,28.04352],[-82.3976,28.04341],[-82.3976,28.04336],[-82.3976,28.04307],[-82.3976,28.04305],[-82.3976,28.04301],[-82.3976,28.04292],[-82.3976,28.04286],[-82.3976,28.04275],[-82.3976,28.04266],[-82.3976,28.0425],[-82.3976,28.0424],[-82.3976,28.04232],[-82.39759,28.04223],[-82.39759,28.04217],[-82.39759,28.04209],[-82.39759,28.04201],[-82.39759,28.04193],[-82.39758,28.04183],[-82.39757,28.04177],[-82.39757,28.04149],[-82.39757,28.04141],[-82.39757,28.04134],[-82.39757,28.04122],[-82.39757,28.04074],[-82.39757,28.04057],[-82.39757,28.04039],[-82.39757,28.04019],[-82.39757,28.04004],[-82.39757,28.03997],[-82.39757,28.03992],[-82.39756,28.03988],[-82.39759,28.03978],[-82.39759,28.03893],[-82.39759,28.03804],[-82.39759,28.03744],[-82.39758,28.03628],[-82.39758,28.03623],[-82.39758,28.03615],[-82.39758,28.03595],[-82.39758,28.03575],[-82.39758,28.03539],[-82.39758,28.03509],[-82.39758,28.03487],[-82.39758,28.03479],[-82.39758,28.03461],[-82.39758,28.03443],[-82.39758,28.03426],[-82.39758,28.03409],[-82.39758,28.03391],[-82.39757,28.03372],[-82.39757,28.03353],[-82.39757,28.03276],[-82.39757,28.03274],[-82.39758,28.03262],[-82.39758,28.03246],[-82.39759,28.03176],[-82.39759,28.03155],[-82.39759,28.03134],[-82.39759,28.03113],[-82.39759,28.03092],[-82.39759,28.03071],[-82.3976,28.03049],[-82.3976,28.03028],[-82.3976,28.03008],[-82.3976,28.02986],[-82.3976,28.02965],[-82.3976,28.02944],[-82.39761,28.02922],[-82.39761,28.029],[-82.39764,28.029],[-82.39764,28.02882],[-82.39763,28.02816],[-82.39763,28.02785],[-82.39763,28.02763],[-82.39763,28.02742],[-82.39763,28.02721],[-82.39763,28.02707],[-82.39763,28.02699],[-82.39763,28.02677],[-82.39763,28.02655],[-82.39763,28.02635],[-82.39763,28.0261],[-82.39763,28.02558],[-82.39763,28.0252],[-82.3976,28.02502],[-82.39761,28.02477],[-82.39761,28.02476],[-82.39762,28.02429],[-82.39761,28.02429],[-82.39763,28.02357],[-82.39836,28.02322],[-82.39911,28.02323],[-82.40011,28.02296],[-82.40066,28.0229],[-82.40126,28.02287],[-82.40131,28.02286],[-82.40136,28.02283],[-82.40146,28.02269],[-82.40179,28.02256],[-82.4018,28.02256],[-82.4018,28.02257],[-82.4018,28.02258],[-82.40179,28.02259],[-82.40179,28.0226],[-82.40179,28.02262],[-82.40179,28.02263],[-82.40179,28.02265],[-82.4018,28.02266],[-82.40181,28.02267],[-82.40181,28.02267],[-82.40183,28.02269],[-82.40184,28.02269],[-82.40185,28.02269],[-82.40186,28.02268],[-82.40187,28.02268],[-82.40187,28.02268],[-82.40188,28.02267],[-82.40189,28.02265],[-82.40188,28.02264],[-82.40188,28.02263],[-82.40187,28.02262],[-82.40186,28.02261],[-82.40185,28.0226],[-82.40185,28.02259],[-82.40185,28.02257],[-82.40186,28.02256],[-82.40186,28.02256],[-82.40187,28.02255],[-82.40188,28.02255],[-82.40189,28.02254],[-82.40191,28.02254],[-82.40192,28.02254],[-82.40193,28.02253],[-82.40195,28.02253],[-82.40195,28.02252],[-82.40196,28.02252],[-82.40196,28.02251],[-82.40197,28.0225],[-82.40198,28.02248],[-82.40199,28.02247],[-82.40201,28.02245],[-82.40202,28.02244],[-82.40203,28.02244],[-82.40204,28.02244],[-82.40206,28.02244],[-82.40206,28.02245],[-82.40206,28.02246],[-82.40206,28.02246],[-82.40206,28.02247],[-82.40206,28.02248],[-82.40208,28.02247],[-82.4021,28.02247],[-82.40211,28.02247],[-82.40212,28.02246],[-82.40213,28.02244],[-82.40214,28.02244],[-82.40215,28.02242],[-82.40216,28.02242],[-82.40218,28.02241],[-82.4022,28.02241],[-82.40221,28.0224],[-82.40225,28.02239],[-82.40227,28.02238],[-82.40229,28.02237],[-82.40233,28.02236],[-82.40235,28.02235],[-82.4024,28.02234],[-82.40242,28.02233],[-82.40245,28.02232],[-82.40247,28.02231],[-82.40249,28.0223],[-82.40252,28.02229],[-82.40256,28.02229],[-82.40258,28.02228],[-82.40261,28.02228],[-82.40266,28.02227],[-82.40275,28.02224],[-82.40292,28.02221],[-82.40294,28.02221],[-82.40296,28.02221],[-82.40298,28.0222],[-82.403,28.0222],[-82.40302,28.02219],[-82.40304,28.02218],[-82.40306,28.02218],[-82.40308,28.02219],[-82.40309,28.02219],[-82.4031,28.0222],[-82.4031,28.0222],[-82.4031,28.02221],[-82.4031,28.02223],[-82.40311,28.02225],[-82.40311,28.02227],[-82.40311,28.02228],[-82.40312,28.02229],[-82.40313,28.02228],[-82.40314,28.02228],[-82.40315,28.02226],[-82.40316,28.02225],[-82.40317,28.02224],[-82.40318,28.02222],[-82.40318,28.02221],[-82.40319,28.02219],[-82.4032,28.02218],[-82.40321,28.02217],[-82.40323,28.02216],[-82.40324,28.02215],[-82.40325,28.02214],[-82.40327,28.02213],[-82.40329,28.02212],[-82.40331,28.02212],[-82.40333,28.02211],[-82.40336,28.0221],[-82.4034,28.02209],[-82.40344,28.02208],[-82.40349,28.02208],[-82.40354,28.02207],[-82.40358,28.02206],[-82.40363,28.02204],[-82.40369,28.02202],[-82.40371,28.02202],[-82.40374,28.02201],[-82.40377,28.022],[-82.40379,28.02199],[-82.40382,28.02198],[-82.40384,28.02196],[-82.40386,28.02195],[-82.4039,28.02193],[-82.40392,28.02192],[-82.40394,28.02191],[-82.40396,28.0219],[-82.40399,28.02189],[-82.40402,28.02188],[-82.40405,28.02187],[-82.40408,28.02186],[-82.4041,28.02186],[-82.40416,28.02184],[-82.40418,28.02184],[-82.4042,28.02183],[-82.40422,28.02183],[-82.40423,28.02182],[-82.40425,28.02181],[-82.40427,28.02181],[-82.4043,28.02179],[-82.40432,28.02178],[-82.40434,28.02177],[-82.40435,28.02176],[-82.40436,28.02176],[-82.40437,28.02175],[-82.40438,28.02174],[-82.40439,28.02173],[-82.4044,28.02173],[-82.40441,28.02173],[-82.40441,28.02174],[-82.40442,28.02174],[-82.40442,28.02174],[-82.40443,28.02174],[-82.40445,28.02171],[-82.40446,28.0217],[-82.40446,28.0217],[-82.40448,28.02169],[-82.40448,28.02169],[-82.40449,28.02169],[-82.40449,28.02169],[-82.4045,28.02169],[-82.4045,28.02169],[-82.40451,28.02168],[-82.40451,28.02167],[-82.40452,28.02164],[-82.40452,28.02163],[-82.40453,28.02162],[-82.40454,28.0216],[-82.40455,28.02158],[-82.40456,28.02157],[-82.40457,28.02156],[-82.40458,28.02155],[-82.4046,28.02154],[-82.40461,28.02153],[-82.40464,28.02151],[-82.40465,28.0215],[-82.40467,28.0215],[-82.40468,28.02149],[-82.40469,28.02149],[-82.40471,28.02148],[-82.40473,28.02146],[-82.40474,28.02145],[-82.40476,28.02143],[-82.40477,28.02141],[-82.40479,28.0214],[-82.40482,28.02137],[-82.40483,28.02137],[-82.40484,28.02136],[-82.40486,28.02135],[-82.40487,28.02134],[-82.40489,28.02134],[-82.40492,28.02132],[-82.40495,28.0213],[-82.40498,28.02129],[-82.405,28.02128],[-82.40501,28.02127],[-82.40503,28.02127],[-82.40506,28.02126],[-82.40508,28.02126],[-82.4051,28.02125],[-82.40513,28.02125],[-82.40516,28.02125],[-82.40518,28.02125],[-82.4052,28.02125],[-82.40523,28.02124],[-82.40525,28.02124],[-82.40526,28.02123],[-82.40527,28.02123],[-82.40528,28.02122],[-82.4053,28.02121],[-82.40531,28.0212],[-82.40531,28.0212],[-82.40534,28.02119],[-82.40539,28.02118],[-82.40543,28.02117],[-82.40545,28.02117],[-82.40547,28.02117],[-82.4055,28.02117],[-82.40553,28.02117],[-82.40561,28.02117],[-82.40565,28.02117],[-82.40569,28.02117],[-82.40571,28.02117],[-82.40573,28.02117],[-82.40575,28.02117],[-82.40577,28.02116],[-82.40578,28.02116],[-82.40579,28.02115],[-82.4058,28.02114],[-82.40581,28.02113],[-82.40582,28.02112],[-82.40583,28.0211],[-82.40583,28.02109],[-82.40584,28.02107],[-82.40585,28.02104],[-82.40585,28.02102],[-82.40585,28.02101],[-82.40586,28.02097],[-82.40587,28.02095],[-82.40587,28.02092],[-82.40587,28.02089],[-82.40587,28.02085],[-82.40587,28.02082],[-82.40587,28.02079],[-82.40587,28.02073],[-82.40587,28.02068],[-82.40587,28.02066],[-82.40588,28.02064],[-82.40588,28.02063],[-82.40588,28.02061],[-82.40588,28.0206],[-82.40588,28.02059],[-82.40589,28.02057],[-82.4059,28.02055],[-82.40591,28.02053],[-82.40591,28.02051],[-82.40593,28.02046],[-82.40595,28.02044],[-82.40596,28.02042],[-82.40597,28.02039],[-82.40598,28.02037],[-82.40599,28.02036],[-82.406,28.02034],[-82.40601,28.02033],[-82.40602,28.02032],[-82.40603,28.02032],[-82.40604,28.02032],[-82.40605,28.02031],[-82.40607,28.02031],[-82.40609,28.02031],[-82.40611,28.02031],[-82.40612,28.02031],[-82.40617,28.02031],[-82.4062,28.02031],[-82.40624,28.02031],[-82.40626,28.0203],[-82.40628,28.0203],[-82.4063,28.0203],[-82.40631,28.02029],[-82.40633,28.02028],[-82.40634,28.02027],[-82.40635,28.02026],[-82.40637,28.02025],[-82.4064,28.02024],[-82.40641,28.02024],[-82.40642,28.02023],[-82.40644,28.02023],[-82.40646,28.02024],[-82.40647,28.02024],[-82.4065,28.02026],[-82.40652,28.02027],[-82.40654,28.02027],[-82.4066,28.0203],[-82.40662,28.02031],[-82.40664,28.02031],[-82.40666,28.02032],[-82.40668,28.02033],[-82.4067,28.02033],[-82.40673,28.02034],[-82.40676,28.02035],[-82.40681,28.02035],[-82.40686,28.02036],[-82.40689,28.02036],[-82.40692,28.02036],[-82.40695,28.02035],[-82.40697,28.02035],[-82.407,28.02035],[-82.40703,28.02034],[-82.40706,28.02034],[-82.40708,28.02033],[-82.40711,28.02032],[-82.40715,28.0203],[-82.4072,28.02029],[-82.40723,28.02028],[-82.40727,28.02026],[-82.40729,28.02026],[-82.40731,28.02025],[-82.40733,28.02024],[-82.40735,28.02023],[-82.4074,28.02021],[-82.40742,28.0202],[-82.40744,28.02019],[-82.40748,28.02017],[-82.4075,28.02016],[-82.40752,28.02015],[-82.40754,28.02013],[-82.40757,28.02011],[-82.40759,28.0201],[-82.40761,28.02008],[-82.40762,28.02008],[-82.40766,28.02005],[-82.40767,28.02004],[-82.40768,28.02003],[-82.40769,28.02002],[-82.40772,28.01999],[-82.40772,28.01998],[-82.40774,28.01997],[-82.40777,28.01996],[-82.40779,28.01995],[-82.40781,28.01994],[-82.40784,28.01993],[-82.40785,28.01993],[-82.40787,28.01993],[-82.4079,28.01992],[-82.40792,28.01992],[-82.40795,28.01992],[-82.40797,28.01991],[-82.40799,28.01991],[-82.40802,28.01991],[-82.40804,28.01991],[-82.40806,28.01991],[-82.40808,28.01991],[-82.40813,28.01991],[-82.40815,28.01991],[-82.40818,28.01991],[-82.40821,28.01991],[-82.40824,28.01991],[-82.40827,28.01991],[-82.4083,28.01991],[-82.40834,28.0199],[-82.40838,28.0199],[-82.40843,28.0199],[-82.40843,28.0199],[-82.40847,28.01989],[-82.40851,28.01989],[-82.40854,28.01988],[-82.40857,28.01988],[-82.40859,28.01987],[-82.40862,28.01987],[-82.40864,28.01986],[-82.40867,28.01986],[-82.4087,28.01986],[-82.40873,28.01986],[-82.40876,28.01985],[-82.40878,28.01985],[-82.40881,28.01985],[-82.40883,28.01985],[-82.40885,28.01985],[-82.40888,28.01984],[-82.4089,28.01984],[-82.40891,28.01984],[-82.40892,28.01983],[-82.40893,28.01983],[-82.40894,28.01982],[-82.40895,28.01981],[-82.40896,28.0198],[-82.40896,28.01979],[-82.40897,28.01978],[-82.40898,28.01976],[-82.40899,28.01975],[-82.409,28.01975],[-82.40902,28.01974],[-82.40905,28.01974],[-82.40906,28.01974],[-82.40909,28.01973],[-82.40911,28.01972],[-82.40913,28.01971],[-82.40915,28.0197],[-82.40917,28.01969],[-82.4092,28.01968],[-82.40922,28.01967],[-82.40924,28.01965],[-82.40927,28.01964],[-82.40929,28.01962],[-82.40931,28.01961],[-82.40933,28.01961],[-82.40935,28.0196],[-82.40937,28.01959],[-82.40939,28.01958],[-82.40942,28.01957],[-82.40944,28.01956],[-82.40946,28.01955],[-82.40948,28.01954],[-82.4095,28.01953],[-82.40954,28.0195],[-82.40957,28.01948],[-82.4096,28.01945],[-82.40964,28.01943],[-82.40967,28.01941],[-82.40969,28.0194],[-82.4097,28.01939],[-82.40972,28.01939],[-82.40973,28.01938],[-82.40975,28.01937],[-82.40976,28.01936],[-82.40978,28.01935],[-82.4098,28.01934],[-82.40982,28.01933],[-82.40984,28.01932],[-82.40986,28.01931],[-82.40988,28.0193],[-82.40988,28.01929],[-82.40998,28.01924],[-82.40999,28.01924],[-82.40999,28.01923],[-82.41,28.01923],[-82.41,28.01923],[-82.41,28.01922],[-82.41001,28.01922],[-82.41001,28.01921],[-82.41001,28.01921],[-82.41002,28.0192],[-82.41002,28.01919],[-82.41003,28.01919],[-82.41003,28.01918],[-82.41003,28.01918],[-82.41004,28.01917],[-82.41004,28.01916],[-82.41004,28.01916],[-82.41004,28.01915],[-82.41005,28.01915],[-82.41005,28.01914],[-82.41005,28.01913],[-82.41005,28.01913],[-82.41005,28.01912],[-82.41005,28.01911],[-82.41005,28.01911],[-82.41005,28.0191],[-82.41005,28.01909],[-82.41005,28.01909],[-82.41006,28.01867],[-82.41007,28.01796],[-82.41007,28.01777],[-82.41007,28.01735],[-82.41007,28.01712],[-82.41007,28.01708],[-82.41008,28.01687],[-82.41008,28.01666],[-82.41008,28.01646],[-82.41008,28.01625],[-82.41008,28.01602],[-82.41009,28.01598],[-82.41009,28.01588],[-82.41009,28.01572],[-82.41009,28.01559],[-82.41009,28.01547],[-82.41009,28.01542],[-82.41009,28.01531],[-82.41011,28.01325],[-82.41013,28.01139],[-82.41013,28.01134],[-82.41013,28.0113],[-82.41014,28.01101],[-82.41014,28.01077],[-82.4098,28.01075],[-82.40979,28.01065],[-82.40978,28.01059],[-82.40978,28.01057],[-82.40979,28.01057],[-82.4098,28.01057],[-82.4098,28.01057],[-82.40981,28.01057],[-82.40982,28.01057],[-82.40983,28.01056],[-82.40984,28.01056],[-82.40985,28.01056],[-82.40986,28.01056],[-82.40986,28.01055],[-82.40987,28.01055],[-82.40988,28.01055],[-82.40989,28.01054],[-82.4099,28.01054],[-82.4099,28.01053],[-82.40991,28.01053],[-82.40992,28.01053],[-82.40993,28.01052],[-82.40993,28.01052],[-82.40994,28.01051],[-82.40995,28.01051],[-82.40995,28.0105],[-82.40996,28.0105],[-82.40997,28.01049],[-82.40997,28.01048],[-82.40998,28.01048],[-82.40999,28.01047],[-82.40999,28.01047],[-82.41,28.01046],[-82.41,28.01045],[-82.41001,28.01045],[-82.41001,28.01044],[-82.41002,28.01043],[-82.41002,28.01043],[-82.41003,28.01042],[-82.41003,28.01041],[-82.41003,28.01041],[-82.41004,28.0104],[-82.41004,28.01039],[-82.41004,28.01038],[-82.41005,28.01038],[-82.41005,28.01037],[-82.41005,28.01036],[-82.41005,28.01035],[-82.41006,28.01035],[-82.41006,28.01034],[-82.41006,28.01033],[-82.41006,28.01032],[-82.41006,28.01031],[-82.41006,28.01031],[-82.41006,28.0103],[-82.41006,28.01029],[-82.41006,28.01028],[-82.41006,28.01027],[-82.41007,28.01027],[-82.41008,28.01027],[-82.41007,28.00886],[-82.41007,28.00886],[-82.41007,28.00886],[-82.41007,28.00784],[-82.41006,28.0071],[-82.41006,28.00696],[-82.41006,28.00678],[-82.41006,28.0052],[-82.41006,28.00514],[-82.41005,28.00414],[-82.41004,28.00348],[-82.41004,28.00331],[-82.41004,28.00161],[-82.41003,28.00146],[-82.41003,28.00109],[-82.41003,28.00071],[-82.41003,28.00037],[-82.41003,27.99978],[-82.40971,27.99978],[-82.40893,27.99978],[-82.40806,27.99979],[-82.40702,27.99979],[-82.4061,27.99979],[-82.40496,27.9998],[-82.40496,27.99973],[-82.40454,27.99973],[-82.40437,27.99973],[-82.40391,27.99973],[-82.40192,27.99972],[-82.40185,27.99972],[-82.40182,27.99622],[-82.40183,27.99604],[-82.40183,27.99593],[-82.40183,27.99503],[-82.40183,27.99426],[-82.40182,27.99329],[-82.40183,27.99291],[-82.40183,27.99244],[-82.40183,27.99186],[-82.40183,27.99063],[-82.40183,27.98882],[-82.40186,27.98882],[-82.40186,27.98697],[-82.40185,27.98524],[-82.40181,27.98524],[-82.40181,27.9852],[-82.40181,27.98517],[-82.40181,27.98506],[-82.4018,27.98259],[-82.4018,27.98252],[-82.40178,27.98151],[-82.40165,27.98151],[-82.39361,27.98149],[-82.39359,27.97756],[-82.39358,27.97444],[-82.39358,27.97427],[-82.39356,27.97412],[-82.39352,27.97375],[-82.39351,27.97047],[-82.39351,27.96923],[-82.39351,27.96732],[-82.39344,27.96733],[-82.39288,27.96733],[-82.39068,27.96733],[-82.39022,27.96733],[-82.3894,27.96733],[-82.38934,27.96733],[-82.38925,27.96733],[-82.3885,27.96733],[-82.38809,27.96733],[-82.38788,27.96733],[-82.38766,27.96734],[-82.38745,27.96734],[-82.38736,27.96734],[-82.38729,27.96734],[-82.38698,27.96734],[-82.38639,27.96734],[-82.3859,27.96733],[-82.38548,27.96733],[-82.38534,27.96734],[-82.38526,27.96734],[-82.38323,27.96734],[-82.38256,27.96734],[-82.3813,27.96734],[-82.38121,27.96734],[-82.38113,27.96734],[-82.38072,27.96734],[-82.38044,27.96734],[-82.38037,27.96734],[-82.38029,27.96734],[-82.38001,27.96734],[-82.37972,27.96734],[-82.37965,27.96734],[-82.37957,27.96734],[-82.3789,27.96734],[-82.37888,27.96728],[-82.37863,27.96728],[-82.37838,27.96728],[-82.37832,27.96728],[-82.37827,27.96728],[-82.37711,27.96729],[-82.37711,27.96734],[-82.37557,27.96735],[-82.37506,27.96735],[-82.37312,27.96735],[-82.37298,27.96735],[-82.37291,27.96735],[-82.37196,27.96735],[-82.37196,27.96731],[-82.37171,27.96731],[-82.37163,27.96731],[-82.37155,27.96731],[-82.37129,27.96731],[-82.37103,27.96731],[-82.37093,27.96733],[-82.37085,27.96735],[-82.37036,27.96735],[-82.3699,27.96735],[-82.36935,27.96735],[-82.36858,27.96736],[-82.36856,27.96699],[-82.36862,27.96678],[-82.36722,27.96654],[-82.36722,27.96636],[-82.36866,27.96652],[-82.3686,27.96618],[-82.36861,27.96581],[-82.36862,27.96558],[-82.3686,27.96538],[-82.36866,27.96528],[-82.36869,27.96517],[-82.3687,27.96509],[-82.36868,27.96498],[-82.36861,27.96463],[-82.36861,27.96456],[-82.36863,27.96447],[-82.36864,27.96392],[-82.36865,27.96271],[-82.36866,27.96182],[-82.36864,27.96154],[-82.36867,27.9614],[-82.36872,27.96129],[-82.36911,27.96011],[-82.36945,27.95911],[-82.36971,27.95829],[-82.36982,27.958],[-82.36989,27.95753],[-82.36987,27.95733],[-82.36984,27.95728],[-82.36979,27.95724],[-82.36968,27.95719],[-82.36975,27.95692],[-82.36981,27.9569],[-82.36986,27.95692],[-82.3699,27.95692],[-82.36994,27.9569],[-82.36997,27.95687],[-82.37,27.95682],[-82.37022,27.9565],[-82.37058,27.95595],[-82.37072,27.95558],[-82.37091,27.95502],[-82.37096,27.95484],[-82.37106,27.95457],[-82.37115,27.95449],[-82.3712,27.95446],[-82.37124,27.95425],[-82.37123,27.95394],[-82.37127,27.9538],[-82.37134,27.95369],[-82.3714,27.95341],[-82.37161,27.95284],[-82.37185,27.95242],[-82.37004,27.95245],[-82.37009,27.95233],[-82.3719,27.95229],[-82.37196,27.9521],[-82.37198,27.95189],[-82.372,27.95176],[-82.37207,27.95165],[-82.37217,27.9515],[-82.37234,27.95139],[-82.37252,27.95125],[-82.37268,27.95114],[-82.37085,27.95066],[-82.37126,27.95014],[-82.37345,27.95043],[-82.37378,27.95023],[-82.37414,27.95006],[-82.37462,27.94996],[-82.37519,27.94992],[-82.37578,27.94987],[-82.37614,27.94981],[-82.37646,27.9497],[-82.37672,27.94952],[-82.37695,27.94935],[-82.37717,27.94912],[-82.3774,27.94882],[-82.37756,27.94856],[-82.37774,27.94823],[-82.37792,27.9478],[-82.37811,27.94746],[-82.37826,27.94725],[-82.37846,27.9471],[-82.37876,27.94694],[-82.37891,27.94687],[-82.37917,27.94682],[-82.37945,27.94681],[-82.37977,27.94686],[-82.38008,27.94697],[-82.38044,27.94719],[-82.38105,27.9476],[-82.38259,27.94864],[-82.38375,27.94942],[-82.38405,27.94963],[-82.3847,27.94987],[-82.38522,27.95001],[-82.38533,27.94813],[-82.38557,27.94828],[-82.38552,27.95003],[-82.38568,27.95],[-82.38644,27.94995],[-82.3868,27.9499],[-82.38716,27.94984],[-82.38802,27.94956],[-82.38912,27.94913],[-82.39003,27.94872],[-82.39175,27.94804],[-82.39226,27.94778],[-82.39333,27.94731],[-82.39358,27.94723],[-82.39365,27.94718],[-82.39391,27.94703],[-82.39403,27.947],[-82.39426,27.94692],[-82.39438,27.94685],[-82.39455,27.94675],[-82.39488,27.94664],[-82.39504,27.94661],[-82.39519,27.9466],[-82.3969,27.94659],[-82.39734,27.9466],[-82.39746,27.94664],[-82.39757,27.94663],[-82.39771,27.9466],[-82.3986,27.94655],[-82.39876,27.94656],[-82.39886,27.94664],[-82.39899,27.94685],[-82.39908,27.94686],[-82.39982,27.94686],[-82.40113,27.9469],[-82.4012,27.94685],[-82.40137,27.94684],[-82.40151,27.9468],[-82.40168,27.94679],[-82.40172,27.94513],[-82.40198,27.94513],[-82.40199,27.94665],[-82.40216,27.9466],[-82.40246,27.94658],[-82.40258,27.94651],[-82.40275,27.94649],[-82.40296,27.94653],[-82.40312,27.94658],[-82.40317,27.94663],[-82.40422,27.94663],[-82.40444,27.9466],[-82.40461,27.94654],[-82.40474,27.94646],[-82.4048,27.94641],[-82.40485,27.94633],[-82.40492,27.94629],[-82.40499,27.94626],[-82.4051,27.94625],[-82.40521,27.94622],[-82.40546,27.94613],[-82.40577,27.94598],[-82.40611,27.94576],[-82.40665,27.94546],[-82.40712,27.94527],[-82.40775,27.94489],[-82.40812,27.94473],[-82.40842,27.94474],[-82.40869,27.9446],[-82.40895,27.94449],[-82.40926,27.9444],[-82.40943,27.94428],[-82.4095,27.944],[-82.40973,27.94385],[-82.4099,27.94378],[-82.41014,27.94377],[-82.41031,27.94367],[-82.4105,27.9436],[-82.41074,27.94359],[-82.41091,27.94352],[-82.41114,27.94335],[-82.41129,27.94329],[-82.41153,27.94321],[-82.41164,27.94326],[-82.41165,27.94326],[-82.41159,27.94416],[-82.41152,27.94429],[-82.41152,27.94471],[-82.41157,27.94495],[-82.41169,27.94554],[-82.41209,27.94735],[-82.41234,27.94779],[-82.41277,27.94833],[-82.41332,27.94893],[-82.41397,27.94965],[-82.41413,27.94993],[-82.41422,27.95021],[-82.4143,27.95078],[-82.41421,27.95097],[-82.414,27.95126],[-82.41378,27.95151],[-82.41366,27.95175],[-82.41364,27.9519],[-82.41367,27.95204],[-82.41372,27.95218],[-82.41376,27.95233],[-82.41386,27.95245],[-82.41398,27.9526],[-82.41413,27.95272],[-82.41431,27.95289],[-82.41452,27.95309],[-82.4148,27.95326],[-82.41506,27.9534],[-82.41553,27.95356],[-82.41617,27.95373],[-82.41678,27.95382],[-82.41722,27.95383],[-82.41765,27.95382],[-82.41806,27.9537],[-82.41838,27.95356],[-82.41871,27.95343],[-82.41909,27.95326],[-82.41939,27.95302],[-82.41958,27.95263],[-82.41972,27.952],[-82.41979,27.95156],[-82.41973,27.95135],[-82.41959,27.9511],[-82.41928,27.95085],[-82.41859,27.95058],[-82.41813,27.95042],[-82.41771,27.95028],[-82.41728,27.95013],[-82.41687,27.94994],[-82.41651,27.94978],[-82.41619,27.94942],[-82.41566,27.94821],[-82.41564,27.94805],[-82.41564,27.9479],[-82.41565,27.94771],[-82.41558,27.94299],[-82.41719,27.94281],[-82.41824,27.94284],[-82.41849,27.94284],[-82.4185,27.94284],[-82.41852,27.94284],[-82.41853,27.94283],[-82.41855,27.94283],[-82.41856,27.94283],[-82.41858,27.94283],[-82.41859,27.94282],[-82.41861,27.94282],[-82.41862,27.94282],[-82.41864,27.94281],[-82.41865,27.94281],[-82.41867,27.9428],[-82.41869,27.9428],[-82.41871,27.9428],[-82.41873,27.94281],[-82.41875,27.94281],[-82.41877,27.94281],[-82.41879,27.94281],[-82.41881,27.94281],[-82.41883,27.94281],[-82.41885,27.94281],[-82.41887,27.94282],[-82.41889,27.94282],[-82.41891,27.94282],[-82.41893,27.94282],[-82.41895,27.94283],[-82.41897,27.94283],[-82.41899,27.94283],[-82.41901,27.94284],[-82.41903,27.94284],[-82.41916,27.94285],[-82.41917,27.94285],[-82.41917,27.94286],[-82.41918,27.94286],[-82.41919,27.94286],[-82.4192,27.94286],[-82.41921,27.94287],[-82.41922,27.94287],[-82.41922,27.94287],[-82.41923,27.94287],[-82.41924,27.94287],[-82.41925,27.94288],[-82.41926,27.94288],[-82.41927,27.94288],[-82.41928,27.94288],[-82.41928,27.94288],[-82.41929,27.94288],[-82.4193,27.94288],[-82.41931,27.94288],[-82.41932,27.94288],[-82.41933,27.94288],[-82.41934,27.94288],[-82.4197,27.94288],[-82.41999,27.9429],[-82.42021,27.94293],[-82.42039,27.94293],[-82.42042,27.94292],[-82.42044,27.94292],[-82.42046,27.94292],[-82.42048,27.94292],[-82.42051,27.94292],[-82.42053,27.94291],[-82.42055,27.94291],[-82.42057,27.94291],[-82.4206,27.94291],[-82.42062,27.94291],[-82.42064,27.94291],[-82.42067,27.94291],[-82.42069,27.94291],[-82.42071,27.94291],[-82.42073,27.94291],[-82.42076,27.94291],[-82.42077,27.94291],[-82.42079,27.94291],[-82.42081,27.94291],[-82.42082,27.94291],[-82.42084,27.94291],[-82.42086,27.94291],[-82.42087,27.94291],[-82.42089,27.94291],[-82.42091,27.94291],[-82.42092,27.9429],[-82.42094,27.9429],[-82.42096,27.9429],[-82.42097,27.9429],[-82.42099,27.9429],[-82.42101,27.9429],[-82.42102,27.94289],[-82.42104,27.94289],[-82.42106,27.94289],[-82.42107,27.94288],[-82.42109,27.94288],[-82.4211,27.94288],[-82.42112,27.94287],[-82.42114,27.94287],[-82.42115,27.94286],[-82.42117,27.94286],[-82.42119,27.94286],[-82.4212,27.94285],[-82.42122,27.94285],[-82.42123,27.94284],[-82.42125,27.94283],[-82.42126,27.94283],[-82.42128,27.94282],[-82.42129,27.94282],[-82.42131,27.94281],[-82.42132,27.9428],[-82.42134,27.9428],[-82.42135,27.94279],[-82.42137,27.94278],[-82.42138,27.94278],[-82.42139,27.94277],[-82.4214,27.94277],[-82.4214,27.94276],[-82.42141,27.94276],[-82.42142,27.94276],[-82.42143,27.94275],[-82.42144,27.94275],[-82.42144,27.94275],[-82.42145,27.94275],[-82.42146,27.94274],[-82.42147,27.94274],[-82.42147,27.94274],[-82.42148,27.94274],[-82.42149,27.94274],[-82.4215,27.94273],[-82.42151,27.94273],[-82.42152,27.94273],[-82.42152,27.94273],[-82.42153,27.94273],[-82.42154,27.94273],[-82.42155,27.94273],[-82.42156,27.94273],[-82.42157,27.94273],[-82.42158,27.94273],[-82.42158,27.94273],[-82.42159,27.94273],[-82.4216,27.94273],[-82.42161,27.94273],[-82.42162,27.94274],[-82.42163,27.94274],[-82.42163,27.94274],[-82.42164,27.94274],[-82.42165,27.94274],[-82.42166,27.94275],[-82.42167,27.94275],[-82.42167,27.94275],[-82.42168,27.94276],[-82.42169,27.94276],[-82.42187,27.94281],[-82.42188,27.94281],[-82.42189,27.94281],[-82.4219,27.94281],[-82.42191,27.94281],[-82.42192,27.94281],[-82.42194,27.94282],[-82.42195,27.94282],[-82.42196,27.94282],[-82.42197,27.94282],[-82.42198,27.94283],[-82.42199,27.94283],[-82.422,27.94283],[-82.42201,27.94284],[-82.42202,27.94284],[-82.42203,27.94284],[-82.42204,27.94285],[-82.42205,27.94285],[-82.42205,27.94286],[-82.42206,27.94286],[-82.42207,27.94287],[-82.42208,27.94287],[-82.42209,27.94288],[-82.4221,27.94288],[-82.42211,27.94289],[-82.42212,27.9429],[-82.42213,27.9429],[-82.42213,27.94291],[-82.42214,27.94291],[-82.42215,27.94292],[-82.42216,27.94293],[-82.42216,27.94293],[-82.42217,27.94294],[-82.42218,27.94295],[-82.42219,27.94296],[-82.42219,27.94296],[-82.4222,27.94297],[-82.4222,27.94298],[-82.42221,27.94299],[-82.42222,27.943],[-82.42222,27.943],[-82.42223,27.94301],[-82.42229,27.94306],[-82.42263,27.94339],[-82.42263,27.94339],[-82.42263,27.9434],[-82.42264,27.9434],[-82.42264,27.94341],[-82.42264,27.94341],[-82.42265,27.94342],[-82.42265,27.94342],[-82.42265,27.94343],[-82.42265,27.94343],[-82.42266,27.94344],[-82.42266,27.94344],[-82.42266,27.94345],[-82.42266,27.94345],[-82.42266,27.94346],[-82.42266,27.94347],[-82.42266,27.94347],[-82.42266,27.94348],[-82.42266,27.94348],[-82.42266,27.94349],[-82.42266,27.94349],[-82.42266,27.9435],[-82.42266,27.94351],[-82.42266,27.94351],[-82.42266,27.94352],[-82.42266,27.94352],[-82.42265,27.94353],[-82.42265,27.94353],[-82.42265,27.94354],[-82.42265,27.94354],[-82.42264,27.94355],[-82.42264,27.94356],[-82.42264,27.94357],[-82.42264,27.94358],[-82.42264,27.9436],[-82.42264,27.94361],[-82.42264,27.94362],[-82.42263,27.94363],[-82.42263,27.94364],[-82.42263,27.94365],[-82.42263,27.94367],[-82.42264,27.94368],[-82.42264,27.94369],[-82.42264,27.9437],[-82.42264,27.94371],[-82.42264,27.94372],[-82.42264,27.94374],[-82.42264,27.94375],[-82.42265,27.94376],[-82.42265,27.94377],[-82.42265,27.94378],[-82.42265,27.94379],[-82.42266,27.9438],[-82.42266,27.94382],[-82.42266,27.94383],[-82.42267,27.94384],[-82.42267,27.94385],[-82.42268,27.94386],[-82.42268,27.94387],[-82.42269,27.94388],[-82.42269,27.9439],[-82.4227,27.94391],[-82.4227,27.94393],[-82.42271,27.94395],[-82.42271,27.94396],[-82.42272,27.94398],[-82.42272,27.94399],[-82.42272,27.94401],[-82.42273,27.94403],[-82.42273,27.94404],[-82.42273,27.94406],[-82.42274,27.94408],[-82.42274,27.94409],[-82.42274,27.94411],[-82.42274,27.94413],[-82.42275,27.94414],[-82.42275,27.94416],[-82.42275,27.94418],[-82.42275,27.94419],[-82.42275,27.94421],[-82.42275,27.94423],[-82.42276,27.94424],[-82.42276,27.94426],[-82.42276,27.94428],[-82.42276,27.94429],[-82.42276,27.94431],[-82.42276,27.94433],[-82.42276,27.94434],[-82.42276,27.94436],[-82.42276,27.94438],[-82.42276,27.94439],[-82.42275,27.94441],[-82.42275,27.94443],[-82.42275,27.94444],[-82.42275,27.94446],[-82.42275,27.94448],[-82.42274,27.94449],[-82.42274,27.94451],[-82.42274,27.94453],[-82.42273,27.94454],[-82.42273,27.94456],[-82.42273,27.94458],[-82.42272,27.94458],[-82.42272,27.94459],[-82.42272,27.9446],[-82.42272,27.9446],[-82.42272,27.94461],[-82.42272,27.94461],[-82.42271,27.94462],[-82.42271,27.94463],[-82.42271,27.94463],[-82.42271,27.94464],[-82.42271,27.94465],[-82.42271,27.94465],[-82.42271,27.94466],[-82.42271,27.94466],[-82.42272,27.94467],[-82.42272,27.94468],[-82.42272,27.94468],[-82.42272,27.94469],[-82.42272,27.9447],[-82.42272,27.94471],[-82.42272,27.94472],[-82.42272,27.94473],[-82.42272,27.94475],[-82.42272,27.94476],[-82.42272,27.94477],[-82.42272,27.94478],[-82.42271,27.94479],[-82.42271,27.9448],[-82.42271,27.94481],[-82.42271,27.94482],[-82.42271,27.94483],[-82.4227,27.94484],[-82.4227,27.94485],[-82.42269,27.94486],[-82.42269,27.94488],[-82.42268,27.94489],[-82.42268,27.94491],[-82.42268,27.94492],[-82.42267,27.94494],[-82.42267,27.94495],[-82.42267,27.94497],[-82.42266,27.94498],[-82.42266,27.945],[-82.42266,27.94501],[-82.42266,27.94503],[-82.42266,27.94504],[-82.42265,27.94506],[-82.42265,27.94507],[-82.42265,27.94509],[-82.42265,27.9451],[-82.42265,27.94512],[-82.42265,27.94513],[-82.42265,27.94515],[-82.42265,27.94516],[-82.42265,27.94518],[-82.42265,27.94519],[-82.42265,27.94521],[-82.42265,27.9453],[-82.42265,27.94531],[-82.42266,27.94531],[-82.42266,27.94532],[-82.42266,27.94533],[-82.42266,27.94534],[-82.42266,27.94535],[-82.42266,27.94536],[-82.42266,27.94537],[-82.42266,27.94538],[-82.42266,27.94539],[-82.42266,27.9454],[-82.42266,27.94541],[-82.42266,27.94542],[-82.42266,27.94543],[-82.42266,27.94544],[-82.42266,27.94544],[-82.42266,27.94545],[-82.42266,27.94546],[-82.42265,27.94547],[-82.42265,27.94548],[-82.42265,27.94549],[-82.42265,27.9455],[-82.42264,27.94551],[-82.42264,27.94552],[-82.42264,27.94553],[-82.42263,27.94554],[-82.42263,27.94554],[-82.42262,27.94555],[-82.42262,27.94556],[-82.42262,27.94557],[-82.42261,27.94558],[-82.42261,27.94559],[-82.4226,27.94559],[-82.42259,27.94561],[-82.42259,27.94562],[-82.42258,27.94564],[-82.42258,27.94565],[-82.42257,27.94566],[-82.42257,27.94568],[-82.42257,27.94569],[-82.42256,27.94571],[-82.42256,27.94572],[-82.42255,27.94574],[-82.42255,27.94575],[-82.42255,27.94576],[-82.42255,27.94578],[-82.42254,27.94579],[-82.42254,27.94581],[-82.42254,27.94582],[-82.42254,27.94584],[-82.42254,27.94585],[-82.42254,27.94587],[-82.42253,27.94588],[-82.42253,27.9459],[-82.42253,27.94591],[-82.42253,27.94596],[-82.42253,27.946],[-82.42253,27.94605],[-82.42253,27.9461],[-82.42253,27.94614],[-82.42253,27.94615],[-82.42253,27.94616],[-82.42253,27.94617],[-82.42253,27.94618],[-82.42254,27.94619],[-82.42254,27.9462],[-82.42254,27.94621],[-82.42255,27.94622],[-82.42255,27.94623],[-82.42255,27.94624],[-82.42256,27.94625],[-82.42256,27.94626],[-82.42256,27.94626],[-82.42257,27.94627],[-82.42257,27.94628],[-82.42258,27.94629],[-82.42269,27.94656],[-82.42269,27.94657],[-82.42269,27.94658],[-82.4227,27.94658],[-82.4227,27.94659],[-82.42271,27.9466],[-82.42271,27.9466],[-82.42271,27.94661],[-82.42271,27.94662],[-82.42272,27.94662],[-82.42272,27.94663],[-82.42272,27.94664],[-82.42272,27.94665],[-82.42272,27.94665],[-82.42272,27.94666],[-82.42272,27.94667],[-82.42272,27.94667],[-82.42272,27.94668],[-82.42272,27.94669],[-82.42272,27.9467],[-82.42272,27.9467],[-82.42272,27.94671],[-82.42272,27.94672],[-82.42272,27.94672],[-82.42272,27.94673],[-82.42272,27.94674],[-82.42272,27.94675],[-82.42271,27.94675],[-82.42263,27.94743],[-82.42263,27.94743],[-82.42262,27.94743],[-82.42262,27.94744],[-82.42262,27.94744],[-82.42262,27.94744],[-82.42262,27.94745],[-82.42262,27.94745],[-82.42262,27.94745],[-82.42262,27.94746],[-82.42262,27.94746],[-82.42262,27.94746],[-82.42262,27.94747],[-82.42262,27.94747],[-82.42262,27.94748],[-82.42262,27.94748],[-82.42262,27.94748],[-82.42263,27.94749],[-82.42263,27.94749],[-82.42263,27.94749],[-82.42263,27.94749],[-82.42263,27.9475],[-82.42264,27.9475],[-82.42264,27.9475],[-82.42264,27.94751],[-82.42265,27.94751],[-82.42265,27.94751],[-82.42265,27.94751],[-82.42266,27.94751],[-82.42266,27.94751],[-82.42266,27.94752],[-82.42267,27.94752],[-82.42268,27.94752],[-82.42268,27.94753],[-82.42269,27.94753],[-82.4227,27.94754],[-82.42271,27.94754],[-82.42271,27.94755],[-82.42272,27.94755],[-82.42273,27.94756],[-82.42274,27.94756],[-82.42275,27.94756],[-82.42276,27.94757],[-82.42276,27.94757],[-82.42277,27.94757],[-82.42278,27.94758],[-82.42279,27.94758],[-82.4228,27.94758],[-82.42281,27.94758],[-82.42282,27.94759],[-82.42283,27.94759],[-82.42284,27.94759],[-82.42285,27.94759],[-82.42286,27.94759],[-82.42287,27.94759],[-82.42287,27.94759],[-82.42288,27.9476],[-82.42289,27.9476],[-82.42289,27.9476],[-82.4229,27.9476],[-82.42291,27.9476],[-82.42291,27.9476],[-82.42292,27.9476],[-82.42293,27.9476],[-82.42293,27.9476],[-82.42294,27.9476],[-82.42295,27.9476],[-82.42296,27.9476],[-82.42296,27.94759],[-82.42297,27.94759],[-82.42298,27.94759],[-82.42298,27.94759],[-82.42299,27.94759],[-82.423,27.94758],[-82.423,27.94758],[-82.42301,27.94758],[-82.42301,27.94758],[-82.42302,27.94757],[-82.42303,27.94757],[-82.42305,27.94757],[-82.42306,27.94756],[-82.42307,27.94756],[-82.42309,27.94756],[-82.4231,27.94756],[-82.42311,27.94755],[-82.42313,27.94755],[-82.42313,27.94755],[-82.42313,27.94755],[-82.42314,27.94755],[-82.42314,27.94755],[-82.42314,27.94755],[-82.42314,27.94755],[-82.42314,27.94755],[-82.42315,27.94755],[-82.42315,27.94755],[-82.42315,27.94755],[-82.42315,27.94755],[-82.42316,27.94755],[-82.42317,27.94755],[-82.42318,27.94755],[-82.4232,27.94755],[-82.42321,27.94755],[-82.42322,27.94755],[-82.42322,27.94755],[-82.42323,27.94755],[-82.42324,27.94755],[-82.42327,27.94755],[-82.42329,27.94755],[-82.42332,27.94755],[-82.42334,27.94755],[-82.42337,27.94755],[-82.4234,27.94755],[-82.42342,27.94755],[-82.42345,27.94755],[-82.42348,27.94755],[-82.4235,27.94755],[-82.42353,27.94755],[-82.42355,27.94755],[-82.42358,27.94755],[-82.42361,27.94755],[-82.42363,27.94754],[-82.42366,27.94754],[-82.42369,27.94754],[-82.42371,27.94754],[-82.42374,27.94753],[-82.42376,27.94753],[-82.42379,27.94753],[-82.42382,27.94752],[-82.42384,27.94752],[-82.42386,27.94752],[-82.42388,27.94752],[-82.4239,27.94752],[-82.42392,27.94752],[-82.42394,27.94752],[-82.42396,27.94751],[-82.42398,27.94751],[-82.424,27.94751],[-82.42402,27.94751],[-82.42404,27.94751],[-82.42406,27.94751],[-82.42408,27.94752],[-82.4241,27.94752],[-82.42412,27.94752],[-82.42414,27.94752],[-82.42416,27.94752],[-82.42418,27.94752],[-82.4242,27.94752],[-82.42422,27.94753],[-82.42424,27.94753],[-82.42426,27.94753],[-82.42449,27.94756],[-82.4245,27.94756],[-82.4245,27.94756],[-82.42451,27.94756],[-82.42452,27.94756],[-82.42452,27.94756],[-82.42453,27.94757],[-82.42454,27.94757],[-82.42454,27.94757],[-82.42455,27.94757],[-82.42455,27.94757],[-82.42456,27.94758],[-82.42456,27.94758],[-82.42457,27.94758],[-82.42458,27.94759],[-82.42458,27.94759],[-82.42459,27.94759],[-82.42459,27.9476],[-82.4246,27.9476],[-82.4246,27.94761],[-82.4246,27.94761],[-82.42461,27.94761],[-82.42461,27.94762],[-82.42462,27.94762],[-82.42462,27.94762],[-82.42462,27.94763],[-82.42463,27.94763],[-82.42463,27.94763],[-82.42464,27.94764],[-82.42464,27.94764],[-82.42465,27.94764],[-82.42465,27.94764],[-82.42466,27.94764],[-82.42466,27.94764],[-82.42467,27.94765],[-82.42467,27.94765],[-82.42468,27.94765],[-82.42468,27.94765],[-82.42469,27.94765],[-82.42469,27.94765],[-82.4247,27.94765],[-82.4247,27.94765],[-82.42471,27.94765],[-82.42471,27.94765],[-82.42472,27.94765],[-82.42472,27.94765],[-82.42473,27.94764],[-82.42473,27.94764],[-82.42474,27.94764],[-82.42474,27.94764],[-82.42475,27.94764],[-82.42476,27.94764],[-82.42476,27.94763],[-82.42477,27.94763],[-82.42477,27.94763],[-82.42478,27.94763],[-82.42479,27.94763],[-82.42479,27.94763],[-82.4248,27.94763],[-82.4248,27.94763],[-82.42481,27.94763],[-82.42482,27.94763],[-82.42482,27.94763],[-82.42483,27.94764],[-82.42483,27.94764],[-82.42484,27.94764],[-82.42485,27.94764],[-82.42485,27.94764],[-82.42486,27.94765],[-82.42486,27.94765],[-82.42487,27.94765],[-82.42487,27.94765],[-82.42488,27.94766],[-82.42488,27.94766],[-82.42489,27.94766],[-82.42489,27.94767],[-82.4249,27.94767],[-82.4249,27.94767],[-82.4249,27.94768],[-82.42491,27.94768],[-82.42491,27.94768],[-82.42492,27.94769],[-82.42492,27.94769],[-82.42493,27.94769],[-82.42493,27.94769],[-82.42494,27.9477],[-82.42495,27.9477],[-82.42495,27.9477],[-82.42496,27.9477],[-82.42496,27.9477],[-82.42497,27.9477],[-82.42498,27.9477],[-82.42498,27.9477],[-82.42499,27.9477],[-82.42499,27.9477],[-82.425,27.9477],[-82.42501,27.9477],[-82.42501,27.9477],[-82.42502,27.9477],[-82.42502,27.9477],[-82.42503,27.9477],[-82.42503,27.9477],[-82.42504,27.9477],[-82.42505,27.94769],[-82.42505,27.94769],[-82.42506,27.94769],[-82.42506,27.94769],[-82.42508,27.94768],[-82.4251,27.94768],[-82.42512,27.94767],[-82.42513,27.94767],[-82.42515,27.94767],[-82.42517,27.94766],[-82.42519,27.94766],[-82.42521,27.94766],[-82.42522,27.94765],[-82.42524,27.94765],[-82.42526,27.94765],[-82.42528,27.94764],[-82.4253,27.94764],[-82.42532,27.94764],[-82.42533,27.94764],[-82.42535,27.94764],[-82.42536,27.94764],[-82.42538,27.94764],[-82.42539,27.94764],[-82.4254,27.94763],[-82.42542,27.94763],[-82.42543,27.94763],[-82.42545,27.94763],[-82.42546,27.94763],[-82.42548,27.94762],[-82.42549,27.94762],[-82.42551,27.94762],[-82.42552,27.94761],[-82.42554,27.94761],[-82.42555,27.94761],[-82.42556,27.9476],[-82.42558,27.9476],[-82.42559,27.9476],[-82.42561,27.94759],[-82.42562,27.94759],[-82.42616,27.94747],[-82.42622,27.94746],[-82.42626,27.94747],[-82.42629,27.94747],[-82.42634,27.94748],[-82.42638,27.9475],[-82.42641,27.94751],[-82.42643,27.94752],[-82.42646,27.94753],[-82.42647,27.94755],[-82.42649,27.94758],[-82.42652,27.9476],[-82.42656,27.94761],[-82.42658,27.94761],[-82.42662,27.9476],[-82.4267,27.94756],[-82.42685,27.9475],[-82.42691,27.94744],[-82.42695,27.94741],[-82.42698,27.94739],[-82.42701,27.94738],[-82.42709,27.94739],[-82.42716,27.94741],[-82.42718,27.94741],[-82.42723,27.94738],[-82.4273,27.94735],[-82.42733,27.94732],[-82.4274,27.94726],[-82.42744,27.94723],[-82.42748,27.94722],[-82.42759,27.94718],[-82.42761,27.94716],[-82.4277,27.9471],[-82.42774,27.94708],[-82.42781,27.94703],[-82.42787,27.94698],[-82.42794,27.94692],[-82.42802,27.94687],[-82.42813,27.94681],[-82.42815,27.94679],[-82.42815,27.94642],[-82.42837,27.94642],[-82.42891,27.94642],[-82.42917,27.94642],[-82.42918,27.9456],[-82.42934,27.9456],[-82.42934,27.94642],[-82.43005,27.94643],[-82.4307,27.94539],[-82.43146,27.94418],[-82.43225,27.94296],[-82.43234,27.9428],[-82.43253,27.94256],[-82.43268,27.94238],[-82.43308,27.94191],[-82.43323,27.9416],[-82.43349,27.94097],[-82.43376,27.94038],[-82.43422,27.93915],[-82.43436,27.9388],[-82.43447,27.93841],[-82.43443,27.93766],[-82.43445,27.93717],[-82.43444,27.93712],[-82.43441,27.93706],[-82.43439,27.93699],[-82.43437,27.93692],[-82.43434,27.93686],[-82.43432,27.93679],[-82.43429,27.93673],[-82.43426,27.93666],[-82.43423,27.9366],[-82.4342,27.93653],[-82.43416,27.93647],[-82.43413,27.93641],[-82.43409,27.93635],[-82.43406,27.93629],[-82.43402,27.93622],[-82.43398,27.93616],[-82.43394,27.9361],[-82.4339,27.93605],[-82.43386,27.93599],[-82.43381,27.93593],[-82.43377,27.93587],[-82.43372,27.93582],[-82.43367,27.93576],[-82.43363,27.93571],[-82.43358,27.93565],[-82.43353,27.9356],[-82.43348,27.93555],[-82.43332,27.93552],[-82.43312,27.9354],[-82.43262,27.93499],[-82.43266,27.93486],[-82.43123,27.93369],[-82.42914,27.93195],[-82.42897,27.93199],[-82.42826,27.93141],[-82.42823,27.93139],[-82.42821,27.93138],[-82.42819,27.93137],[-82.42818,27.93137],[-82.42817,27.93137],[-82.42817,27.93136],[-82.42816,27.93136],[-82.42803,27.93131],[-82.42802,27.93131],[-82.42801,27.93131],[-82.428,27.93131],[-82.42799,27.9313],[-82.42797,27.9313],[-82.42796,27.9313],[-82.42795,27.9313],[-82.42794,27.9313],[-82.42793,27.93129],[-82.42792,27.93129],[-82.42791,27.93129],[-82.42789,27.9313],[-82.42788,27.9313],[-82.42787,27.93131],[-82.42786,27.93131],[-82.42784,27.93131],[-82.42783,27.93132],[-82.42781,27.93132],[-82.4278,27.93133],[-82.42779,27.93133],[-82.42777,27.93133],[-82.42776,27.93134],[-82.42774,27.93134],[-82.42773,27.93135],[-82.42771,27.93135],[-82.4277,27.93136],[-82.42769,27.93136],[-82.42767,27.93137],[-82.42766,27.93137],[-82.4276,27.93139],[-82.42755,27.93141],[-82.42755,27.93142],[-82.42754,27.93142],[-82.42754,27.93142],[-82.42753,27.93143],[-82.42753,27.93143],[-82.42752,27.93143],[-82.42752,27.93143],[-82.42751,27.93144],[-82.42751,27.93144],[-82.4275,27.93144],[-82.4275,27.93144],[-82.42749,27.93144],[-82.42749,27.93144],[-82.42748,27.93144],[-82.42748,27.93144],[-82.42747,27.93144],[-82.42746,27.93144],[-82.42746,27.93144],[-82.42745,27.93144],[-82.42745,27.93144],[-82.42744,27.93144],[-82.42744,27.93144],[-82.42743,27.93144],[-82.42743,27.93144],[-82.42742,27.93145],[-82.42742,27.93145],[-82.42741,27.93145],[-82.4274,27.93145],[-82.4274,27.93146],[-82.4274,27.93146],[-82.42739,27.93146],[-82.42739,27.93147],[-82.42738,27.93147],[-82.42738,27.93147],[-82.42737,27.93148],[-82.42737,27.93148],[-82.42736,27.93148],[-82.42735,27.93149],[-82.42734,27.93149],[-82.42734,27.9315],[-82.42733,27.9315],[-82.42732,27.9315],[-82.42731,27.9315],[-82.4273,27.93151],[-82.42729,27.93151],[-82.42729,27.93151],[-82.42728,27.93151],[-82.42727,27.93151],[-82.42725,27.93151],[-82.42724,27.93152],[-82.42723,27.93152],[-82.42722,27.93152],[-82.42721,27.93152],[-82.4272,27.93152],[-82.42719,27.93152],[-82.42718,27.93151],[-82.42717,27.93151],[-82.42716,27.93151],[-82.42715,27.93151],[-82.42713,27.9315],[-82.42712,27.9315],[-82.4271,27.93149],[-82.42709,27.93148],[-82.42707,27.93148],[-82.42706,27.93148],[-82.42704,27.93147],[-82.42702,27.93147],[-82.42701,27.93146],[-82.42699,27.93146],[-82.42698,27.93146],[-82.42696,27.93145],[-82.42694,27.93145],[-82.42693,27.93144],[-82.42691,27.93144],[-82.4269,27.93143],[-82.42688,27.93142],[-82.42687,27.93142],[-82.42686,27.93141],[-82.42685,27.93141],[-82.42684,27.93141],[-82.42683,27.9314],[-82.42681,27.9314],[-82.4268,27.93139],[-82.42679,27.93139],[-82.42678,27.93139],[-82.42677,27.93138],[-82.42676,27.93138],[-82.42674,27.93138],[-82.42673,27.93138],[-82.42672,27.93137],[-82.42671,27.93137],[-82.4267,27.93137],[-82.42668,27.93137],[-82.42668,27.93137],[-82.42667,27.93137],[-82.42666,27.93137],[-82.42665,27.93137],[-82.42664,27.93137],[-82.42663,27.93137],[-82.42663,27.93137],[-82.42662,27.93137],[-82.42661,27.93137],[-82.4266,27.93137],[-82.42659,27.93137],[-82.42658,27.93137],[-82.42658,27.93137],[-82.42657,27.93136],[-82.42656,27.93136],[-82.42655,27.93136],[-82.42654,27.93136],[-82.42653,27.93136],[-82.42652,27.93135],[-82.4265,27.93134],[-82.42648,27.93133],[-82.42647,27.93132],[-82.42645,27.93131],[-82.42644,27.9313],[-82.42642,27.93129],[-82.4264,27.93128],[-82.4264,27.93128],[-82.4264,27.93128],[-82.4264,27.93128],[-82.4264,27.93127],[-82.4264,27.93127],[-82.4264,27.93127],[-82.4264,27.93127],[-82.4264,27.93126],[-82.4264,27.93126],[-82.4264,27.93126],[-82.4264,27.93126],[-82.42639,27.93125],[-82.42639,27.93125],[-82.42639,27.93125],[-82.42639,27.93125],[-82.42638,27.93125],[-82.42638,27.93124],[-82.42637,27.93124],[-82.42637,27.93124],[-82.42636,27.93123],[-82.42635,27.93123],[-82.42635,27.93123],[-82.42634,27.93122],[-82.42634,27.93122],[-82.42633,27.93122],[-82.42633,27.93121],[-82.42633,27.93121],[-82.42633,27.93121],[-82.42632,27.9312],[-82.42632,27.9312],[-82.42632,27.9312],[-82.42632,27.93119],[-82.42632,27.93119],[-82.42632,27.93118],[-82.42632,27.93118],[-82.42632,27.93118],[-82.42632,27.93117],[-82.42632,27.93117],[-82.42632,27.93117],[-82.42631,27.93116],[-82.42631,27.93115],[-82.42631,27.93115],[-82.4263,27.93114],[-82.4263,27.93114],[-82.4263,27.93113],[-82.42629,27.93113],[-82.42629,27.93112],[-82.42628,27.93112],[-82.42628,27.93112],[-82.42628,27.93112],[-82.42627,27.93112],[-82.42627,27.93111],[-82.42627,27.93111],[-82.42626,27.93111],[-82.42626,27.93111],[-82.42625,27.93111],[-82.42625,27.93111],[-82.42625,27.93111],[-82.42624,27.93111],[-82.42624,27.93111],[-82.42623,27.93111],[-82.42622,27.93111],[-82.42622,27.93111],[-82.42621,27.93111],[-82.4262,27.93111],[-82.42619,27.9311],[-82.42619,27.9311],[-82.42618,27.9311],[-82.42617,27.9311],[-82.42617,27.93109],[-82.42616,27.93109],[-82.42615,27.93109],[-82.42614,27.93108],[-82.42613,27.93108],[-82.42612,27.93107],[-82.42611,27.93107],[-82.4261,27.93106],[-82.42609,27.93106],[-82.42608,27.93105],[-82.42607,27.93105],[-82.42606,27.93104],[-82.42606,27.93104],[-82.42605,27.93104],[-82.42605,27.93103],[-82.42604,27.93103],[-82.42603,27.93102],[-82.42603,27.93102],[-82.42602,27.93102],[-82.42602,27.93101],[-82.42601,27.93101],[-82.42601,27.931],[-82.426,27.931],[-82.426,27.93099],[-82.42599,27.93099],[-82.42599,27.93098],[-82.42599,27.93098],[-82.42598,27.93097],[-82.42598,27.93097],[-82.42597,27.93096],[-82.42597,27.93095],[-82.42597,27.93095],[-82.42596,27.93094],[-82.42596,27.93093],[-82.42595,27.93093],[-82.42595,27.93092],[-82.42594,27.93091],[-82.42594,27.93091],[-82.42593,27.9309],[-82.42593,27.9309],[-82.42592,27.93089],[-82.42591,27.93088],[-82.4259,27.93087],[-82.42589,27.93087],[-82.42588,27.93086],[-82.42587,27.93085],[-82.42586,27.93084],[-82.42585,27.93083],[-82.42584,27.93082],[-82.42583,27.93081],[-82.42582,27.93081],[-82.42581,27.9308],[-82.4258,27.9308],[-82.4258,27.93079],[-82.42579,27.93079],[-82.42578,27.93078],[-82.42577,27.93078],[-82.42577,27.93078],[-82.42576,27.93077],[-82.42575,27.93077],[-82.42574,27.93077],[-82.42574,27.93076],[-82.42573,27.93076],[-82.42572,27.93076],[-82.42571,27.93075],[-82.42571,27.93075],[-82.4257,27.93075],[-82.42569,27.93074],[-82.42569,27.93074],[-82.42568,27.93073],[-82.42568,27.93073],[-82.42567,27.93072],[-82.42565,27.93071],[-82.42563,27.9307],[-82.42561,27.93069],[-82.42559,27.93068],[-82.42557,27.93067],[-82.42556,27.93067],[-82.42555,27.93066],[-82.42555,27.93066],[-82.42554,27.93065],[-82.42553,27.93064],[-82.42552,27.93064],[-82.42552,27.93063],[-82.42551,27.93062],[-82.4255,27.93062],[-82.4255,27.93061],[-82.42549,27.9306],[-82.42548,27.93059],[-82.42547,27.93058],[-82.42545,27.93057],[-82.42544,27.93056],[-82.42543,27.93055],[-82.42541,27.93054],[-82.4254,27.93053],[-82.42539,27.93052],[-82.42537,27.93051],[-82.42536,27.9305],[-82.42535,27.93049],[-82.4253,27.93046],[-82.42525,27.93042],[-82.4252,27.93038],[-82.42519,27.93038],[-82.42519,27.93037],[-82.42519,27.93037],[-82.42518,27.93036],[-82.42518,27.93036],[-82.42517,27.93035],[-82.42517,27.93035],[-82.42516,27.93034],[-82.42516,27.93034],[-82.42515,27.93034],[-82.42515,27.93033],[-82.42514,27.93033],[-82.42514,27.93032],[-82.42513,27.93032],[-82.42512,27.93032],[-82.42512,27.93032],[-82.42511,27.93032],[-82.42511,27.93031],[-82.4251,27.93031],[-82.42509,27.93031],[-82.42509,27.9303],[-82.42508,27.9303],[-82.42508,27.9303],[-82.42507,27.93029],[-82.42507,27.93029],[-82.42506,27.93028],[-82.42506,27.93028],[-82.42506,27.93028],[-82.42505,27.93027],[-82.42505,27.93026],[-82.42505,27.93025],[-82.42504,27.93024],[-82.42504,27.93023],[-82.42504,27.93022],[-82.42504,27.93021],[-82.42504,27.9302],[-82.42504,27.9302],[-82.42503,27.93019],[-82.42503,27.93018],[-82.42503,27.93017],[-82.42503,27.93017],[-82.42503,27.93017],[-82.42503,27.93016],[-82.42503,27.93016],[-82.42503,27.93015],[-82.42503,27.93015],[-82.42503,27.93014],[-82.42503,27.93014],[-82.42503,27.93014],[-82.42503,27.93013],[-82.42503,27.93013],[-82.42503,27.93013],[-82.42502,27.93012],[-82.42502,27.93012],[-82.42502,27.93011],[-82.425,27.93011],[-82.42499,27.93011],[-82.42498,27.93011],[-82.42496,27.93011],[-82.42496,27.93011],[-82.42495,27.93011],[-82.42495,27.93011],[-82.42495,27.93011],[-82.42495,27.93011],[-82.42494,27.93011],[-82.42494,27.93011],[-82.42494,27.93011],[-82.42493,27.93011],[-82.42493,27.93011],[-82.42493,27.93011],[-82.42492,27.9301],[-82.42492,27.9301],[-82.42492,27.9301],[-82.42492,27.9301],[-82.42491,27.9301],[-82.42491,27.93009],[-82.42491,27.93009],[-82.42491,27.93009],[-82.42491,27.93009],[-82.42491,27.93008],[-82.42491,27.93008],[-82.42491,27.93008],[-82.4249,27.93007],[-82.42489,27.93007],[-82.42489,27.93006],[-82.42488,27.93005],[-82.42488,27.93005],[-82.42487,27.93004],[-82.42487,27.93003],[-82.42486,27.93002],[-82.42486,27.93002],[-82.42486,27.93001],[-82.42485,27.93],[-82.42485,27.93],[-82.42485,27.92999],[-82.42484,27.92999],[-82.42484,27.92998],[-82.42484,27.92998],[-82.42484,27.92997],[-82.42484,27.92996],[-82.42484,27.92996],[-82.42484,27.92995],[-82.42483,27.92995],[-82.42483,27.92994],[-82.42483,27.92993],[-82.42483,27.92993],[-82.42483,27.92992],[-82.42483,27.92992],[-82.42483,27.92991],[-82.42483,27.9299],[-82.42483,27.92989],[-82.42482,27.92988],[-82.42482,27.92987],[-82.42482,27.92986],[-82.42482,27.92985],[-82.42482,27.92984],[-82.42481,27.92983],[-82.42481,27.92983],[-82.42481,27.92983],[-82.42481,27.92983],[-82.42481,27.92982],[-82.42481,27.92982],[-82.42481,27.92982],[-82.42481,27.92981],[-82.42481,27.92981],[-82.42481,27.92981],[-82.4248,27.92981],[-82.4248,27.9298],[-82.4248,27.9298],[-82.4248,27.9298],[-82.4248,27.9298],[-82.42479,27.92979],[-82.42479,27.92979],[-82.42479,27.92979],[-82.42478,27.92979],[-82.42478,27.92979],[-82.42478,27.92979],[-82.42477,27.92978],[-82.42477,27.92978],[-82.42477,27.92978],[-82.42476,27.92978],[-82.42476,27.92978],[-82.42476,27.92977],[-82.42475,27.92977],[-82.42475,27.92977],[-82.42475,27.92976],[-82.42475,27.92976],[-82.42475,27.92976],[-82.42475,27.92975],[-82.42474,27.92975],[-82.42474,27.92975],[-82.42474,27.92974],[-82.42474,27.92974],[-82.42474,27.92973],[-82.42474,27.92973],[-82.42473,27.92972],[-82.42473,27.92972],[-82.42473,27.92972],[-82.42473,27.92971],[-82.42473,27.92971],[-82.42474,27.9297],[-82.42474,27.9297],[-82.42474,27.92969],[-82.42474,27.92969],[-82.42474,27.92968],[-82.42474,27.92967],[-82.42473,27.92967],[-82.42473,27.92966],[-82.42473,27.92965],[-82.42473,27.92965],[-82.42472,27.92964],[-82.42472,27.92963],[-82.42472,27.92963],[-82.42471,27.92962],[-82.42471,27.92962],[-82.42471,27.92961],[-82.42471,27.92961],[-82.4247,27.9296],[-82.4247,27.9296],[-82.4247,27.92959],[-82.4247,27.92959],[-82.4247,27.92958],[-82.4247,27.92958],[-82.4247,27.92957],[-82.4247,27.92956],[-82.4247,27.92956],[-82.4247,27.92955],[-82.4247,27.92954],[-82.4247,27.92953],[-82.4247,27.92952],[-82.4247,27.9295],[-82.4247,27.92949],[-82.4247,27.92948],[-82.4247,27.92946],[-82.4247,27.92946],[-82.4247,27.92945],[-82.4247,27.92945],[-82.4247,27.92945],[-82.4247,27.92944],[-82.42469,27.92944],[-82.42469,27.92943],[-82.42469,27.92943],[-82.42469,27.92942],[-82.42469,27.92942],[-82.42468,27.92941],[-82.42468,27.92941],[-82.42468,27.92941],[-82.42467,27.9294],[-82.42467,27.9294],[-82.42467,27.92939],[-82.42466,27.92939],[-82.42466,27.92937],[-82.42465,27.92936],[-82.42465,27.92935],[-82.42465,27.92934],[-82.42464,27.92933],[-82.42464,27.92932],[-82.42464,27.92931],[-82.42464,27.9293],[-82.42464,27.92929],[-82.42463,27.92928],[-82.42463,27.92927],[-82.42463,27.92926],[-82.42463,27.92925],[-82.42463,27.92924],[-82.42463,27.92923],[-82.42463,27.92922],[-82.42464,27.92921],[-82.42464,27.9292],[-82.42464,27.92919],[-82.42464,27.92918],[-82.42464,27.92917],[-82.42464,27.92916],[-82.42464,27.92915],[-82.42464,27.92914],[-82.42464,27.92913],[-82.42464,27.92912],[-82.42464,27.92911],[-82.42464,27.9291],[-82.42465,27.92908],[-82.42465,27.92907],[-82.42466,27.92905],[-82.42466,27.92904],[-82.42466,27.92903],[-82.42467,27.92901],[-82.42467,27.929],[-82.42467,27.92899],[-82.42467,27.92898],[-82.42468,27.92897],[-82.42468,27.92896],[-82.42468,27.92895],[-82.42468,27.92894],[-82.42468,27.92893],[-82.42468,27.92892],[-82.42468,27.92891],[-82.42468,27.9289],[-82.42468,27.92889],[-82.42468,27.92889],[-82.42469,27.92889],[-82.42469,27.92888],[-82.42469,27.92888],[-82.42469,27.92888],[-82.42469,27.92887],[-82.42469,27.92887],[-82.42469,27.92887],[-82.42469,27.92886],[-82.42469,27.92886],[-82.42469,27.92886],[-82.42469,27.92885],[-82.42468,27.92885],[-82.42468,27.92885],[-82.42468,27.92884],[-82.42468,27.92884],[-82.42468,27.92884],[-82.42467,27.92883],[-82.42467,27.92883],[-82.42467,27.92883],[-82.42467,27.92883],[-82.42466,27.92883],[-82.42466,27.92882],[-82.42466,27.92882],[-82.42466,27.92881],[-82.42465,27.92881],[-82.42465,27.9288],[-82.42466,27.9288],[-82.42466,27.92879],[-82.42466,27.92879],[-82.42466,27.92878],[-82.42467,27.92877],[-82.42467,27.92876],[-82.42467,27.92875],[-82.42467,27.92874],[-82.42468,27.92873],[-82.42468,27.92872],[-82.42468,27.92871],[-82.42469,27.9287],[-82.42469,27.9287],[-82.42469,27.92869],[-82.42469,27.92868],[-82.42469,27.92867],[-82.42469,27.92866],[-82.4247,27.92865],[-82.4247,27.92865],[-82.4247,27.92864],[-82.4247,27.92863],[-82.4247,27.92862],[-82.4247,27.92862],[-82.4247,27.92861],[-82.4247,27.92861],[-82.4247,27.9286],[-82.4247,27.9286],[-82.42469,27.92859],[-82.42469,27.92858],[-82.42469,27.92858],[-82.42469,27.92857],[-82.42468,27.92857],[-82.42468,27.92856],[-82.42468,27.92856],[-82.42467,27.92855],[-82.42466,27.92854],[-82.42466,27.92853],[-82.42465,27.92852],[-82.42464,27.92851],[-82.42464,27.9285],[-82.42463,27.92849],[-82.42462,27.92849],[-82.42461,27.92848],[-82.42461,27.92848],[-82.4246,27.92847],[-82.4246,27.92847],[-82.42459,27.92847],[-82.42459,27.92846],[-82.42458,27.92846],[-82.42458,27.92845],[-82.42457,27.92845],[-82.42457,27.92844],[-82.42457,27.92844],[-82.42456,27.92843],[-82.42456,27.92843],[-82.42456,27.92842],[-82.42455,27.92842],[-82.42454,27.92841],[-82.42454,27.9284],[-82.42453,27.9284],[-82.42452,27.92839],[-82.42452,27.92839],[-82.42451,27.92838],[-82.4245,27.92838],[-82.4245,27.92837],[-82.42449,27.92837],[-82.42448,27.92836],[-82.42447,27.92836],[-82.42447,27.92836],[-82.42445,27.92835],[-82.42444,27.92834],[-82.42443,27.92834],[-82.42442,27.92833],[-82.4244,27.92833],[-82.42439,27.92832],[-82.42438,27.92831],[-82.42437,27.92831],[-82.42435,27.9283],[-82.42435,27.9283],[-82.42434,27.9283],[-82.42434,27.92829],[-82.42433,27.92829],[-82.42432,27.92829],[-82.42432,27.92829],[-82.42431,27.92829],[-82.42431,27.92828],[-82.4243,27.92828],[-82.4243,27.92828],[-82.42429,27.92827],[-82.42429,27.92827],[-82.42428,27.92827],[-82.42428,27.92826],[-82.42427,27.92826],[-82.42426,27.92824],[-82.42425,27.92823],[-82.42423,27.92822],[-82.42422,27.92821],[-82.42421,27.9282],[-82.42421,27.9282],[-82.4242,27.9282],[-82.4242,27.9282],[-82.42419,27.9282],[-82.42419,27.92819],[-82.42419,27.92819],[-82.42418,27.92819],[-82.42418,27.92819],[-82.42417,27.92818],[-82.42417,27.92818],[-82.42417,27.92818],[-82.42416,27.92817],[-82.42416,27.92817],[-82.42416,27.92816],[-82.42416,27.92816],[-82.42415,27.92815],[-82.42415,27.92814],[-82.42415,27.92814],[-82.42414,27.92813],[-82.42414,27.92813],[-82.42414,27.92812],[-82.42413,27.92811],[-82.42413,27.92811],[-82.42412,27.9281],[-82.42412,27.9281],[-82.42411,27.9281],[-82.4241,27.92809],[-82.42409,27.92809],[-82.42408,27.92809],[-82.42407,27.92808],[-82.42406,27.92808],[-82.42406,27.92807],[-82.42405,27.92807],[-82.42404,27.92806],[-82.42403,27.92806],[-82.42403,27.92805],[-82.42402,27.92805],[-82.42401,27.92804],[-82.424,27.92804],[-82.424,27.92803],[-82.42399,27.92802],[-82.42398,27.92802],[-82.42397,27.92801],[-82.42396,27.92801],[-82.42396,27.928],[-82.42395,27.928],[-82.42394,27.92799],[-82.42393,27.92799],[-82.42392,27.92798],[-82.42392,27.92798],[-82.42391,27.92797],[-82.42391,27.92796],[-82.4239,27.92796],[-82.4239,27.92795],[-82.42389,27.92795],[-82.42388,27.92794],[-82.42388,27.92793],[-82.42387,27.92793],[-82.42386,27.92792],[-82.42386,27.92792],[-82.42385,27.92791],[-82.42384,27.92791],[-82.42384,27.9279],[-82.42383,27.9279],[-82.42382,27.92789],[-82.42382,27.92789],[-82.42381,27.92788],[-82.4238,27.92787],[-82.4238,27.92787],[-82.42379,27.92786],[-82.42378,27.92786],[-82.42378,27.92785],[-82.42377,27.92785],[-82.42376,27.92784],[-82.42375,27.92784],[-82.42375,27.92783],[-82.42374,27.92783],[-82.42373,27.92782],[-82.42372,27.92782],[-82.42371,27.92782],[-82.4237,27.92781],[-82.4237,27.92781],[-82.42369,27.92781],[-82.42368,27.9278],[-82.42367,27.9278],[-82.42367,27.92779],[-82.42366,27.92779],[-82.42365,27.92778],[-82.42364,27.92778],[-82.42364,27.92777],[-82.42363,27.92776],[-82.42363,27.92776],[-82.42362,27.92775],[-82.42361,27.92775],[-82.42361,27.92774],[-82.4236,27.92774],[-82.42359,27.92773],[-82.42359,27.92772],[-82.42358,27.92772],[-82.42358,27.92771],[-82.42357,27.92771],[-82.42357,27.9277],[-82.42356,27.92769],[-82.42356,27.92769],[-82.42355,27.92768],[-82.42355,27.92768],[-82.42354,27.92767],[-82.42354,27.92766],[-82.42354,27.92766],[-82.42353,27.92765],[-82.42353,27.92765],[-82.42353,27.92764],[-82.42352,27.92764],[-82.42352,27.92763],[-82.42351,27.92763],[-82.42351,27.92762],[-82.4235,27.92762],[-82.4235,27.92761],[-82.42349,27.92761],[-82.42349,27.92761],[-82.42348,27.9276],[-82.42348,27.9276],[-82.42347,27.92759],[-82.42347,27.92759],[-82.42346,27.92759],[-82.42346,27.92758],[-82.42345,27.92758],[-82.42345,27.92758],[-82.42345,27.92757],[-82.42344,27.92757],[-82.42344,27.92756],[-82.42344,27.92756],[-82.42344,27.92755],[-82.42343,27.92755],[-82.42343,27.92754],[-82.42343,27.92754],[-82.42342,27.92753],[-82.42342,27.92753],[-82.42341,27.92753],[-82.42341,27.92752],[-82.4234,27.92752],[-82.4234,27.92751],[-82.42339,27.92751],[-82.42339,27.92751],[-82.42338,27.9275],[-82.42338,27.9275],[-82.42337,27.9275],[-82.42336,27.92749],[-82.42336,27.92749],[-82.42335,27.92749],[-82.42335,27.92749],[-82.42334,27.92748],[-82.42333,27.92748],[-82.42333,27.92748],[-82.42332,27.92748],[-82.42331,27.92748],[-82.4233,27.92748],[-82.4233,27.92748],[-82.42329,27.92747],[-82.42329,27.92747],[-82.42328,27.92747],[-82.42327,27.92747],[-82.42327,27.92746],[-82.42326,27.92746],[-82.42325,27.92746],[-82.42325,27.92745],[-82.42325,27.92745],[-82.42325,27.92744],[-82.42324,27.92744],[-82.42324,27.92743],[-82.42324,27.92743],[-82.42324,27.92742],[-82.42324,27.92742],[-82.42323,27.92742],[-82.42323,27.92741],[-82.42323,27.92741],[-82.42322,27.9274],[-82.42322,27.9274],[-82.42322,27.92739],[-82.42321,27.92739],[-82.42321,27.92739],[-82.4232,27.92738],[-82.4232,27.92738],[-82.42319,27.92738],[-82.42319,27.92737],[-82.42318,27.92737],[-82.42318,27.92737],[-82.42317,27.92736],[-82.42316,27.92734],[-82.42314,27.92733],[-82.42313,27.92732],[-82.42312,27.92731],[-82.42311,27.92729],[-82.4231,27.92728],[-82.42309,27.92726],[-82.42307,27.92725],[-82.42306,27.92723],[-82.42305,27.92721],[-82.42304,27.9272],[-82.42302,27.92718],[-82.42301,27.92717],[-82.423,27.92715],[-82.42299,27.92715],[-82.42299,27.92714],[-82.42299,27.92713],[-82.42299,27.92713],[-82.42298,27.92712],[-82.42298,27.92712],[-82.42297,27.92711],[-82.42297,27.9271],[-82.42297,27.9271],[-82.42296,27.92709],[-82.42296,27.92709],[-82.42295,27.92708],[-82.42295,27.92708],[-82.42294,27.92708],[-82.42294,27.92707],[-82.42294,27.92707],[-82.42293,27.92707],[-82.42293,27.92706],[-82.42293,27.92706],[-82.42292,27.92706],[-82.42292,27.92705],[-82.42292,27.92705],[-82.42291,27.92704],[-82.42291,27.92704],[-82.42291,27.92704],[-82.42291,27.92703],[-82.4229,27.92703],[-82.4229,27.92703],[-82.42289,27.92702],[-82.42289,27.92702],[-82.42288,27.92702],[-82.42287,27.92702],[-82.42287,27.92702],[-82.42286,27.92702],[-82.42286,27.92702],[-82.42285,27.92702],[-82.42284,27.92702],[-82.42284,27.92701],[-82.42283,27.92701],[-82.42283,27.92701],[-82.42282,27.927],[-82.42281,27.927],[-82.42281,27.927],[-82.4228,27.92699],[-82.4228,27.92699],[-82.42279,27.92699],[-82.42278,27.92698],[-82.42278,27.92698],[-82.42277,27.92697],[-82.42277,27.92697],[-82.42276,27.92696],[-82.42276,27.92696],[-82.42276,27.92695],[-82.42275,27.92695],[-82.42275,27.92694],[-82.42274,27.92694],[-82.42274,27.92693],[-82.42273,27.92692],[-82.42271,27.92691],[-82.4227,27.9269],[-82.42269,27.92689],[-82.42267,27.92688],[-82.42266,27.92687],[-82.42265,27.92686],[-82.42263,27.92684],[-82.42262,27.92683],[-82.42261,27.92682],[-82.42259,27.92681],[-82.42257,27.92678],[-82.42254,27.92676],[-82.42251,27.92673],[-82.42248,27.92671],[-82.42245,27.92669],[-82.42242,27.92666],[-82.42242,27.92665],[-82.42242,27.92665],[-82.42241,27.92664],[-82.42241,27.92663],[-82.42241,27.92663],[-82.42241,27.92662],[-82.4224,27.92661],[-82.4224,27.92661],[-82.42239,27.9266],[-82.42239,27.9266],[-82.42239,27.92659],[-82.42238,27.92658],[-82.42238,27.92658],[-82.42237,27.92657],[-82.42237,27.92657],[-82.42236,27.92656],[-82.42236,27.92656],[-82.42235,27.92655],[-82.42234,27.92655],[-82.42234,27.92654],[-82.42233,27.92654],[-82.42233,27.92653],[-82.42232,27.92653],[-82.42231,27.92653],[-82.42231,27.92652],[-82.4223,27.92652],[-82.42229,27.92651],[-82.42228,27.92651],[-82.42227,27.92651],[-82.42227,27.9265],[-82.42226,27.9265],[-82.42225,27.92649],[-82.42224,27.92649],[-82.42223,27.92648],[-82.42222,27.92648],[-82.42222,27.92647],[-82.42221,27.92646],[-82.4222,27.92646],[-82.42219,27.92645],[-82.42219,27.92644],[-82.42218,27.92644],[-82.42217,27.92643],[-82.42217,27.92642],[-82.42216,27.92642],[-82.42215,27.92641],[-82.42215,27.9264],[-82.42214,27.9264],[-82.42214,27.92639],[-82.42213,27.92638],[-82.42212,27.92637],[-82.42212,27.92637],[-82.42211,27.92636],[-82.42211,27.92635],[-82.4221,27.92634],[-82.42209,27.92634],[-82.42209,27.92633],[-82.42208,27.92632],[-82.42207,27.92631],[-82.42206,27.92631],[-82.42206,27.9263],[-82.42205,27.92629],[-82.42204,27.92629],[-82.42203,27.92628],[-82.42202,27.92628],[-82.42201,27.92627],[-82.422,27.92626],[-82.42199,27.92626],[-82.42199,27.92625],[-82.42198,27.92625],[-82.42196,27.92624],[-82.42195,27.92622],[-82.42193,27.92621],[-82.42192,27.9262],[-82.4219,27.92618],[-82.42188,27.92617],[-82.42187,27.92616],[-82.42185,27.92615],[-82.42184,27.92613],[-82.42182,27.92612],[-82.42182,27.92612],[-82.42181,27.92611],[-82.42181,27.92611],[-82.4218,27.92611],[-82.4218,27.9261],[-82.42179,27.9261],[-82.42178,27.9261],[-82.42178,27.92609],[-82.42177,27.92609],[-82.42177,27.92609],[-82.42176,27.92608],[-82.42175,27.92608],[-82.42175,27.92608],[-82.42174,27.92608],[-82.42173,27.92608],[-82.42173,27.92607],[-82.42172,27.92607],[-82.42171,27.92607],[-82.42171,27.92607],[-82.4217,27.92606],[-82.4217,27.92606],[-82.42169,27.92606],[-82.42168,27.92606],[-82.42168,27.92605],[-82.42167,27.92605],[-82.42167,27.92605],[-82.42166,27.92604],[-82.42166,27.92604],[-82.42165,27.92603],[-82.42165,27.92603],[-82.42164,27.92602],[-82.42164,27.92602],[-82.42163,27.92601],[-82.42162,27.92601],[-82.42161,27.926],[-82.4216,27.92599],[-82.42158,27.92598],[-82.42157,27.92597],[-82.42156,27.92597],[-82.42155,27.92596],[-82.42154,27.92595],[-82.42153,27.92594],[-82.42152,27.92593],[-82.42151,27.92593],[-82.4215,27.92592],[-82.4215,27.92591],[-82.42149,27.92591],[-82.42149,27.9259],[-82.42148,27.9259],[-82.42148,27.92589],[-82.42147,27.92588],[-82.42147,27.92588],[-82.42146,27.92587],[-82.42146,27.92586],[-82.42145,27.92586],[-82.42144,27.92585],[-82.42144,27.92584],[-82.42143,27.92583],[-82.42143,27.92583],[-82.42142,27.92582],[-82.42141,27.92581],[-82.42141,27.92581],[-82.4214,27.92581],[-82.4214,27.92581],[-82.42139,27.9258],[-82.42139,27.9258],[-82.42138,27.9258],[-82.42138,27.92579],[-82.42137,27.92579],[-82.42137,27.92579],[-82.42136,27.92578],[-82.42136,27.92578],[-82.42135,27.92578],[-82.42135,27.92577],[-82.42134,27.92577],[-82.42134,27.92576],[-82.42133,27.92575],[-82.42133,27.92575],[-82.42132,27.92574],[-82.42132,27.92574],[-82.42131,27.92573],[-82.42131,27.92573],[-82.4213,27.92572],[-82.4213,27.92572],[-82.42129,27.92571],[-82.42128,27.92571],[-82.42128,27.9257],[-82.42127,27.9257],[-82.42126,27.92569],[-82.42126,27.92568],[-82.42125,27.92568],[-82.42124,27.92567],[-82.42123,27.92566],[-82.42123,27.92566],[-82.42122,27.92565],[-82.42121,27.92564],[-82.4212,27.92564],[-82.42119,27.92563],[-82.42119,27.92563],[-82.42118,27.92563],[-82.42118,27.92562],[-82.42117,27.92562],[-82.42117,27.92562],[-82.42116,27.92561],[-82.42116,27.92561],[-82.42115,27.92561],[-82.42115,27.92561],[-82.42114,27.92561],[-82.42113,27.9256],[-82.42113,27.9256],[-82.42112,27.9256],[-82.42112,27.9256],[-82.42111,27.9256],[-82.4211,27.9256],[-82.4211,27.9256],[-82.42109,27.9256],[-82.42108,27.9256],[-82.42108,27.9256],[-82.42105,27.9256],[-82.42103,27.92559],[-82.421,27.92559],[-82.42098,27.92558],[-82.42096,27.92558],[-82.42095,27.92558],[-82.42094,27.92558],[-82.42094,27.92557],[-82.42093,27.92557],[-82.42093,27.92557],[-82.42092,27.92557],[-82.42092,27.92557],[-82.42091,27.92557],[-82.42091,27.92556],[-82.4209,27.92556],[-82.4209,27.92556],[-82.42089,27.92555],[-82.42089,27.92555],[-82.42088,27.92555],[-82.42088,27.92554],[-82.42088,27.92554],[-82.42087,27.92554],[-82.42087,27.92553],[-82.42086,27.92553],[-82.42086,27.92552],[-82.42086,27.92552],[-82.42086,27.92551],[-82.42085,27.92551],[-82.42085,27.9255],[-82.42085,27.9255],[-82.42084,27.92549],[-82.42084,27.92549],[-82.42084,27.92549],[-82.42083,27.92548],[-82.42083,27.92548],[-82.42082,27.92547],[-82.42082,27.92547],[-82.42082,27.92547],[-82.42081,27.92546],[-82.42081,27.92546],[-82.4208,27.92545],[-82.4208,27.92545],[-82.42079,27.92545],[-82.42079,27.92545],[-82.42078,27.92544],[-82.42078,27.92544],[-82.42078,27.92544],[-82.42077,27.92544],[-82.42077,27.92544],[-82.42077,27.92544],[-82.42076,27.92543],[-82.42076,27.92543],[-82.42076,27.92543],[-82.42075,27.92543],[-82.42075,27.92543],[-82.42074,27.92543],[-82.42072,27.92545],[-82.41917,27.92604],[-82.41916,27.92605],[-82.41908,27.9262],[-82.41853,27.92728],[-82.41829,27.92774],[-82.41798,27.92836],[-82.41789,27.92834],[-82.41774,27.92831],[-82.41786,27.92722],[-82.41741,27.92658],[-82.41688,27.92658],[-82.41599,27.92658],[-82.41519,27.92657],[-82.41511,27.92659],[-82.415,27.92662],[-82.41484,27.92662],[-82.41465,27.9266],[-82.41462,27.9266],[-82.41458,27.92662],[-82.41459,27.92665],[-82.4146,27.9267],[-82.41462,27.92672],[-82.4146,27.92681],[-82.41457,27.92685],[-82.41454,27.92697],[-82.41453,27.927],[-82.41449,27.92703],[-82.41447,27.92708],[-82.4144,27.92715],[-82.41442,27.9272],[-82.41442,27.92728],[-82.41437,27.92741],[-82.41427,27.92752],[-82.41421,27.92756],[-82.41421,27.92757],[-82.41413,27.92761],[-82.41411,27.92767],[-82.41414,27.92769],[-82.41422,27.92773],[-82.41426,27.92775],[-82.41429,27.92779],[-82.41424,27.92782],[-82.41406,27.92776],[-82.41391,27.92769],[-82.41386,27.92767],[-82.41376,27.92761],[-82.41366,27.92762],[-82.4136,27.92768],[-82.4134,27.92798],[-82.4131,27.92825],[-82.41295,27.92833],[-82.41286,27.92838],[-82.41284,27.9284],[-82.41277,27.92849],[-82.41275,27.92853],[-82.4127,27.92864],[-82.41266,27.92881],[-82.41274,27.92904],[-82.41275,27.9291],[-82.41281,27.92925],[-82.41282,27.92948],[-82.41284,27.92966],[-82.41285,27.92979],[-82.41294,27.92997],[-82.41311,27.93015],[-82.41318,27.9302],[-82.41321,27.93023],[-82.41322,27.93024],[-82.41339,27.93043],[-82.41347,27.9306],[-82.41347,27.93076],[-82.41349,27.93094],[-82.4135,27.93109],[-82.41346,27.93129],[-82.41346,27.93133],[-82.41342,27.93143],[-82.41339,27.93145],[-82.41339,27.93156],[-82.41343,27.93169],[-82.41343,27.93175],[-82.41334,27.93186],[-82.41337,27.93199],[-82.41331,27.93211],[-82.4134,27.93225],[-82.41343,27.93227],[-82.41345,27.93236],[-82.4134,27.93243],[-82.41345,27.93252],[-82.41368,27.93271],[-82.41376,27.93278],[-82.41377,27.9328],[-82.41383,27.93291],[-82.41384,27.93293],[-82.41379,27.93302],[-82.41378,27.93306],[-82.41379,27.93313],[-82.41375,27.93319],[-82.41376,27.9332],[-82.41379,27.93329],[-82.41382,27.93342],[-82.41379,27.93353],[-82.41381,27.93364],[-82.41382,27.93366],[-82.41377,27.93379],[-82.41375,27.93384],[-82.41367,27.93398],[-82.41363,27.9341],[-82.41361,27.93423],[-82.41366,27.93429],[-82.41374,27.93437],[-82.4138,27.93445],[-82.41388,27.93457],[-82.41388,27.9347],[-82.41389,27.93478],[-82.41388,27.9349],[-82.41374,27.93504],[-82.41362,27.9352],[-82.41358,27.9355],[-82.41358,27.93552],[-82.41358,27.93554],[-82.41358,27.93556],[-82.41359,27.93558],[-82.41359,27.9356],[-82.41359,27.93562],[-82.4136,27.93564],[-82.4136,27.93566],[-82.4136,27.93568],[-82.41361,27.9357],[-82.41361,27.93572],[-82.41362,27.93574],[-82.41362,27.93576],[-82.41363,27.93578],[-82.41363,27.9358],[-82.41364,27.93582],[-82.41364,27.93584],[-82.41365,27.93586],[-82.41366,27.93588],[-82.41366,27.93589],[-82.41367,27.93591],[-82.41368,27.93593],[-82.41368,27.93595],[-82.41369,27.93597],[-82.4137,27.93598],[-82.41371,27.93599],[-82.41371,27.93599],[-82.41372,27.936],[-82.41373,27.93601],[-82.41373,27.93602],[-82.41374,27.93603],[-82.41375,27.93604],[-82.41375,27.93604],[-82.41376,27.93605],[-82.41376,27.93606],[-82.41377,27.93607],[-82.41377,27.93608],[-82.41378,27.93609],[-82.41378,27.9361],[-82.41379,27.93611],[-82.41379,27.93612],[-82.41379,27.93613],[-82.4138,27.93614],[-82.4138,27.93615],[-82.4138,27.93616],[-82.41381,27.93616],[-82.41381,27.93617],[-82.41381,27.93618],[-82.41381,27.93619],[-82.41382,27.9362],[-82.41382,27.93621],[-82.41382,27.93622],[-82.41382,27.93623],[-82.41382,27.93624],[-82.41382,27.93625],[-82.41382,27.93626],[-82.41382,27.93627],[-82.41382,27.93628],[-82.41382,27.93629],[-82.41382,27.9363],[-82.41382,27.93631],[-82.41382,27.93632],[-82.41382,27.93633],[-82.41382,27.93634],[-82.41382,27.93635],[-82.41381,27.93636],[-82.41381,27.93637],[-82.41381,27.93638],[-82.41381,27.93639],[-82.41381,27.93639],[-82.41381,27.93639],[-82.41381,27.93639],[-82.41381,27.93639],[-82.41381,27.93639],[-82.41381,27.93641],[-82.41381,27.93642],[-82.41381,27.93643],[-82.41382,27.93645],[-82.41382,27.93646],[-82.41383,27.93647],[-82.41383,27.93648],[-82.41383,27.93648],[-82.41383,27.93648],[-82.41383,27.93649],[-82.41383,27.9365],[-82.41384,27.93651],[-82.41384,27.93653],[-82.41385,27.93654],[-82.41385,27.93655],[-82.41386,27.93657],[-82.41386,27.93658],[-82.41387,27.93659],[-82.41387,27.9366],[-82.41388,27.93662],[-82.41389,27.93663],[-82.41389,27.93663],[-82.41389,27.93663],[-82.41389,27.93663],[-82.41389,27.93663],[-82.41389,27.93664],[-82.41389,27.93664],[-82.41389,27.93664],[-82.41389,27.93664],[-82.41389,27.93664],[-82.41389,27.93664],[-82.4139,27.93665],[-82.4139,27.93665],[-82.4139,27.93665],[-82.41391,27.93667],[-82.41392,27.93668],[-82.41392,27.93669],[-82.41393,27.9367],[-82.41394,27.93671],[-82.41395,27.93672],[-82.41396,27.93674],[-82.41396,27.93675],[-82.41397,27.93676],[-82.41398,27.93677],[-82.41399,27.93678],[-82.414,27.93679],[-82.41401,27.9368],[-82.41402,27.93681],[-82.41403,27.93682],[-82.41404,27.93683],[-82.41405,27.93684],[-82.41406,27.93685],[-82.41407,27.93686],[-82.41409,27.93687],[-82.41411,27.93688],[-82.41412,27.93689],[-82.41414,27.9369],[-82.41415,27.93691],[-82.41417,27.93692],[-82.41418,27.93693],[-82.4142,27.93694],[-82.41422,27.93695],[-82.41423,27.93696],[-82.41425,27.93697],[-82.41426,27.93698],[-82.41427,27.93699],[-82.41429,27.937],[-82.4143,27.93701],[-82.41432,27.93702],[-82.41433,27.93703],[-82.41435,27.93705],[-82.41436,27.93706],[-82.41437,27.93707],[-82.41439,27.93708],[-82.4144,27.93709],[-82.41441,27.93711],[-82.41442,27.93712],[-82.41443,27.93712],[-82.41443,27.93713],[-82.41443,27.93713],[-82.41444,27.93714],[-82.41444,27.93715],[-82.41445,27.93715],[-82.41445,27.93716],[-82.41445,27.93716],[-82.41446,27.93717],[-82.41446,27.93717],[-82.41447,27.93718],[-82.41447,27.93719],[-82.41448,27.93719],[-82.41449,27.9372],[-82.41449,27.9372],[-82.4145,27.9372],[-82.4145,27.93721],[-82.41451,27.93721],[-82.41452,27.93722],[-82.41452,27.93722],[-82.41453,27.93722],[-82.41454,27.93723],[-82.41454,27.93723],[-82.41455,27.93723],[-82.41456,27.93724],[-82.41457,27.93724],[-82.41457,27.93724],[-82.41458,27.93725],[-82.41459,27.93725],[-82.4146,27.93725],[-82.4146,27.93725],[-82.41461,27.93725],[-82.41461,27.93725],[-82.41461,27.93725],[-82.41462,27.93725],[-82.41462,27.93726],[-82.41462,27.93726],[-82.41463,27.93726],[-82.41463,27.93726],[-82.41463,27.93726],[-82.41464,27.93726],[-82.41464,27.93727],[-82.41464,27.93727],[-82.41464,27.93727],[-82.41465,27.93727],[-82.41465,27.93728],[-82.41465,27.93728],[-82.41465,27.93728],[-82.41465,27.93729],[-82.41465,27.93729],[-82.41465,27.93729],[-82.41465,27.9373],[-82.41465,27.9373],[-82.41465,27.9373],[-82.41465,27.93731],[-82.41465,27.93731],[-82.41465,27.93731],[-82.41465,27.93732],[-82.41465,27.93733],[-82.41464,27.93734],[-82.41463,27.93736],[-82.41463,27.93737],[-82.41462,27.93739],[-82.41461,27.9374],[-82.41461,27.93741],[-82.4146,27.93743],[-82.41459,27.93744],[-82.41459,27.93746],[-82.41458,27.93747],[-82.41457,27.93748],[-82.41456,27.9375],[-82.41455,27.93751],[-82.41453,27.93753],[-82.41452,27.93754],[-82.4145,27.93756],[-82.41449,27.93758],[-82.41448,27.93759],[-82.41447,27.9376],[-82.41446,27.93761],[-82.41445,27.93763],[-82.41443,27.93765],[-82.41442,27.93766],[-82.41441,27.93768],[-82.4144,27.9377],[-82.41438,27.93772],[-82.41437,27.93774],[-82.41417,27.93797],[-82.41415,27.93798],[-82.41414,27.93801],[-82.41412,27.93803],[-82.4141,27.93806],[-82.41409,27.93809],[-82.41407,27.93813],[-82.41405,27.93816],[-82.41404,27.93819],[-82.41402,27.93822],[-82.41401,27.93824],[-82.41399,27.93827],[-82.41397,27.9383],[-82.41396,27.93832],[-82.41394,27.93835],[-82.41392,27.93838],[-82.4139,27.93841],[-82.41389,27.93842],[-82.41388,27.93844],[-82.41386,27.93846],[-82.41385,27.93847],[-82.41384,27.93849],[-82.41383,27.93851],[-82.41382,27.93852],[-82.41381,27.93854],[-82.41379,27.93858],[-82.41377,27.93861],[-82.41376,27.93865],[-82.41374,27.93869],[-82.41372,27.93872],[-82.41371,27.93874],[-82.4137,27.93876],[-82.41369,27.93877],[-82.41368,27.93879],[-82.41368,27.9388],[-82.41367,27.93882],[-82.41366,27.93884],[-82.41365,27.93885],[-82.41364,27.93889],[-82.41363,27.9389],[-82.41362,27.93892],[-82.41362,27.93894],[-82.41361,27.93895],[-82.41361,27.93896],[-82.4136,27.93898],[-82.4136,27.939],[-82.41359,27.93902],[-82.41359,27.93903],[-82.41359,27.93904],[-82.41358,27.93907],[-82.41358,27.93909],[-82.41357,27.93911],[-82.41356,27.93913],[-82.41356,27.93915],[-82.41355,27.93917],[-82.41355,27.93918],[-82.41354,27.93919],[-82.41354,27.9392],[-82.41354,27.93921],[-82.41354,27.93923],[-82.41354,27.93924],[-82.41354,27.93926],[-82.41354,27.93926],[-82.41354,27.93928],[-82.41354,27.93929],[-82.41354,27.93931],[-82.41354,27.93933],[-82.41355,27.93933],[-82.41355,27.93934],[-82.41355,27.93935],[-82.41355,27.93936],[-82.41356,27.93937],[-82.41356,27.93937],[-82.41356,27.93938],[-82.41356,27.93939],[-82.41357,27.9394],[-82.41358,27.93942],[-82.41358,27.93943],[-82.41359,27.93944],[-82.4136,27.93945],[-82.4136,27.93945],[-82.41361,27.93946],[-82.41361,27.93947],[-82.41362,27.93948],[-82.41364,27.93949],[-82.41364,27.9395],[-82.41365,27.93951],[-82.41366,27.93953],[-82.41367,27.93954],[-82.41368,27.93955],[-82.41369,27.93957],[-82.41371,27.93958],[-82.41372,27.9396],[-82.41373,27.93961],[-82.41374,27.93962],[-82.41375,27.93964],[-82.41376,27.93965],[-82.41378,27.93968],[-82.41378,27.93969],[-82.41379,27.93969],[-82.4138,27.93971],[-82.4138,27.93972],[-82.41381,27.93973],[-82.41381,27.93974],[-82.41381,27.93975],[-82.41382,27.93976],[-82.41382,27.93977],[-82.41382,27.93978],[-82.41383,27.93979],[-82.41383,27.93981],[-82.41383,27.93982],[-82.41383,27.93982],[-82.41383,27.93984],[-82.41383,27.93984],[-82.41383,27.93985],[-82.41383,27.93986],[-82.41383,27.93987],[-82.41383,27.93987],[-82.41382,27.93988],[-82.41382,27.9399],[-82.41381,27.93991],[-82.41381,27.93992],[-82.41379,27.93994],[-82.41379,27.93996],[-82.41378,27.93997],[-82.41377,27.94],[-82.41376,27.94001],[-82.41376,27.94002],[-82.41375,27.94004],[-82.41374,27.94006],[-82.41373,27.94008],[-82.41373,27.94009],[-82.41373,27.9401],[-82.41373,27.94011],[-82.41372,27.94012],[-82.41372,27.94013],[-82.41372,27.94013],[-82.41372,27.94015],[-82.41372,27.94016],[-82.41372,27.94017],[-82.41372,27.94018],[-82.41372,27.9402],[-82.41372,27.94021],[-82.41372,27.94022],[-82.41372,27.94023],[-82.41372,27.94024],[-82.41372,27.94025],[-82.41372,27.94026],[-82.41372,27.94028],[-82.41372,27.9403],[-82.41372,27.94031],[-82.41371,27.94033],[-82.41371,27.94035],[-82.4137,27.94038],[-82.4137,27.9404],[-82.4137,27.94042],[-82.41371,27.94043],[-82.41371,27.94045],[-82.41371,27.94047],[-82.41371,27.94048],[-82.41372,27.9405],[-82.41372,27.94052],[-82.41372,27.94052],[-82.41368,27.94066],[-82.41042,27.94177],[-82.41013,27.94186],[-82.41014,27.94169],[-82.41017,27.93755],[-82.41017,27.93755],[-82.41017,27.93749],[-82.41017,27.9374],[-82.41023,27.9374],[-82.41054,27.9374],[-82.41054,27.93722],[-82.41023,27.93722],[-82.41022,27.93383],[-82.41022,27.93379],[-82.41013,27.9302],[-82.41013,27.92958],[-82.41013,27.92925],[-82.41012,27.92925],[-82.41011,27.92657],[-82.41012,27.92657],[-82.41011,27.92652],[-82.41011,27.92564],[-82.4101,27.92545],[-82.4101,27.92532],[-82.41009,27.92509],[-82.41008,27.9236],[-82.41008,27.9236],[-82.41008,27.92326],[-82.41019,27.92306],[-82.41033,27.9228],[-82.42487,27.91142],[-82.42488,27.91141],[-82.42625,27.91034],[-82.42625,27.91034],[-82.42625,27.91033],[-82.42656,27.91009],[-82.42689,27.91006],[-82.42555,27.91129],[-82.42486,27.91244],[-82.42422,27.91349],[-82.42262,27.916],[-82.42158,27.91762],[-82.42077,27.91892],[-82.42007,27.92004],[-82.41955,27.92086],[-82.41947,27.92097],[-82.41944,27.92106],[-82.41942,27.92115],[-82.41946,27.92122],[-82.41953,27.92127],[-82.41957,27.92132],[-82.41958,27.92138],[-82.4196,27.92145],[-82.4196,27.92152],[-82.41951,27.92174],[-82.41947,27.9218],[-82.41943,27.92186],[-82.41941,27.9219],[-82.41941,27.92193],[-82.41943,27.92196],[-82.41945,27.922],[-82.41949,27.92204],[-82.4197,27.92228],[-82.42005,27.92265],[-82.42016,27.92278],[-82.42022,27.92286],[-82.42032,27.92295],[-82.42039,27.923],[-82.42065,27.92312],[-82.42067,27.92313],[-82.42069,27.92316],[-82.42072,27.92328],[-82.42073,27.92335],[-82.42073,27.92336],[-82.42074,27.92337],[-82.42074,27.9234],[-82.42074,27.92346],[-82.42092,27.92346],[-82.42096,27.9235],[-82.421,27.92353],[-82.42107,27.92356],[-82.42113,27.92361],[-82.42123,27.92365],[-82.42128,27.92365],[-82.42138,27.92399],[-82.42152,27.9245],[-82.42161,27.92481],[-82.42161,27.92483],[-82.42161,27.92484],[-82.42161,27.92485],[-82.42161,27.92486],[-82.42161,27.92488],[-82.42162,27.92489],[-82.42162,27.9249],[-82.42162,27.92492],[-82.42162,27.92493],[-82.42161,27.92494],[-82.42161,27.92495],[-82.42161,27.92497],[-82.42161,27.92498],[-82.42161,27.92499],[-82.42161,27.92501],[-82.42161,27.92502],[-82.4216,27.92505],[-82.42159,27.92507],[-82.42158,27.9251],[-82.42157,27.92513],[-82.42156,27.92516],[-82.42154,27.92518],[-82.42153,27.92521],[-82.42153,27.92521],[-82.42153,27.92522],[-82.42153,27.92522],[-82.42153,27.92522],[-82.42153,27.92523],[-82.42153,27.92523],[-82.42153,27.92523],[-82.42153,27.92524],[-82.42153,27.92524],[-82.42154,27.92524],[-82.42154,27.92525],[-82.42154,27.92525],[-82.42154,27.92525],[-82.42154,27.92525],[-82.42155,27.92526],[-82.42155,27.92526],[-82.42155,27.92526],[-82.42155,27.92526],[-82.42156,27.92526],[-82.42156,27.92526],[-82.42157,27.92527],[-82.42157,27.92527],[-82.42157,27.92527],[-82.42158,27.92527],[-82.42158,27.92527],[-82.42159,27.92527],[-82.42159,27.92527],[-82.4216,27.92527],[-82.4216,27.92527],[-82.4216,27.92527],[-82.42161,27.92527],[-82.42161,27.92527],[-82.42162,27.92527],[-82.42162,27.92528],[-82.42163,27.92528],[-82.42163,27.92529],[-82.42164,27.9253],[-82.42164,27.92531],[-82.42165,27.92531],[-82.42165,27.92532],[-82.42166,27.92533],[-82.42167,27.92533],[-82.42168,27.92534],[-82.42169,27.92534],[-82.4217,27.92535],[-82.42171,27.92535],[-82.42171,27.92535],[-82.42172,27.92535],[-82.42172,27.92536],[-82.42173,27.92536],[-82.42173,27.92536],[-82.42174,27.92536],[-82.42174,27.92537],[-82.42174,27.92537],[-82.42175,27.92537],[-82.42175,27.92538],[-82.42175,27.92538],[-82.42176,27.92539],[-82.42176,27.92539],[-82.42176,27.92539],[-82.42176,27.9254],[-82.42176,27.9254],[-82.42177,27.9254],[-82.42177,27.92541],[-82.42177,27.92541],[-82.42177,27.92541],[-82.42177,27.92542],[-82.42178,27.92542],[-82.42178,27.92542],[-82.42178,27.92543],[-82.42178,27.92543],[-82.42179,27.92543],[-82.42179,27.92543],[-82.4218,27.92543],[-82.4218,27.92544],[-82.42181,27.92545],[-82.42183,27.92546],[-82.42184,27.92547],[-82.42186,27.92548],[-82.42186,27.92549],[-82.42187,27.9255],[-82.42188,27.92551],[-82.42188,27.92552],[-82.42189,27.92552],[-82.42189,27.92553],[-82.4219,27.92554],[-82.4219,27.92554],[-82.42191,27.92555],[-82.42192,27.92556],[-82.42192,27.92556],[-82.42193,27.92557],[-82.42193,27.92557],[-82.42194,27.92558],[-82.42195,27.92558],[-82.42195,27.92559],[-82.42196,27.9256],[-82.42196,27.9256],[-82.42197,27.92561],[-82.42198,27.92561],[-82.42198,27.92562],[-82.42199,27.92562],[-82.422,27.92563],[-82.422,27.92563],[-82.42201,27.92564],[-82.42202,27.92564],[-82.42203,27.92564],[-82.42204,27.92565],[-82.42207,27.92568],[-82.4221,27.9257],[-82.42214,27.92573],[-82.42217,27.92576],[-82.4222,27.92579],[-82.42224,27.92582],[-82.42225,27.92583],[-82.42226,27.92584],[-82.42227,27.92585],[-82.42229,27.92587],[-82.4223,27.92588],[-82.42231,27.92589],[-82.42232,27.9259],[-82.42234,27.92591],[-82.42235,27.92592],[-82.42236,27.92593],[-82.42238,27.92595],[-82.42239,27.92596],[-82.4224,27.92597],[-82.42242,27.92598],[-82.42243,27.92598],[-82.42243,27.92598],[-82.42244,27.92599],[-82.42245,27.92599],[-82.42246,27.926],[-82.42246,27.926],[-82.42247,27.92601],[-82.42248,27.92601],[-82.42249,27.92602],[-82.42249,27.92603],[-82.4225,27.92603],[-82.4225,27.92604],[-82.42251,27.92604],[-82.42251,27.92604],[-82.42251,27.92605],[-82.42252,27.92605],[-82.42252,27.92606],[-82.42252,27.92606],[-82.42252,27.92607],[-82.42253,27.92607],[-82.42253,27.92608],[-82.42253,27.92609],[-82.42254,27.92609],[-82.42254,27.9261],[-82.42255,27.9261],[-82.42255,27.92611],[-82.42256,27.92611],[-82.42256,27.92612],[-82.42257,27.92612],[-82.42257,27.92612],[-82.42259,27.92614],[-82.42261,27.92615],[-82.42263,27.92616],[-82.42265,27.92617],[-82.42266,27.92619],[-82.42268,27.9262],[-82.4227,27.92621],[-82.42272,27.92623],[-82.42274,27.92624],[-82.42275,27.92626],[-82.42277,27.92627],[-82.42279,27.92628],[-82.42281,27.9263],[-82.42282,27.92631],[-82.42284,27.92633],[-82.42285,27.92633],[-82.42285,27.92634],[-82.42286,27.92635],[-82.42287,27.92635],[-82.42287,27.92636],[-82.42288,27.92636],[-82.42289,27.92637],[-82.4229,27.92637],[-82.4229,27.92638],[-82.42291,27.92638],[-82.42292,27.92639],[-82.42293,27.92639],[-82.42293,27.9264],[-82.42294,27.9264],[-82.42295,27.92641],[-82.42296,27.92641],[-82.42297,27.92642],[-82.42298,27.92642],[-82.42299,27.92643],[-82.423,27.92643],[-82.42301,27.92644],[-82.42301,27.92644],[-82.42302,27.92645],[-82.42303,27.92645],[-82.42304,27.92646],[-82.42305,27.92647],[-82.42306,27.92647],[-82.42306,27.92648],[-82.42307,27.92649],[-82.42308,27.92649],[-82.42308,27.9265],[-82.42309,27.92651],[-82.4231,27.92652],[-82.42311,27.92652],[-82.42311,27.92653],[-82.42312,27.92654],[-82.42313,27.92655],[-82.42314,27.92656],[-82.42314,27.92656],[-82.42315,27.92657],[-82.42316,27.92658],[-82.42317,27.92659],[-82.42317,27.9266],[-82.42318,27.92661],[-82.42319,27.92662],[-82.42319,27.92662],[-82.4232,27.92663],[-82.4232,27.92664],[-82.42321,27.92665],[-82.42322,27.92666],[-82.42323,27.92667],[-82.42324,27.92668],[-82.42325,27.92668],[-82.42326,27.92669],[-82.42327,27.9267],[-82.42328,27.92671],[-82.42329,27.92671],[-82.4233,27.92672],[-82.42331,27.92673],[-82.42332,27.92673],[-82.42334,27.92674],[-82.42335,27.92675],[-82.42336,27.92677],[-82.42337,27.92678],[-82.42339,27.92679],[-82.4234,27.9268],[-82.42342,27.92682],[-82.42343,27.92683],[-82.42344,27.92684],[-82.42346,27.92685],[-82.42347,27.92686],[-82.42349,27.92688],[-82.4235,27.92689],[-82.42352,27.9269],[-82.42353,27.92691],[-82.42354,27.92693],[-82.42356,27.92694],[-82.42357,27.92695],[-82.42359,27.92696],[-82.42361,27.92697],[-82.42362,27.92699],[-82.42364,27.927],[-82.42365,27.92701],[-82.42367,27.92702],[-82.42369,27.92703],[-82.42371,27.92705],[-82.42373,27.92707],[-82.42376,27.92708],[-82.42378,27.9271],[-82.4238,27.92712],[-82.42383,27.92714],[-82.42385,27.92716],[-82.42386,27.92717],[-82.42388,27.92719],[-82.42389,27.9272],[-82.42391,27.92721],[-82.42393,27.92723],[-82.42394,27.92724],[-82.42396,27.92725],[-82.42397,27.92726],[-82.42399,27.92728],[-82.424,27.92728],[-82.424,27.92729],[-82.42401,27.9273],[-82.42402,27.9273],[-82.42402,27.92731],[-82.42403,27.92732],[-82.42404,27.92733],[-82.42404,27.92733],[-82.42405,27.92734],[-82.42406,27.92735],[-82.42406,27.92735],[-82.42407,27.92735],[-82.42407,27.92735],[-82.42408,27.92736],[-82.42408,27.92736],[-82.42409,27.92736],[-82.42409,27.92737],[-82.4241,27.92737],[-82.4241,27.92737],[-82.42411,27.92737],[-82.42411,27.92738],[-82.42411,27.92738],[-82.42413,27.92739],[-82.42414,27.92739],[-82.42415,27.92739],[-82.42416,27.9274],[-82.42417,27.9274],[-82.42418,27.92741],[-82.42419,27.92741],[-82.4242,27.92741],[-82.4242,27.92742],[-82.42421,27.92742],[-82.42421,27.92742],[-82.42422,27.92743],[-82.42422,27.92743],[-82.42423,27.92743],[-82.42423,27.92743],[-82.42424,27.92744],[-82.42425,27.92744],[-82.42425,27.92744],[-82.42426,27.92744],[-82.42427,27.92744],[-82.42427,27.92744],[-82.42428,27.92744],[-82.42428,27.92745],[-82.42429,27.92745],[-82.42429,27.92745],[-82.4243,27.92746],[-82.42431,27.92746],[-82.42432,27.92746],[-82.42432,27.92746],[-82.42433,27.92746],[-82.42434,27.92747],[-82.42435,27.92747],[-82.42435,27.92747],[-82.42436,27.92747],[-82.42437,27.92747],[-82.42437,27.92747],[-82.42438,27.92747],[-82.42439,27.92748],[-82.42439,27.92748],[-82.4244,27.92748],[-82.4244,27.92748],[-82.42441,27.92749],[-82.42441,27.92749],[-82.42442,27.92749],[-82.42442,27.9275],[-82.42443,27.9275],[-82.42443,27.92751],[-82.42444,27.92752],[-82.42445,27.92753],[-82.42445,27.92754],[-82.42446,27.92754],[-82.42447,27.92755],[-82.42447,27.92755],[-82.42447,27.92755],[-82.42448,27.92756],[-82.42448,27.92756],[-82.42448,27.92756],[-82.42449,27.92756],[-82.42449,27.92756],[-82.42449,27.92757],[-82.42449,27.92757],[-82.4245,27.92757],[-82.4245,27.92757],[-82.4245,27.92758],[-82.4245,27.92758],[-82.4245,27.92759],[-82.4245,27.92759],[-82.4245,27.9276],[-82.4245,27.9276],[-82.4245,27.92761],[-82.42451,27.92761],[-82.42451,27.92761],[-82.42452,27.92761],[-82.42452,27.92761],[-82.42452,27.92761],[-82.42453,27.92761],[-82.42453,27.9276],[-82.42453,27.9276],[-82.42453,27.9276],[-82.42454,27.92759],[-82.42454,27.92759],[-82.42454,27.92759],[-82.42454,27.92758],[-82.42454,27.92758],[-82.42455,27.92758],[-82.42455,27.92758],[-82.42455,27.92757],[-82.42455,27.92757],[-82.42456,27.92757],[-82.42456,27.92757],[-82.42456,27.92757],[-82.42457,27.92757],[-82.42457,27.92756],[-82.42458,27.92756],[-82.42458,27.92756],[-82.42458,27.92756],[-82.42459,27.92756],[-82.42459,27.92756],[-82.4246,27.92756],[-82.4246,27.92756],[-82.42461,27.92756],[-82.42462,27.92755],[-82.42463,27.92755],[-82.42463,27.92755],[-82.42464,27.92755],[-82.42465,27.92755],[-82.42466,27.92755],[-82.42466,27.92755],[-82.42467,27.92755],[-82.42467,27.92755],[-82.42468,27.92755],[-82.42468,27.92755],[-82.42468,27.92755],[-82.42468,27.92756],[-82.42469,27.92756],[-82.42469,27.92756],[-82.4247,27.92756],[-82.4247,27.92756],[-82.42471,27.92756],[-82.42471,27.92756],[-82.42472,27.92756],[-82.42472,27.92756],[-82.42473,27.92756],[-82.42474,27.92756],[-82.42474,27.92756],[-82.42475,27.92756],[-82.42475,27.92756],[-82.42476,27.92756],[-82.42477,27.92756],[-82.42477,27.92756],[-82.42478,27.92757],[-82.42478,27.92757],[-82.42479,27.92757],[-82.4248,27.92757],[-82.4248,27.92757],[-82.42481,27.92757],[-82.42481,27.92757],[-82.42482,27.92757],[-82.42482,27.92757],[-82.42483,27.92757],[-82.42483,27.92757],[-82.42484,27.92757],[-82.42484,27.92757],[-82.42485,27.92757],[-82.42485,27.92757],[-82.42486,27.92758],[-82.42486,27.92758],[-82.42487,27.92758],[-82.42487,27.92758],[-82.42487,27.92758],[-82.42488,27.92759],[-82.42488,27.92759],[-82.42489,27.92759],[-82.42489,27.92759],[-82.42489,27.9276],[-82.4249,27.9276],[-82.4249,27.9276],[-82.4249,27.92761],[-82.42491,27.92761],[-82.42491,27.92761],[-82.42491,27.92762],[-82.42491,27.92762],[-82.42492,27.92762],[-82.42492,27.92763],[-82.42492,27.92763],[-82.42492,27.92763],[-82.42493,27.92763],[-82.42493,27.92763],[-82.42493,27.92763],[-82.42493,27.92764],[-82.42494,27.92764],[-82.42494,27.92764],[-82.42494,27.92764],[-82.42495,27.92765],[-82.42495,27.92765],[-82.42496,27.92765],[-82.42496,27.92765],[-82.42496,27.92765],[-82.42497,27.92765],[-82.42497,27.92765],[-82.42498,27.92766],[-82.42498,27.92766],[-82.42498,27.92766],[-82.42499,27.92766],[-82.42499,27.92766],[-82.425,27.92766],[-82.425,27.92766],[-82.42501,27.92766],[-82.42502,27.92766],[-82.42502,27.92766],[-82.42503,27.92766],[-82.42503,27.92766],[-82.42504,27.92767],[-82.42504,27.92767],[-82.42504,27.92767],[-82.42506,27.92767],[-82.42507,27.92767],[-82.42508,27.92767],[-82.42509,27.92767],[-82.4251,27.92767],[-82.42511,27.92767],[-82.42512,27.92767],[-82.42513,27.92767],[-82.42514,27.92767],[-82.42515,27.92767],[-82.42516,27.92768],[-82.42517,27.92768],[-82.42517,27.92768],[-82.42518,27.92768],[-82.42518,27.92768],[-82.42519,27.92768],[-82.42519,27.92768],[-82.4252,27.92768],[-82.4252,27.92768],[-82.4252,27.92767],[-82.42521,27.92767],[-82.42521,27.92767],[-82.42522,27.92767],[-82.42522,27.92767],[-82.42523,27.92767],[-82.42523,27.92766],[-82.42523,27.92766],[-82.42524,27.92766],[-82.42524,27.92766],[-82.42524,27.92766],[-82.42525,27.92766],[-82.42525,27.92766],[-82.42525,27.92766],[-82.42526,27.92766],[-82.42526,27.92766],[-82.42526,27.92766],[-82.42527,27.92766],[-82.42528,27.92766],[-82.4253,27.92766],[-82.42531,27.92767],[-82.42532,27.92767],[-82.42534,27.92767],[-82.42535,27.92767],[-82.42536,27.92767],[-82.42538,27.92767],[-82.42539,27.92768],[-82.42545,27.92762],[-82.42608,27.92814],[-82.42609,27.9283],[-82.42648,27.92862],[-82.42686,27.92893],[-82.42725,27.92925],[-82.42756,27.9295],[-82.42778,27.9297],[-82.42797,27.92984],[-82.42806,27.93002],[-82.42786,27.93034],[-82.42843,27.93069],[-82.42943,27.93155],[-82.42937,27.93172],[-82.43143,27.93344],[-82.43292,27.93463],[-82.43397,27.93387],[-82.4344,27.9336],[-82.43447,27.9334],[-82.4345,27.93332],[-82.43452,27.93323],[-82.43451,27.9331],[-82.43451,27.93303],[-82.43427,27.93303],[-82.43426,27.93146],[-82.43426,27.93054],[-82.43454,27.93054],[-82.43454,27.93048],[-82.43454,27.93041],[-82.43454,27.93039],[-82.43453,27.93033],[-82.43446,27.93028],[-82.4343,27.93015],[-82.43425,27.93012],[-82.43407,27.93029],[-82.43394,27.93019],[-82.43338,27.92973],[-82.43271,27.92917],[-82.43285,27.92903],[-82.4326,27.9288],[-82.4319,27.92823],[-82.43135,27.92779],[-82.43028,27.92692],[-82.4296,27.92632],[-82.42911,27.92596],[-82.42905,27.92589],[-82.42904,27.92585],[-82.42905,27.92581],[-82.42906,27.92578],[-82.42905,27.92552],[-82.429,27.92509],[-82.429,27.92484],[-82.42902,27.92434],[-82.42902,27.92425],[-82.42901,27.92417],[-82.42903,27.92409],[-82.42899,27.92357],[-82.42896,27.92266],[-82.42903,27.9218],[-82.42904,27.92145],[-82.4288,27.92145],[-82.42879,27.92052],[-82.4288,27.92014],[-82.42879,27.9189],[-82.42879,27.91698],[-82.4288,27.91488],[-82.4288,27.91441],[-82.4288,27.91397],[-82.42879,27.91187],[-82.42894,27.91167],[-82.43031,27.90992],[-82.4306,27.90955],[-82.43084,27.90967],[-82.43176,27.90865],[-82.43382,27.90601],[-82.43444,27.90528],[-82.43526,27.9048],[-82.43573,27.90452],[-82.4362,27.90425],[-82.43625,27.90423],[-82.43628,27.90423],[-82.43632,27.90426],[-82.43654,27.90467],[-82.43701,27.90548],[-82.43731,27.90614],[-82.43811,27.90746],[-82.4384,27.90788],[-82.43869,27.90856],[-82.43893,27.90845],[-82.43949,27.90945],[-82.43922,27.90956],[-82.43926,27.90959],[-82.43929,27.90963],[-82.43932,27.90967],[-82.43935,27.90973],[-82.43936,27.90975],[-82.43938,27.9098],[-82.4394,27.90982],[-82.43944,27.90988],[-82.43949,27.90999],[-82.43952,27.91006],[-82.43956,27.91012],[-82.43961,27.91015],[-82.43965,27.9102],[-82.43969,27.91026],[-82.43969,27.91033],[-82.43972,27.91036],[-82.43978,27.91042],[-82.43983,27.91049],[-82.43985,27.91053],[-82.43987,27.91057],[-82.43992,27.91063],[-82.43993,27.91072],[-82.44,27.91083],[-82.44004,27.91096],[-82.4401,27.91108],[-82.44013,27.91115],[-82.44022,27.91126],[-82.4403,27.91139],[-82.44036,27.91149],[-82.4404,27.91156],[-82.44045,27.91164],[-82.44052,27.9117],[-82.44054,27.91174],[-82.44063,27.91188],[-82.44081,27.91223],[-82.44098,27.91257],[-82.44263,27.91554],[-82.44264,27.91556],[-82.44266,27.9156],[-82.44269,27.91562],[-82.44274,27.91562],[-82.44277,27.91565],[-82.44283,27.91575],[-82.4429,27.91587],[-82.44297,27.91599],[-82.44302,27.91606],[-82.44309,27.91615],[-82.44313,27.91622],[-82.44319,27.9163],[-82.44323,27.91636],[-82.44328,27.91641],[-82.44333,27.91645],[-82.44341,27.91652],[-82.44342,27.91653],[-82.44345,27.91656],[-82.44351,27.91661],[-82.44359,27.91669],[-82.44365,27.91676],[-82.44372,27.91683],[-82.44378,27.9169],[-82.44385,27.91701],[-82.44392,27.91713],[-82.44392,27.91725],[-82.44385,27.91732],[-82.44199,27.91906],[-82.44202,27.91925],[-82.4416,27.91969],[-82.44185,27.92007],[-82.44193,27.92016],[-82.44197,27.92021],[-82.4433,27.91923],[-82.44408,27.91866],[-82.44414,27.91864],[-82.44419,27.9187],[-82.44417,27.91875],[-82.44343,27.91929],[-82.44204,27.92029],[-82.4421,27.92037],[-82.44209,27.92044],[-82.4421,27.92057],[-82.44244,27.9207],[-82.44303,27.92043],[-82.4433,27.92015],[-82.44477,27.91931],[-82.44544,27.92036],[-82.44572,27.92073],[-82.44597,27.92154],[-82.44604,27.92191],[-82.44608,27.92213],[-82.44623,27.92278],[-82.44632,27.92313],[-82.44656,27.92354],[-82.44623,27.92396],[-82.44363,27.92583],[-82.44389,27.92615],[-82.44228,27.92725],[-82.44258,27.92758],[-82.44656,27.92468],[-82.44664,27.92478],[-82.44625,27.92509],[-82.44665,27.92551],[-82.44616,27.92587],[-82.4462,27.92591],[-82.44492,27.92687],[-82.44507,27.92701],[-82.44638,27.92606],[-82.44664,27.92597],[-82.44672,27.92655],[-82.44661,27.92725],[-82.44654,27.92754],[-82.44629,27.92796],[-82.44601,27.92967],[-82.44591,27.93015],[-82.44597,27.9304],[-82.44596,27.93088],[-82.44586,27.93227],[-82.44601,27.93266],[-82.44597,27.93304],[-82.44584,27.93327],[-82.44558,27.93403],[-82.4456,27.93413],[-82.44438,27.93703],[-82.44434,27.93722],[-82.44427,27.93735],[-82.44418,27.93739],[-82.44411,27.93751],[-82.44408,27.93755],[-82.44408,27.93759],[-82.4442,27.93763],[-82.44377,27.93863],[-82.44368,27.9386],[-82.44354,27.93891],[-82.44359,27.93893],[-82.44356,27.93899],[-82.44353,27.93911],[-82.441,27.9391],[-82.44093,27.93917],[-82.44092,27.9398],[-82.44093,27.93993],[-82.44259,27.93996],[-82.44257,27.94048],[-82.44222,27.94049],[-82.44219,27.94154],[-82.44211,27.94302],[-82.44209,27.94303],[-82.44208,27.94307],[-82.44205,27.94315],[-82.44209,27.94342],[-82.4421,27.94376],[-82.44197,27.94383],[-82.44197,27.94429],[-82.44202,27.94464],[-82.44207,27.94474],[-82.44207,27.9449],[-82.44204,27.94549],[-82.44191,27.9455],[-82.44189,27.94617],[-82.44188,27.94623],[-82.44188,27.94638],[-82.44185,27.94671],[-82.44182,27.94762],[-82.44187,27.94764],[-82.44184,27.94829],[-82.4418,27.94848],[-82.44178,27.94853],[-82.44178,27.9486],[-82.44179,27.9487],[-82.44179,27.94871],[-82.44179,27.94872],[-82.44179,27.94873],[-82.4418,27.94873],[-82.4418,27.94874],[-82.4418,27.94875],[-82.4418,27.94876],[-82.4418,27.94877],[-82.4418,27.94878],[-82.44181,27.94879],[-82.44181,27.94879],[-82.44181,27.9488],[-82.44181,27.94881],[-82.44181,27.94882],[-82.44181,27.94883],[-82.44181,27.94884],[-82.44181,27.94885],[-82.4418,27.94885],[-82.4418,27.94886],[-82.4418,27.94887],[-82.4418,27.94888],[-82.4418,27.94889],[-82.4418,27.94889],[-82.44179,27.9489],[-82.44179,27.94891],[-82.44179,27.94892],[-82.44178,27.94893],[-82.44178,27.94893],[-82.44178,27.94894],[-82.44177,27.94895],[-82.44177,27.94896],[-82.44177,27.94897],[-82.44176,27.94898],[-82.44176,27.94899],[-82.44176,27.949],[-82.44176,27.94902],[-82.44176,27.94903],[-82.44176,27.94904],[-82.44176,27.94905],[-82.44176,27.94907],[-82.44176,27.94908],[-82.44176,27.94909],[-82.44176,27.9491],[-82.44176,27.94911],[-82.44176,27.94913],[-82.44176,27.94914],[-82.44176,27.94915],[-82.44176,27.94917],[-82.44176,27.94918],[-82.44176,27.94919],[-82.44176,27.94921],[-82.44176,27.94922],[-82.44176,27.94924],[-82.44176,27.94925],[-82.44176,27.94926],[-82.44175,27.94928],[-82.44175,27.94929],[-82.44175,27.94931],[-82.44175,27.94932],[-82.44174,27.94933],[-82.44174,27.94935],[-82.44174,27.94936],[-82.44174,27.94937],[-82.44173,27.94939],[-82.44173,27.9494],[-82.44172,27.94941],[-82.44172,27.94942],[-82.44172,27.94942],[-82.44171,27.94943],[-82.44171,27.94944],[-82.4417,27.94944],[-82.4417,27.94945],[-82.44169,27.94946],[-82.44169,27.94946],[-82.44168,27.94947],[-82.44167,27.94947],[-82.44167,27.94948],[-82.44166,27.94949],[-82.44166,27.94949],[-82.44165,27.9495],[-82.44164,27.9495],[-82.44164,27.94951],[-82.44163,27.94951],[-82.44162,27.94953],[-82.44161,27.94955],[-82.44159,27.94957],[-82.44158,27.94959],[-82.44157,27.94961],[-82.44156,27.94963],[-82.44155,27.94965],[-82.44154,27.94967],[-82.44153,27.94969],[-82.44152,27.94971],[-82.44151,27.94973],[-82.4415,27.94975],[-82.44149,27.94977],[-82.44148,27.94979],[-82.44147,27.94981],[-82.44146,27.94983],[-82.44146,27.94985],[-82.44145,27.94986],[-82.44145,27.94988],[-82.44144,27.94989],[-82.44144,27.9499],[-82.44143,27.94991],[-82.44143,27.94992],[-82.44143,27.94994],[-82.44142,27.94995],[-82.44142,27.94996],[-82.44142,27.94997],[-82.44141,27.94999],[-82.44141,27.95],[-82.44141,27.95001],[-82.44141,27.95002],[-82.44141,27.95004],[-82.44141,27.95005],[-82.4414,27.95006],[-82.4414,27.95007],[-82.4414,27.95009],[-82.4414,27.9501],[-82.4414,27.95011],[-82.4414,27.95012],[-82.4414,27.95014],[-82.4414,27.95015],[-82.4414,27.95016],[-82.4414,27.95018],[-82.44141,27.95019],[-82.44141,27.9502],[-82.44141,27.95021],[-82.44141,27.95023],[-82.44141,27.95024],[-82.44142,27.95025],[-82.44142,27.95026],[-82.44142,27.95028],[-82.44143,27.95029],[-82.44143,27.9503],[-82.44143,27.95031],[-82.44144,27.95033],[-82.44144,27.95034],[-82.44145,27.95035],[-82.44145,27.95036],[-82.44146,27.95037],[-82.44146,27.95038],[-82.44147,27.95039],[-82.44147,27.9504],[-82.44148,27.95041],[-82.44148,27.95041],[-82.44149,27.95042],[-82.44149,27.95043],[-82.4415,27.95044],[-82.4415,27.95044],[-82.4415,27.95044],[-82.4415,27.95044],[-82.4415,27.95044],[-82.4415,27.95044],[-82.4415,27.95044],[-82.4415,27.95044],[-82.4415,27.95045],[-82.4415,27.95045],[-82.4415,27.95045],[-82.4415,27.95045],[-82.4415,27.95045],[-82.4415,27.95045],[-82.4415,27.95045],[-82.44151,27.95045],[-82.44152,27.95046],[-82.44152,27.95047],[-82.44157,27.95053],[-82.44159,27.95074],[-82.44159,27.9512],[-82.44161,27.95208],[-82.44158,27.95216],[-82.44151,27.95232],[-82.44127,27.95258],[-82.44067,27.95308],[-82.44078,27.95324],[-82.44107,27.95326],[-82.44151,27.95316],[-82.44178,27.95336],[-82.44177,27.95479],[-82.44186,27.95483],[-82.44197,27.95485],[-82.44197,27.95485],[-82.44198,27.95485],[-82.44199,27.95486],[-82.442,27.95486],[-82.44201,27.95486],[-82.44202,27.95487],[-82.44205,27.95487],[-82.44207,27.95486],[-82.44209,27.95487],[-82.44211,27.95487],[-82.44212,27.95487],[-82.44214,27.95487],[-82.44219,27.95487],[-82.44222,27.95488],[-82.44226,27.95488],[-82.44229,27.95489],[-82.44232,27.95489],[-82.44235,27.95489],[-82.44236,27.95489],[-82.44239,27.9549],[-82.44243,27.9549],[-82.44245,27.9549],[-82.4425,27.9549],[-82.44254,27.9549],[-82.44257,27.9549],[-82.4426,27.9549],[-82.44263,27.9549],[-82.44266,27.9549],[-82.44269,27.95491],[-82.44272,27.95492],[-82.44274,27.95493],[-82.44276,27.95493],[-82.44278,27.95494],[-82.44281,27.95495],[-82.44282,27.95495],[-82.44283,27.95495],[-82.44284,27.95496],[-82.44286,27.95496],[-82.44291,27.95497],[-82.44292,27.95497],[-82.44293,27.95496],[-82.44294,27.95496],[-82.44295,27.95495],[-82.44296,27.95494],[-82.44297,27.95493],[-82.44298,27.95493],[-82.44299,27.95492],[-82.443,27.95491],[-82.44301,27.95491],[-82.44301,27.9549],[-82.44302,27.9549],[-82.44307,27.95486],[-82.44313,27.95485],[-82.44348,27.95484],[-82.44349,27.95483],[-82.44353,27.95479],[-82.44355,27.95472],[-82.44358,27.95464],[-82.44361,27.9546],[-82.44362,27.95454],[-82.44362,27.95448],[-82.44362,27.95441],[-82.44363,27.95349],[-82.44366,27.95339],[-82.44367,27.95319],[-82.44367,27.95314],[-82.44367,27.95299],[-82.44364,27.9529],[-82.44357,27.95274],[-82.44352,27.95264],[-82.44343,27.95252],[-82.44343,27.95246],[-82.44343,27.95235],[-82.44347,27.9522],[-82.4435,27.95218],[-82.44354,27.95217],[-82.44361,27.95217],[-82.44367,27.95221],[-82.44449,27.95301],[-82.44509,27.95354],[-82.44512,27.95261],[-82.44424,27.95178],[-82.44353,27.9511],[-82.44349,27.95106],[-82.44348,27.95103],[-82.44347,27.951],[-82.44348,27.95094],[-82.44349,27.95062],[-82.44348,27.9506],[-82.44349,27.95037],[-82.4435,27.95016],[-82.4435,27.95015],[-82.4435,27.94995],[-82.44352,27.94945],[-82.44354,27.94891],[-82.44355,27.94861],[-82.44357,27.94821],[-82.44359,27.94759],[-82.44359,27.94755],[-82.44359,27.94742],[-82.44367,27.94742],[-82.44369,27.9468],[-82.44372,27.94587],[-82.44376,27.94449],[-82.44377,27.94429],[-82.44474,27.94306],[-82.44596,27.94271],[-82.44805,27.94214],[-82.44836,27.94205],[-82.44842,27.94219],[-82.44927,27.942],[-82.44959,27.94196],[-82.44969,27.94182],[-82.44986,27.94174],[-82.45012,27.94168],[-82.45063,27.94152],[-82.45098,27.94144],[-82.4514,27.94132],[-82.45147,27.94129],[-82.45165,27.94126],[-82.4518,27.9412],[-82.45192,27.94119],[-82.45208,27.94119],[-82.4522,27.94114],[-82.45239,27.94105],[-82.45259,27.94102],[-82.45272,27.94098],[-82.45284,27.94089],[-82.4528,27.94081],[-82.45367,27.94057],[-82.45457,27.94031],[-82.4548,27.94024],[-82.45498,27.94019],[-82.45542,27.94036],[-82.4554,27.94042],[-82.45564,27.94052],[-82.45566,27.94051],[-82.45569,27.9405],[-82.45573,27.9405],[-82.45576,27.9405],[-82.45579,27.9405],[-82.45582,27.94051],[-82.45585,27.94052],[-82.45587,27.94053],[-82.45589,27.94054],[-82.45591,27.94055],[-82.45592,27.94057],[-82.45594,27.94059],[-82.45596,27.94061],[-82.45597,27.94064],[-82.45597,27.94066],[-82.45598,27.94069],[-82.4562,27.94078],[-82.45623,27.94069],[-82.45677,27.94091],[-82.45676,27.94094],[-82.45758,27.94126],[-82.4576,27.94123],[-82.45781,27.94132],[-82.45788,27.94134],[-82.45793,27.94137],[-82.45799,27.94142],[-82.45802,27.94147],[-82.45803,27.9415],[-82.45804,27.94153],[-82.45804,27.9416],[-82.45803,27.94165],[-82.45802,27.94168],[-82.458,27.94172],[-82.458,27.94173],[-82.45909,27.94154],[-82.45909,27.94151],[-82.45909,27.94151],[-82.45912,27.94151],[-82.45915,27.9415],[-82.45918,27.94148],[-82.4592,27.94147],[-82.45921,27.94145],[-82.45922,27.94143],[-82.45922,27.9414],[-82.45923,27.9414],[-82.45922,27.94131],[-82.45922,27.94126],[-82.45923,27.94119],[-82.45923,27.94115],[-82.45924,27.94111],[-82.45926,27.94107],[-82.45929,27.94102],[-82.45931,27.94097],[-82.45934,27.94093],[-82.45936,27.9409],[-82.45939,27.94087],[-82.45942,27.94083],[-82.45946,27.9408],[-82.45947,27.94078],[-82.4595,27.94075],[-82.45954,27.94072],[-82.45958,27.94068],[-82.45961,27.94064],[-82.4596,27.94063],[-82.45967,27.94056],[-82.45955,27.94046],[-82.45958,27.94044],[-82.45951,27.94038],[-82.45974,27.94017],[-82.45988,27.94029],[-82.46,27.94018],[-82.46104,27.93921],[-82.46196,27.93835],[-82.46233,27.93824],[-82.46246,27.93823],[-82.46256,27.93821],[-82.46267,27.93817],[-82.46299,27.93803],[-82.46359,27.93777],[-82.46408,27.93755],[-82.4647,27.93727],[-82.46485,27.93718],[-82.46495,27.93714],[-82.46505,27.93709],[-82.46516,27.93703],[-82.46533,27.93692],[-82.46542,27.93687],[-82.46553,27.93679],[-82.46567,27.93669],[-82.4658,27.93658],[-82.46597,27.93644],[-82.4661,27.93632],[-82.46629,27.93612],[-82.46644,27.93596],[-82.46661,27.93579],[-82.46668,27.93573],[-82.46674,27.93566],[-82.46678,27.93562],[-82.46683,27.93553],[-82.46687,27.93546],[-82.46691,27.93539],[-82.46693,27.93534],[-82.46696,27.93527],[-82.46699,27.93521],[-82.467,27.93513],[-82.46702,27.93507],[-82.46703,27.93502],[-82.46704,27.9349],[-82.46705,27.93478],[-82.46706,27.93465],[-82.46707,27.93452],[-82.46708,27.93437],[-82.46709,27.93426],[-82.46712,27.93411],[-82.46716,27.93398],[-82.46721,27.93386],[-82.46728,27.9337],[-82.46737,27.93356],[-82.46745,27.93345],[-82.46757,27.93332],[-82.46764,27.93324],[-82.46773,27.93317],[-82.4678,27.93311],[-82.46785,27.93308],[-82.46796,27.93301],[-82.46805,27.93295],[-82.46818,27.93289],[-82.46826,27.93285],[-82.46837,27.93281],[-82.46848,27.93278],[-82.46858,27.93275],[-82.4686,27.93275],[-82.46868,27.93273],[-82.46884,27.9327],[-82.46897,27.93268],[-82.46914,27.93265],[-82.46936,27.93262],[-82.46947,27.9326],[-82.46959,27.93258],[-82.46977,27.93255],[-82.47001,27.93251],[-82.47022,27.93247],[-82.47044,27.93243],[-82.47066,27.9324],[-82.47096,27.93235],[-82.47117,27.93231],[-82.47137,27.93228],[-82.47158,27.93224],[-82.47181,27.93221],[-82.47206,27.93216],[-82.47226,27.93213],[-82.47242,27.9321],[-82.47252,27.93209],[-82.47268,27.93205],[-82.47281,27.93201],[-82.47292,27.93197],[-82.47304,27.9319],[-82.47315,27.93184],[-82.47324,27.93177],[-82.47334,27.93169],[-82.47346,27.93158],[-82.47354,27.9315],[-82.47374,27.93132],[-82.47401,27.93106],[-82.47425,27.93083],[-82.47457,27.93054],[-82.4748,27.93032],[-82.47495,27.93018],[-82.47522,27.92992],[-82.47544,27.92972],[-82.47565,27.92952],[-82.47592,27.92928],[-82.47628,27.92895],[-82.47635,27.92891],[-82.47637,27.9289],[-82.47639,27.92889],[-82.47641,27.92889],[-82.47643,27.92889],[-82.47646,27.9289],[-82.47648,27.92891],[-82.47663,27.92879],[-82.47677,27.92867],[-82.47694,27.92853],[-82.47709,27.92842],[-82.47734,27.92823],[-82.47758,27.92807],[-82.47777,27.92795],[-82.47806,27.92777],[-82.47833,27.9276],[-82.47885,27.9273],[-82.48121,27.92588],[-82.48207,27.92536],[-82.48268,27.92498],[-82.48394,27.92424],[-82.48495,27.92362],[-82.48588,27.92305],[-82.48621,27.92283],[-82.48647,27.9226],[-82.48652,27.92256],[-82.48666,27.92244],[-82.48677,27.92234],[-82.48679,27.92231],[-82.48704,27.92209],[-82.48717,27.92196],[-82.48754,27.92161],[-82.48835,27.92091],[-82.48914,27.92032],[-82.48917,27.92029],[-82.48958,27.91998],[-82.48993,27.91965],[-82.49022,27.91927],[-82.49025,27.91924],[-82.49042,27.91893],[-82.49057,27.91856],[-82.49073,27.91797],[-82.49103,27.91671],[-82.49119,27.91595],[-82.4912,27.91591],[-82.49121,27.91576],[-82.49122,27.91563],[-82.49123,27.91549],[-82.49124,27.91539],[-82.49124,27.91529],[-82.49123,27.91508],[-82.49122,27.91476],[-82.49121,27.91449],[-82.4912,27.91421],[-82.4912,27.91401],[-82.49119,27.91383],[-82.49119,27.91368],[-82.49118,27.91354],[-82.49117,27.91341],[-82.49115,27.91325],[-82.49114,27.91312],[-82.49112,27.91299],[-82.49109,27.91285],[-82.49106,27.91272],[-82.49105,27.91268],[-82.49101,27.91256],[-82.49097,27.91244],[-82.49094,27.91233],[-82.4909,27.91224],[-82.49086,27.91213],[-82.49081,27.91201],[-82.49077,27.91189],[-82.49072,27.91176],[-82.49068,27.91164],[-82.49063,27.91151],[-82.49057,27.91136],[-82.49052,27.91122],[-82.49044,27.91103],[-82.49039,27.91088],[-82.49031,27.91068],[-82.49023,27.91047],[-82.49016,27.91028],[-82.49011,27.91015],[-82.49008,27.91007],[-82.49,27.90988],[-82.48996,27.90977],[-82.48993,27.90968],[-82.48988,27.90957],[-82.48988,27.90956],[-82.48983,27.90944],[-82.4898,27.90935],[-82.48977,27.90923],[-82.48974,27.90911],[-82.48972,27.90902],[-82.48971,27.90898],[-82.4897,27.90893],[-82.48969,27.90888],[-82.48968,27.90884],[-82.48968,27.9088],[-82.48967,27.90871],[-82.48966,27.90868],[-82.48965,27.90861],[-82.48965,27.90851],[-82.48964,27.90842],[-82.48964,27.90834],[-82.48964,27.90824],[-82.48964,27.90817],[-82.48964,27.90815],[-82.48964,27.90805],[-82.48965,27.90795],[-82.48965,27.90793],[-82.48965,27.90791],[-82.48965,27.90788],[-82.48965,27.90786],[-82.48965,27.90784],[-82.48965,27.90782],[-82.48966,27.90771],[-82.48967,27.90758],[-82.48967,27.90745],[-82.48968,27.90733],[-82.48968,27.90719],[-82.48968,27.90711],[-82.48968,27.90707],[-82.48968,27.90695],[-82.48968,27.90683],[-82.48968,27.90673],[-82.48967,27.9066],[-82.48966,27.90649],[-82.48965,27.90637],[-82.48963,27.90625],[-82.48962,27.90615],[-82.48961,27.90605],[-82.48959,27.90592],[-82.48956,27.90577],[-82.48954,27.90563],[-82.48952,27.9055],[-82.4895,27.90537],[-82.48948,27.90522],[-82.48945,27.90507],[-82.48944,27.90495],[-82.48942,27.90484],[-82.4894,27.90472],[-82.48939,27.9046],[-82.48937,27.90447],[-82.48934,27.90432],[-82.48932,27.90416],[-82.4893,27.90406],[-82.48929,27.90401],[-82.48926,27.90376],[-82.48924,27.90364],[-82.48922,27.90353],[-82.4892,27.90338],[-82.48918,27.90327],[-82.48916,27.90314],[-82.48914,27.90302],[-82.48912,27.90287],[-82.4891,27.90274],[-82.48908,27.9026],[-82.48906,27.90246],[-82.48904,27.90233],[-82.48903,27.90226],[-82.48902,27.90221],[-82.489,27.90199],[-82.48896,27.90159],[-82.48892,27.90115],[-82.48889,27.90082],[-82.48885,27.90043],[-82.48882,27.9001],[-82.48879,27.8997],[-82.48878,27.89967],[-82.48876,27.89945],[-82.48874,27.89921],[-82.48871,27.89902],[-82.48866,27.89879],[-82.48863,27.89862],[-82.48856,27.89829],[-82.48844,27.89779],[-82.48829,27.89717],[-82.48827,27.89707],[-82.48818,27.89667],[-82.4881,27.8963],[-82.48805,27.89616],[-82.488,27.89601],[-82.4879,27.89578],[-82.48779,27.89553],[-82.48756,27.89504],[-82.48743,27.8948],[-82.48735,27.8948],[-82.48724,27.8948],[-82.48719,27.89479],[-82.48712,27.89476],[-82.48705,27.89474],[-82.48696,27.89472],[-82.48689,27.8947],[-82.48683,27.89469],[-82.48674,27.89469],[-82.48664,27.89469],[-82.48652,27.89468],[-82.48606,27.89468],[-82.48589,27.89466],[-82.48584,27.89465],[-82.48578,27.89464],[-82.48572,27.89464],[-82.48561,27.89461],[-82.48559,27.89458],[-82.48559,27.89454],[-82.48564,27.89448],[-82.48581,27.89438],[-82.4859,27.89433],[-82.48584,27.89424],[-82.48574,27.89404],[-82.48569,27.89378],[-82.4857,27.89373],[-82.48573,27.8937],[-82.48573,27.8935],[-82.48573,27.89325],[-82.48566,27.89306],[-82.48564,27.89299],[-82.48571,27.89289],[-82.48571,27.89285],[-82.48571,27.89282],[-82.48569,27.89276],[-82.48564,27.89264],[-82.48559,27.89251],[-82.48552,27.89231],[-82.48542,27.89214],[-82.48526,27.89195],[-82.48515,27.89185],[-82.48495,27.89171],[-82.48478,27.89164],[-82.48465,27.89159],[-82.48456,27.89157],[-82.48438,27.89151],[-82.4842,27.89144],[-82.48395,27.89139],[-82.48385,27.89139],[-82.48379,27.89139],[-82.4837,27.89136],[-82.48363,27.8913],[-82.48361,27.89124],[-82.48344,27.89113],[-82.48335,27.89108],[-82.48327,27.89102],[-82.48302,27.89081],[-82.48292,27.89075],[-82.48236,27.89043],[-82.48201,27.89024],[-82.4816,27.88999],[-82.48155,27.88994],[-82.48132,27.88978],[-82.48116,27.88971],[-82.48103,27.8897],[-82.48072,27.88946],[-82.48058,27.88937],[-82.48053,27.88923],[-82.48057,27.88914],[-82.48068,27.88903],[-82.48078,27.88851],[-82.48074,27.88838],[-82.48063,27.88828],[-82.47979,27.88821],[-82.47946,27.88823],[-82.47915,27.88823],[-82.47901,27.88817],[-82.47894,27.88811],[-82.47891,27.88806],[-82.47889,27.88798],[-82.47889,27.88788],[-82.47891,27.88762],[-82.47892,27.88738],[-82.47895,27.8872],[-82.47908,27.88704],[-82.47917,27.88697],[-82.47936,27.88693],[-82.47952,27.88691],[-82.47965,27.88691],[-82.48073,27.88691],[-82.48088,27.88669],[-82.48097,27.8864],[-82.48103,27.88597],[-82.48102,27.88556],[-82.48096,27.88464],[-82.48089,27.88442],[-82.48082,27.88422],[-82.48079,27.88402],[-82.48081,27.88391],[-82.48084,27.88383],[-82.48121,27.88344],[-82.48138,27.88321],[-82.48148,27.88292],[-82.48159,27.88271],[-82.48169,27.88249],[-82.48175,27.88228],[-82.4818,27.8821],[-82.48184,27.88194],[-82.4819,27.88166],[-82.48195,27.88141],[-82.48184,27.88138],[-82.48174,27.88136],[-82.48147,27.88133],[-82.48124,27.8813],[-82.48121,27.88129],[-82.48119,27.88128],[-82.48117,27.88125],[-82.48117,27.88123],[-82.48119,27.88121],[-82.48121,27.88119],[-82.48129,27.88119],[-82.48165,27.88122],[-82.48168,27.88122],[-82.48171,27.8812],[-82.48173,27.88119],[-82.48175,27.88117],[-82.48177,27.88115],[-82.48178,27.88112],[-82.4818,27.88107],[-82.48181,27.88103],[-82.48181,27.881],[-82.48182,27.88099],[-82.48183,27.88097],[-82.48189,27.88084],[-82.48205,27.88072],[-82.48214,27.88061],[-82.48217,27.8805],[-82.48221,27.88025],[-82.48225,27.88007],[-82.48225,27.88006],[-82.48225,27.88006],[-82.48226,27.88005],[-82.48226,27.88005],[-82.48226,27.88004],[-82.48226,27.88004],[-82.48226,27.88003],[-82.48226,27.88003],[-82.48226,27.88002],[-82.48226,27.88002],[-82.48226,27.88001],[-82.48226,27.88001],[-82.48226,27.88],[-82.48226,27.88],[-82.48226,27.87999],[-82.48226,27.87998],[-82.48226,27.87998],[-82.48226,27.87997],[-82.48226,27.87997],[-82.48226,27.87996],[-82.48226,27.87995],[-82.48226,27.87995],[-82.48226,27.87994],[-82.48226,27.87994],[-82.48226,27.87993],[-82.48226,27.87992],[-82.48225,27.87992],[-82.48225,27.87991],[-82.48225,27.87991],[-82.48225,27.8799],[-82.48224,27.8799],[-82.48224,27.87989],[-82.48223,27.87987],[-82.48221,27.87985],[-82.4822,27.87983],[-82.48218,27.87981],[-82.48218,27.8798],[-82.48218,27.8798],[-82.48218,27.87979],[-82.48218,27.87978],[-82.48217,27.87977],[-82.48217,27.87976],[-82.48217,27.87975],[-82.48217,27.87974],[-82.48217,27.87973],[-82.48217,27.87972],[-82.48217,27.87971],[-82.48217,27.8797],[-82.48217,27.8797],[-82.48217,27.87969],[-82.48217,27.87968],[-82.48216,27.87966],[-82.48215,27.87964],[-82.48214,27.87962],[-82.48213,27.87961],[-82.48212,27.87959],[-82.48211,27.87957],[-82.4821,27.87955],[-82.48209,27.87953],[-82.48208,27.87951],[-82.48207,27.87949],[-82.48207,27.87948],[-82.48206,27.87947],[-82.48205,27.87946],[-82.48205,27.87946],[-82.48204,27.87945],[-82.48204,27.87945],[-82.48203,27.87944],[-82.48202,27.87943],[-82.48202,27.87943],[-82.48201,27.87942],[-82.48201,27.87942],[-82.48201,27.87941],[-82.482,27.8794],[-82.482,27.8794],[-82.482,27.87939],[-82.482,27.87938],[-82.48199,27.87938],[-82.48199,27.87937],[-82.48198,27.87934],[-82.48197,27.8793],[-82.48196,27.87927],[-82.48195,27.87925],[-82.48193,27.87924],[-82.48192,27.87922],[-82.48192,27.8792],[-82.48192,27.87919],[-82.48193,27.87918],[-82.48197,27.87915],[-82.48201,27.87903],[-82.48201,27.87897],[-82.48199,27.87895],[-82.48198,27.87894],[-82.48197,27.87893],[-82.48196,27.87891],[-82.48195,27.8789],[-82.48194,27.87889],[-82.48193,27.87889],[-82.48193,27.87889],[-82.48192,27.87888],[-82.48192,27.87888],[-82.48192,27.87888],[-82.48191,27.87887],[-82.48191,27.87887],[-82.48191,27.87887],[-82.48191,27.87886],[-82.4819,27.87886],[-82.4819,27.87885],[-82.4819,27.87885],[-82.4819,27.87885],[-82.4819,27.87884],[-82.48189,27.87884],[-82.48189,27.87883],[-82.48189,27.87883],[-82.48189,27.87883],[-82.48189,27.87882],[-82.48189,27.87882],[-82.48189,27.87881],[-82.48189,27.87881],[-82.48189,27.87881],[-82.48189,27.8788],[-82.48189,27.8788],[-82.48189,27.87879],[-82.48189,27.87879],[-82.48189,27.87878],[-82.48189,27.87878],[-82.48188,27.87878],[-82.48188,27.87877],[-82.48188,27.87877],[-82.48188,27.87876],[-82.48188,27.87876],[-82.48188,27.87876],[-82.48189,27.87875],[-82.48189,27.87875],[-82.48189,27.87875],[-82.48189,27.87874],[-82.4819,27.87873],[-82.4819,27.87872],[-82.48191,27.87871],[-82.48191,27.8787],[-82.48192,27.87869],[-82.48192,27.87868],[-82.48194,27.87865],[-82.48196,27.87863],[-82.48197,27.8786],[-82.48199,27.87856],[-82.482,27.87855],[-82.48201,27.87854],[-82.48202,27.87852],[-82.48203,27.87851],[-82.48203,27.87849],[-82.48204,27.87848],[-82.48205,27.87847],[-82.48206,27.87845],[-82.48206,27.87844],[-82.48207,27.87842],[-82.48207,27.87841],[-82.48208,27.8784],[-82.48209,27.87838],[-82.48209,27.87837],[-82.4821,27.87835],[-82.48211,27.8783],[-82.48214,27.87826],[-82.48218,27.87821],[-82.48222,27.87814],[-82.48222,27.87813],[-82.48223,27.87812],[-82.48223,27.8781],[-82.48224,27.87809],[-82.48225,27.87807],[-82.48228,27.87805],[-82.48232,27.87802],[-82.48236,27.87798],[-82.48241,27.87797],[-82.4825,27.87796],[-82.48254,27.87796],[-82.48258,27.87796],[-82.48262,27.87797],[-82.48263,27.87796],[-82.48264,27.87796],[-82.48265,27.87796],[-82.48266,27.87796],[-82.48267,27.87795],[-82.48268,27.87795],[-82.48269,27.87795],[-82.4827,27.87794],[-82.48271,27.87794],[-82.48272,27.87793],[-82.48286,27.87786],[-82.48293,27.87782],[-82.48296,27.87779],[-82.48305,27.87772],[-82.48346,27.8775],[-82.48349,27.8775],[-82.48351,27.8775],[-82.48403,27.87761],[-82.48406,27.87762],[-82.48408,27.87762],[-82.48411,27.87761],[-82.48426,27.8775],[-82.48453,27.87724],[-82.48487,27.87687],[-82.48505,27.87664],[-82.48523,27.87629],[-82.48529,27.8762],[-82.48536,27.87607],[-82.48539,27.87603],[-82.4854,27.87599],[-82.48543,27.87587],[-82.48545,27.87578],[-82.48547,27.87571],[-82.48549,27.87563],[-82.48557,27.87548],[-82.48559,27.87546],[-82.48566,27.87542],[-82.48574,27.87539],[-82.48584,27.87532],[-82.48588,27.87531],[-82.4859,27.8753],[-82.48605,27.87524],[-82.48612,27.87522],[-82.48619,27.8752],[-82.48622,27.87519],[-82.48624,27.87517],[-82.48629,27.87512],[-82.48632,27.8751],[-82.48638,27.87503],[-82.48639,27.87503],[-82.48639,27.87502],[-82.4864,27.87501],[-82.48641,27.87501],[-82.48641,27.875],[-82.48642,27.87499],[-82.48643,27.87499],[-82.48644,27.87498],[-82.48644,27.87498],[-82.48645,27.87497],[-82.48646,27.87497],[-82.48647,27.87496],[-82.48648,27.87496],[-82.48648,27.87495],[-82.48649,27.87495],[-82.4865,27.87494],[-82.48651,27.87494],[-82.48652,27.87494],[-82.48653,27.87493],[-82.48654,27.87493],[-82.48655,27.87493],[-82.48655,27.87492],[-82.48658,27.8749],[-82.48662,27.87485],[-82.48667,27.87479],[-82.48671,27.87472],[-82.48677,27.87466],[-82.48679,27.87465],[-82.4868,27.87464],[-82.48681,27.87462],[-82.48682,27.87461],[-82.48684,27.8746],[-82.48685,27.87459],[-82.48686,27.87458],[-82.48688,27.87458],[-82.48689,27.87457],[-82.4869,27.87456],[-82.48692,27.87455],[-82.48693,27.87454],[-82.48702,27.87443],[-82.48707,27.87433],[-82.48714,27.87424],[-82.4872,27.87416],[-82.48724,27.87412],[-82.48725,27.87411],[-82.48726,27.8741],[-82.48727,27.87409],[-82.48728,27.87409],[-82.48728,27.87408],[-82.48729,27.87407],[-82.4873,27.87406],[-82.48731,27.87405],[-82.48731,27.87404],[-82.48732,27.87403],[-82.48733,27.87402],[-82.48733,27.87401],[-82.48734,27.874],[-82.48735,27.87399],[-82.48735,27.87398],[-82.48737,27.87393],[-82.48743,27.87382],[-82.48751,27.87368],[-82.48755,27.8736],[-82.48755,27.87359],[-82.48756,27.87359],[-82.48756,27.87358],[-82.48757,27.87358],[-82.48757,27.87357],[-82.48758,27.87356],[-82.48758,27.87356],[-82.48759,27.87355],[-82.48759,27.87355],[-82.48759,27.87354],[-82.4876,27.87354],[-82.4876,27.87353],[-82.48761,27.87352],[-82.48761,27.87352],[-82.48761,27.87351],[-82.48761,27.8735],[-82.48762,27.8735],[-82.48762,27.87349],[-82.48762,27.87348],[-82.48762,27.87348],[-82.48762,27.87347],[-82.48763,27.87346],[-82.48765,27.87336],[-82.48767,27.87328],[-82.48767,27.87327],[-82.48767,27.87326],[-82.48767,27.87325],[-82.48767,27.87324],[-82.48768,27.87323],[-82.48768,27.87322],[-82.48768,27.87322],[-82.48768,27.87321],[-82.48768,27.8732],[-82.48769,27.87319],[-82.48769,27.87318],[-82.48769,27.87317],[-82.4877,27.87316],[-82.48773,27.8731],[-82.48775,27.87306],[-82.48776,27.87303],[-82.48776,27.87302],[-82.48776,27.87301],[-82.48776,27.87301],[-82.48776,27.873],[-82.48776,27.87299],[-82.48776,27.87299],[-82.48776,27.87298],[-82.48776,27.87297],[-82.48776,27.87297],[-82.48776,27.87296],[-82.48776,27.87295],[-82.48776,27.87295],[-82.48776,27.87294],[-82.48776,27.87293],[-82.48777,27.87293],[-82.48777,27.87292],[-82.48777,27.87292],[-82.48777,27.87291],[-82.48778,27.8729],[-82.48778,27.8729],[-82.48778,27.87289],[-82.48779,27.87289],[-82.48779,27.87288],[-82.4878,27.87287],[-82.4878,27.87287],[-82.4878,27.87286],[-82.48781,27.87286],[-82.48781,27.87285],[-82.48782,27.87285],[-82.48782,27.87284],[-82.48783,27.87284],[-82.48783,27.87284],[-82.48784,27.87283],[-82.48784,27.87283],[-82.48785,27.87283],[-82.48785,27.87283],[-82.48786,27.87282],[-82.48786,27.87282],[-82.48787,27.87282],[-82.48787,27.87282],[-82.48787,27.87281],[-82.48788,27.87281],[-82.48788,27.87281],[-82.48788,27.8728],[-82.48789,27.8728],[-82.48789,27.8728],[-82.48789,27.87279],[-82.48789,27.87279],[-82.4879,27.87278],[-82.4879,27.87278],[-82.4879,27.87278],[-82.4879,27.87277],[-82.4879,27.87277],[-82.4879,27.87276],[-82.4879,27.87276],[-82.48791,27.87275],[-82.48791,27.87275],[-82.48791,27.87275],[-82.48791,27.87274],[-82.48791,27.87274],[-82.4879,27.87273],[-82.4879,27.87272],[-82.4879,27.87271],[-82.4879,27.8727],[-82.4879,27.87269],[-82.4879,27.87268],[-82.4879,27.87267],[-82.48789,27.87267],[-82.48789,27.87266],[-82.48789,27.87265],[-82.48789,27.87264],[-82.48788,27.87263],[-82.48788,27.87262],[-82.48788,27.87261],[-82.48787,27.8726],[-82.48787,27.87259],[-82.48786,27.87258],[-82.48786,27.87257],[-82.48786,27.87257],[-82.48785,27.87256],[-82.48784,27.87255],[-82.48784,27.87254],[-82.48783,27.87253],[-82.48783,27.87252],[-82.48782,27.87252],[-82.48782,27.87251],[-82.48781,27.8725],[-82.4878,27.87249],[-82.4878,27.87248],[-82.48779,27.87248],[-82.48778,27.87247],[-82.48777,27.87246],[-82.48777,27.87246],[-82.48777,27.87246],[-82.48777,27.87246],[-82.48776,27.87246],[-82.48776,27.87245],[-82.48776,27.87245],[-82.48776,27.87245],[-82.48776,27.87245],[-82.48776,27.87244],[-82.48775,27.87244],[-82.48775,27.87244],[-82.48775,27.87243],[-82.48775,27.87243],[-82.48775,27.87243],[-82.48775,27.87242],[-82.48775,27.87242],[-82.48776,27.87242],[-82.48776,27.87242],[-82.48776,27.87241],[-82.48776,27.87241],[-82.48776,27.87241],[-82.48776,27.8724],[-82.48778,27.87234],[-82.48787,27.87227],[-82.48788,27.87225],[-82.4879,27.87215],[-82.4879,27.87215],[-82.4879,27.87214],[-82.4879,27.87214],[-82.48789,27.87213],[-82.48789,27.87213],[-82.48789,27.87213],[-82.48789,27.87212],[-82.48788,27.87212],[-82.48788,27.87211],[-82.48788,27.87211],[-82.48788,27.87211],[-82.48788,27.8721],[-82.48788,27.8721],[-82.48788,27.87209],[-82.48788,27.87209],[-82.48788,27.87208],[-82.48788,27.87208],[-82.48788,27.87207],[-82.48788,27.87207],[-82.48788,27.87206],[-82.48788,27.87206],[-82.48788,27.87205],[-82.48788,27.87205],[-82.48789,27.87205],[-82.48789,27.87204],[-82.48789,27.87204],[-82.48789,27.87203],[-82.4879,27.87203],[-82.4879,27.87203],[-82.4879,27.87202],[-82.48791,27.87202],[-82.48791,27.87202],[-82.48791,27.87201],[-82.48792,27.87201],[-82.48792,27.87201],[-82.48805,27.87184],[-82.48807,27.87184],[-82.48808,27.87183],[-82.48809,27.87182],[-82.4881,27.87181],[-82.48811,27.87181],[-82.48811,27.8718],[-82.48812,27.87179],[-82.48813,27.87178],[-82.48814,27.87177],[-82.48815,27.87176],[-82.48816,27.87175],[-82.48816,27.87175],[-82.48817,27.87174],[-82.48818,27.87173],[-82.48819,27.87172],[-82.48819,27.87171],[-82.4882,27.8717],[-82.48821,27.87169],[-82.48821,27.87168],[-82.48822,27.87167],[-82.48822,27.87166],[-82.48823,27.87165],[-82.48823,27.87164],[-82.48825,27.87159],[-82.48824,27.87158],[-82.48822,27.87155],[-82.48818,27.87151],[-82.48816,27.87146],[-82.48814,27.87141],[-82.48814,27.87137],[-82.48815,27.8713],[-82.48815,27.87129],[-82.48815,27.87129],[-82.48817,27.87114],[-82.48835,27.87072],[-82.48837,27.8707],[-82.48848,27.87063],[-82.4885,27.87061],[-82.48852,27.87057],[-82.48866,27.86995],[-82.48864,27.86982],[-82.48861,27.86979],[-82.48857,27.86976],[-82.48854,27.86972],[-82.48853,27.86968],[-82.48853,27.86964],[-82.48853,27.86955],[-82.48855,27.86946],[-82.48859,27.86937],[-82.4886,27.86934],[-82.48863,27.86932],[-82.48885,27.86926],[-82.48887,27.86925],[-82.48888,27.86924],[-82.48888,27.86919],[-82.48889,27.86909],[-82.48888,27.86902],[-82.48888,27.86902],[-82.48887,27.86902],[-82.48887,27.86901],[-82.48887,27.86901],[-82.48887,27.869],[-82.48887,27.869],[-82.48887,27.86899],[-82.48887,27.86899],[-82.48887,27.86898],[-82.48887,27.86898],[-82.48887,27.86898],[-82.48887,27.86897],[-82.48887,27.86897],[-82.48887,27.86896],[-82.48887,27.86896],[-82.48888,27.86895],[-82.48887,27.8689],[-82.48887,27.86887],[-82.48889,27.86876],[-82.48897,27.86826],[-82.48898,27.86816],[-82.48894,27.86789],[-82.48888,27.86771],[-82.48883,27.86768],[-82.48879,27.86765],[-82.48876,27.86756],[-82.48874,27.8675],[-82.48872,27.86741],[-82.48867,27.86718],[-82.48865,27.8671],[-82.48865,27.867],[-82.48863,27.86689],[-82.48864,27.86685],[-82.48868,27.86679],[-82.48872,27.86675],[-82.48876,27.86672],[-82.4888,27.86671],[-82.48883,27.86669],[-82.48884,27.86667],[-82.48884,27.8664],[-82.4888,27.86602],[-82.48875,27.86581],[-82.48866,27.86547],[-82.48862,27.86531],[-82.48859,27.86518],[-82.48857,27.86507],[-82.48856,27.865],[-82.48854,27.86491],[-82.48849,27.86479],[-82.48845,27.86466],[-82.48842,27.86453],[-82.48839,27.8644],[-82.48837,27.86432],[-82.48834,27.86421],[-82.4883,27.86411],[-82.48826,27.86403],[-82.4882,27.86393],[-82.48814,27.86385],[-82.4881,27.8638],[-82.48806,27.86374],[-82.48803,27.86369],[-82.48799,27.86363],[-82.48796,27.86357],[-82.48794,27.86351],[-82.48791,27.86345],[-82.48788,27.86339],[-82.48788,27.86336],[-82.48788,27.86332],[-82.48791,27.86327],[-82.48795,27.86322],[-82.488,27.86317],[-82.48806,27.86312],[-82.48808,27.8631],[-82.48806,27.86307],[-82.48802,27.86307],[-82.48796,27.86306],[-82.48792,27.86304],[-82.48788,27.86302],[-82.48785,27.86299],[-82.4878,27.86295],[-82.48776,27.8629],[-82.48771,27.86282],[-82.48767,27.86274],[-82.48764,27.86266],[-82.48761,27.86257],[-82.48759,27.86249],[-82.48756,27.86243],[-82.48751,27.86237],[-82.48748,27.86232],[-82.48744,27.86226],[-82.48741,27.86216],[-82.48737,27.86206],[-82.48734,27.862],[-82.48731,27.86191],[-82.48725,27.86181],[-82.48723,27.86176],[-82.48721,27.86165],[-82.48716,27.8615],[-82.48711,27.86136],[-82.48698,27.86117],[-82.48684,27.86103],[-82.4868,27.86101],[-82.48668,27.86099],[-82.48659,27.86089],[-82.48653,27.86082],[-82.48641,27.86062],[-82.48626,27.86042],[-82.48626,27.86036],[-82.48626,27.86028],[-82.48626,27.86026],[-82.48623,27.86021],[-82.4862,27.86019],[-82.48611,27.86005],[-82.48592,27.85969],[-82.48587,27.85957],[-82.48583,27.85949],[-82.48563,27.85924],[-82.48548,27.859],[-82.48535,27.85882],[-82.48533,27.85875],[-82.48534,27.85871],[-82.48537,27.85866],[-82.48543,27.8586],[-82.4854,27.85857],[-82.48523,27.85864],[-82.48517,27.85865],[-82.48512,27.85865],[-82.48503,27.85862],[-82.48495,27.85852],[-82.4849,27.85846],[-82.48475,27.85834],[-82.48459,27.85828],[-82.4845,27.85823],[-82.48434,27.85817],[-82.48427,27.85812],[-82.48419,27.85804],[-82.48397,27.85772],[-82.48368,27.8573],[-82.4833,27.85679],[-82.48298,27.85644],[-82.48269,27.85614],[-82.48247,27.85601],[-82.48229,27.85594],[-82.48226,27.85592],[-82.4818,27.85533],[-82.48155,27.855],[-82.48092,27.85538],[-82.48081,27.85541],[-82.48078,27.85542],[-82.48075,27.85542],[-82.48063,27.85537],[-82.48059,27.85536],[-82.48057,27.85537],[-82.4804,27.85549],[-82.48032,27.85553],[-82.48029,27.85553],[-82.48027,27.85552],[-82.48026,27.85549],[-82.48027,27.85546],[-82.48064,27.8552],[-82.48065,27.85518],[-82.48066,27.85516],[-82.48066,27.85513],[-82.48067,27.8551],[-82.48075,27.85498],[-82.48076,27.85494],[-82.48078,27.85473],[-82.4808,27.85467],[-82.48081,27.85461],[-82.48081,27.85455],[-82.4808,27.85448],[-82.48078,27.85442],[-82.48043,27.85379],[-82.48016,27.85337],[-82.47966,27.85269],[-82.47947,27.85251],[-82.47882,27.852],[-82.4784,27.85177],[-82.47803,27.8515],[-82.47768,27.85134],[-82.4774,27.85127],[-82.47706,27.85115],[-82.47641,27.85095],[-82.47515,27.84993],[-82.47481,27.84968],[-82.47353,27.84867],[-82.4729,27.84808],[-82.47266,27.84784],[-82.47198,27.84728],[-82.47179,27.84721],[-82.47163,27.84711],[-82.47087,27.8463],[-82.47066,27.84602],[-82.47029,27.84559],[-82.46999,27.84509],[-82.46987,27.84477],[-82.46988,27.8446],[-82.46965,27.84361],[-82.46957,27.84318],[-82.4695,27.8428],[-82.46943,27.84232],[-82.4694,27.84141],[-82.46939,27.84122],[-82.46922,27.84081],[-82.46922,27.84062],[-82.4693,27.83984],[-82.46929,27.83948],[-82.46928,27.83887],[-82.46929,27.83833],[-82.4693,27.83822],[-82.46932,27.83815],[-82.46933,27.83808],[-82.46939,27.83745],[-82.46994,27.83507],[-82.47008,27.83477],[-82.47014,27.83456],[-82.47036,27.83408],[-82.47046,27.83382],[-82.47058,27.83354],[-82.47081,27.83287],[-82.47091,27.83245],[-82.47093,27.83213],[-82.47089,27.83192],[-82.47078,27.83183],[-82.47068,27.83178],[-82.47063,27.83173],[-82.47059,27.83164],[-82.4706,27.83155],[-82.47063,27.83149],[-82.4707,27.83142],[-82.47079,27.83106],[-82.47086,27.83091],[-82.4709,27.83078],[-82.47093,27.83064],[-82.47094,27.83051],[-82.47098,27.8304],[-82.47104,27.83028],[-82.47147,27.82963],[-82.47163,27.82937],[-82.47166,27.82899],[-82.47161,27.82863],[-82.47159,27.82846],[-82.47158,27.82796],[-82.47163,27.82781],[-82.47167,27.82775],[-82.47172,27.82771],[-82.47177,27.82766],[-82.4718,27.82761],[-82.47182,27.82755],[-82.47182,27.8275],[-82.47179,27.82741],[-82.47179,27.82732],[-82.4718,27.82722],[-82.47185,27.8271],[-82.47199,27.82661],[-82.472,27.82644],[-82.47202,27.82634],[-82.47205,27.82623],[-82.47209,27.82608],[-82.47215,27.82583],[-82.47221,27.82556],[-82.47255,27.82308],[-82.47269,27.82276],[-82.4728,27.82245],[-82.47308,27.82223],[-82.47316,27.82217],[-82.47325,27.82208],[-82.47329,27.82206],[-82.47334,27.82205],[-82.47339,27.82204],[-82.47349,27.82198],[-82.47357,27.82193],[-82.47359,27.82191],[-82.47379,27.82176],[-82.47397,27.8217],[-82.47412,27.82167],[-82.47427,27.82164],[-82.47447,27.82161],[-82.47462,27.82156],[-82.47469,27.82155],[-82.47496,27.82146],[-82.47525,27.8214],[-82.47541,27.82136],[-82.47555,27.82134],[-82.47575,27.82137],[-82.47589,27.8214],[-82.47603,27.82142],[-82.47624,27.8214],[-82.4765,27.82141],[-82.47669,27.82144],[-82.47687,27.82144],[-82.47706,27.82144],[-82.47717,27.82144],[-82.47734,27.82142],[-82.4775,27.82141],[-82.47771,27.82143],[-82.4779,27.82147],[-82.47806,27.82149],[-82.47825,27.82153],[-82.47845,27.82156],[-82.47874,27.82155],[-82.47913,27.82154],[-82.47978,27.82161],[-82.48027,27.82159],[-82.48031,27.82156],[-82.48035,27.82148],[-82.48046,27.82142],[-82.48052,27.82142],[-82.48059,27.82141],[-82.48068,27.8214],[-82.48076,27.82139],[-82.48111,27.82132],[-82.48123,27.82128],[-82.48137,27.82127],[-82.48143,27.82127],[-82.48147,27.82127],[-82.48155,27.82131],[-82.48159,27.82142],[-82.48168,27.82152],[-82.48182,27.82171],[-82.48195,27.82177],[-82.48216,27.8219],[-82.48225,27.82196],[-82.48244,27.82196],[-82.48258,27.82194],[-82.48289,27.8219],[-82.48295,27.82192],[-82.4831,27.82191],[-82.48322,27.82188],[-82.48339,27.82187],[-82.48351,27.82185],[-82.4836,27.82179],[-82.48367,27.82171],[-82.48358,27.82123],[-82.48359,27.82113],[-82.48364,27.82105],[-82.4837,27.82103],[-82.48375,27.82104],[-82.48378,27.82107],[-82.48382,27.82129],[-82.48386,27.82146],[-82.48397,27.82198],[-82.484,27.82204],[-82.48402,27.82211],[-82.48424,27.82212],[-82.48439,27.82212],[-82.48448,27.82205],[-82.48452,27.82197],[-82.48454,27.82192],[-82.48454,27.82184],[-82.48452,27.82177],[-82.48445,27.82169],[-82.4844,27.82161],[-82.4844,27.82155],[-82.4845,27.82143],[-82.48453,27.82139],[-82.48458,27.82138],[-82.48462,27.82139],[-82.48468,27.82145],[-82.4847,27.82159],[-82.48468,27.8217],[-82.4847,27.82176],[-82.48473,27.82179],[-82.48482,27.82183],[-82.48496,27.82187],[-82.4851,27.8219],[-82.48531,27.82196],[-82.48552,27.82201],[-82.48603,27.82211],[-82.48671,27.82229],[-82.48747,27.82258],[-82.48755,27.82271],[-82.48761,27.8228],[-82.48779,27.82283],[-82.48791,27.82282],[-82.48809,27.82278],[-82.48853,27.82276],[-82.48891,27.82262],[-82.48913,27.82262],[-82.48962,27.82264],[-82.4897,27.82271],[-82.48976,27.82285],[-82.48985,27.82304],[-82.48982,27.82315],[-82.49123,27.82378],[-82.4917,27.82383],[-82.49259,27.82416],[-82.49461,27.82482],[-82.49474,27.82469],[-82.4949,27.82465],[-82.49507,27.8246],[-82.49526,27.82465],[-82.49544,27.8248],[-82.49565,27.82474],[-82.4958,27.82439],[-82.49597,27.82425],[-82.49613,27.8242],[-82.49658,27.82423],[-82.49674,27.82428],[-82.49688,27.8244],[-82.49693,27.82457],[-82.49695,27.8247],[-82.49721,27.82482],[-82.49748,27.82482],[-82.49794,27.82477],[-82.4982,27.82472],[-82.49883,27.82467],[-82.49905,27.82466],[-82.50053,27.82535],[-82.50136,27.82557],[-82.50196,27.82577],[-82.50425,27.82632],[-82.50455,27.82643],[-82.5047,27.82663],[-82.50556,27.82685],[-82.50577,27.82667],[-82.50596,27.8268],[-82.50614,27.82675],[-82.50619,27.82686],[-82.50642,27.82696],[-82.50681,27.82706],[-82.50688,27.82704],[-82.50693,27.82693],[-82.50695,27.82691],[-82.50699,27.82692],[-82.50709,27.827],[-82.5073,27.82698],[-82.50739,27.82692],[-82.50751,27.8268],[-82.50767,27.82689],[-82.50781,27.8272],[-82.50797,27.8272],[-82.50808,27.82734],[-82.50828,27.82718],[-82.50842,27.82724],[-82.50859,27.82745],[-82.50867,27.82771],[-82.50864,27.82783],[-82.50871,27.82788],[-82.50883,27.82795],[-82.50894,27.82806],[-82.50899,27.82805],[-82.50912,27.828],[-82.50924,27.82796],[-82.50939,27.82797],[-82.50958,27.82799],[-82.50974,27.828],[-82.50997,27.82797],[-82.51018,27.82794],[-82.51046,27.82793],[-82.51088,27.82801],[-82.51111,27.82809],[-82.51142,27.82826],[-82.51164,27.8284],[-82.51183,27.82861],[-82.51218,27.82873],[-82.51259,27.82889],[-82.51268,27.82941],[-82.51276,27.82944],[-82.51287,27.82947],[-82.51304,27.82932],[-82.51326,27.82923],[-82.51343,27.82926],[-82.51345,27.82935],[-82.51334,27.82947],[-82.51346,27.82952],[-82.51371,27.82947],[-82.51386,27.82957],[-82.51391,27.82979],[-82.51422,27.82976],[-82.51437,27.82987],[-82.51451,27.8299],[-82.51462,27.82992],[-82.51475,27.83007],[-82.51486,27.83011],[-82.51517,27.83005],[-82.5155,27.83004],[-82.5156,27.83014],[-82.51571,27.83045],[-82.51576,27.83055],[-82.51595,27.83059],[-82.51625,27.83057],[-82.5165,27.83053],[-82.51667,27.8305],[-82.51674,27.83054],[-82.51669,27.83072],[-82.51686,27.83071],[-82.51699,27.83077],[-82.51713,27.83077],[-82.51739,27.83089],[-82.51756,27.83092],[-82.51776,27.83111],[-82.51782,27.83122],[-82.5179,27.83126],[-82.5185,27.83118],[-82.5185,27.83118],[-82.51867,27.83116],[-82.51882,27.83119],[-82.51892,27.83116],[-82.519,27.83119],[-82.51906,27.83129],[-82.51909,27.83143],[-82.51922,27.83157],[-82.51923,27.83167],[-82.51925,27.83167],[-82.5195,27.83163],[-82.5195,27.83163],[-82.5195,27.83164],[-82.5195,27.83164],[-82.5195,27.83165],[-82.5195,27.83166],[-82.5195,27.83166],[-82.5195,27.83167],[-82.5195,27.83168],[-82.5195,27.83168],[-82.5195,27.83169],[-82.5195,27.83169],[-82.5195,27.8317],[-82.51951,27.8317],[-82.51951,27.83171],[-82.51951,27.83171],[-82.51951,27.83172],[-82.51952,27.83172],[-82.51952,27.83172],[-82.51952,27.83172],[-82.51953,27.83172],[-82.51953,27.83172],[-82.51954,27.83173],[-82.51954,27.83173],[-82.51954,27.83173],[-82.51955,27.83173],[-82.51955,27.83173],[-82.51956,27.83173],[-82.51956,27.83172],[-82.51957,27.83172],[-82.51957,27.83172],[-82.51957,27.83172],[-82.51958,27.83172],[-82.51958,27.83171],[-82.51958,27.83171],[-82.51958,27.83171],[-82.51958,27.83171],[-82.51958,27.83171],[-82.51958,27.8317],[-82.51959,27.8317],[-82.51959,27.83169],[-82.51959,27.83169],[-82.5196,27.83168],[-82.5196,27.83168],[-82.5196,27.83167],[-82.5196,27.83167],[-82.51961,27.83166],[-82.51961,27.83166],[-82.51961,27.83165],[-82.51962,27.83164],[-82.51962,27.83164],[-82.51962,27.83163],[-82.51962,27.83162],[-82.51963,27.83162],[-82.51963,27.83161],[-82.51963,27.8316],[-82.51964,27.83159],[-82.51964,27.83159],[-82.51975,27.83146],[-82.51975,27.83146],[-82.51975,27.83146],[-82.51989,27.83143],[-82.51989,27.83143],[-82.5199,27.83143],[-82.51995,27.83144],[-82.51995,27.83144],[-82.51997,27.83144],[-82.51998,27.83145],[-82.52,27.83145],[-82.52001,27.83145],[-82.52003,27.83146],[-82.52004,27.83146],[-82.52005,27.83146],[-82.52005,27.83146],[-82.52006,27.83146],[-82.52007,27.83146],[-82.52008,27.83146],[-82.52008,27.83146],[-82.52009,27.83146],[-82.5201,27.83146],[-82.5201,27.83146],[-82.52011,27.83146],[-82.52012,27.83146],[-82.52014,27.83146],[-82.5203,27.83157],[-82.5203,27.83157],[-82.5203,27.83157],[-82.52036,27.83168],[-82.52036,27.83168],[-82.52037,27.83169],[-82.52037,27.83169],[-82.52038,27.8317],[-82.52038,27.83171],[-82.52038,27.83171],[-82.52039,27.83171],[-82.52039,27.83172],[-82.5204,27.83172],[-82.5204,27.83172],[-82.5204,27.83172],[-82.52041,27.83172],[-82.52041,27.83172],[-82.52042,27.83172],[-82.52043,27.83172],[-82.52043,27.83172],[-82.52044,27.83172],[-82.52045,27.83172],[-82.52045,27.83172],[-82.52048,27.83173],[-82.52054,27.83176],[-82.52054,27.83176],[-82.52055,27.83176],[-82.52056,27.83177],[-82.52057,27.83178],[-82.52058,27.83178],[-82.52059,27.83179],[-82.52061,27.83179],[-82.52062,27.8318],[-82.52063,27.8318],[-82.52064,27.83181],[-82.52065,27.83181],[-82.52066,27.83182],[-82.52067,27.83182],[-82.52068,27.83183],[-82.52068,27.83183],[-82.52073,27.83187],[-82.52073,27.83188],[-82.52073,27.83188],[-82.52074,27.83189],[-82.52074,27.83189],[-82.52075,27.8319],[-82.52075,27.83191],[-82.52076,27.83191],[-82.52076,27.83192],[-82.52077,27.83192],[-82.52078,27.83193],[-82.52079,27.83193],[-82.5208,27.83193],[-82.5208,27.83193],[-82.52163,27.83216],[-82.52192,27.83264],[-82.52209,27.8328],[-82.52227,27.83288],[-82.52253,27.83286],[-82.52268,27.83302],[-82.52286,27.83313],[-82.52295,27.83318],[-82.52316,27.83326],[-82.52332,27.8333],[-82.52352,27.8333],[-82.52363,27.83334],[-82.52357,27.83346],[-82.52362,27.83355],[-82.52375,27.83373],[-82.52392,27.83371],[-82.52392,27.83371],[-82.52393,27.83371],[-82.52393,27.83371],[-82.52393,27.83372],[-82.52394,27.83372],[-82.52394,27.83372],[-82.52395,27.83372],[-82.52395,27.83372],[-82.52396,27.83372],[-82.52396,27.83372],[-82.52396,27.83372],[-82.52397,27.83371],[-82.52397,27.83371],[-82.52398,27.83371],[-82.52398,27.83371],[-82.52398,27.8337],[-82.52411,27.8338],[-82.52425,27.83386],[-82.52448,27.8339],[-82.52482,27.83396],[-82.52506,27.83401],[-82.52533,27.83403],[-82.5255,27.83399],[-82.52563,27.83396],[-82.52574,27.83409],[-82.5261,27.8343],[-82.52646,27.83453],[-82.52654,27.83481],[-82.52671,27.83509],[-82.52673,27.83523],[-82.52682,27.83532],[-82.52693,27.83538],[-82.52739,27.83541],[-82.52766,27.83553],[-82.52777,27.83563],[-82.52791,27.83576],[-82.52807,27.83588],[-82.52818,27.836],[-82.52829,27.83613],[-82.52844,27.83623],[-82.52855,27.83638],[-82.52869,27.83657],[-82.52889,27.83662],[-82.52906,27.83663],[-82.52919,27.83659],[-82.52933,27.8365],[-82.52981,27.836],[-82.52998,27.8358],[-82.53085,27.83525],[-82.53087,27.83525],[-82.53089,27.83523],[-82.53092,27.83522],[-82.53094,27.8352],[-82.53096,27.83519],[-82.53098,27.83517],[-82.531,27.83516],[-82.53102,27.83515],[-82.53104,27.83514],[-82.53105,27.83513],[-82.53106,27.83512],[-82.53107,27.83512],[-82.53108,27.83511],[-82.53109,27.8351],[-82.5311,27.8351],[-82.5311,27.83509],[-82.53111,27.83508],[-82.53112,27.83507],[-82.53113,27.83506],[-82.53114,27.83505],[-82.53121,27.83497],[-82.53133,27.83483],[-82.53147,27.83469],[-82.53159,27.83457],[-82.53171,27.83445],[-82.53186,27.83436],[-82.53196,27.83426],[-82.53202,27.83419],[-82.53211,27.8341],[-82.53215,27.83406],[-82.53218,27.83402],[-82.53227,27.83391],[-82.53238,27.83379],[-82.53241,27.83377],[-82.53248,27.83369],[-82.5325,27.83367],[-82.53257,27.83359],[-82.53259,27.83357],[-82.53262,27.83354],[-82.53264,27.83352],[-82.53266,27.8335],[-82.53268,27.83348],[-82.5327,27.83345],[-82.53272,27.83343],[-82.53275,27.83341],[-82.53277,27.83339],[-82.53279,27.83337],[-82.53281,27.83335],[-82.53283,27.83333],[-82.53285,27.83331],[-82.53287,27.83329],[-82.53289,27.83327],[-82.53291,27.83325],[-82.53294,27.83323],[-82.53296,27.8332],[-82.53298,27.83318],[-82.53301,27.83316],[-82.53303,27.83313],[-82.53306,27.83311],[-82.53308,27.83309],[-82.5331,27.83307],[-82.53313,27.83305],[-82.53315,27.83303],[-82.53317,27.83301],[-82.5332,27.83299],[-82.53322,27.83298],[-82.53324,27.83296],[-82.53326,27.83295],[-82.53328,27.83294],[-82.5333,27.83293],[-82.53332,27.83292],[-82.53334,27.83291],[-82.53336,27.8329],[-82.53339,27.83289],[-82.53342,27.83288],[-82.53351,27.83288],[-82.53357,27.83292],[-82.53367,27.83288],[-82.53375,27.8329],[-82.53388,27.83292],[-82.53395,27.83296],[-82.53402,27.833],[-82.53408,27.83303],[-82.53415,27.83308],[-82.53423,27.83312],[-82.53429,27.83315],[-82.53439,27.83321],[-82.53445,27.83325],[-82.53454,27.83333],[-82.5346,27.83338],[-82.53466,27.83344],[-82.53471,27.83347],[-82.53473,27.83348],[-82.5348,27.83353],[-82.53483,27.83361],[-82.53493,27.83366],[-82.53499,27.8337],[-82.5351,27.83376],[-82.53516,27.83379],[-82.53526,27.83386],[-82.53532,27.83391],[-82.53538,27.83396],[-82.53544,27.83401],[-82.53551,27.83406],[-82.53555,27.83409],[-82.53567,27.83415],[-82.53575,27.83422],[-82.53577,27.83423],[-82.53579,27.83425],[-82.5358,27.83426],[-82.53582,27.83428],[-82.53583,27.83429],[-82.53584,27.8343],[-82.53586,27.83431],[-82.53587,27.83432],[-82.53588,27.83433],[-82.5359,27.83434],[-82.53591,27.83435],[-82.53592,27.83436],[-82.53594,27.83436],[-82.53595,27.83437],[-82.53596,27.83438],[-82.53597,27.83439],[-82.53598,27.8344],[-82.53599,27.83441],[-82.536,27.83441],[-82.53601,27.83442],[-82.53602,27.83443],[-82.53603,27.83444],[-82.53605,27.83445],[-82.53606,27.83445],[-82.53607,27.83446],[-82.53608,27.83447],[-82.53609,27.83448],[-82.5361,27.83449],[-82.53612,27.8345],[-82.53613,27.83451],[-82.53614,27.83452],[-82.53616,27.83453],[-82.53617,27.83454],[-82.53618,27.83455],[-82.5362,27.83456],[-82.53621,27.83457],[-82.53655,27.83477],[-82.53656,27.83478],[-82.53672,27.83491],[-82.53685,27.835],[-82.53693,27.83507],[-82.53698,27.8351],[-82.53705,27.83514],[-82.53715,27.83522],[-82.53726,27.83531],[-82.53739,27.83542],[-82.53748,27.83551],[-82.53755,27.83563],[-82.53759,27.83574],[-82.53762,27.83581],[-82.53763,27.8359],[-82.53762,27.83602],[-82.53759,27.83613],[-82.53754,27.83621],[-82.53749,27.83629],[-82.53744,27.83635],[-82.53738,27.8364],[-82.53731,27.83642],[-82.53728,27.8365],[-82.53724,27.83659],[-82.53717,27.83668],[-82.53712,27.83673],[-82.53707,27.83684],[-82.53703,27.83692],[-82.537,27.83697],[-82.53699,27.83697],[-82.53698,27.837],[-82.53661,27.83728],[-82.5365,27.83742],[-82.53639,27.83755],[-82.53631,27.83771],[-82.53623,27.83803],[-82.53635,27.83836],[-82.53647,27.83857],[-82.53658,27.8387],[-82.53665,27.83873],[-82.5368,27.83868],[-82.5369,27.8387],[-82.53698,27.83879],[-82.53696,27.8389],[-82.53688,27.83899],[-82.53678,27.83907],[-82.5366,27.83913],[-82.53627,27.8391],[-82.53595,27.83919],[-82.5359,27.83925],[-82.53596,27.83935],[-82.53611,27.83959],[-82.53618,27.83972],[-82.53614,27.8398],[-82.53605,27.83981],[-82.53568,27.83945],[-82.53539,27.83927],[-82.53502,27.83956],[-82.53474,27.83992],[-82.53489,27.84],[-82.53498,27.84017],[-82.53525,27.8403],[-82.53529,27.84044],[-82.53521,27.84066],[-82.53525,27.84081],[-82.53555,27.84072],[-82.5359,27.84048],[-82.53599,27.84047],[-82.53606,27.84052],[-82.53608,27.84064],[-82.53612,27.84071],[-82.53623,27.8407],[-82.53643,27.84056],[-82.53657,27.84052],[-82.53677,27.84056],[-82.53687,27.84063],[-82.53687,27.84072],[-82.53679,27.84086],[-82.53662,27.84096],[-82.53653,27.84116],[-82.53657,27.8413],[-82.53666,27.84147],[-82.53681,27.84157],[-82.53693,27.84163],[-82.5372,27.8417],[-82.53734,27.84174],[-82.5375,27.84176],[-82.53763,27.84178],[-82.5377,27.84184],[-82.53782,27.84192],[-82.5379,27.84196],[-82.53798,27.842],[-82.538,27.84205],[-82.53812,27.84215],[-82.53824,27.84217],[-82.53838,27.84225],[-82.53846,27.84235],[-82.53867,27.84255],[-82.53904,27.84279],[-82.53913,27.84291],[-82.53925,27.84309],[-82.53924,27.84318],[-82.53929,27.84333],[-82.53941,27.84343],[-82.53951,27.84352],[-82.53982,27.84361],[-82.53999,27.84373],[-82.54004,27.84385],[-82.53997,27.84401],[-82.53981,27.84414],[-82.53961,27.84421],[-82.53941,27.84449],[-82.53929,27.84471],[-82.5392,27.84491],[-82.53924,27.84506],[-82.53943,27.84521],[-82.53963,27.84522],[-82.53986,27.84509],[-82.54006,27.84459],[-82.54019,27.84444],[-82.54031,27.84436],[-82.54063,27.84438],[-82.54084,27.84444],[-82.54111,27.84455],[-82.54119,27.84471],[-82.54127,27.84477],[-82.54135,27.84484],[-82.54142,27.84486],[-82.54187,27.84503],[-82.54196,27.84524],[-82.54211,27.84538],[-82.54225,27.84544],[-82.54226,27.84553],[-82.5422,27.84566],[-82.54206,27.84575],[-82.54185,27.84576],[-82.54177,27.84564],[-82.54171,27.84545],[-82.54147,27.84537],[-82.54125,27.84543],[-82.54111,27.8453],[-82.54091,27.84527],[-82.54071,27.84538],[-82.54054,27.84562],[-82.54059,27.84573],[-82.54058,27.84585],[-82.54053,27.84595],[-82.54057,27.84615],[-82.54062,27.84638],[-82.54072,27.84648],[-82.54072,27.84664],[-82.54048,27.8469],[-82.54044,27.84725],[-82.54061,27.84756],[-82.5408,27.84785],[-82.54089,27.84795],[-82.541,27.8481],[-82.5411,27.84818],[-82.54124,27.84837],[-82.5415,27.84846],[-82.54176,27.84848],[-82.54185,27.84828],[-82.54185,27.84789],[-82.542,27.84775],[-82.54215,27.84759],[-82.54237,27.84714],[-82.54247,27.84708],[-82.54261,27.84709],[-82.5427,27.84715],[-82.54275,27.84728],[-82.54278,27.84749],[-82.54281,27.84769],[-82.54278,27.848],[-82.54278,27.84814],[-82.54272,27.8483],[-82.54266,27.84844],[-82.54258,27.84857],[-82.54261,27.84888],[-82.54264,27.84892],[-82.54273,27.84892],[-82.54288,27.84889],[-82.54296,27.8488],[-82.54304,27.84876],[-82.54316,27.84874],[-82.54325,27.84879],[-82.54342,27.84889],[-82.54356,27.84898],[-82.54372,27.84897],[-82.54382,27.84902],[-82.54391,27.84908],[-82.54398,27.84914],[-82.54399,27.84921],[-82.544,27.84929],[-82.54397,27.84935],[-82.54392,27.8494],[-82.54395,27.8495],[-82.54397,27.84958],[-82.54412,27.84959],[-82.5442,27.84959],[-82.54427,27.84963],[-82.54434,27.8497],[-82.54435,27.84978],[-82.5443,27.84983],[-82.54428,27.84997],[-82.54424,27.85027],[-82.54421,27.85048],[-82.54422,27.85052],[-82.54427,27.85054],[-82.54434,27.85053],[-82.54448,27.8505],[-82.54458,27.85049],[-82.54466,27.85057],[-82.54483,27.85055],[-82.54493,27.8505],[-82.54528,27.85028],[-82.54542,27.85004],[-82.54542,27.8499],[-82.54543,27.84971],[-82.54544,27.84967],[-82.54537,27.84947],[-82.54532,27.84931],[-82.54536,27.84916],[-82.54546,27.84911],[-82.54547,27.84921],[-82.5455,27.84935],[-82.5456,27.84953],[-82.54568,27.84971],[-82.54571,27.84976],[-82.5458,27.84991],[-82.54594,27.85002],[-82.54605,27.85006],[-82.54629,27.85014],[-82.54633,27.85014],[-82.54651,27.85017],[-82.54659,27.85022],[-82.54674,27.85026],[-82.54683,27.85038],[-82.54688,27.85048],[-82.54696,27.85059],[-82.54706,27.85065],[-82.54725,27.85066],[-82.54728,27.85081],[-82.54731,27.85095],[-82.54737,27.85104],[-82.54755,27.85102],[-82.5476,27.85106],[-82.54768,27.8512],[-82.54781,27.8513],[-82.54793,27.85146],[-82.548,27.85163],[-82.54793,27.85178],[-82.54793,27.85192],[-82.54767,27.85231],[-82.54761,27.85244],[-82.54755,27.85256],[-82.54743,27.85267],[-82.54728,27.85278],[-82.54728,27.85291],[-82.54728,27.85297],[-82.54723,27.85314],[-82.54716,27.85324],[-82.54709,27.85333],[-82.54705,27.85348],[-82.54698,27.85362],[-82.54693,27.85376],[-82.54688,27.85388],[-82.54687,27.8539],[-82.5469,27.85398],[-82.54689,27.85409],[-82.54681,27.85403],[-82.5467,27.8541],[-82.54659,27.85417],[-82.54652,27.85429],[-82.54642,27.85435],[-82.54642,27.85435],[-82.54633,27.85438],[-82.5463,27.85446],[-82.54627,27.85455],[-82.54615,27.85472],[-82.54608,27.85481],[-82.54604,27.85488],[-82.54591,27.85502],[-82.54587,27.85512],[-82.54574,27.85524],[-82.54568,27.85536],[-82.54556,27.85556],[-82.54548,27.85569],[-82.54538,27.85583],[-82.54536,27.85587],[-82.54537,27.85593],[-82.54537,27.85608],[-82.54531,27.85602],[-82.54524,27.85599],[-82.54525,27.8561],[-82.54536,27.85617],[-82.54544,27.85626],[-82.54544,27.85636],[-82.54544,27.85647],[-82.54544,27.8565],[-82.54544,27.85653],[-82.54544,27.8566],[-82.54541,27.85664],[-82.5454,27.85668],[-82.54539,27.85669],[-82.54544,27.85677],[-82.54546,27.85685],[-82.54548,27.85692],[-82.54548,27.85706],[-82.54549,27.85721],[-82.54547,27.85731],[-82.54547,27.85745],[-82.54548,27.85759],[-82.54552,27.85767],[-82.54552,27.85773],[-82.54552,27.8578],[-82.54549,27.85788],[-82.54545,27.85794],[-82.54542,27.85802],[-82.54547,27.8581],[-82.54553,27.85816],[-82.54552,27.85823],[-82.54552,27.85831],[-82.5455,27.85842],[-82.5454,27.85852],[-82.54527,27.85859],[-82.54513,27.85865],[-82.54503,27.85863],[-82.54494,27.85866],[-82.54487,27.85872],[-82.54485,27.85874],[-82.54481,27.85885],[-82.54479,27.85902],[-82.54469,27.85907],[-82.5446,27.85912],[-82.54456,27.85922],[-82.54448,27.85934],[-82.54443,27.85936],[-82.54439,27.85932],[-82.54432,27.85936],[-82.5442,27.85933],[-82.54411,27.85932],[-82.54412,27.85941],[-82.54421,27.85945],[-82.54431,27.85943],[-82.54439,27.85943],[-82.54441,27.85947],[-82.54442,27.8595],[-82.54441,27.8595],[-82.54443,27.85953],[-82.54445,27.85961],[-82.54449,27.8597],[-82.54457,27.8597],[-82.54462,27.85964],[-82.54478,27.85965],[-82.54487,27.85977],[-82.54494,27.85978],[-82.54504,27.85971],[-82.5451,27.85964],[-82.5452,27.85954],[-82.54533,27.85958],[-82.54542,27.85957],[-82.54532,27.85951],[-82.54531,27.85945],[-82.54535,27.85935],[-82.54545,27.85933],[-82.54556,27.8593],[-82.5457,27.85928],[-82.54584,27.85926],[-82.54598,27.85921],[-82.54602,27.85914],[-82.54602,27.85899],[-82.54598,27.85887],[-82.54598,27.85876],[-82.54605,27.85871],[-82.54618,27.85867],[-82.54627,27.85864],[-82.54638,27.85862],[-82.54648,27.85862],[-82.54663,27.85854],[-82.54681,27.85847],[-82.54685,27.85846],[-82.54697,27.85841],[-82.54707,27.85833],[-82.54717,27.85824],[-82.54721,27.8582],[-82.5473,27.85813],[-82.54741,27.8581],[-82.54754,27.85806],[-82.54769,27.85799],[-82.54778,27.85796],[-82.54785,27.85793],[-82.54793,27.85784],[-82.54805,27.85778],[-82.54821,27.85771],[-82.54835,27.85762],[-82.54838,27.85751],[-82.54843,27.85743],[-82.54846,27.85734],[-82.54845,27.85723],[-82.5484,27.85711],[-82.54837,27.85698],[-82.54838,27.8569],[-82.54823,27.8566],[-82.54829,27.85632],[-82.54833,27.85611],[-82.54813,27.85568],[-82.54832,27.85535],[-82.54848,27.85506],[-82.54869,27.8548],[-82.54898,27.85451],[-82.54939,27.85398],[-82.54953,27.8538],[-82.54963,27.85372],[-82.54973,27.85354],[-82.54986,27.85351],[-82.54996,27.85347],[-82.55002,27.85334],[-82.55004,27.85325],[-82.55009,27.85319],[-82.55016,27.85313],[-82.55025,27.85311],[-82.55032,27.85303],[-82.55031,27.85296],[-82.55041,27.85285],[-82.5505,27.85274],[-82.55056,27.85264],[-82.55064,27.85253],[-82.55069,27.85249],[-82.55078,27.85237],[-82.5508,27.8523],[-82.55091,27.85226],[-82.55102,27.85213],[-82.55114,27.85196],[-82.55124,27.85179],[-82.55129,27.85174],[-82.55134,27.85159],[-82.55138,27.8515],[-82.55147,27.85137],[-82.55157,27.85126],[-82.55171,27.8511],[-82.55175,27.85101],[-82.55191,27.85084],[-82.55202,27.85071],[-82.5522,27.85049],[-82.5523,27.85039],[-82.5524,27.85025],[-82.55246,27.85018],[-82.55254,27.8501],[-82.55265,27.8499],[-82.55269,27.84978],[-82.55271,27.84971],[-82.55273,27.84965],[-82.55276,27.84951],[-82.55278,27.84937],[-82.55282,27.84918],[-82.55256,27.84918],[-82.55231,27.84916],[-82.55204,27.84928],[-82.55195,27.84895],[-82.5519,27.8489],[-82.5519,27.8488],[-82.55192,27.84871],[-82.55194,27.84862],[-82.55196,27.84853],[-82.552,27.84841],[-82.55204,27.84832],[-82.5521,27.84824],[-82.55221,27.84813],[-82.5523,27.84802],[-82.5524,27.84794],[-82.55251,27.84783],[-82.55259,27.84768],[-82.55267,27.84756],[-82.55271,27.8475],[-82.55277,27.84744],[-82.55285,27.84738],[-82.55297,27.84731],[-82.55307,27.84727],[-82.55327,27.84731],[-82.55349,27.84737],[-82.55367,27.84741],[-82.55382,27.84746],[-82.55395,27.8475],[-82.55406,27.84755],[-82.55414,27.8476],[-82.55426,27.8477],[-82.55434,27.84778],[-82.55443,27.84789],[-82.55449,27.84797],[-82.55455,27.84808],[-82.55461,27.84818],[-82.55465,27.8483],[-82.55468,27.84841],[-82.55471,27.8485],[-82.55477,27.84864],[-82.55481,27.84875],[-82.55483,27.84878],[-82.55484,27.84891],[-82.55483,27.8491],[-82.5548,27.84933],[-82.55478,27.84952],[-82.55477,27.84967],[-82.55476,27.84971],[-82.55475,27.84981],[-82.55474,27.85001],[-82.55474,27.85014],[-82.55474,27.8503],[-82.55474,27.85039],[-82.55475,27.85052],[-82.55472,27.85066],[-82.55472,27.85077],[-82.5547,27.85092],[-82.55467,27.85107],[-82.55462,27.85116],[-82.55455,27.85128],[-82.55452,27.8514],[-82.55451,27.85147],[-82.5545,27.85162],[-82.55448,27.85172],[-82.55441,27.85188],[-82.55435,27.85199],[-82.5543,27.85213],[-82.55423,27.85226],[-82.55417,27.85233],[-82.55403,27.85246],[-82.55393,27.85256],[-82.55385,27.85266],[-82.55378,27.85275],[-82.55369,27.85285],[-82.55363,27.85292],[-82.5535,27.85305],[-82.55339,27.85317],[-82.55329,27.85329],[-82.55319,27.85342],[-82.55313,27.85353],[-82.55306,27.85366],[-82.55297,27.8538],[-82.55287,27.85395],[-82.55281,27.85407],[-82.55274,27.8542],[-82.5527,27.85428],[-82.55269,27.85432],[-82.55261,27.8545],[-82.55256,27.85463],[-82.55252,27.85475],[-82.55249,27.85487],[-82.55243,27.85506],[-82.55239,27.85521],[-82.55236,27.85538],[-82.55232,27.85553],[-82.55229,27.85566],[-82.55227,27.85572],[-82.55223,27.85578],[-82.55217,27.85591],[-82.55215,27.85597],[-82.55211,27.85606],[-82.55208,27.85613],[-82.55205,27.8562],[-82.55201,27.85629],[-82.55195,27.85642],[-82.55189,27.85656],[-82.55183,27.85672],[-82.55179,27.85683],[-82.55175,27.85701],[-82.55172,27.85723],[-82.55171,27.85734],[-82.5517,27.85748],[-82.55174,27.85751],[-82.55182,27.85762],[-82.55189,27.85772],[-82.55189,27.85773],[-82.55187,27.85785],[-82.55187,27.85785],[-82.55208,27.85807],[-82.55207,27.86012],[-82.55215,27.86064],[-82.5519,27.86069],[-82.55174,27.8607],[-82.55097,27.8608],[-82.54999,27.86087],[-82.54949,27.86094],[-82.54773,27.86113],[-82.54779,27.86151],[-82.54675,27.86165],[-82.54296,27.86207],[-82.54262,27.86208],[-82.54238,27.8621],[-82.54205,27.86218],[-82.54186,27.86253],[-82.5419,27.86264],[-82.54192,27.86278],[-82.54352,27.86262],[-82.5471,27.86229],[-82.54749,27.86217],[-82.54895,27.86202],[-82.54966,27.862],[-82.5503,27.86186],[-82.55086,27.86185],[-82.55153,27.86176],[-82.55209,27.86176],[-82.55234,27.86182],[-82.5525,27.86184],[-82.55261,27.86186],[-82.55271,27.86188],[-82.55284,27.86194],[-82.55289,27.86203],[-82.55288,27.86213],[-82.55282,27.86222],[-82.55278,27.8623],[-82.55271,27.86243],[-82.55261,27.86255],[-82.55244,27.86255],[-82.55228,27.86257],[-82.55213,27.86259],[-82.55192,27.86263],[-82.55178,27.86264],[-82.55171,27.86262],[-82.55165,27.86256],[-82.55094,27.86275],[-82.55094,27.86282],[-82.55088,27.86293],[-82.5508,27.86301],[-82.55072,27.86304],[-82.5506,27.86304],[-82.55053,27.86304],[-82.55092,27.86338],[-82.55088,27.8634],[-82.55044,27.86302],[-82.55037,27.8631],[-82.5508,27.86348],[-82.55078,27.8635],[-82.55044,27.86321],[-82.55036,27.86329],[-82.55027,27.86335],[-82.55017,27.86342],[-82.55007,27.86349],[-82.5499,27.86355],[-82.54978,27.86357],[-82.54968,27.86359],[-82.54961,27.8636],[-82.54947,27.86362],[-82.54933,27.86364],[-82.54921,27.86364],[-82.54912,27.86361],[-82.5491,27.86358],[-82.54907,27.86354],[-82.54902,27.86352],[-82.54898,27.8635],[-82.5489,27.86351],[-82.54872,27.86354],[-82.54851,27.86357],[-82.54843,27.86357],[-82.54831,27.86356],[-82.54809,27.86354],[-82.54799,27.86355],[-82.54787,27.86356],[-82.54773,27.86357],[-82.54767,27.86357],[-82.54761,27.8636],[-82.54753,27.86365],[-82.54744,27.8637],[-82.5474,27.86371],[-82.54725,27.86379],[-82.54721,27.8638],[-82.54718,27.8638],[-82.54702,27.8637],[-82.54689,27.86361],[-82.54641,27.86346],[-82.54628,27.86344],[-82.54616,27.86346],[-82.54605,27.86345],[-82.54593,27.86341],[-82.54588,27.86339],[-82.54578,27.86335],[-82.54569,27.86331],[-82.54556,27.86322],[-82.54546,27.86318],[-82.54523,27.86316],[-82.54488,27.86315],[-82.54472,27.86312],[-82.54458,27.86312],[-82.54443,27.86312],[-82.5424,27.86336],[-82.5423,27.86338],[-82.5422,27.8634],[-82.54196,27.86346],[-82.54174,27.86355],[-82.54158,27.86361],[-82.54137,27.86367],[-82.54105,27.86365],[-82.54096,27.86363],[-82.54083,27.86362],[-82.54068,27.86364],[-82.54058,27.86367],[-82.5405,27.86371],[-82.54045,27.86374],[-82.54034,27.8638],[-82.54024,27.86387],[-82.54021,27.86389],[-82.5402,27.86389],[-82.54019,27.8639],[-82.54019,27.8639],[-82.54018,27.86391],[-82.54017,27.86391],[-82.54017,27.86391],[-82.54016,27.86392],[-82.54015,27.86392],[-82.54015,27.86392],[-82.54014,27.86392],[-82.54014,27.86393],[-82.54013,27.86393],[-82.54013,27.86393],[-82.54012,27.86394],[-82.54012,27.86394],[-82.54011,27.86394],[-82.54011,27.86394],[-82.5401,27.86395],[-82.54009,27.86395],[-82.54008,27.86396],[-82.54008,27.86396],[-82.54007,27.86396],[-82.54007,27.86397],[-82.54006,27.86397],[-82.54005,27.86398],[-82.54004,27.86398],[-82.54003,27.86399],[-82.54002,27.86399],[-82.54001,27.864],[-82.54,27.864],[-82.53999,27.86401],[-82.53998,27.86401],[-82.53997,27.86402],[-82.53996,27.86402],[-82.53995,27.86403],[-82.53995,27.86403],[-82.53994,27.86404],[-82.53993,27.86404],[-82.53992,27.86405],[-82.53991,27.86405],[-82.5399,27.86406],[-82.5399,27.86406],[-82.53989,27.86407],[-82.53988,27.86407],[-82.53987,27.86408],[-82.53986,27.86408],[-82.53986,27.86409],[-82.53985,27.86409],[-82.53984,27.8641],[-82.53984,27.8641],[-82.53983,27.86411],[-82.53982,27.86412],[-82.53982,27.86412],[-82.53981,27.86413],[-82.5398,27.86413],[-82.5398,27.86414],[-82.53979,27.86414],[-82.53978,27.86415],[-82.53977,27.86416],[-82.53976,27.86417],[-82.53976,27.86417],[-82.53975,27.86418],[-82.53974,27.86418],[-82.53974,27.86419],[-82.53973,27.8642],[-82.53972,27.8642],[-82.53972,27.86421],[-82.53971,27.86421],[-82.5397,27.86422],[-82.5397,27.86422],[-82.53969,27.86423],[-82.53968,27.86424],[-82.53967,27.86424],[-82.53966,27.86425],[-82.53965,27.86426],[-82.53965,27.86426],[-82.53964,27.86427],[-82.53963,27.86428],[-82.53962,27.86428],[-82.5396,27.8643],[-82.53959,27.8643],[-82.53958,27.86431],[-82.53957,27.86432],[-82.53957,27.86432],[-82.53955,27.86434],[-82.53954,27.86434],[-82.53953,27.86435],[-82.53952,27.86436],[-82.53951,27.86436],[-82.5395,27.86437],[-82.5395,27.86438],[-82.53949,27.86439],[-82.53948,27.86439],[-82.53947,27.8644],[-82.53946,27.86441],[-82.53945,27.86442],[-82.53944,27.86443],[-82.53943,27.86444],[-82.53942,27.86445],[-82.53941,27.86446],[-82.5394,27.86446],[-82.53939,27.86447],[-82.53937,27.86449],[-82.53937,27.8645],[-82.53936,27.86451],[-82.53935,27.86452],[-82.53934,27.86453],[-82.53932,27.86455],[-82.53931,27.86456],[-82.5393,27.86457],[-82.53929,27.86457],[-82.53928,27.86458],[-82.53927,27.86459],[-82.53926,27.8646],[-82.53925,27.86461],[-82.53924,27.86462],[-82.53923,27.86463],[-82.53922,27.86463],[-82.53922,27.86464],[-82.53921,27.86464],[-82.5392,27.86465],[-82.53919,27.86466],[-82.53918,27.86467],[-82.53918,27.86467],[-82.53917,27.86468],[-82.53917,27.86468],[-82.53916,27.86469],[-82.53915,27.86469],[-82.53915,27.8647],[-82.53914,27.8647],[-82.53913,27.86471],[-82.53913,27.86471],[-82.53912,27.86472],[-82.53911,27.86472],[-82.5391,27.86472],[-82.5391,27.86473],[-82.53909,27.86473],[-82.53908,27.86473],[-82.53907,27.86473],[-82.53907,27.86473],[-82.53907,27.86473],[-82.53906,27.86473],[-82.53906,27.86473],[-82.53905,27.86474],[-82.53905,27.86474],[-82.53904,27.86474],[-82.53904,27.86474],[-82.53903,27.86474],[-82.53903,27.86474],[-82.53902,27.86474],[-82.53902,27.86474],[-82.53901,27.86474],[-82.53901,27.86474],[-82.539,27.86474],[-82.539,27.86474],[-82.53899,27.86474],[-82.53899,27.86474],[-82.53898,27.86473],[-82.53898,27.86473],[-82.53898,27.86473],[-82.53897,27.86473],[-82.53897,27.86473],[-82.53896,27.86473],[-82.53896,27.86473],[-82.53895,27.86473],[-82.53895,27.86473],[-82.53895,27.86473],[-82.53895,27.86473],[-82.53894,27.86472],[-82.53894,27.86472],[-82.53894,27.86472],[-82.53893,27.86472],[-82.53893,27.86472],[-82.53893,27.86472],[-82.53893,27.86472],[-82.53892,27.86472],[-82.53892,27.86471],[-82.53892,27.86471],[-82.53891,27.86471],[-82.53891,27.86471],[-82.53891,27.86471],[-82.53891,27.86471],[-82.5389,27.86471],[-82.5389,27.8647],[-82.5389,27.8647],[-82.53889,27.8647],[-82.53889,27.8647],[-82.53889,27.8647],[-82.53888,27.8647],[-82.53888,27.8647],[-82.53887,27.86469],[-82.53887,27.86469],[-82.53886,27.86469],[-82.53885,27.86469],[-82.53885,27.86469],[-82.53885,27.86469],[-82.53884,27.86468],[-82.53884,27.86468],[-82.53883,27.86468],[-82.53883,27.86468],[-82.53882,27.86468],[-82.53882,27.86468],[-82.53881,27.86468],[-82.53881,27.86468],[-82.5388,27.86468],[-82.5388,27.86468],[-82.53879,27.86467],[-82.53879,27.86467],[-82.53878,27.86467],[-82.53878,27.86467],[-82.53878,27.86467],[-82.53877,27.86467],[-82.53877,27.86467],[-82.53876,27.86467],[-82.53876,27.86467],[-82.53875,27.86467],[-82.53875,27.86467],[-82.53875,27.86467],[-82.53874,27.86466],[-82.53873,27.86466],[-82.53873,27.86466],[-82.53872,27.86466],[-82.53871,27.86466],[-82.53871,27.86466],[-82.53871,27.86466],[-82.5387,27.86466],[-82.5387,27.86466],[-82.53869,27.86466],[-82.53869,27.86466],[-82.53869,27.86466],[-82.53868,27.86466],[-82.53868,27.86466],[-82.53867,27.86466],[-82.53867,27.86466],[-82.53867,27.86466],[-82.53866,27.86466],[-82.53866,27.86466],[-82.53865,27.86466],[-82.53865,27.86466],[-82.53864,27.86467],[-82.53864,27.86467],[-82.53863,27.86467],[-82.53863,27.86467],[-82.53862,27.86468],[-82.53862,27.86468],[-82.53862,27.86468],[-82.53861,27.86468],[-82.5386,27.86469],[-82.5386,27.86469],[-82.53859,27.8647],[-82.53858,27.8647],[-82.53858,27.86471],[-82.53857,27.86472],[-82.53856,27.86472],[-82.53856,27.86473],[-82.53855,27.86474],[-82.53855,27.86474],[-82.53854,27.86475],[-82.53853,27.86476],[-82.53853,27.86477],[-82.53852,27.86478],[-82.53852,27.86478],[-82.53851,27.86479],[-82.53851,27.8648],[-82.5385,27.86481],[-82.53849,27.86481],[-82.53849,27.86482],[-82.53848,27.86483],[-82.53848,27.86484],[-82.53847,27.86484],[-82.53846,27.86485],[-82.53846,27.86486],[-82.53845,27.86486],[-82.53845,27.86487],[-82.53844,27.86487],[-82.53844,27.86488],[-82.53843,27.86488],[-82.53842,27.86489],[-82.53842,27.86489],[-82.53841,27.8649],[-82.5384,27.8649],[-82.5384,27.86491],[-82.53839,27.86491],[-82.53838,27.86492],[-82.53838,27.86493],[-82.53837,27.86493],[-82.53837,27.86494],[-82.53836,27.86494],[-82.53835,27.86495],[-82.53835,27.86495],[-82.53834,27.86496],[-82.53833,27.86496],[-82.53833,27.86497],[-82.53832,27.86498],[-82.53832,27.86498],[-82.53831,27.86499],[-82.53831,27.86499],[-82.5383,27.865],[-82.53829,27.86501],[-82.53829,27.86501],[-82.53829,27.86501],[-82.53828,27.86502],[-82.53828,27.86502],[-82.53827,27.86503],[-82.53827,27.86504],[-82.53826,27.86505],[-82.53825,27.86506],[-82.53825,27.86506],[-82.53824,27.86507],[-82.53824,27.86508],[-82.53823,27.86508],[-82.53823,27.86509],[-82.53822,27.8651],[-82.53822,27.8651],[-82.53822,27.86511],[-82.53821,27.86511],[-82.53821,27.86512],[-82.5382,27.86512],[-82.5382,27.86513],[-82.5382,27.86513],[-82.53819,27.86514],[-82.53819,27.86515],[-82.53818,27.86515],[-82.53818,27.86516],[-82.53817,27.86517],[-82.53817,27.86518],[-82.53816,27.86518],[-82.53816,27.86519],[-82.53815,27.86521],[-82.53815,27.86521],[-82.53814,27.86522],[-82.53814,27.86523],[-82.53814,27.86524],[-82.53813,27.86524],[-82.53813,27.86525],[-82.53812,27.86526],[-82.53812,27.86526],[-82.53811,27.86527],[-82.53811,27.86528],[-82.5381,27.86528],[-82.5381,27.86529],[-82.53809,27.8653],[-82.53808,27.8653],[-82.53808,27.86531],[-82.53807,27.86531],[-82.53807,27.86532],[-82.53806,27.86533],[-82.53805,27.86533],[-82.53805,27.86534],[-82.53804,27.86534],[-82.53803,27.86535],[-82.53802,27.86535],[-82.53802,27.86536],[-82.53801,27.86536],[-82.538,27.86537],[-82.53799,27.86537],[-82.53798,27.86538],[-82.53797,27.86538],[-82.53796,27.86539],[-82.53796,27.86539],[-82.53795,27.8654],[-82.53794,27.8654],[-82.53793,27.86541],[-82.53792,27.86542],[-82.53791,27.86542],[-82.5379,27.86542],[-82.53789,27.86543],[-82.53788,27.86544],[-82.53787,27.86544],[-82.53786,27.86545],[-82.53785,27.86545],[-82.53784,27.86546],[-82.53783,27.86546],[-82.53782,27.86547],[-82.53778,27.86548],[-82.53776,27.86549],[-82.53775,27.8655],[-82.53774,27.8655],[-82.53773,27.86551],[-82.53772,27.86551],[-82.53771,27.86552],[-82.5377,27.86552],[-82.53769,27.86553],[-82.53768,27.86553],[-82.53767,27.86554],[-82.53766,27.86555],[-82.53765,27.86555],[-82.53764,27.86556],[-82.53763,27.86556],[-82.53762,27.86557],[-82.53762,27.86557],[-82.53761,27.86558],[-82.53761,27.86558],[-82.5376,27.86559],[-82.5376,27.8656],[-82.53759,27.8656],[-82.53758,27.86561],[-82.53758,27.86561],[-82.53757,27.86562],[-82.53757,27.86562],[-82.53756,27.86563],[-82.53756,27.86564],[-82.53755,27.86564],[-82.53755,27.86565],[-82.53754,27.86565],[-82.53753,27.86566],[-82.53753,27.86566],[-82.53752,27.86567],[-82.53752,27.86567],[-82.53751,27.86568],[-82.5375,27.86568],[-82.5375,27.86568],[-82.53749,27.86569],[-82.53748,27.86569],[-82.53748,27.86569],[-82.53747,27.86569],[-82.53747,27.86569],[-82.53746,27.86569],[-82.53745,27.86569],[-82.53745,27.8657],[-82.53744,27.8657],[-82.53743,27.8657],[-82.53742,27.8657],[-82.53742,27.8657],[-82.53741,27.8657],[-82.5374,27.8657],[-82.5374,27.8657],[-82.53739,27.8657],[-82.53738,27.8657],[-82.53738,27.8657],[-82.53737,27.8657],[-82.53736,27.8657],[-82.53736,27.8657],[-82.53735,27.8657],[-82.53735,27.8657],[-82.53734,27.8657],[-82.53733,27.86571],[-82.53733,27.86571],[-82.53732,27.86571],[-82.53731,27.86572],[-82.53731,27.86572],[-82.5373,27.86573],[-82.5373,27.86573],[-82.53729,27.86574],[-82.53728,27.86574],[-82.53727,27.86575],[-82.53727,27.86576],[-82.53726,27.86577],[-82.53726,27.86577],[-82.53725,27.86578],[-82.53725,27.86578],[-82.53724,27.86579],[-82.53724,27.8658],[-82.53723,27.8658],[-82.53722,27.86581],[-82.53722,27.86581],[-82.53721,27.86581],[-82.53721,27.86582],[-82.5372,27.86582],[-82.53719,27.86582],[-82.53719,27.86582],[-82.53718,27.86582],[-82.53718,27.86582],[-82.53718,27.86582],[-82.53717,27.86582],[-82.53717,27.86582],[-82.53717,27.86582],[-82.53716,27.86582],[-82.53716,27.86582],[-82.53716,27.86582],[-82.53715,27.86582],[-82.53715,27.86582],[-82.53714,27.86582],[-82.53714,27.86582],[-82.53714,27.86582],[-82.53713,27.86582],[-82.53713,27.86582],[-82.53713,27.86582],[-82.53712,27.86582],[-82.53712,27.86582],[-82.53712,27.86582],[-82.53711,27.86582],[-82.53711,27.86582],[-82.53711,27.86582],[-82.5371,27.86582],[-82.5371,27.86582],[-82.53709,27.86582],[-82.53708,27.86582],[-82.53707,27.86582],[-82.53707,27.86583],[-82.53706,27.86583],[-82.53705,27.86583],[-82.53705,27.86584],[-82.53704,27.86584],[-82.53704,27.86584],[-82.53703,27.86585],[-82.53702,27.86585],[-82.53702,27.86586],[-82.53701,27.86586],[-82.537,27.86587],[-82.537,27.86587],[-82.53699,27.86588],[-82.53698,27.86589],[-82.53697,27.8659],[-82.53697,27.8659],[-82.53695,27.86592],[-82.53694,27.86592],[-82.53694,27.86593],[-82.53693,27.86594],[-82.53692,27.86594],[-82.53691,27.86595],[-82.5369,27.86596],[-82.5369,27.86597],[-82.53689,27.86598],[-82.53688,27.86598],[-82.53687,27.86599],[-82.53687,27.866],[-82.53686,27.86601],[-82.53685,27.86602],[-82.53685,27.86603],[-82.53684,27.86604],[-82.53683,27.86604],[-82.53683,27.86605],[-82.53682,27.86606],[-82.53681,27.86607],[-82.53681,27.86608],[-82.5368,27.86609],[-82.5368,27.8661],[-82.53679,27.86611],[-82.53679,27.86612],[-82.53678,27.86613],[-82.53678,27.86614],[-82.53674,27.86624],[-82.53664,27.86636],[-82.5366,27.86649],[-82.53657,27.86661],[-82.53651,27.86671],[-82.53639,27.86673],[-82.53633,27.86672],[-82.53621,27.86671],[-82.53619,27.86678],[-82.53658,27.86688],[-82.53666,27.86686],[-82.53672,27.86679],[-82.53674,27.8667],[-82.53675,27.86659],[-82.53676,27.86652],[-82.5368,27.86644],[-82.53691,27.86635],[-82.53696,27.86631],[-82.53704,27.86626],[-82.53708,27.86625],[-82.53714,27.86622],[-82.53719,27.86618],[-82.53728,27.86616],[-82.53733,27.86614],[-82.53739,27.86612],[-82.53743,27.86608],[-82.53753,27.86597],[-82.53767,27.8659],[-82.53783,27.86581],[-82.53798,27.86571],[-82.53805,27.86565],[-82.53816,27.86561],[-82.53828,27.86558],[-82.53836,27.86559],[-82.53844,27.86562],[-82.53847,27.86569],[-82.53848,27.86574],[-82.53845,27.86581],[-82.53837,27.86587],[-82.53825,27.86595],[-82.53815,27.86603],[-82.53805,27.86613],[-82.53793,27.86626],[-82.53783,27.86638],[-82.53774,27.86649],[-82.53763,27.86653],[-82.53741,27.86658],[-82.53728,27.86664],[-82.5372,27.86672],[-82.53715,27.86681],[-82.53713,27.86688],[-82.53712,27.86693],[-82.53712,27.86697],[-82.53714,27.867],[-82.53718,27.86702],[-82.53722,27.86703],[-82.53727,27.86703],[-82.53767,27.86705],[-82.53775,27.86705],[-82.53779,27.86706],[-82.53784,27.8671],[-82.53787,27.86715],[-82.53788,27.86722],[-82.53787,27.86729],[-82.53785,27.86734],[-82.5378,27.86739],[-82.53774,27.86742],[-82.53765,27.86744],[-82.53752,27.86745],[-82.53738,27.86747],[-82.53725,27.86749],[-82.53707,27.8675],[-82.53697,27.8675],[-82.53685,27.8675],[-82.53667,27.86744],[-82.53652,27.86746],[-82.53641,27.86753],[-82.53634,27.8676],[-82.5363,27.86763],[-82.53623,27.86768],[-82.53618,27.86775],[-82.53611,27.8678],[-82.53599,27.86783],[-82.53589,27.86784],[-82.53575,27.86784],[-82.53565,27.8678],[-82.53556,27.86773],[-82.53552,27.8677],[-82.53543,27.86766],[-82.53534,27.86766],[-82.53514,27.86775],[-82.5351,27.86779],[-82.53513,27.86787],[-82.53508,27.86797],[-82.53504,27.86812],[-82.53499,27.86813],[-82.53497,27.86814],[-82.53495,27.86815],[-82.53494,27.86816],[-82.53473,27.86838],[-82.53464,27.86847],[-82.53462,27.86858],[-82.5346,27.86869],[-82.53457,27.86878],[-82.53452,27.86892],[-82.53443,27.86911],[-82.53437,27.8692],[-82.53433,27.86926],[-82.5342,27.86939],[-82.53404,27.86951],[-82.53402,27.86952],[-82.53386,27.86963],[-82.5338,27.86966],[-82.5337,27.86968],[-82.53361,27.86976],[-82.5335,27.86983],[-82.53349,27.86985],[-82.53343,27.86994],[-82.53339,27.87005],[-82.53333,27.87014],[-82.53327,27.87021],[-82.53318,27.87028],[-82.53309,27.87037],[-82.53299,27.87046],[-82.53275,27.87076],[-82.53209,27.87123],[-82.53159,27.87176],[-82.53152,27.87185],[-82.5315,27.87193],[-82.53148,27.87199],[-82.53094,27.87377],[-82.5296,27.87541],[-82.5294,27.87597],[-82.52892,27.87762],[-82.52902,27.87789],[-82.52909,27.878],[-82.5292,27.8781],[-82.52943,27.87872],[-82.5295,27.87882],[-82.52958,27.87905],[-82.52979,27.87907],[-82.53006,27.87907],[-82.53043,27.87915],[-82.53079,27.87906],[-82.53101,27.87903],[-82.53123,27.87903],[-82.53144,27.87905],[-82.53183,27.87914],[-82.53192,27.8792],[-82.53203,27.8792],[-82.53207,27.87926],[-82.53194,27.87945],[-82.53178,27.87959],[-82.53178,27.87959],[-82.53176,27.87985],[-82.53167,27.88005],[-82.53166,27.88087],[-82.53168,27.88087],[-82.53167,27.88175],[-82.53156,27.88175],[-82.53154,27.88191],[-82.53157,27.88285],[-82.53146,27.88286],[-82.53091,27.88325],[-82.53078,27.88339],[-82.53066,27.88358],[-82.53059,27.8838],[-82.53055,27.88405],[-82.53048,27.88416],[-82.53036,27.88422],[-82.53025,27.88423],[-82.53017,27.88432],[-82.53012,27.88434],[-82.53005,27.88439],[-82.53004,27.88441],[-82.53004,27.88446],[-82.53011,27.8846],[-82.53013,27.88471],[-82.53014,27.88486],[-82.53014,27.88496],[-82.53013,27.88509],[-82.53011,27.88523],[-82.53012,27.88523],[-82.53011,27.88528],[-82.5302,27.8857],[-82.53021,27.88577],[-82.53022,27.88584],[-82.53024,27.88594],[-82.5303,27.886],[-82.53037,27.88602],[-82.53041,27.88609],[-82.53053,27.88611],[-82.53064,27.88611],[-82.53075,27.88607],[-82.53087,27.88605],[-82.53098,27.88605],[-82.5311,27.88607],[-82.53132,27.88616],[-82.53159,27.88619],[-82.53176,27.88617],[-82.53187,27.88612],[-82.53207,27.88598],[-82.53236,27.88575],[-82.53258,27.88564],[-82.53275,27.88564],[-82.53295,27.88577],[-82.53306,27.88581],[-82.53377,27.88581],[-82.53377,27.8854],[-82.53392,27.8854],[-82.53441,27.8854],[-82.53442,27.88536],[-82.53523,27.88536],[-82.53616,27.88537],[-82.53717,27.88537],[-82.5375,27.88541],[-82.5387,27.88539],[-82.53876,27.88537],[-82.53882,27.88534],[-82.53889,27.88528],[-82.53891,27.88524],[-82.53895,27.88518],[-82.53895,27.88435],[-82.5392,27.88434],[-82.54,27.88433],[-82.54129,27.88438],[-82.54158,27.88439],[-82.54159,27.88465],[-82.54158,27.88567],[-82.54157,27.88667],[-82.54126,27.88734],[-82.5411,27.88778],[-82.54098,27.88816],[-82.54099,27.88834],[-82.54102,27.88853],[-82.54112,27.8887],[-82.54075,27.8888],[-82.54066,27.88905],[-82.53787,27.88967],[-82.53788,27.88946],[-82.53754,27.88956],[-82.53706,27.88974],[-82.53695,27.88975],[-82.53688,27.88972],[-82.53682,27.88963],[-82.53673,27.88948],[-82.53666,27.88944],[-82.53659,27.88943],[-82.53628,27.88934],[-82.53597,27.88914],[-82.5356,27.88894],[-82.53481,27.88894],[-82.53428,27.88894],[-82.53428,27.88865],[-82.53199,27.88866],[-82.532,27.88747],[-82.53176,27.88723],[-82.53084,27.88722],[-82.53085,27.88765],[-82.53084,27.88928],[-82.53067,27.88927],[-82.53066,27.88949],[-82.53085,27.88949],[-82.53086,27.88943],[-82.53194,27.88944],[-82.53398,27.8895],[-82.53429,27.88976],[-82.53429,27.89026],[-82.5344,27.89051],[-82.53438,27.89128],[-82.53422,27.89128],[-82.53424,27.89102],[-82.53418,27.89101],[-82.5342,27.89048],[-82.53404,27.89047],[-82.53405,27.89037],[-82.53097,27.89035],[-82.53096,27.89076],[-82.53365,27.89077],[-82.53365,27.89091],[-82.53096,27.89089],[-82.53095,27.89206],[-82.53099,27.89206],[-82.53099,27.89232],[-82.53099,27.89271],[-82.53126,27.89269],[-82.53135,27.89265],[-82.53171,27.89254],[-82.53204,27.89246],[-82.53272,27.89228],[-82.53276,27.89228],[-82.53279,27.89228],[-82.53325,27.89222],[-82.53329,27.89221],[-82.53337,27.89219],[-82.53344,27.89216],[-82.53349,27.89214],[-82.53354,27.89213],[-82.53371,27.89207],[-82.53386,27.89203],[-82.53398,27.89198],[-82.53411,27.89193],[-82.53425,27.89189],[-82.53435,27.89189],[-82.53454,27.89184],[-82.53476,27.89177],[-82.53496,27.89174],[-82.53517,27.89169],[-82.53524,27.89164],[-82.53527,27.89161],[-82.53531,27.89157],[-82.53533,27.89154],[-82.5354,27.89151],[-82.53599,27.89134],[-82.5362,27.89129],[-82.53633,27.89125],[-82.53722,27.89101],[-82.53792,27.89082],[-82.53848,27.89066],[-82.53926,27.89045],[-82.53931,27.89043],[-82.5394,27.8904],[-82.53954,27.89036],[-82.54043,27.89012],[-82.54071,27.89005],[-82.54091,27.88998],[-82.54108,27.88993],[-82.54126,27.88988],[-82.54138,27.88987],[-82.54149,27.88989],[-82.54161,27.88992],[-82.54177,27.89],[-82.54188,27.89009],[-82.54194,27.89016],[-82.54203,27.89025],[-82.54216,27.89028],[-82.5423,27.89029],[-82.54249,27.89029],[-82.54261,27.89069],[-82.54248,27.89091],[-82.5424,27.89104],[-82.54232,27.89114],[-82.54218,27.89127],[-82.54225,27.89157],[-82.54228,27.89195],[-82.54229,27.89223],[-82.54229,27.89244],[-82.54227,27.89265],[-82.54225,27.89292],[-82.54222,27.89314],[-82.5422,27.89323],[-82.54218,27.89331],[-82.54215,27.8934],[-82.54208,27.89348],[-82.54197,27.89359],[-82.54187,27.89363],[-82.54176,27.89367],[-82.54151,27.89367],[-82.54112,27.89367],[-82.54042,27.89367],[-82.54008,27.89366],[-82.5392,27.89366],[-82.53911,27.89366],[-82.53768,27.89366],[-82.53659,27.89365],[-82.53547,27.89365],[-82.53397,27.89361],[-82.5333,27.89383],[-82.53272,27.89381],[-82.53173,27.89379],[-82.53161,27.89376],[-82.53149,27.89374],[-82.53126,27.89373],[-82.5309,27.89377],[-82.53073,27.89381],[-82.53042,27.89379],[-82.53039,27.89379],[-82.53036,27.8938],[-82.53034,27.89382],[-82.53032,27.89384],[-82.5303,27.89387],[-82.53031,27.89396],[-82.53112,27.89401],[-82.53113,27.89399],[-82.53115,27.89399],[-82.53118,27.89399],[-82.5312,27.894],[-82.53121,27.89402],[-82.53122,27.89404],[-82.53122,27.89405],[-82.53122,27.89408],[-82.5312,27.8941],[-82.53119,27.89412],[-82.53119,27.89428],[-82.53364,27.89429],[-82.53364,27.89416],[-82.53374,27.89415],[-82.53395,27.89412],[-82.53427,27.89407],[-82.53447,27.89397],[-82.53452,27.89396],[-82.53457,27.89396],[-82.53463,27.89396],[-82.53468,27.89398],[-82.5347,27.89401],[-82.53471,27.89406],[-82.53472,27.89421],[-82.5347,27.89428],[-82.53466,27.89433],[-82.53461,27.89438],[-82.53453,27.8944],[-82.53435,27.89443],[-82.53398,27.8945],[-82.53385,27.89453],[-82.53371,27.89459],[-82.53371,27.89476],[-82.53396,27.89478],[-82.53412,27.89483],[-82.53432,27.89483],[-82.53433,27.89483],[-82.53436,27.89484],[-82.53439,27.89485],[-82.53441,27.89487],[-82.53442,27.8949],[-82.53443,27.89493],[-82.53443,27.89495],[-82.53442,27.89498],[-82.53441,27.89499],[-82.5344,27.89501],[-82.53437,27.89502],[-82.53432,27.89503],[-82.53428,27.89503],[-82.53423,27.89502],[-82.53418,27.89501],[-82.53414,27.89498],[-82.53411,27.89497],[-82.53408,27.89496],[-82.53404,27.89495],[-82.53399,27.89494],[-82.53236,27.89494],[-82.53233,27.89495],[-82.53229,27.89496],[-82.53225,27.89497],[-82.5322,27.895],[-82.53216,27.89503],[-82.53213,27.89505],[-82.53209,27.89506],[-82.53207,27.89506],[-82.53203,27.89507],[-82.53198,27.89507],[-82.52954,27.89504],[-82.52946,27.89511],[-82.52945,27.89544],[-82.52953,27.89551],[-82.53102,27.89551],[-82.53114,27.89544],[-82.53204,27.89544],[-82.53207,27.89544],[-82.53209,27.89544],[-82.53213,27.89543],[-82.53216,27.89542],[-82.53219,27.8954],[-82.53223,27.89539],[-82.53226,27.89537],[-82.53249,27.89525],[-82.53252,27.89523],[-82.53256,27.89521],[-82.53259,27.8952],[-82.53262,27.8952],[-82.53266,27.89519],[-82.5327,27.89519],[-82.53274,27.89518],[-82.534,27.89519],[-82.53403,27.89519],[-82.53406,27.89521],[-82.53408,27.89522],[-82.53409,27.89523],[-82.53411,27.89525],[-82.53411,27.89528],[-82.53411,27.8953],[-82.53411,27.89533],[-82.53409,27.89536],[-82.53408,27.89537],[-82.53406,27.89538],[-82.53404,27.89539],[-82.53402,27.89539],[-82.53291,27.89539],[-82.5329,27.89539],[-82.53288,27.8954],[-82.53287,27.8954],[-82.53286,27.8954],[-82.53285,27.89541],[-82.53285,27.89541],[-82.53284,27.89542],[-82.53249,27.8957],[-82.53231,27.89584],[-82.53228,27.89587],[-82.53226,27.89589],[-82.53223,27.89592],[-82.53221,27.89596],[-82.53219,27.896],[-82.53217,27.89604],[-82.53215,27.89608],[-82.53214,27.89611],[-82.53213,27.89614],[-82.53212,27.89619],[-82.53212,27.89683],[-82.53212,27.89726],[-82.53211,27.89733],[-82.53208,27.89739],[-82.53202,27.89746],[-82.53195,27.89751],[-82.53186,27.89755],[-82.53175,27.89757],[-82.52755,27.89754],[-82.52755,27.89808],[-82.5306,27.89808],[-82.53068,27.89808],[-82.53072,27.89808],[-82.53075,27.89806],[-82.53078,27.89802],[-82.53085,27.89798],[-82.53092,27.89797],[-82.531,27.89796],[-82.53109,27.89797],[-82.53117,27.89799],[-82.53133,27.89802],[-82.53304,27.89828],[-82.53431,27.8984],[-82.53456,27.89842],[-82.53475,27.89842],[-82.53496,27.89837],[-82.53537,27.89819],[-82.53542,27.89818],[-82.53547,27.89818],[-82.53552,27.8982],[-82.53556,27.89823],[-82.53557,27.89827],[-82.53558,27.8983],[-82.53558,27.89834],[-82.53542,27.89958],[-82.5354,27.8998],[-82.53538,27.89985],[-82.53531,27.89991],[-82.53526,27.8999],[-82.53523,27.89987],[-82.53525,27.89979],[-82.53509,27.89965],[-82.5343,27.89952],[-82.53414,27.89952],[-82.53399,27.89958],[-82.53374,27.89972],[-82.53358,27.89988],[-82.53339,27.90028],[-82.53343,27.90105],[-82.53423,27.90138],[-82.535,27.90133],[-82.53577,27.90084],[-82.53581,27.90071],[-82.53582,27.90067],[-82.53584,27.90066],[-82.53587,27.90064],[-82.53589,27.90056],[-82.53589,27.90054],[-82.53591,27.90052],[-82.53594,27.90053],[-82.53595,27.90057],[-82.53605,27.90081],[-82.53591,27.90122],[-82.5359,27.90197],[-82.5357,27.90259],[-82.53559,27.90289],[-82.53545,27.90307],[-82.53518,27.90325],[-82.53502,27.90354],[-82.53493,27.9036],[-82.53481,27.90362],[-82.53371,27.90365],[-82.53206,27.90384],[-82.5317,27.90396],[-82.53155,27.904],[-82.53145,27.90402],[-82.53136,27.904],[-82.53128,27.90394],[-82.53122,27.90389],[-82.53114,27.9038],[-82.53107,27.90351],[-82.53054,27.90273],[-82.53056,27.90109],[-82.53041,27.90109],[-82.5304,27.90278],[-82.53104,27.90377],[-82.53105,27.90383],[-82.531,27.90388],[-82.53005,27.90387],[-82.53002,27.90386],[-82.52946,27.90299],[-82.52948,27.90196],[-82.52948,27.90108],[-82.52933,27.90108],[-82.52933,27.90247],[-82.52932,27.9028],[-82.5293,27.90301],[-82.52979,27.90376],[-82.52985,27.90387],[-82.52876,27.90387],[-82.52835,27.90321],[-82.52838,27.90314],[-82.52839,27.90108],[-82.52825,27.90108],[-82.52824,27.90146],[-82.52823,27.90313],[-82.52816,27.90315],[-82.52857,27.90381],[-82.52861,27.90387],[-82.52751,27.90384],[-82.52749,27.90395],[-82.52747,27.90398],[-82.52747,27.904],[-82.52749,27.90403],[-82.52753,27.90402],[-82.52868,27.90404],[-82.5306,27.90407],[-82.53067,27.90405],[-82.53076,27.904],[-82.5309,27.904],[-82.53112,27.90405],[-82.53129,27.90417],[-82.53144,27.90432],[-82.53148,27.9044],[-82.53151,27.90445],[-82.53148,27.90453],[-82.53136,27.90468],[-82.53119,27.90482],[-82.53094,27.90496],[-82.53093,27.90499],[-82.53092,27.90503],[-82.53101,27.90508],[-82.53107,27.90514],[-82.5311,27.90528],[-82.53114,27.90584],[-82.53127,27.90599],[-82.53129,27.90603],[-82.5313,27.90608],[-82.53127,27.90611],[-82.53103,27.90618],[-82.53066,27.90622],[-82.53003,27.90619],[-82.52981,27.90621],[-82.52975,27.90623],[-82.52971,27.90628],[-82.52971,27.90633],[-82.52973,27.9064],[-82.5298,27.90642],[-82.52992,27.90643],[-82.53053,27.90641],[-82.5306,27.90637],[-82.53069,27.90637],[-82.53079,27.90638],[-82.53109,27.9065],[-82.5313,27.9066],[-82.53144,27.9067],[-82.53147,27.90679],[-82.53155,27.90688],[-82.5316,27.90695],[-82.53165,27.907],[-82.53167,27.90714],[-82.53165,27.90845],[-82.53093,27.90844],[-82.52961,27.90842],[-82.52842,27.90842],[-82.52689,27.90839],[-82.52689,27.90849],[-82.52845,27.9085],[-82.5285,27.90847],[-82.52905,27.9085],[-82.52964,27.90851],[-82.53192,27.90851],[-82.53186,27.90878],[-82.53179,27.91444],[-82.5311,27.91443],[-82.53103,27.91446],[-82.53074,27.91448],[-82.53008,27.91456],[-82.52981,27.91454],[-82.52914,27.91458],[-82.52907,27.91457],[-82.52896,27.91455],[-82.52875,27.9145],[-82.52868,27.91441],[-82.52856,27.91425],[-82.52851,27.91411],[-82.52849,27.91398],[-82.52837,27.91384],[-82.52824,27.91379],[-82.52809,27.91376],[-82.528,27.91374],[-82.52776,27.91372],[-82.52773,27.91379],[-82.52728,27.91379],[-82.52713,27.91379],[-82.52689,27.91378],[-82.52678,27.91382],[-82.52677,27.91404],[-82.52718,27.91404],[-82.52746,27.91409],[-82.52767,27.91411],[-82.52817,27.9141],[-82.52823,27.9141],[-82.52825,27.91412],[-82.52827,27.91416],[-82.52827,27.91438],[-82.52834,27.91452],[-82.52842,27.91465],[-82.52851,27.91472],[-82.5286,27.91478],[-82.5287,27.91482],[-82.52956,27.91481],[-82.52974,27.9148],[-82.52982,27.9148],[-82.52987,27.91482],[-82.52994,27.91486],[-82.53001,27.91488],[-82.53014,27.91489],[-82.53039,27.91489],[-82.5304,27.91483],[-82.53066,27.91482],[-82.5308,27.91484],[-82.53097,27.9149],[-82.53108,27.91495],[-82.53115,27.915],[-82.5312,27.91505],[-82.53129,27.91534],[-82.5313,27.91536],[-82.53132,27.91541],[-82.53134,27.91546],[-82.53136,27.9155],[-82.53138,27.91552],[-82.5314,27.91555],[-82.53145,27.91559],[-82.53147,27.91564],[-82.53148,27.91568],[-82.53149,27.91575],[-82.53147,27.91581],[-82.53148,27.91581],[-82.53149,27.91584],[-82.5315,27.91586],[-82.53151,27.91589],[-82.53153,27.91592],[-82.53156,27.91595],[-82.5316,27.91598],[-82.53165,27.91599],[-82.53172,27.916],[-82.53187,27.916],[-82.53213,27.91601],[-82.53236,27.91601],[-82.53333,27.91601],[-82.53343,27.91601],[-82.53352,27.91602],[-82.53361,27.91603],[-82.53369,27.91604],[-82.53379,27.91606],[-82.53391,27.9161],[-82.53403,27.91613],[-82.53431,27.91625],[-82.53449,27.91633],[-82.53456,27.91638],[-82.53462,27.91641],[-82.53466,27.91644],[-82.53473,27.91648],[-82.53473,27.91649],[-82.53475,27.91651],[-82.53479,27.91653],[-82.53484,27.91658],[-82.5349,27.91664],[-82.53495,27.9167],[-82.53498,27.91673],[-82.53499,27.91674],[-82.53503,27.9168],[-82.53509,27.91686],[-82.53512,27.91691],[-82.53516,27.91695],[-82.53517,27.91698],[-82.53519,27.91701],[-82.53523,27.91707],[-82.53526,27.91713],[-82.53529,27.9172],[-82.53531,27.91725],[-82.53533,27.91732],[-82.53536,27.91738],[-82.53537,27.91743],[-82.53539,27.91748],[-82.5354,27.91753],[-82.5354,27.91754],[-82.53541,27.9176],[-82.53543,27.91767],[-82.53544,27.91773],[-82.53544,27.9178],[-82.53544,27.91782],[-82.53545,27.91786],[-82.53545,27.91795],[-82.53544,27.91801],[-82.53543,27.91808],[-82.53542,27.91813],[-82.53539,27.9182],[-82.53535,27.91825],[-82.53533,27.91829],[-82.53529,27.91833],[-82.53523,27.91838],[-82.53514,27.91842],[-82.53503,27.91844],[-82.53495,27.91845],[-82.53486,27.91844],[-82.53479,27.91842],[-82.53473,27.9184],[-82.53468,27.91837],[-82.53461,27.91833],[-82.53455,27.91826],[-82.53452,27.91822],[-82.5345,27.91817],[-82.53447,27.9181],[-82.53446,27.91799],[-82.53446,27.91796],[-82.53446,27.91787],[-82.53446,27.91773],[-82.53433,27.91747],[-82.53428,27.91737],[-82.53422,27.9173],[-82.53415,27.91723],[-82.53408,27.91717],[-82.53402,27.91713],[-82.5339,27.91705],[-82.53383,27.91701],[-82.53367,27.91695],[-82.53355,27.91692],[-82.53346,27.91689],[-82.53336,27.91689],[-82.53324,27.91688],[-82.53308,27.91688],[-82.53292,27.91688],[-82.53272,27.91689],[-82.53244,27.91688],[-82.53216,27.91688],[-82.53198,27.91688],[-82.53188,27.91688],[-82.53179,27.91688],[-82.53168,27.91688],[-82.53162,27.91689],[-82.53156,27.91692],[-82.53152,27.91696],[-82.53149,27.91701],[-82.53148,27.91706],[-82.53148,27.91724],[-82.53148,27.91729],[-82.53148,27.91736],[-82.53149,27.9174],[-82.5315,27.91743],[-82.53151,27.91745],[-82.53155,27.91748],[-82.53159,27.91751],[-82.53164,27.91753],[-82.53171,27.91753],[-82.53194,27.91753],[-82.53217,27.91753],[-82.53242,27.91753],[-82.53272,27.91753],[-82.53308,27.91753],[-82.53333,27.91753],[-82.53338,27.91753],[-82.53344,27.91753],[-82.5335,27.91754],[-82.53356,27.91756],[-82.5336,27.91758],[-82.53365,27.9176],[-82.53369,27.91763],[-82.53375,27.91766],[-82.53378,27.9177],[-82.53382,27.91776],[-82.53385,27.91784],[-82.53387,27.91794],[-82.53386,27.91803],[-82.53383,27.91812],[-82.53377,27.91822],[-82.53371,27.91829],[-82.53365,27.91833],[-82.53358,27.91836],[-82.53352,27.91838],[-82.53345,27.9184],[-82.53336,27.9184],[-82.53322,27.9184],[-82.53299,27.9184],[-82.53262,27.9184],[-82.53233,27.9184],[-82.53208,27.9184],[-82.5317,27.91839],[-82.53165,27.91839],[-82.53161,27.9184],[-82.53157,27.91842],[-82.53154,27.91845],[-82.5315,27.9185],[-82.53149,27.91853],[-82.53148,27.91857],[-82.53148,27.91862],[-82.53148,27.91871],[-82.53148,27.91875],[-82.53148,27.91882],[-82.53148,27.91887],[-82.53148,27.91891],[-82.5315,27.91894],[-82.53153,27.91898],[-82.53157,27.91901],[-82.53163,27.91903],[-82.5317,27.91903],[-82.53227,27.91904],[-82.53255,27.91904],[-82.53293,27.91905],[-82.53379,27.91905],[-82.53388,27.91905],[-82.53398,27.91906],[-82.53405,27.91908],[-82.53413,27.91911],[-82.53419,27.91916],[-82.53424,27.9192],[-82.53429,27.91926],[-82.53432,27.91932],[-82.53435,27.91942],[-82.53435,27.91956],[-82.53433,27.91962],[-82.53429,27.91969],[-82.53425,27.91976],[-82.53419,27.9198],[-82.53414,27.91984],[-82.53409,27.91987],[-82.53404,27.91989],[-82.53397,27.91991],[-82.53391,27.91991],[-82.53383,27.91992],[-82.53341,27.91991],[-82.53299,27.91991],[-82.53284,27.91991],[-82.5326,27.91991],[-82.5317,27.91991],[-82.53167,27.91991],[-82.53164,27.91991],[-82.53161,27.91992],[-82.53157,27.91994],[-82.53154,27.91997],[-82.5315,27.92],[-82.53149,27.92003],[-82.53147,27.92007],[-82.53147,27.9201],[-82.53147,27.92017],[-82.53146,27.92024],[-82.53146,27.92029],[-82.53146,27.9203],[-82.53146,27.92035],[-82.53146,27.92039],[-82.53148,27.92043],[-82.5315,27.92047],[-82.53153,27.9205],[-82.53155,27.92052],[-82.53159,27.92054],[-82.53163,27.92055],[-82.53169,27.92055],[-82.53177,27.92055],[-82.53292,27.92056],[-82.53342,27.92056],[-82.5335,27.92058],[-82.53357,27.9206],[-82.53364,27.92063],[-82.53371,27.92069],[-82.53376,27.92074],[-82.5338,27.92081],[-82.53383,27.92088],[-82.53384,27.92093],[-82.53385,27.92101],[-82.53384,27.92109],[-82.53381,27.92116],[-82.53376,27.92124],[-82.53369,27.92131],[-82.53362,27.92136],[-82.53356,27.92139],[-82.5335,27.92141],[-82.53345,27.92142],[-82.53333,27.92142],[-82.53268,27.92143],[-82.53165,27.92143],[-82.53155,27.92144],[-82.53142,27.9215],[-82.53134,27.92154],[-82.53124,27.9216],[-82.53118,27.92164],[-82.5311,27.92168],[-82.53096,27.92174],[-82.53082,27.92178],[-82.53068,27.92181],[-82.53058,27.92183],[-82.5304,27.92184],[-82.53023,27.92184],[-82.53007,27.92182],[-82.52998,27.9218],[-82.52989,27.92177],[-82.52972,27.9217],[-82.52962,27.92164],[-82.52951,27.92157],[-82.52943,27.9215],[-82.52937,27.92144],[-82.52931,27.92137],[-82.52921,27.9212],[-82.52914,27.92104],[-82.52914,27.92098],[-82.52914,27.92097],[-82.52914,27.92094],[-82.52916,27.92091],[-82.52914,27.92088],[-82.52912,27.92084],[-82.52908,27.92082],[-82.52903,27.92074],[-82.52899,27.92068],[-82.52898,27.92066],[-82.52894,27.92059],[-82.5289,27.92056],[-82.52885,27.9205],[-82.5288,27.92045],[-82.52877,27.92044],[-82.52875,27.92042],[-82.52874,27.92039],[-82.5287,27.92035],[-82.52864,27.92027],[-82.52859,27.92016],[-82.52857,27.92007],[-82.52857,27.92005],[-82.52854,27.91995],[-82.52852,27.91986],[-82.52849,27.91977],[-82.52846,27.91971],[-82.52843,27.91965],[-82.52843,27.91962],[-82.52843,27.91958],[-82.52843,27.91957],[-82.52842,27.91952],[-82.52841,27.91945],[-82.52838,27.91939],[-82.52838,27.91937],[-82.52835,27.9193],[-82.52834,27.91925],[-82.52832,27.9192],[-82.52823,27.91905],[-82.52819,27.91899],[-82.52816,27.91896],[-82.52806,27.91888],[-82.52802,27.91887],[-82.52794,27.91883],[-82.52777,27.9188],[-82.52758,27.91878],[-82.52731,27.91876],[-82.5272,27.91875],[-82.52706,27.91874],[-82.52695,27.91872],[-82.5269,27.9187],[-82.52688,27.91869],[-82.52688,27.91869],[-82.52682,27.91866],[-82.52676,27.91864],[-82.52672,27.91861],[-82.52667,27.91861],[-82.52663,27.9186],[-82.52662,27.91858],[-82.5266,27.91857],[-82.52656,27.91856],[-82.52652,27.91855],[-82.52634,27.91855],[-82.52628,27.91855],[-82.52605,27.91856],[-82.52563,27.91855],[-82.52555,27.91856],[-82.52551,27.91857],[-82.52547,27.91857],[-82.5254,27.91859],[-82.52532,27.9186],[-82.52526,27.91859],[-82.52509,27.91862],[-82.52491,27.9186],[-82.52481,27.91862],[-82.52476,27.91863],[-82.52471,27.91864],[-82.52467,27.91865],[-82.52464,27.91866],[-82.52461,27.91865],[-82.52459,27.91864],[-82.52458,27.91865],[-82.52456,27.91865],[-82.52454,27.91866],[-82.52452,27.91867],[-82.5245,27.91867],[-82.52448,27.91868],[-82.52446,27.91869],[-82.52444,27.9187],[-82.52444,27.9187],[-82.52448,27.91875],[-82.52448,27.91879],[-82.52447,27.91885],[-82.52445,27.91896],[-82.52441,27.91905],[-82.52439,27.91916],[-82.52438,27.91923],[-82.52439,27.91931],[-82.5244,27.91936],[-82.52444,27.91941],[-82.52447,27.91942],[-82.52453,27.91947],[-82.52456,27.91948],[-82.5246,27.91949],[-82.52466,27.91948],[-82.5247,27.91948],[-82.52474,27.91948],[-82.52478,27.91946],[-82.52483,27.91942],[-82.52486,27.91936],[-82.52488,27.91927],[-82.52489,27.91926],[-82.52491,27.91923],[-82.52494,27.91916],[-82.52496,27.9191],[-82.52495,27.91904],[-82.52493,27.91896],[-82.52495,27.91891],[-82.52498,27.91886],[-82.52504,27.91885],[-82.52513,27.91883],[-82.5252,27.91883],[-82.52527,27.91883],[-82.52536,27.91884],[-82.52543,27.91883],[-82.52551,27.91882],[-82.52559,27.91881],[-82.52571,27.9188],[-82.52585,27.91879],[-82.52633,27.91879],[-82.5264,27.91881],[-82.52649,27.91884],[-82.52658,27.91886],[-82.52668,27.9189],[-82.52676,27.91895],[-82.52682,27.91897],[-82.52686,27.91897],[-82.52696,27.91896],[-82.52709,27.91896],[-82.52717,27.91897],[-82.52727,27.91897],[-82.52748,27.91897],[-82.52763,27.91899],[-82.52772,27.91899],[-82.52779,27.919],[-82.52786,27.91903],[-82.52793,27.91908],[-82.52799,27.91915],[-82.52804,27.9192],[-82.52806,27.91922],[-82.52811,27.91932],[-82.52812,27.91944],[-82.52814,27.91951],[-82.52816,27.9196],[-82.52816,27.91963],[-82.52823,27.91978],[-82.52824,27.91988],[-82.52825,27.91993],[-82.52827,27.91999],[-82.5283,27.92005],[-82.52834,27.92015],[-82.52849,27.92044],[-82.52862,27.92064],[-82.52873,27.92077],[-82.52887,27.92107],[-82.52892,27.92115],[-82.52896,27.92122],[-82.52898,27.92125],[-82.529,27.92131],[-82.52901,27.92134],[-82.52901,27.92141],[-82.52902,27.92152],[-82.52905,27.92159],[-82.52908,27.92168],[-82.52913,27.92178],[-82.52913,27.9218],[-82.52914,27.92187],[-82.52919,27.92197],[-82.52929,27.9224],[-82.5293,27.92249],[-82.52928,27.92261],[-82.52927,27.92272],[-82.52927,27.92279],[-82.52927,27.92284],[-82.52929,27.92288],[-82.52933,27.9229],[-82.52939,27.9229],[-82.52945,27.92288],[-82.5295,27.92283],[-82.52952,27.92274],[-82.52952,27.92273],[-82.52954,27.92268],[-82.52955,27.92265],[-82.52958,27.92253],[-82.52958,27.92247],[-82.5296,27.9224],[-82.52961,27.92234],[-82.52966,27.92227],[-82.5297,27.92223],[-82.52973,27.9222],[-82.52981,27.92215],[-82.52987,27.92213],[-82.52995,27.92211],[-82.53004,27.9221],[-82.5302,27.92211],[-82.53082,27.92211],[-82.53185,27.92212],[-82.53332,27.92212],[-82.53346,27.9221],[-82.53353,27.92209],[-82.53364,27.92206],[-82.53378,27.92201],[-82.53396,27.92191],[-82.53411,27.9218],[-82.53422,27.92167],[-82.53424,27.92164],[-82.53427,27.92161],[-82.53431,27.92155],[-82.53435,27.92148],[-82.53438,27.92143],[-82.53441,27.92136],[-82.53444,27.92129],[-82.53445,27.92123],[-82.53446,27.92117],[-82.53447,27.92112],[-82.53447,27.9211],[-82.53448,27.92105],[-82.53448,27.92102],[-82.53448,27.92097],[-82.53448,27.92093],[-82.53449,27.92087],[-82.5345,27.92081],[-82.53452,27.92077],[-82.53453,27.92074],[-82.53456,27.9207],[-82.53459,27.92067],[-82.53465,27.92062],[-82.53472,27.92057],[-82.53473,27.92057],[-82.53477,27.92055],[-82.53482,27.92053],[-82.53488,27.92052],[-82.53492,27.92051],[-82.53497,27.92051],[-82.535,27.92051],[-82.53505,27.92052],[-82.53509,27.92053],[-82.53512,27.92053],[-82.53516,27.92055],[-82.5352,27.92056],[-82.53524,27.92058],[-82.53527,27.92061],[-82.5353,27.92063],[-82.53533,27.92066],[-82.53536,27.92069],[-82.53539,27.92073],[-82.53541,27.92078],[-82.53543,27.92081],[-82.53544,27.92084],[-82.53545,27.92089],[-82.53545,27.92094],[-82.53545,27.92106],[-82.53545,27.92114],[-82.53544,27.92117],[-82.53543,27.92121],[-82.53542,27.9213],[-82.5354,27.92139],[-82.53539,27.92145],[-82.53538,27.92146],[-82.53537,27.92151],[-82.53536,27.92158],[-82.53527,27.92182],[-82.53512,27.92205],[-82.53507,27.92213],[-82.535,27.92222],[-82.53483,27.92239],[-82.53472,27.92249],[-82.53458,27.92259],[-82.53446,27.92266],[-82.53425,27.92277],[-82.53393,27.9229],[-82.53375,27.92294],[-82.53358,27.92297],[-82.53337,27.92299],[-82.53251,27.92299],[-82.53224,27.92299],[-82.53194,27.92299],[-82.53183,27.92299],[-82.53159,27.923],[-82.5313,27.92302],[-82.53118,27.92302],[-82.53094,27.92303],[-82.53083,27.92307],[-82.53035,27.92306],[-82.53006,27.92305],[-82.52994,27.92305],[-82.52992,27.92313],[-82.52984,27.92317],[-82.52973,27.92317],[-82.52963,27.92329],[-82.52962,27.92336],[-82.52975,27.9234],[-82.52973,27.92363],[-82.52967,27.92373],[-82.52959,27.92378],[-82.52956,27.92381],[-82.52956,27.92386],[-82.52959,27.9239],[-82.52965,27.92395],[-82.52969,27.92402],[-82.52972,27.92411],[-82.52976,27.92415],[-82.52977,27.92422],[-82.52977,27.92429],[-82.52976,27.92434],[-82.52974,27.92436],[-82.52963,27.92439],[-82.52908,27.9244],[-82.52897,27.92441],[-82.52893,27.92442],[-82.52891,27.92447],[-82.52899,27.92469],[-82.52974,27.92478],[-82.53026,27.92478],[-82.5318,27.92479],[-82.53235,27.9245],[-82.53337,27.9245],[-82.53346,27.92459],[-82.53346,27.92488],[-82.5333,27.92499],[-82.53312,27.92511],[-82.53278,27.92532],[-82.53242,27.9255],[-82.53205,27.92566],[-82.53174,27.92567],[-82.53151,27.92566],[-82.52996,27.92564],[-82.52972,27.92565],[-82.52944,27.92568],[-82.52922,27.92569],[-82.52899,27.92572],[-82.52864,27.92587],[-82.52838,27.92587],[-82.52817,27.92586],[-82.52769,27.92586],[-82.52692,27.92586],[-82.52691,27.92579],[-82.52629,27.92581],[-82.52612,27.92584],[-82.52585,27.92586],[-82.52571,27.92587],[-82.52525,27.9259],[-82.52522,27.92589],[-82.5252,27.92587],[-82.52519,27.92585],[-82.52518,27.92579],[-82.52517,27.92555],[-82.52516,27.92524],[-82.52485,27.92524],[-82.52486,27.92538],[-82.52486,27.92567],[-82.52482,27.92586],[-82.52483,27.92614],[-82.52483,27.9263],[-82.52522,27.92628],[-82.52522,27.92603],[-82.52522,27.92601],[-82.52524,27.926],[-82.52528,27.92599],[-82.52566,27.92601],[-82.52608,27.926],[-82.52625,27.92599],[-82.52641,27.92598],[-82.52651,27.92597],[-82.52663,27.92597],[-82.52695,27.92597],[-82.52825,27.92598],[-82.52951,27.92599],[-82.53083,27.92601],[-82.53082,27.92681],[-82.53056,27.9268],[-82.5303,27.9268],[-82.52826,27.92678],[-82.5269,27.92679],[-82.52683,27.92679],[-82.52678,27.92679],[-82.52678,27.92695],[-82.52654,27.92696],[-82.52629,27.92702],[-82.52622,27.92711],[-82.52558,27.92709],[-82.52555,27.9271],[-82.52554,27.92713],[-82.52555,27.92715],[-82.52557,27.92716],[-82.5256,27.92717],[-82.52565,27.92718],[-82.52596,27.92719],[-82.52616,27.92719],[-82.52632,27.92717],[-82.52636,27.92717],[-82.52638,27.92716],[-82.52641,27.92715],[-82.52643,27.92712],[-82.52645,27.92709],[-82.52648,27.92707],[-82.52662,27.92706],[-82.52667,27.92702],[-82.52679,27.92701],[-82.5271,27.92703],[-82.52742,27.92702],[-82.52779,27.92705],[-82.5278,27.92702],[-82.52829,27.92701],[-82.52844,27.92703],[-82.52905,27.92702],[-82.52953,27.92704],[-82.52996,27.92704],[-82.53035,27.92703],[-82.53082,27.92705],[-82.53082,27.92734],[-82.53082,27.9277],[-82.53046,27.92769],[-82.53019,27.92767],[-82.52988,27.92767],[-82.52957,27.92766],[-82.52926,27.92766],[-82.52895,27.92766],[-82.52865,27.92766],[-82.52833,27.92766],[-82.52803,27.92765],[-82.52772,27.92765],[-82.52741,27.92765],[-82.5271,27.92765],[-82.52689,27.92765],[-82.52689,27.92773],[-82.52688,27.92784],[-82.52716,27.92783],[-82.5275,27.92784],[-82.52786,27.92784],[-82.52821,27.92784],[-82.52845,27.92785],[-82.52911,27.92785],[-82.52946,27.92785],[-82.52964,27.92785],[-82.52988,27.92785],[-82.53019,27.92785],[-82.5305,27.92785],[-82.53082,27.92786],[-82.53082,27.92816],[-82.53081,27.92852],[-82.53044,27.92851],[-82.53019,27.92848],[-82.52988,27.92848],[-82.52957,27.92848],[-82.52926,27.92848],[-82.52895,27.92848],[-82.52864,27.92847],[-82.52833,27.92847],[-82.52802,27.92847],[-82.52772,27.92847],[-82.5274,27.92846],[-82.5271,27.92846],[-82.52679,27.92846],[-82.52665,27.92846],[-82.52665,27.92848],[-82.52665,27.92858],[-82.52672,27.92858],[-82.52672,27.92858],[-82.52673,27.92858],[-82.52675,27.92858],[-82.52675,27.92858],[-82.52676,27.92858],[-82.52677,27.92859],[-82.52677,27.92859],[-82.52678,27.92859],[-82.52679,27.92859],[-82.5268,27.92859],[-82.5268,27.9286],[-82.52681,27.9286],[-82.52681,27.9286],[-82.52682,27.92861],[-82.52682,27.92861],[-82.52683,27.92861],[-82.52683,27.92862],[-82.52684,27.92862],[-82.52684,27.92862],[-82.52684,27.92863],[-82.52685,27.92863],[-82.52685,27.92864],[-82.52685,27.92864],[-82.52686,27.92864],[-82.52686,27.92865],[-82.52686,27.92865],[-82.52687,27.92866],[-82.52687,27.92866],[-82.52687,27.92867],[-82.52687,27.92867],[-82.52688,27.92868],[-82.52688,27.92868],[-82.52688,27.92869],[-82.52688,27.9287],[-82.52688,27.9287],[-82.52688,27.92871],[-82.52688,27.92871],[-82.52688,27.92872],[-82.52688,27.92872],[-82.52688,27.92876],[-82.52688,27.92877],[-82.52688,27.9288],[-82.52688,27.92883],[-82.52688,27.92887],[-82.52688,27.92891],[-82.52688,27.92895],[-82.52689,27.92898],[-82.52689,27.92902],[-82.52689,27.92906],[-82.52689,27.9291],[-82.52689,27.92913],[-82.52689,27.92915],[-82.5269,27.92917],[-82.5269,27.92921],[-82.5269,27.92925],[-82.52691,27.92928],[-82.52691,27.92932],[-82.52691,27.92936],[-82.52692,27.92939],[-82.52692,27.92943],[-82.52692,27.92946],[-82.52693,27.92951],[-82.52694,27.92954],[-82.52694,27.92958],[-82.52695,27.92962],[-82.52695,27.92965],[-82.52696,27.92969],[-82.527,27.92979],[-82.52704,27.92981],[-82.52712,27.92982],[-82.52718,27.92982],[-82.52723,27.92981],[-82.52728,27.92979],[-82.5273,27.92977],[-82.52732,27.92974],[-82.52731,27.9297],[-82.52728,27.92947],[-82.52726,27.92938],[-82.52723,27.929],[-82.52723,27.92896],[-82.52723,27.92892],[-82.52725,27.92888],[-82.52727,27.92886],[-82.5273,27.92884],[-82.52734,27.92882],[-82.5274,27.92881],[-82.52772,27.92882],[-82.52824,27.92882],[-82.52827,27.92882],[-82.52829,27.92882],[-82.52831,27.92884],[-82.52835,27.92886],[-82.52843,27.92893],[-82.52845,27.92894],[-82.52848,27.92894],[-82.52854,27.92894],[-82.5288,27.92894],[-82.52911,27.92895],[-82.53115,27.92895],[-82.53213,27.92896],[-82.53223,27.92897],[-82.53229,27.92898],[-82.53236,27.929],[-82.53247,27.92903],[-82.53256,27.92907],[-82.53266,27.92913],[-82.53279,27.92921],[-82.53301,27.92937],[-82.53312,27.92946],[-82.53322,27.92956],[-82.53331,27.92965],[-82.53343,27.92978],[-82.53348,27.92987],[-82.5335,27.92992],[-82.53353,27.93001],[-82.53354,27.93008],[-82.53362,27.93029],[-82.53367,27.93051],[-82.5337,27.93067],[-82.53369,27.93074],[-82.53367,27.93078],[-82.53363,27.93081],[-82.53357,27.93084],[-82.5303,27.93081],[-82.52827,27.93081],[-82.52773,27.93074],[-82.52766,27.93072],[-82.52761,27.93067],[-82.52742,27.93016],[-82.5274,27.93011],[-82.52739,27.93007],[-82.52737,27.93003],[-82.52735,27.93001],[-82.52731,27.92998],[-82.52727,27.92997],[-82.52719,27.92997],[-82.52715,27.92997],[-82.52708,27.92998],[-82.52707,27.92998],[-82.52704,27.92999],[-82.52702,27.93001],[-82.52702,27.93002],[-82.52701,27.93006],[-82.52703,27.93011],[-82.52719,27.93061],[-82.5272,27.93066],[-82.52717,27.9307],[-82.52712,27.93073],[-82.52708,27.93074],[-82.52701,27.93074],[-82.52603,27.93075],[-82.52526,27.93074],[-82.52522,27.93075],[-82.52518,27.93078],[-82.52518,27.93081],[-82.52518,27.93102],[-82.5252,27.93104],[-82.52523,27.93106],[-82.52546,27.93107],[-82.52731,27.93107],[-82.52735,27.93108],[-82.5274,27.9311],[-82.52744,27.93113],[-82.52745,27.93117],[-82.52766,27.93184],[-82.52768,27.93187],[-82.52769,27.93189],[-82.52772,27.93191],[-82.52777,27.93192],[-82.5279,27.93192],[-82.52795,27.9319],[-82.52799,27.93188],[-82.52801,27.93185],[-82.52802,27.93182],[-82.52802,27.93178],[-82.52787,27.93131],[-82.52787,27.93125],[-82.52788,27.93122],[-82.5279,27.93118],[-82.52795,27.93114],[-82.52801,27.93113],[-82.53357,27.93115],[-82.5336,27.93116],[-82.53363,27.93117],[-82.53367,27.9312],[-82.53369,27.93123],[-82.5337,27.93126],[-82.5337,27.93129],[-82.53368,27.93152],[-82.53357,27.93191],[-82.53343,27.93227],[-82.53327,27.93254],[-82.53304,27.93287],[-82.533,27.9329],[-82.53295,27.93292],[-82.53087,27.9329],[-82.52838,27.93289],[-82.52833,27.93288],[-82.52828,27.93286],[-82.52825,27.93282],[-82.52809,27.93208],[-82.52806,27.93205],[-82.52802,27.93202],[-82.5278,27.93203],[-82.52776,27.93205],[-82.52773,27.93208],[-82.52772,27.93213],[-82.52794,27.93307],[-82.52795,27.93312],[-82.52797,27.93317],[-82.52801,27.9332],[-82.52804,27.93321],[-82.5281,27.93322],[-82.53096,27.93323],[-82.53358,27.93324],[-82.53364,27.93325],[-82.5337,27.93326],[-82.53375,27.93329],[-82.53379,27.93332],[-82.53383,27.93336],[-82.53385,27.9334],[-82.53388,27.93347],[-82.53388,27.93354],[-82.53386,27.9336],[-82.53383,27.93366],[-82.53364,27.93401],[-82.53331,27.93446],[-82.53306,27.93469],[-82.53286,27.93485],[-82.53255,27.935],[-82.53224,27.93509],[-82.53193,27.9351],[-82.52965,27.93509],[-82.52949,27.93507],[-82.52936,27.93503],[-82.52921,27.93497],[-82.5291,27.93489],[-82.52828,27.93417],[-82.52727,27.93326],[-82.52701,27.933],[-82.52451,27.933],[-82.52447,27.93301],[-82.52443,27.93305],[-82.52443,27.93308],[-82.52444,27.93311],[-82.52448,27.93312],[-82.52481,27.93312],[-82.52481,27.93353],[-82.52485,27.93353],[-82.52486,27.93312],[-82.52511,27.93309],[-82.52528,27.93312],[-82.52684,27.93313],[-82.52693,27.93316],[-82.52697,27.9332],[-82.52698,27.93326],[-82.52696,27.93331],[-82.52694,27.93339],[-82.52688,27.93348],[-82.52686,27.93353],[-82.52685,27.93363],[-82.52687,27.93371],[-82.52692,27.93377],[-82.52695,27.9338],[-82.527,27.93384],[-82.52709,27.93387],[-82.52726,27.93389],[-82.52754,27.93403],[-82.52773,27.93426],[-82.52783,27.93454],[-82.52787,27.93508],[-82.52785,27.93517],[-82.52781,27.93526],[-82.52775,27.93533],[-82.52764,27.93539],[-82.52753,27.93541],[-82.52743,27.93539],[-82.52734,27.93538],[-82.5272,27.93543],[-82.52715,27.93551],[-82.52713,27.93572],[-82.52705,27.93595],[-82.52698,27.93604],[-82.52689,27.93612],[-82.52678,27.93619],[-82.52646,27.93631],[-82.52631,27.93639],[-82.52617,27.93658],[-82.52604,27.93698],[-82.52595,27.93706],[-82.52581,27.93713],[-82.52551,27.93717],[-82.52544,27.9372],[-82.52539,27.9373],[-82.52538,27.93743],[-82.52543,27.93753],[-82.52547,27.93757],[-82.52555,27.93762],[-82.5257,27.93765],[-82.5258,27.93765],[-82.52588,27.93761],[-82.52595,27.93756],[-82.52628,27.93712],[-82.52647,27.93679],[-82.52664,27.93662],[-82.52684,27.93649],[-82.52778,27.93603],[-82.52797,27.936],[-82.52817,27.936],[-82.52838,27.93605],[-82.52856,27.93613],[-82.52873,27.93625],[-82.52884,27.93638],[-82.52893,27.93652],[-82.52899,27.9367],[-82.529,27.93693],[-82.52894,27.93715],[-82.5288,27.93737],[-82.5286,27.93754],[-82.52836,27.93765],[-82.52789,27.93781],[-82.52742,27.93798],[-82.52706,27.93801],[-82.52685,27.93808],[-82.52665,27.93817],[-82.52651,27.93829],[-82.52641,27.93843],[-82.52634,27.93878],[-82.52612,27.93942],[-82.52604,27.93977],[-82.52603,27.94018],[-82.52642,27.94005],[-82.52651,27.93973],[-82.52653,27.93965],[-82.52661,27.93927],[-82.52662,27.9392],[-82.52669,27.9388],[-82.52669,27.93874],[-82.52671,27.93865],[-82.52678,27.93853],[-82.52695,27.9384],[-82.52712,27.93833],[-82.52715,27.93832],[-82.52717,27.93831],[-82.52724,27.93829],[-82.52741,27.93826],[-82.5277,27.93824],[-82.52816,27.93809],[-82.52853,27.93796],[-82.52875,27.93787],[-82.52907,27.93765],[-82.52914,27.93758],[-82.52916,27.93756],[-82.52938,27.93708],[-82.52967,27.93674],[-82.52992,27.93658],[-82.53015,27.93647],[-82.53045,27.93641],[-82.53074,27.93636],[-82.53077,27.93629],[-82.5311,27.93626],[-82.5313,27.9363],[-82.53147,27.93636],[-82.53162,27.93648],[-82.5317,27.93659],[-82.53165,27.93665],[-82.5316,27.9368],[-82.53169,27.93711],[-82.53164,27.93723],[-82.53157,27.93734],[-82.53143,27.93742],[-82.53118,27.93749],[-82.53065,27.93755],[-82.53061,27.93782],[-82.53058,27.9379],[-82.53051,27.93801],[-82.53038,27.93823],[-82.53037,27.9387],[-82.5304,27.93982],[-82.53049,27.93983],[-82.53055,27.93981],[-82.53062,27.9398],[-82.53066,27.93977],[-82.53069,27.93971],[-82.5307,27.93965],[-82.53071,27.93891],[-82.53072,27.93822],[-82.53073,27.93812],[-82.53081,27.93792],[-82.53086,27.93784],[-82.53094,27.93777],[-82.531,27.93775],[-82.53116,27.93775],[-82.53129,27.93778],[-82.53143,27.93783],[-82.53155,27.93792],[-82.53162,27.93802],[-82.53165,27.93822],[-82.53163,27.94036],[-82.53166,27.94045],[-82.53172,27.9405],[-82.53181,27.94052],[-82.5326,27.94053],[-82.53281,27.94049],[-82.53303,27.94039],[-82.53316,27.94026],[-82.53327,27.9401],[-82.53328,27.93998],[-82.53325,27.93988],[-82.53205,27.93878],[-82.53199,27.93863],[-82.53198,27.93852],[-82.53201,27.93839],[-82.53204,27.93829],[-82.53219,27.93821],[-82.53233,27.93818],[-82.53247,27.93816],[-82.53254,27.93817],[-82.53316,27.93863],[-82.53401,27.93934],[-82.53416,27.93957],[-82.53425,27.93987],[-82.53426,27.94006],[-82.53426,27.94025],[-82.53417,27.94044],[-82.53407,27.9406],[-82.53391,27.94079],[-82.53372,27.94096],[-82.5335,27.94111],[-82.53319,27.94127],[-82.53319,27.94128],[-82.53377,27.94129],[-82.53392,27.94119],[-82.53408,27.94104],[-82.53435,27.94063],[-82.53447,27.94035],[-82.53456,27.94005],[-82.53479,27.9397],[-82.53511,27.93937],[-82.53548,27.93905],[-82.5363,27.93848],[-82.53639,27.93846],[-82.5365,27.93846],[-82.53659,27.93851],[-82.5367,27.93863],[-82.53724,27.94006],[-82.53725,27.94015],[-82.53725,27.94029],[-82.53715,27.94041],[-82.53701,27.94046],[-82.53614,27.94053],[-82.53555,27.94079],[-82.53476,27.9412],[-82.53469,27.94127],[-82.53467,27.9423],[-82.53479,27.9423],[-82.53479,27.94242],[-82.53505,27.94242],[-82.53506,27.9423],[-82.53518,27.9423],[-82.5352,27.94133],[-82.53571,27.94105],[-82.53576,27.94103],[-82.5358,27.94103],[-82.53586,27.94103],[-82.53591,27.94107],[-82.53623,27.94152],[-82.53641,27.94177],[-82.53639,27.94271],[-82.53652,27.94271],[-82.53652,27.94279],[-82.53678,27.94279],[-82.53678,27.94271],[-82.5369,27.94271],[-82.53693,27.94118],[-82.53686,27.94088],[-82.53793,27.94088],[-82.53808,27.94088],[-82.53817,27.94089],[-82.5383,27.94089],[-82.53856,27.94093],[-82.53867,27.94095],[-82.5388,27.94099],[-82.53897,27.94105],[-82.53913,27.9411],[-82.53931,27.94112],[-82.5395,27.94113],[-82.53958,27.94112],[-82.53969,27.94111],[-82.53991,27.94107],[-82.54088,27.94089],[-82.54104,27.94086],[-82.54124,27.94083],[-82.54148,27.9408],[-82.54189,27.94076],[-82.54218,27.94075],[-82.54272,27.94073],[-82.54314,27.94072],[-82.54335,27.94073],[-82.54352,27.94075],[-82.54369,27.94079],[-82.54378,27.94085],[-82.54387,27.94094],[-82.54394,27.94104],[-82.54398,27.94117],[-82.54398,27.94132],[-82.54393,27.94145],[-82.54387,27.94154],[-82.5438,27.9416],[-82.54372,27.94166],[-82.54363,27.94169],[-82.54353,27.94172],[-82.54339,27.94172],[-82.54327,27.94171],[-82.5432,27.94168],[-82.54312,27.94165],[-82.54305,27.9416],[-82.54288,27.94158],[-82.54257,27.94159],[-82.5423,27.9416],[-82.54209,27.94161],[-82.5418,27.94164],[-82.54112,27.94173],[-82.54047,27.94185],[-82.54018,27.9419],[-82.53995,27.94194],[-82.53972,27.94198],[-82.53938,27.94204],[-82.53915,27.94208],[-82.539,27.9421],[-82.53879,27.94215],[-82.53866,27.9422],[-82.53855,27.94228],[-82.53844,27.94239],[-82.53843,27.94243],[-82.53847,27.94253],[-82.53855,27.94271],[-82.5389,27.94358],[-82.53918,27.94422],[-82.54021,27.94396],[-82.54181,27.94339],[-82.54323,27.94289],[-82.54308,27.9427],[-82.54303,27.94254],[-82.54293,27.94193],[-82.54295,27.94187],[-82.54299,27.94186],[-82.54359,27.94214],[-82.54359,27.94214],[-82.54379,27.94219],[-82.54385,27.94222],[-82.54395,27.94225],[-82.54406,27.94228],[-82.54412,27.94228],[-82.54418,27.94229],[-82.54433,27.94229],[-82.54434,27.94229],[-82.54457,27.94226],[-82.54471,27.94224],[-82.54472,27.94224],[-82.54505,27.94214],[-82.54533,27.94207],[-82.54552,27.94201],[-82.54553,27.94201],[-82.54556,27.942],[-82.54572,27.94192],[-82.54603,27.94178],[-82.54633,27.94164],[-82.54647,27.94162],[-82.54687,27.94165],[-82.54715,27.94176],[-82.54839,27.94129],[-82.54852,27.94124],[-82.54927,27.94097],[-82.54994,27.94074],[-82.55063,27.94049],[-82.55078,27.94043],[-82.55121,27.94028],[-82.55172,27.9401],[-82.55273,27.93972],[-82.55325,27.93955],[-82.55337,27.94012],[-82.55286,27.9403],[-82.55246,27.94045],[-82.55202,27.9406],[-82.55149,27.94079],[-82.55093,27.94099],[-82.55078,27.94104],[-82.55046,27.94116],[-82.54992,27.94136],[-82.54937,27.94155],[-82.54891,27.94172],[-82.54863,27.94182],[-82.54863,27.94182],[-82.54813,27.94201],[-82.54804,27.94204],[-82.54803,27.94204],[-82.5472,27.94234],[-82.54718,27.9426],[-82.54693,27.94278],[-82.54665,27.94282],[-82.54628,27.94281],[-82.54621,27.94298],[-82.54574,27.94324],[-82.54547,27.94329],[-82.5453,27.94347],[-82.54506,27.94342],[-82.54475,27.94368],[-82.54451,27.94393],[-82.5442,27.944],[-82.5434,27.94437],[-82.54255,27.94511],[-82.54181,27.9455],[-82.54093,27.94589],[-82.54,27.94619],[-82.53994,27.94791],[-82.54,27.94975],[-82.54014,27.9498],[-82.54034,27.94977],[-82.54068,27.94974],[-82.54115,27.94983],[-82.54145,27.94986],[-82.54188,27.94981],[-82.54282,27.94983],[-82.54509,27.94978],[-82.54544,27.94991],[-82.54565,27.94999],[-82.54607,27.95043],[-82.54642,27.95098],[-82.54669,27.95156],[-82.54661,27.9518],[-82.54665,27.95211],[-82.54672,27.9523],[-82.5468,27.95246],[-82.54684,27.95256],[-82.54587,27.95254],[-82.54496,27.95253],[-82.54326,27.9525],[-82.54294,27.95249],[-82.5429,27.9525],[-82.54278,27.95256],[-82.54269,27.95262],[-82.54268,27.95268],[-82.54268,27.95275],[-82.54269,27.95289],[-82.54269,27.9529],[-82.54269,27.9529],[-82.54269,27.95291],[-82.54269,27.95292],[-82.54269,27.95293],[-82.54269,27.95293],[-82.54269,27.95294],[-82.54269,27.95295],[-82.5427,27.95296],[-82.5427,27.95296],[-82.5427,27.95297],[-82.5427,27.95298],[-82.54271,27.95298],[-82.54271,27.95299],[-82.54271,27.953],[-82.54272,27.953],[-82.54272,27.95301],[-82.54272,27.95302],[-82.54273,27.95302],[-82.54273,27.95303],[-82.54274,27.95304],[-82.54274,27.95304],[-82.54275,27.95305],[-82.54275,27.95305],[-82.54276,27.95306],[-82.54276,27.95307],[-82.54277,27.95307],[-82.54277,27.95308],[-82.54278,27.95308],[-82.54288,27.95319],[-82.54288,27.9532],[-82.54289,27.9532],[-82.54289,27.9532],[-82.5429,27.95321],[-82.5429,27.95321],[-82.5429,27.95321],[-82.54291,27.95322],[-82.54291,27.95322],[-82.54291,27.95323],[-82.54292,27.95323],[-82.54292,27.95324],[-82.54292,27.95324],[-82.54292,27.95325],[-82.54292,27.95325],[-82.54293,27.95326],[-82.54293,27.95326],[-82.54293,27.95327],[-82.54293,27.95327],[-82.54293,27.95328],[-82.54293,27.95328],[-82.54293,27.95329],[-82.54293,27.95329],[-82.54293,27.9533],[-82.54293,27.9533],[-82.54293,27.95331],[-82.54293,27.95331],[-82.54293,27.95332],[-82.54292,27.95332],[-82.54292,27.95333],[-82.54292,27.95333],[-82.54292,27.95334],[-82.54292,27.95335],[-82.54292,27.95336],[-82.54292,27.95337],[-82.54292,27.95338],[-82.54292,27.95339],[-82.54292,27.9534],[-82.54292,27.95341],[-82.54292,27.95342],[-82.54292,27.95343],[-82.54292,27.95344],[-82.54292,27.95345],[-82.54293,27.95345],[-82.54293,27.95346],[-82.54293,27.95347],[-82.54293,27.95348],[-82.54294,27.95349],[-82.54294,27.9535],[-82.54294,27.95351],[-82.54295,27.95352],[-82.54295,27.95353],[-82.54296,27.95353],[-82.54296,27.95354],[-82.54296,27.95355],[-82.54297,27.95356],[-82.54297,27.95357],[-82.54298,27.95358],[-82.54298,27.95358],[-82.54299,27.95359],[-82.543,27.9536],[-82.543,27.95361],[-82.54301,27.95361],[-82.54301,27.95362],[-82.54302,27.95363],[-82.54303,27.95364],[-82.54304,27.95365],[-82.54305,27.95365],[-82.54306,27.95366],[-82.54307,27.95368],[-82.54308,27.95369],[-82.54308,27.9537],[-82.54309,27.95371],[-82.5431,27.95372],[-82.54311,27.95373],[-82.54312,27.95374],[-82.54313,27.95375],[-82.54313,27.95376],[-82.54314,27.95377],[-82.54315,27.95378],[-82.54316,27.95379],[-82.54316,27.95381],[-82.54317,27.95382],[-82.54318,27.95383],[-82.54318,27.95384],[-82.54319,27.95385],[-82.54319,27.95386],[-82.5432,27.95388],[-82.54321,27.95389],[-82.54321,27.9539],[-82.54322,27.95391],[-82.54322,27.95393],[-82.54322,27.95394],[-82.54323,27.95395],[-82.54323,27.95396],[-82.54324,27.95398],[-82.54324,27.95399],[-82.54324,27.954],[-82.54325,27.95401],[-82.54325,27.95403],[-82.54325,27.95404],[-82.54325,27.95404],[-82.54326,27.95405],[-82.54326,27.95406],[-82.54326,27.95407],[-82.54326,27.95408],[-82.54326,27.95409],[-82.54326,27.9541],[-82.54326,27.9541],[-82.54326,27.95411],[-82.54326,27.95412],[-82.54326,27.95413],[-82.54326,27.95414],[-82.54326,27.95415],[-82.54326,27.95416],[-82.54326,27.95417],[-82.54326,27.95417],[-82.54326,27.95418],[-82.54326,27.95419],[-82.54326,27.9542],[-82.54325,27.95421],[-82.54325,27.95422],[-82.54324,27.95427],[-82.54324,27.95428],[-82.54324,27.9543],[-82.54324,27.95431],[-82.54324,27.95432],[-82.54324,27.95434],[-82.54324,27.95435],[-82.54324,27.95436],[-82.54324,27.95438],[-82.54324,27.95439],[-82.54324,27.95441],[-82.54324,27.95442],[-82.54324,27.95443],[-82.54324,27.95445],[-82.54325,27.95446],[-82.54325,27.95447],[-82.54326,27.95447],[-82.54326,27.9545],[-82.54328,27.95451],[-82.54329,27.95457],[-82.54332,27.95464],[-82.54336,27.95471],[-82.54342,27.9548],[-82.54348,27.95486],[-82.54384,27.95544],[-82.54384,27.95545],[-82.54385,27.95546],[-82.54385,27.95546],[-82.54385,27.95547],[-82.54385,27.95548],[-82.54386,27.95548],[-82.54386,27.95549],[-82.54386,27.9555],[-82.54386,27.9555],[-82.54386,27.95551],[-82.54387,27.95552],[-82.54387,27.95552],[-82.54387,27.95553],[-82.54387,27.95554],[-82.54387,27.95554],[-82.54387,27.95555],[-82.54387,27.95556],[-82.54387,27.95557],[-82.54387,27.95557],[-82.54387,27.95558],[-82.54386,27.95562],[-82.54386,27.95568],[-82.54387,27.95573],[-82.54389,27.9558],[-82.54389,27.95584],[-82.54388,27.95587],[-82.54478,27.9563],[-82.54513,27.95679],[-82.54526,27.95687],[-82.54537,27.95695],[-82.54542,27.95702],[-82.54546,27.95708],[-82.54556,27.95723],[-82.54561,27.9573],[-82.54564,27.95734],[-82.54568,27.95737],[-82.54572,27.9574],[-82.54589,27.95761],[-82.5459,27.95761],[-82.5459,27.95762],[-82.54591,27.95762],[-82.54591,27.95763],[-82.54591,27.95764],[-82.54592,27.95764],[-82.54592,27.95765],[-82.54592,27.95765],[-82.54593,27.95766],[-82.54593,27.95767],[-82.54593,27.95767],[-82.54593,27.95768],[-82.54594,27.95768],[-82.54594,27.95769],[-82.54594,27.9577],[-82.54594,27.9577],[-82.54594,27.95771],[-82.54594,27.95771],[-82.54594,27.95772],[-82.54595,27.95772],[-82.54595,27.95773],[-82.54595,27.95773],[-82.54595,27.95774],[-82.54595,27.95774],[-82.54596,27.95775],[-82.54598,27.9578],[-82.546,27.95782],[-82.54601,27.95784],[-82.54603,27.95786],[-82.54604,27.95789],[-82.54605,27.95791],[-82.54607,27.95793],[-82.54608,27.95795],[-82.54609,27.95798],[-82.5461,27.958],[-82.54612,27.95802],[-82.54613,27.95805],[-82.54614,27.95807],[-82.54615,27.95809],[-82.54616,27.95812],[-82.54617,27.95814],[-82.54618,27.95816],[-82.54636,27.95852],[-82.54637,27.95853],[-82.54637,27.95854],[-82.54637,27.95854],[-82.5464,27.95859],[-82.54667,27.95894],[-82.54677,27.95917],[-82.54685,27.95966],[-82.54687,27.9597],[-82.54687,27.9597],[-82.547,27.96],[-82.54697,27.96124],[-82.54684,27.96153],[-82.54684,27.96154],[-82.54684,27.96154],[-82.54684,27.96155],[-82.54683,27.96155],[-82.54683,27.96156],[-82.54683,27.96156],[-82.54683,27.96157],[-82.54682,27.96157],[-82.5468,27.9616],[-82.54662,27.96171],[-82.54677,27.96198],[-82.54689,27.96195],[-82.54694,27.96191],[-82.54703,27.96192],[-82.54723,27.96195],[-82.54737,27.96196],[-82.54754,27.96199],[-82.54769,27.962],[-82.54784,27.96202],[-82.54798,27.96206],[-82.54819,27.96206],[-82.54841,27.96209],[-82.54861,27.96208],[-82.54871,27.96204],[-82.54881,27.96191],[-82.54896,27.96186],[-82.54914,27.96178],[-82.54927,27.96175],[-82.54937,27.96182],[-82.54948,27.9619],[-82.54952,27.96194],[-82.54955,27.96197],[-82.54957,27.96201],[-82.54962,27.96208],[-82.54966,27.96223],[-82.54965,27.96226],[-82.54966,27.96229],[-82.54967,27.96235],[-82.54968,27.96236],[-82.54968,27.96236],[-82.54968,27.96263],[-82.54967,27.9627],[-82.54962,27.96278],[-82.54957,27.96281],[-82.5495,27.96283],[-82.54938,27.96283],[-82.54919,27.96279],[-82.54904,27.96275],[-82.54888,27.96269],[-82.54874,27.96265],[-82.54861,27.96268],[-82.54863,27.96284],[-82.54879,27.96294],[-82.54886,27.96299],[-82.54898,27.96303],[-82.54923,27.96311],[-82.54957,27.96335],[-82.54975,27.96346],[-82.55005,27.96368],[-82.55026,27.96392],[-82.55037,27.96406],[-82.55048,27.96415],[-82.55059,27.96436],[-82.55076,27.96451],[-82.55097,27.96454],[-82.55125,27.96438],[-82.5516,27.96431],[-82.5517,27.96431],[-82.5518,27.9643],[-82.55187,27.96434],[-82.5519,27.96443],[-82.55187,27.96448],[-82.55181,27.96453],[-82.55176,27.96455],[-82.55153,27.96446],[-82.55101,27.96464],[-82.55082,27.96474],[-82.55089,27.96482],[-82.55136,27.96477],[-82.55151,27.96496],[-82.55177,27.96539],[-82.55188,27.96559],[-82.55211,27.96583],[-82.5525,27.96606],[-82.55263,27.96622],[-82.55274,27.96644],[-82.55286,27.96658],[-82.5534,27.96694],[-82.55359,27.96699],[-82.55374,27.96712],[-82.56559,27.96718],[-82.56611,27.96607],[-82.56654,27.96545],[-82.56726,27.96439],[-82.56741,27.96426],[-82.56766,27.96417],[-82.56799,27.964],[-82.56813,27.96384],[-82.5686,27.96243],[-82.56867,27.96232],[-82.56873,27.96221],[-82.56884,27.962],[-82.56886,27.96197],[-82.56901,27.96193],[-82.56934,27.96201],[-82.56947,27.96192],[-82.57014,27.96209],[-82.57052,27.9621],[-82.57088,27.96201],[-82.57098,27.96183],[-82.57115,27.96182],[-82.57122,27.96188],[-82.57158,27.96218],[-82.57176,27.96234],[-82.57287,27.96315],[-82.5729,27.96325],[-82.573,27.96337],[-82.57285,27.96353],[-82.57251,27.96396],[-82.5724,27.96405],[-82.57231,27.96424],[-82.57229,27.96427],[-82.57226,27.9643],[-82.57222,27.96431],[-82.57219,27.96432],[-82.57216,27.96432],[-82.57213,27.96431],[-82.57207,27.9643],[-82.57131,27.96402],[-82.57123,27.96419],[-82.57123,27.96427],[-82.57137,27.96427],[-82.57142,27.96427],[-82.57152,27.96433],[-82.57153,27.96433],[-82.57153,27.96433],[-82.57154,27.96434],[-82.57155,27.96434],[-82.57155,27.96435],[-82.57156,27.96435],[-82.57157,27.96436],[-82.57157,27.96436],[-82.57158,27.96437],[-82.57159,27.96437],[-82.57159,27.96438],[-82.5716,27.96439],[-82.5716,27.96439],[-82.57161,27.9644],[-82.57162,27.96441],[-82.57171,27.96458],[-82.5718,27.96475],[-82.57187,27.9649],[-82.5719,27.9651],[-82.57191,27.96517],[-82.57189,27.96523],[-82.57185,27.96527],[-82.57156,27.96537],[-82.57152,27.96536],[-82.57147,27.96536],[-82.57128,27.96549],[-82.57125,27.96556],[-82.57123,27.96562],[-82.57122,27.96571],[-82.57115,27.96581],[-82.57107,27.96593],[-82.57071,27.96661],[-82.5707,27.96728],[-82.5707,27.96732],[-82.57071,27.96735],[-82.57072,27.96738],[-82.57073,27.96742],[-82.57074,27.96746],[-82.57075,27.96748],[-82.57076,27.9675],[-82.57077,27.96752],[-82.57078,27.96754],[-82.5708,27.96756],[-82.57082,27.96759],[-82.57084,27.96763],[-82.57086,27.96766],[-82.57089,27.9677],[-82.57092,27.96773],[-82.57102,27.96785],[-82.57123,27.96801],[-82.5719,27.96827],[-82.57202,27.96821],[-82.57207,27.96816],[-82.57209,27.96812],[-82.57208,27.96807],[-82.57202,27.968],[-82.57202,27.96789],[-82.57209,27.9678],[-82.57208,27.96761],[-82.57219,27.96746],[-82.57239,27.96737],[-82.57261,27.9673],[-82.57287,27.96732],[-82.573,27.96742],[-82.57449,27.96877],[-82.57536,27.96911],[-82.5787,27.97035],[-82.58164,27.97137],[-82.5833,27.97204],[-82.58443,27.97247],[-82.5858,27.9727],[-82.58733,27.97291],[-82.58908,27.97296],[-82.59065,27.97288],[-82.59216,27.97297],[-82.595,27.97292],[-82.59844,27.97264],[-82.60203,27.97224],[-82.61153,27.97104],[-82.61436,27.97081],[-82.61747,27.9705],[-82.6186,27.97033],[-82.61994,27.97031],[-82.62009,27.97059],[-82.61996,27.97088],[-82.61744,27.97116],[-82.61632,27.97122],[-82.61293,27.97157],[-82.61177,27.97198],[-82.61127,27.97228],[-82.61093,27.97231],[-82.61008,27.97219],[-82.60919,27.97204],[-82.60866,27.97219],[-82.60813,27.97215],[-82.60767,27.97229],[-82.60614,27.97286],[-82.60527,27.97299],[-82.60362,27.973],[-82.60235,27.97307],[-82.60106,27.97352],[-82.60043,27.97362],[-82.59988,27.97361],[-82.5996,27.97357],[-82.59925,27.97364],[-82.59903,27.97364],[-82.59881,27.97353],[-82.59824,27.97366],[-82.59802,27.97378],[-82.59775,27.97383],[-82.59732,27.97389],[-82.59642,27.97372],[-82.59526,27.97372],[-82.59498,27.97369],[-82.59469,27.97346],[-82.59375,27.9735],[-82.59349,27.97365],[-82.59288,27.97352],[-82.59189,27.97356],[-82.59113,27.97356],[-82.59093,27.97364],[-82.59067,27.97366],[-82.58931,27.97347],[-82.58719,27.97343],[-82.58553,27.97319],[-82.58365,27.97281],[-82.58164,27.97221],[-82.57501,27.96979],[-82.5729,27.96905],[-82.56993,27.96797],[-82.56986,27.96796],[-82.56986,27.96801],[-82.56988,27.96812],[-82.5702,27.96931],[-82.57023,27.96967],[-82.57024,27.97],[-82.57018,27.97042],[-82.57013,27.97078],[-82.57008,27.97091],[-82.56998,27.971],[-82.56983,27.97109],[-82.56971,27.97112],[-82.56887,27.97112],[-82.56876,27.97106],[-82.5687,27.97099],[-82.56767,27.96972],[-82.56765,27.96968],[-82.56762,27.96956],[-82.56758,27.96908],[-82.56756,27.96904],[-82.56752,27.96901],[-82.56744,27.969],[-82.56649,27.9689],[-82.56643,27.96892],[-82.5664,27.96895],[-82.56637,27.96899],[-82.56596,27.96966],[-82.56595,27.96969],[-82.56596,27.96972],[-82.56653,27.97066],[-82.56661,27.97073],[-82.56672,27.97076],[-82.56755,27.97078],[-82.568,27.97082],[-82.56809,27.97089],[-82.56818,27.97112],[-82.56821,27.97117],[-82.56822,27.97121],[-82.56822,27.97124],[-82.56822,27.97126],[-82.56821,27.97131],[-82.56818,27.97135],[-82.56817,27.97138],[-82.56814,27.97141],[-82.56809,27.97148],[-82.56801,27.97156],[-82.56789,27.97166],[-82.56779,27.97174],[-82.56765,27.97182],[-82.56744,27.97198],[-82.56729,27.97209],[-82.56718,27.97218],[-82.5671,27.9722],[-82.5667,27.97233],[-82.56623,27.97247],[-82.56552,27.97267],[-82.56537,27.9727],[-82.56525,27.97272],[-82.56513,27.97274],[-82.56501,27.97274],[-82.56489,27.97274],[-82.56475,27.97273],[-82.56389,27.97259],[-82.56386,27.97259],[-82.56368,27.97264],[-82.56355,27.97267],[-82.56338,27.97269],[-82.56326,27.97269],[-82.56314,27.97269],[-82.56302,27.97267],[-82.56293,27.97265],[-82.56281,27.97261],[-82.56271,27.97257],[-82.56252,27.97257],[-82.56182,27.97256],[-82.56168,27.97254],[-82.56155,27.97251],[-82.56041,27.97199],[-82.55933,27.97148],[-82.55922,27.97139],[-82.55916,27.97129],[-82.55913,27.97116],[-82.55914,27.97098],[-82.55916,27.97039],[-82.5592,27.97023],[-82.55931,27.9701],[-82.55945,27.97],[-82.55954,27.96996],[-82.55966,27.96994],[-82.56131,27.97002],[-82.5614,27.97002],[-82.56145,27.97001],[-82.5615,27.97],[-82.56463,27.96851],[-82.56493,27.96844],[-82.56527,27.96778],[-82.56525,27.96775],[-82.5652,27.96774],[-82.56513,27.96774],[-82.56402,27.96768],[-82.55745,27.96761],[-82.55684,27.9676],[-82.55668,27.96761],[-82.55624,27.96772],[-82.55599,27.96786],[-82.55575,27.96805],[-82.55569,27.96813],[-82.55563,27.96823],[-82.55557,27.96829],[-82.55411,27.96824],[-82.55397,27.96816],[-82.55107,27.96814],[-82.55025,27.96816],[-82.55007,27.96819],[-82.5493,27.96819],[-82.54921,27.96825],[-82.54922,27.96841],[-82.54973,27.96843],[-82.54981,27.96846],[-82.54985,27.9685],[-82.54982,27.97089],[-82.54656,27.97089],[-82.54656,27.97094],[-82.54655,27.97094],[-82.54655,27.97131],[-82.54682,27.97131],[-82.54686,27.97138],[-82.54729,27.97175],[-82.54866,27.97383],[-82.54999,27.97383],[-82.54999,27.97417],[-82.55054,27.97417],[-82.55071,27.97416],[-82.55824,27.97416],[-82.55827,27.97417],[-82.55827,27.97417],[-82.55829,27.97417],[-82.55829,27.97417],[-82.5583,27.97417],[-82.55831,27.97417],[-82.55832,27.97417],[-82.55833,27.97418],[-82.55836,27.97418],[-82.55837,27.97418],[-82.55838,27.97419],[-82.55841,27.97419],[-82.55842,27.9742],[-82.55843,27.9742],[-82.55844,27.97421],[-82.55845,27.97421],[-82.55846,27.97421],[-82.55847,27.97422],[-82.5585,27.97423],[-82.55852,27.97424],[-82.55853,27.97425],[-82.55854,27.97425],[-82.55855,27.97426],[-82.55856,27.97427],[-82.55857,27.97427],[-82.55858,27.97428],[-82.55859,27.97429],[-82.5586,27.97429],[-82.55861,27.9743],[-82.55862,27.97431],[-82.55863,27.97432],[-82.55864,27.97433],[-82.55865,27.97434],[-82.55866,27.97435],[-82.55867,27.97435],[-82.55867,27.97436],[-82.55868,27.97437],[-82.55869,27.97438],[-82.5587,27.97439],[-82.5587,27.9744],[-82.55871,27.97441],[-82.55872,27.97442],[-82.55872,27.97443],[-82.55873,27.97444],[-82.55874,27.97444],[-82.55874,27.97445],[-82.55875,27.97446],[-82.55875,27.97447],[-82.55876,27.97448],[-82.55877,27.9745],[-82.55878,27.97452],[-82.55878,27.97454],[-82.55879,27.97455],[-82.55879,27.97455],[-82.5588,27.97458],[-82.5588,27.97458],[-82.55867,27.97458],[-82.55866,27.97471],[-82.55881,27.97471],[-82.55865,27.98165],[-82.55852,27.98165],[-82.55834,27.98165],[-82.55834,27.98165],[-82.55803,27.98165],[-82.55802,27.98165],[-82.55799,27.98165],[-82.55797,27.98165],[-82.55792,27.98165],[-82.5579,27.98165],[-82.55785,27.98165],[-82.55783,27.98165],[-82.55781,27.98165],[-82.55779,27.98165],[-82.55777,27.98165],[-82.55661,27.98165],[-82.55277,27.98165],[-82.55058,27.98165],[-82.55047,27.98165],[-82.55047,27.98159],[-82.55045,27.9816],[-82.55045,27.9816],[-82.55041,27.98164],[-82.54977,27.98163],[-82.54889,27.98163],[-82.54876,27.98162],[-82.54863,27.98161],[-82.54866,27.98158],[-82.54865,27.98158],[-82.54866,27.98156],[-82.54752,27.98155],[-82.54745,27.98155],[-82.54741,27.98155],[-82.54737,27.98154],[-82.54734,27.98153],[-82.5473,27.98152],[-82.54728,27.9815],[-82.54725,27.98148],[-82.54721,27.98145],[-82.54718,27.98143],[-82.54715,27.98139],[-82.54713,27.98136],[-82.54712,27.98132],[-82.54711,27.98129],[-82.5471,27.98125],[-82.5471,27.98122],[-82.54709,27.98119],[-82.54709,27.98111],[-82.54705,27.98026],[-82.547,27.97987],[-82.54699,27.9797],[-82.54697,27.9795],[-82.54697,27.97936],[-82.54696,27.97917],[-82.54696,27.97893],[-82.54696,27.97857],[-82.54697,27.97839],[-82.547,27.97804],[-82.54703,27.97758],[-82.54707,27.97703],[-82.54712,27.97684],[-82.54719,27.9766],[-82.54726,27.97578],[-82.54725,27.97464],[-82.54714,27.97464],[-82.5467,27.9746],[-82.54656,27.97459],[-82.54612,27.97455],[-82.546,27.97453],[-82.54245,27.97451],[-82.54234,27.98181],[-82.54227,27.98537],[-82.54205,27.98538],[-82.54205,27.98545],[-82.53816,27.98541],[-82.53816,27.98541],[-82.53809,27.98904],[-82.53396,27.98903],[-82.53394,27.99012],[-82.53394,27.99034],[-82.53382,27.99598],[-82.53379,27.99698],[-82.53378,27.99698],[-82.52738,27.9969],[-82.52722,27.99689],[-82.52721,27.99689],[-82.52661,27.99689],[-82.52571,27.99687],[-82.52406,27.99686],[-82.52378,27.99686],[-82.51948,27.99682],[-82.51791,27.9968],[-82.51788,27.99966],[-82.51788,27.99986],[-82.51346,27.99986],[-82.50722,27.9998],[-82.50527,27.9998],[-82.50185,27.99979],[-82.50089,27.99979],[-82.50075,27.99979],[-82.49993,27.99978],[-82.49679,27.99983],[-82.49669,27.99983],[-82.49645,27.99983],[-82.49637,27.99983],[-82.49537,27.99983],[-82.49341,27.99983],[-82.49341,27.99981],[-82.49318,27.99981],[-82.49318,27.99981],[-82.49318,27.99976],[-82.49265,27.99975],[-82.49265,27.99979],[-82.49254,27.99979],[-82.49175,27.99978],[-82.48856,27.99976],[-82.48718,27.99975],[-82.48578,27.99973],[-82.48547,27.99973],[-82.48547,27.9998],[-82.48546,28.00107],[-82.48544,28.00107],[-82.48544,28.00138],[-82.4856,28.00152],[-82.4856,28.00182],[-82.48549,28.00182],[-82.48546,28.00182],[-82.48546,28.00235],[-82.48546,28.00239],[-82.48545,28.0033],[-82.48545,28.00336],[-82.48545,28.00391],[-82.48545,28.00463],[-82.48544,28.00553],[-82.48544,28.00665],[-82.48544,28.00742],[-82.48544,28.00751],[-82.48544,28.00783],[-82.48543,28.00805],[-82.48543,28.00828],[-82.48543,28.00894],[-82.48543,28.00907],[-82.48553,28.00907],[-82.48553,28.00939],[-82.48543,28.00939],[-82.48542,28.01077],[-82.48576,28.012],[-82.48583,28.0123],[-82.48586,28.01238],[-82.48587,28.01243],[-82.48597,28.01277],[-82.48607,28.01312],[-82.48609,28.01319],[-82.4861,28.01325],[-82.48628,28.01392],[-82.4863,28.01398],[-82.48638,28.01429],[-82.4864,28.01437],[-82.4864,28.01439],[-82.48644,28.01439],[-82.48643,28.01466],[-82.48642,28.01472],[-82.4864,28.01477],[-82.4864,28.01508],[-82.4864,28.01542],[-82.48639,28.01551],[-82.48638,28.0156],[-82.48639,28.01588],[-82.48637,28.01797],[-82.48633,28.02268],[-82.48631,28.02471],[-82.4863,28.02528],[-82.4863,28.02537],[-82.4863,28.02541],[-82.48489,28.02541],[-82.48486,28.02719],[-82.48549,28.02719],[-82.48549,28.0281],[-82.4863,28.02811],[-82.4863,28.02901],[-82.48484,28.029],[-82.48469,28.029],[-82.48439,28.029],[-82.48463,28.02938],[-82.48483,28.02969],[-82.48482,28.03039],[-82.48474,28.03035],[-82.48479,28.03078],[-82.48481,28.03078],[-82.48481,28.03083],[-82.48481,28.03091],[-82.48504,28.03091],[-82.48504,28.03124],[-82.48503,28.03149],[-82.48489,28.03149],[-82.48489,28.03183],[-82.48489,28.03189],[-82.48489,28.03206],[-82.48488,28.03226],[-82.48488,28.03244],[-82.48488,28.03265],[-82.48479,28.03265],[-82.48478,28.03327],[-82.48478,28.03335],[-82.48478,28.03346],[-82.48477,28.03359],[-82.48477,28.03373],[-82.48477,28.03396],[-82.48474,28.03402],[-82.48475,28.03402],[-82.48477,28.03403],[-82.48477,28.03428],[-82.48476,28.03467],[-82.48476,28.03482],[-82.48475,28.03498],[-82.48474,28.0363],[-82.48474,28.03635],[-82.48416,28.03635],[-82.48315,28.03808],[-82.48307,28.03822],[-82.48285,28.03861],[-82.48283,28.03861],[-82.48204,28.04001],[-82.48204,28.04032],[-82.48164,28.04032],[-82.48164,28.04034],[-82.48201,28.04035],[-82.48201,28.04041],[-82.48164,28.0404],[-82.48164,28.0404],[-82.48164,28.04042],[-82.48069,28.04042],[-82.48069,28.04039],[-82.48038,28.04039],[-82.48,28.04039],[-82.48,28.04044],[-82.48,28.04067],[-82.48,28.04082],[-82.48001,28.04332],[-82.48001,28.04333],[-82.48001,28.04373],[-82.48001,28.04397],[-82.48001,28.04403],[-82.48001,28.04427],[-82.48001,28.04519],[-82.48001,28.04552],[-82.48001,28.04554],[-82.48001,28.04558],[-82.48001,28.04559],[-82.48001,28.04559],[-82.48001,28.04575],[-82.48001,28.0461],[-82.48001,28.04647],[-82.48001,28.04708],[-82.48001,28.04737],[-82.48005,28.04737],[-82.48004,28.04768],[-82.48006,28.04775],[-82.48005,28.04778],[-82.48004,28.04781],[-82.48004,28.04823],[-82.48001,28.04823],[-82.48,28.04914],[-82.47999,28.05008],[-82.47999,28.05021],[-82.47999,28.05077],[-82.47998,28.05104],[-82.47998,28.05151],[-82.47998,28.05168],[-82.47998,28.05193],[-82.47997,28.05215],[-82.47997,28.05237],[-82.47997,28.05267],[-82.47997,28.05286],[-82.47996,28.05333],[-82.47996,28.05347],[-82.47996,28.05383],[-82.47996,28.05409],[-82.47995,28.05445],[-82.48008,28.05445],[-82.48008,28.05467],[-82.47998,28.05467],[-82.47998,28.05502],[-82.47998,28.05515],[-82.47971,28.05515],[-82.47971,28.05524],[-82.4796,28.05523],[-82.47677,28.05522],[-82.47643,28.05521],[-82.47644,28.05517],[-82.47591,28.05517],[-82.47584,28.05521],[-82.47573,28.05521],[-82.47529,28.05521],[-82.47477,28.05531],[-82.47431,28.05524],[-82.47401,28.05519],[-82.4739,28.05519],[-82.47384,28.0552],[-82.47375,28.05536],[-82.47344,28.05529],[-82.47336,28.05526],[-82.47311,28.05517],[-82.47296,28.0552],[-82.47286,28.05522],[-82.47282,28.05528],[-82.47279,28.05536],[-82.47239,28.05517],[-82.47024,28.05534],[-82.46997,28.05525],[-82.46972,28.05516],[-82.46958,28.0552],[-82.46939,28.0553],[-82.46905,28.0552],[-82.46901,28.05519],[-82.46886,28.05511],[-82.46879,28.05508],[-82.46857,28.05508],[-82.46836,28.05508],[-82.46814,28.05508],[-82.46793,28.05508],[-82.46762,28.05507],[-82.46762,28.05517],[-82.4676,28.0552],[-82.4675,28.05527],[-82.46704,28.05527],[-82.46704,28.05527],[-82.46704,28.05517],[-82.46609,28.05517],[-82.46609,28.05506],[-82.46609,28.05506],[-82.46563,28.05506],[-82.46556,28.0552],[-82.46547,28.05517],[-82.46509,28.05517],[-82.46509,28.05518],[-82.46472,28.05519],[-82.46463,28.0552],[-82.46454,28.05517],[-82.46412,28.05517],[-82.46402,28.05517],[-82.46356,28.05517],[-82.4634,28.05519],[-82.4631,28.05519],[-82.46284,28.05519],[-82.46253,28.05519],[-82.46221,28.05519],[-82.4622,28.05558],[-82.46099,28.05558],[-82.46099,28.05519],[-82.46062,28.05519],[-82.46015,28.05519],[-82.45952,28.05519],[-82.45938,28.0552],[-82.45925,28.05518],[-82.45867,28.05518],[-82.45867,28.0552],[-82.45684,28.0552],[-82.45607,28.0552],[-82.45551,28.0552],[-82.45538,28.0552],[-82.4553,28.0552],[-82.4549,28.0552],[-82.45468,28.0552],[-82.45428,28.0552],[-82.45408,28.0552],[-82.45327,28.05519],[-82.45169,28.05519],[-82.45132,28.05519],[-82.4512,28.05519],[-82.45097,28.05518],[-82.45088,28.05518],[-82.45072,28.05518],[-82.45058,28.05518],[-82.4499,28.05518],[-82.44983,28.05518],[-82.44974,28.05518],[-82.44952,28.05518],[-82.44942,28.05518],[-82.44941,28.05518],[-82.44938,28.05518],[-82.44937,28.05518],[-82.44931,28.05518],[-82.44885,28.05518],[-82.44841,28.05518],[-82.4481,28.05518],[-82.44703,28.05517],[-82.44699,28.05517],[-82.44694,28.05517],[-82.44647,28.05517],[-82.44599,28.05517],[-82.44552,28.05517],[-82.44505,28.05517],[-82.44496,28.05517],[-82.44488,28.05517],[-82.44438,28.05516],[-82.44405,28.05516],[-82.44369,28.05516],[-82.44298,28.05516],[-82.44288,28.05516],[-82.44279,28.05516],[-82.44231,28.05516],[-82.44184,28.05515],[-82.44137,28.05515],[-82.44091,28.05515],[-82.44073,28.05515],[-82.44025,28.05514],[-82.43979,28.05514],[-82.43884,28.05513],[-82.43865,28.05513],[-82.43673,28.05512],[-82.43596,28.05511],[-82.43591,28.05511],[-82.4346,28.0551],[-82.43451,28.0551],[-82.43396,28.0551],[-82.43347,28.0551],[-82.43224,28.0551],[-82.4307,28.0551],[-82.43058,28.0551],[-82.4305,28.05511],[-82.42966,28.05511],[-82.4288,28.05511],[-82.42837,28.05511],[-82.42691,28.05511],[-82.42637,28.05511],[-82.42587,28.05511],[-82.42586,28.0551],[-82.42586,28.05511],[-82.42586,28.05511],[-82.42585,28.05703],[-82.42583,28.06561],[-82.42583,28.06738],[-82.42582,28.06905],[-82.42292,28.06902],[-82.42051,28.069],[-82.41839,28.06899],[-82.41839,28.06898],[-82.41839,28.06892],[-82.41317,28.0689],[-82.40982,28.06889],[-82.40982,28.0693],[-82.41003,28.08009],[-82.41003,28.0801],[-82.41003,28.08011],[-82.41003,28.08013],[-82.41004,28.08015],[-82.41004,28.08016],[-82.41004,28.08018],[-82.41005,28.08019],[-82.41005,28.08021],[-82.41006,28.08023],[-82.41007,28.08024],[-82.41007,28.08026],[-82.41007,28.08026],[-82.41008,28.08026],[-82.41008,28.08026],[-82.41008,28.08027],[-82.41008,28.08028],[-82.41009,28.08029],[-82.4101,28.08031],[-82.41012,28.08032],[-82.41021,28.08419],[-82.41019,28.08562],[-82.41017,28.08645],[-82.40995,28.0986],[-82.40989,28.10952],[-82.40989,28.10952],[-82.41826,28.10959],[-82.42237,28.10962],[-82.42646,28.10966],[-82.42643,28.10968],[-82.42639,28.10972],[-82.42635,28.10975],[-82.42631,28.10979],[-82.42628,28.10982],[-82.42624,28.10986],[-82.4262,28.10989],[-82.42616,28.10993],[-82.42612,28.10997],[-82.42609,28.11],[-82.42605,28.11004],[-82.42601,28.11008],[-82.42597,28.11012],[-82.42594,28.11015],[-82.4259,28.11019],[-82.42586,28.11023],[-82.42583,28.11027],[-82.42579,28.1103],[-82.42575,28.11034],[-82.42572,28.11038],[-82.42568,28.11042],[-82.42565,28.11046],[-82.42561,28.11049],[-82.42558,28.11053],[-82.42554,28.11057],[-82.42551,28.11061],[-82.42548,28.11064],[-82.42544,28.11068],[-82.42541,28.11072],[-82.42538,28.11075],[-82.42535,28.11079],[-82.42532,28.11083],[-82.42528,28.11087],[-82.42525,28.1109],[-82.42522,28.11094],[-82.42519,28.11098],[-82.42516,28.11102],[-82.42513,28.11106],[-82.4251,28.1111],[-82.42507,28.11113],[-82.42504,28.11117],[-82.42501,28.11121],[-82.42498,28.11125],[-82.42495,28.11129],[-82.42492,28.11133],[-82.42489,28.11137],[-82.42486,28.11141],[-82.42483,28.11145],[-82.4248,28.11149],[-82.42478,28.11153],[-82.42475,28.11157],[-82.42472,28.11161],[-82.42469,28.11165],[-82.42467,28.11169],[-82.42464,28.11173],[-82.42461,28.11177],[-82.42458,28.11181],[-82.42456,28.11185],[-82.42453,28.11189],[-82.42451,28.11193],[-82.42448,28.11197],[-82.42445,28.11201],[-82.42443,28.11205],[-82.4244,28.11209],[-82.42438,28.11213],[-82.42435,28.11218],[-82.42433,28.11222],[-82.4243,28.11226],[-82.42428,28.1123],[-82.42426,28.11234],[-82.42423,28.11238],[-82.42421,28.11243],[-82.42419,28.11247],[-82.42416,28.11251],[-82.42414,28.11255],[-82.42412,28.1126],[-82.42409,28.11264],[-82.42379,28.11321],[-82.42374,28.11331],[-82.42374,28.11332],[-82.42236,28.11606],[-82.42232,28.11614],[-82.42192,28.11695],[-82.4214,28.11799],[-82.42109,28.11862],[-82.42063,28.11955],[-82.4201,28.1206],[-82.41921,28.12238],[-82.41833,28.12414],[-82.41824,28.1243],[-82.41706,28.12666],[-82.4141,28.12662],[-82.4141,28.12662],[-82.41411,28.12777],[-82.41242,28.12775],[-82.41007,28.12772],[-82.41007,28.12772],[-82.40998,28.12772],[-82.41,28.13133],[-82.40177,28.13129],[-82.40179,28.13494],[-82.3977,28.13491],[-82.3977,28.13491],[-82.39772,28.13856],[-82.39361,28.13853],[-82.39362,28.14217],[-82.38956,28.14214],[-82.38957,28.14579],[-82.39367,28.14584],[-82.39371,28.14881],[-82.39371,28.14903],[-82.39371,28.14938],[-82.39371,28.14944],[-82.38787,28.14939],[-82.38744,28.1494],[-82.3867,28.1494],[-82.38628,28.1494],[-82.38661,28.14987],[-82.39055,28.15565],[-82.39129,28.15674],[-82.3918,28.15749],[-82.39273,28.15882],[-82.39336,28.16014],[-82.39384,28.16144],[-82.39394,28.16179],[-82.39383,28.16177],[-82.3937,28.16175],[-82.39357,28.16177],[-82.39349,28.1618],[-82.39328,28.16187],[-82.39324,28.16189],[-82.39315,28.1619],[-82.3931,28.16196],[-82.39303,28.16198],[-82.39296,28.16197],[-82.39291,28.16197],[-82.39284,28.16201],[-82.39284,28.16212],[-82.3928,28.16217],[-82.39286,28.16221],[-82.39287,28.16228],[-82.39293,28.16236],[-82.39304,28.1624],[-82.39307,28.16243],[-82.39312,28.16246],[-82.39324,28.16244],[-82.39339,28.16248],[-82.39344,28.16253],[-82.39349,28.16258],[-82.39353,28.16265],[-82.3935,28.1627],[-82.39347,28.16275],[-82.39342,28.16277],[-82.39338,28.16277],[-82.39323,28.16278],[-82.3932,28.16283],[-82.39313,28.16285],[-82.39304,28.16294],[-82.39308,28.16304],[-82.39315,28.16311],[-82.39324,28.16321],[-82.39325,28.16329],[-82.39324,28.16338],[-82.39317,28.16342],[-82.39309,28.16348],[-82.39298,28.16361],[-82.39301,28.16372],[-82.39308,28.16384],[-82.3931,28.16391],[-82.39308,28.16396],[-82.39302,28.16402],[-82.39301,28.16403],[-82.39301,28.16407],[-82.39305,28.16413],[-82.39311,28.16415],[-82.39319,28.16414],[-82.39323,28.16412],[-82.39338,28.16413],[-82.39344,28.16412],[-82.39347,28.16421],[-82.3934,28.16426],[-82.39337,28.16435],[-82.39343,28.16442],[-82.39345,28.16447],[-82.39345,28.16453],[-82.39342,28.1646],[-82.39346,28.16464],[-82.39351,28.16469],[-82.39351,28.16473],[-82.3935,28.16483],[-82.39347,28.16496],[-82.39343,28.16503],[-82.39348,28.16509],[-82.39344,28.16515],[-82.39342,28.16526],[-82.39342,28.16534],[-82.39336,28.16535],[-82.39329,28.1653],[-82.39312,28.16517],[-82.39306,28.16517],[-82.39297,28.16517],[-82.39291,28.1652],[-82.39285,28.16523],[-82.3928,28.16527],[-82.39277,28.1653],[-82.39276,28.16533],[-82.39273,28.16535],[-82.39268,28.16537],[-82.39265,28.16541],[-82.39261,28.16546],[-82.39256,28.16552],[-82.39252,28.16559],[-82.39248,28.1656],[-82.39241,28.1656],[-82.39232,28.16563],[-82.3923,28.1656],[-82.39226,28.16556],[-82.39223,28.16553],[-82.3922,28.16551],[-82.39216,28.16543],[-82.39217,28.16537],[-82.39219,28.16526],[-82.39216,28.16524],[-82.39206,28.16524],[-82.39199,28.16523],[-82.39196,28.16523],[-82.3919,28.16524],[-82.39195,28.1653],[-82.39193,28.16537],[-82.39184,28.16534],[-82.39171,28.16531],[-82.3916,28.1653],[-82.39154,28.16527],[-82.39134,28.16523],[-82.39129,28.16521],[-82.39114,28.16515],[-82.39107,28.16511],[-82.391,28.16506],[-82.39094,28.16501],[-82.39086,28.16491],[-82.39086,28.16486],[-82.39092,28.1648],[-82.39097,28.16475],[-82.39094,28.16468],[-82.3908,28.1647],[-82.39076,28.16473],[-82.39068,28.16471],[-82.39065,28.16472],[-82.39058,28.16478],[-82.3905,28.16478],[-82.39043,28.16476],[-82.3904,28.16479],[-82.39033,28.1648],[-82.39029,28.16479],[-82.39019,28.16478],[-82.39003,28.16477],[-82.38993,28.1648],[-82.38985,28.16487],[-82.38981,28.16492],[-82.38975,28.16489],[-82.38969,28.16487],[-82.38966,28.16478],[-82.38967,28.16474],[-82.38972,28.16474],[-82.38976,28.16476],[-82.38979,28.16479],[-82.3899,28.16477],[-82.38993,28.16473],[-82.38992,28.1647],[-82.38992,28.16466],[-82.3899,28.1646],[-82.38985,28.1646],[-82.38974,28.1646],[-82.38964,28.16462],[-82.38962,28.16465],[-82.38955,28.16473],[-82.3895,28.16473],[-82.38944,28.1647],[-82.38942,28.16477],[-82.38939,28.16484],[-82.38936,28.16485],[-82.38934,28.16495],[-82.38934,28.16499],[-82.38935,28.16508],[-82.38936,28.16515],[-82.38938,28.16522],[-82.38936,28.16528],[-82.38934,28.1653],[-82.3893,28.16535],[-82.38925,28.16542],[-82.3892,28.16551],[-82.38911,28.16556],[-82.38894,28.16565],[-82.3888,28.16568],[-82.38873,28.16573],[-82.38871,28.16572],[-82.3887,28.16572],[-82.38865,28.16571],[-82.38861,28.16569],[-82.38857,28.16572],[-82.38852,28.16573],[-82.38844,28.16566],[-82.38839,28.16565],[-82.3883,28.16565],[-82.38818,28.16573],[-82.38814,28.16579],[-82.38806,28.16585],[-82.38801,28.16591],[-82.38798,28.16596],[-82.38793,28.16598],[-82.38783,28.16597],[-82.38769,28.16596],[-82.38762,28.16596],[-82.38759,28.16597],[-82.38752,28.16601],[-82.38752,28.16605],[-82.38752,28.1661],[-82.3875,28.16617],[-82.38746,28.16627],[-82.38742,28.16634],[-82.38739,28.16637],[-82.3873,28.16642],[-82.38726,28.16644],[-82.38722,28.16646],[-82.38715,28.16646],[-82.3871,28.16646],[-82.38706,28.16646],[-82.38695,28.16649],[-82.38689,28.16653],[-82.3869,28.16662],[-82.38689,28.16667],[-82.38677,28.16665],[-82.38669,28.16666],[-82.3866,28.16665],[-82.38652,28.16662],[-82.38644,28.16663],[-82.38642,28.16667],[-82.38642,28.16673],[-82.38642,28.16678],[-82.38646,28.16683],[-82.38658,28.16686],[-82.38664,28.1669],[-82.38663,28.16698],[-82.38659,28.167],[-82.38653,28.16703],[-82.38647,28.16705],[-82.38644,28.16709],[-82.38646,28.16714],[-82.38647,28.16719],[-82.38647,28.16725],[-82.38644,28.16733],[-82.38643,28.1674],[-82.38648,28.16744],[-82.38652,28.16747],[-82.38656,28.16747],[-82.38661,28.1675],[-82.38664,28.16754],[-82.38666,28.16762],[-82.38666,28.16762],[-82.38964,28.16761],[-82.38965,28.16953],[-82.3899,28.16968],[-82.39156,28.17062],[-82.39204,28.1709],[-82.39202,28.17105],[-82.39156,28.17105],[-82.39093,28.17105],[-82.39031,28.171],[-82.38963,28.171],[-82.38955,28.17104],[-82.38946,28.17105],[-82.38922,28.17105],[-82.38853,28.17105],[-82.38852,28.17105],[-82.38853,28.17106],[-82.38854,28.17108],[-82.38855,28.17109],[-82.38855,28.1711],[-82.38854,28.1711],[-82.38839,28.1711]]]}},{"type":"Feature","properties":{"name":"Temple Terrace"},"geometry":{"type":"Polygon","coordinates":[[[-82.35318,28.05828],[-82.35249,28.05805],[-82.35316,28.05806],[-82.35318,28.05828]],[[-82.34772,28.05369],[-82.34771,28.05067],[-82.3498,28.05066],[-82.3507,28.05066],[-82.35044,28.05149],[-82.34981,28.0519],[-82.34981,28.05205],[-82.35046,28.05205],[-82.35,28.05303],[-82.34995,28.05313],[-82.34982,28.05328],[-82.34959,28.05353],[-82.34903,28.05369],[-82.34772,28.05369]],[[-82.34843,28.07015],[-82.34831,28.06932],[-82.34849,28.06932],[-82.34836,28.06766],[-82.35,28.06768],[-82.35013,28.06768],[-82.35025,28.06768],[-82.35038,28.06768],[-82.3505,28.06768],[-82.35063,28.06768],[-82.35066,28.06768],[-82.35076,28.06768],[-82.35101,28.06768],[-82.35113,28.06768],[-82.35126,28.06769],[-82.35138,28.06769],[-82.35142,28.06769],[-82.35161,28.06769],[-82.35174,28.06769],[-82.35186,28.06769],[-82.35199,28.06769],[-82.35217,28.06769],[-82.35226,28.06769],[-82.35226,28.06798],[-82.35225,28.06798],[-82.35225,28.06879],[-82.35225,28.06882],[-82.35224,28.06896],[-82.35224,28.06898],[-82.35222,28.06909],[-82.3522,28.06919],[-82.35217,28.06929],[-82.35216,28.06934],[-82.35213,28.06933],[-82.35201,28.06933],[-82.35188,28.06933],[-82.35148,28.06933],[-82.35135,28.06933],[-82.35123,28.06933],[-82.35121,28.06933],[-82.3511,28.06933],[-82.35098,28.06933],[-82.35086,28.06933],[-82.35073,28.06933],[-82.35061,28.06933],[-82.35048,28.06933],[-82.35036,28.06933],[-82.35031,28.06933],[-82.35031,28.06938],[-82.35031,28.06949],[-82.35031,28.0696],[-82.35031,28.06965],[-82.35031,28.06971],[-82.35031,28.06982],[-82.35031,28.06993],[-82.35031,28.07004],[-82.35031,28.07015],[-82.35031,28.07024],[-82.35109,28.07024],[-82.35135,28.07024],[-82.35128,28.07028],[-82.34947,28.07115],[-82.34929,28.07115],[-82.34902,28.07115],[-82.34889,28.07115],[-82.34848,28.07114],[-82.34834,28.07016],[-82.34843,28.07015]],[[-82.35659,28.02907],[-82.35722,28.02878],[-82.35786,28.0285],[-82.35926,28.02786],[-82.36061,28.02724],[-82.36124,28.02695],[-82.36123,28.02901],[-82.36092,28.02901],[-82.36091,28.03053],[-82.36091,28.03084],[-82.36099,28.03084],[-82.36099,28.03165],[-82.36098,28.0325],[-82.36098,28.03256],[-82.36059,28.03256],[-82.35839,28.03253],[-82.3584,28.03182],[-82.35655,28.03179],[-82.35656,28.03115],[-82.35657,28.03051],[-82.35658,28.02979],[-82.35659,28.02907]],[[-82.35529,28.03908],[-82.35529,28.03885],[-82.35501,28.03885],[-82.35495,28.03885],[-82.35495,28.03889],[-82.35485,28.03889],[-82.3547,28.03889],[-82.35467,28.03889],[-82.35467,28.03886],[-82.35454,28.03886],[-82.35439,28.03886],[-82.35439,28.03867],[-82.35439,28.03844],[-82.35439,28.03828],[-82.35439,28.03799],[-82.35363,28.03798],[-82.35358,28.03798],[-82.35323,28.03798],[-82.35276,28.03797],[-82.35241,28.03797],[-82.35242,28.03688],[-82.35242,28.03669],[-82.35242,28.03657],[-82.35242,28.03646],[-82.35242,28.03635],[-82.35242,28.03624],[-82.35242,28.03613],[-82.35242,28.03602],[-82.35242,28.03591],[-82.35242,28.0358],[-82.35242,28.03564],[-82.35242,28.03551],[-82.35242,28.03523],[-82.35242,28.03485],[-82.35242,28.03477],[-82.35254,28.03477],[-82.35278,28.03477],[-82.35278,28.03478],[-82.35302,28.03478],[-82.35309,28.03478],[-82.35309,28.03439],[-82.35307,28.03437],[-82.35301,28.03437],[-82.3526,28.03436],[-82.3526,28.03325],[-82.35241,28.03325],[-82.35241,28.03285],[-82.35279,28.03286],[-82.35279,28.03264],[-82.35241,28.03263],[-82.35241,28.0325],[-82.35263,28.0325],[-82.35285,28.0325],[-82.35333,28.03251],[-82.35333,28.03221],[-82.35333,28.03191],[-82.3532,28.03189],[-82.35308,28.03188],[-82.35296,28.03187],[-82.35285,28.03187],[-82.35274,28.03187],[-82.35263,28.03188],[-82.35252,28.03189],[-82.35241,28.03191],[-82.35241,28.03159],[-82.35283,28.03133],[-82.35326,28.03107],[-82.35338,28.03099],[-82.3545,28.03031],[-82.35514,28.02992],[-82.35577,28.02954],[-82.35593,28.02975],[-82.35642,28.02973],[-82.35642,28.03051],[-82.35642,28.03113],[-82.35641,28.03113],[-82.3564,28.03182],[-82.35639,28.03197],[-82.35637,28.03209],[-82.35636,28.03241],[-82.35636,28.03256],[-82.35632,28.0327],[-82.35632,28.03383],[-82.35577,28.03383],[-82.35576,28.03441],[-82.35637,28.03441],[-82.35641,28.03441],[-82.35641,28.03458],[-82.35641,28.03485],[-82.35641,28.03499],[-82.35641,28.03531],[-82.35637,28.03531],[-82.35624,28.03531],[-82.35611,28.03531],[-82.35599,28.0353],[-82.35587,28.0353],[-82.35574,28.0353],[-82.35562,28.0353],[-82.35549,28.0353],[-82.35537,28.0353],[-82.35525,28.0353],[-82.35512,28.0353],[-82.355,28.0353],[-82.35487,28.0353],[-82.35475,28.0353],[-82.35462,28.0353],[-82.35449,28.0353],[-82.35438,28.0353],[-82.35438,28.03537],[-82.35438,28.03548],[-82.35438,28.03559],[-82.35438,28.0357],[-82.35438,28.03581],[-82.35438,28.03592],[-82.35438,28.03603],[-82.35438,28.03614],[-82.35438,28.03619],[-82.35469,28.0362],[-82.3548,28.0362],[-82.35512,28.0362],[-82.35528,28.0362],[-82.35548,28.0362],[-82.35563,28.0362],[-82.35586,28.03621],[-82.3562,28.03621],[-82.35637,28.03621],[-82.35637,28.03639],[-82.35637,28.03662],[-82.35637,28.03692],[-82.35637,28.03693],[-82.35637,28.03726],[-82.35637,28.03744],[-82.35637,28.03766],[-82.35637,28.038],[-82.35642,28.03801],[-82.35642,28.03863],[-82.35641,28.03887],[-82.35641,28.03908],[-82.35622,28.03908],[-82.35607,28.03908],[-82.35591,28.03908],[-82.35576,28.03908],[-82.3556,28.03908],[-82.35545,28.03908],[-82.35529,28.03908]],[[-82.36608,28.06916],[-82.36608,28.06903],[-82.36479,28.06903],[-82.36479,28.06894],[-82.36413,28.06894],[-82.3606,28.06895],[-82.35998,28.06884],[-82.35998,28.06842],[-82.35982,28.06843],[-82.35896,28.06851],[-82.35831,28.06857],[-82.35771,28.06862],[-82.35711,28.06867],[-82.35649,28.06873],[-82.35644,28.06873],[-82.35644,28.06835],[-82.35579,28.06834],[-82.35571,28.06834],[-82.35522,28.06751],[-82.35514,28.06735],[-82.35506,28.06719],[-82.35499,28.06703],[-82.35492,28.06686],[-82.35486,28.0667],[-82.35481,28.06653],[-82.35477,28.06636],[-82.35473,28.06619],[-82.3547,28.06602],[-82.35468,28.06584],[-82.35466,28.06567],[-82.35465,28.06567],[-82.35465,28.06372],[-82.35465,28.06347],[-82.35465,28.06252],[-82.35468,28.06252],[-82.35468,28.06186],[-82.35468,28.06155],[-82.35502,28.06154],[-82.35504,28.0616],[-82.35505,28.06173],[-82.35505,28.06201],[-82.35507,28.06201],[-82.35587,28.062],[-82.35674,28.06199],[-82.35834,28.06197],[-82.35886,28.06196],[-82.35997,28.06195],[-82.36061,28.06195],[-82.36061,28.06178],[-82.3607,28.06178],[-82.36203,28.06177],[-82.36212,28.06177],[-82.36305,28.06176],[-82.36359,28.06175],[-82.36375,28.06175],[-82.36391,28.06176],[-82.36408,28.06178],[-82.36438,28.06183],[-82.36468,28.06189],[-82.36475,28.0619],[-82.36482,28.0619],[-82.3649,28.0619],[-82.36563,28.06189],[-82.36639,28.06189],[-82.36717,28.06188],[-82.36793,28.06187],[-82.3687,28.06186],[-82.36879,28.06186],[-82.36879,28.06129],[-82.36878,28.06049],[-82.36878,28.05943],[-82.36878,28.05919],[-82.36912,28.05919],[-82.3691,28.0584],[-82.36972,28.05848],[-82.37033,28.0585],[-82.37067,28.0584],[-82.37145,28.05823],[-82.37196,28.05801],[-82.37238,28.05764],[-82.37291,28.05742],[-82.37307,28.05737],[-82.3733,28.05732],[-82.3733,28.05798],[-82.3733,28.05799],[-82.37348,28.05799],[-82.37367,28.05799],[-82.37366,28.05725],[-82.3737,28.057],[-82.37367,28.05692],[-82.37362,28.05682],[-82.37362,28.05663],[-82.37361,28.05657],[-82.37356,28.05654],[-82.37356,28.05633],[-82.37367,28.05636],[-82.37379,28.05638],[-82.3739,28.05639],[-82.37402,28.0564],[-82.37414,28.0564],[-82.37425,28.05639],[-82.37437,28.05638],[-82.37448,28.05636],[-82.3746,28.05634],[-82.37471,28.05631],[-82.3748,28.05629],[-82.37489,28.05628],[-82.37498,28.05627],[-82.37507,28.05627],[-82.37516,28.05628],[-82.37525,28.05629],[-82.37534,28.05631],[-82.37534,28.05656],[-82.37506,28.05647],[-82.37477,28.05648],[-82.37458,28.05656],[-82.37459,28.05695],[-82.37461,28.05799],[-82.37478,28.05799],[-82.37506,28.05799],[-82.37533,28.05798],[-82.3757,28.05798],[-82.3757,28.05745],[-82.37569,28.05727],[-82.37576,28.0573],[-82.37583,28.05734],[-82.37589,28.05736],[-82.37608,28.05742],[-82.37616,28.05745],[-82.37626,28.05749],[-82.37637,28.05754],[-82.37644,28.05756],[-82.37655,28.05759],[-82.37663,28.0576],[-82.37676,28.05761],[-82.37676,28.05761],[-82.37675,28.05731],[-82.37675,28.05672],[-82.37675,28.05653],[-82.37685,28.05654],[-82.37687,28.05654],[-82.37688,28.05655],[-82.37689,28.05656],[-82.3769,28.05657],[-82.37691,28.05658],[-82.37692,28.0566],[-82.37692,28.05661],[-82.37692,28.05696],[-82.37692,28.0573],[-82.37693,28.05761],[-82.37703,28.0576],[-82.37749,28.05753],[-82.37795,28.05739],[-82.3786,28.05744],[-82.37909,28.05763],[-82.37938,28.05787],[-82.37956,28.05813],[-82.3797,28.05876],[-82.38007,28.05857],[-82.3802,28.05869],[-82.38042,28.05866],[-82.38067,28.05845],[-82.38085,28.05823],[-82.38113,28.05809],[-82.38137,28.05813],[-82.38146,28.05818],[-82.38217,28.05818],[-82.38217,28.05802],[-82.38217,28.05752],[-82.38217,28.05724],[-82.38218,28.05706],[-82.38218,28.05689],[-82.38218,28.05682],[-82.38218,28.05657],[-82.38218,28.05624],[-82.38219,28.05607],[-82.38219,28.05591],[-82.38219,28.05575],[-82.38219,28.05571],[-82.38219,28.05558],[-82.38219,28.05541],[-82.3822,28.05493],[-82.3822,28.05463],[-82.38183,28.05463],[-82.38151,28.05463],[-82.38153,28.05464],[-82.38155,28.05464],[-82.38156,28.05465],[-82.38158,28.05467],[-82.38159,28.05468],[-82.38159,28.0547],[-82.38159,28.05492],[-82.38137,28.05493],[-82.38118,28.05493],[-82.38099,28.05493],[-82.38098,28.05463],[-82.38086,28.05463],[-82.38055,28.05463],[-82.38056,28.05463],[-82.38058,28.05464],[-82.38059,28.05465],[-82.3806,28.05466],[-82.38061,28.05467],[-82.38061,28.05468],[-82.38062,28.0547],[-82.38062,28.05493],[-82.38025,28.05493],[-82.37989,28.05493],[-82.37971,28.05495],[-82.37935,28.05495],[-82.37935,28.05491],[-82.379,28.05491],[-82.3788,28.05491],[-82.3788,28.055],[-82.37845,28.055],[-82.37809,28.055],[-82.3779,28.055],[-82.3779,28.05508],[-82.37789,28.0554],[-82.37789,28.05556],[-82.37789,28.05573],[-82.37789,28.0559],[-82.37788,28.05607],[-82.37788,28.05638],[-82.37788,28.05639],[-82.37787,28.0564],[-82.37787,28.05641],[-82.37786,28.05642],[-82.37785,28.05643],[-82.37784,28.05644],[-82.37782,28.05644],[-82.37781,28.05645],[-82.3778,28.05645],[-82.37767,28.05645],[-82.37768,28.05607],[-82.37749,28.05607],[-82.37749,28.0559],[-82.37749,28.05573],[-82.37711,28.05574],[-82.37711,28.05557],[-82.37711,28.05541],[-82.37711,28.05508],[-82.37711,28.05499],[-82.37692,28.05498],[-82.37674,28.05498],[-82.37655,28.05497],[-82.37637,28.05496],[-82.37618,28.05495],[-82.3762,28.05458],[-82.37534,28.05458],[-82.3749,28.05458],[-82.37489,28.0549],[-82.37466,28.05491],[-82.37433,28.05493],[-82.3741,28.05493],[-82.37402,28.05494],[-82.37395,28.0549],[-82.37376,28.05518],[-82.37369,28.05514],[-82.37363,28.0551],[-82.37358,28.05505],[-82.37356,28.05503],[-82.37356,28.05503],[-82.37332,28.05504],[-82.37298,28.05516],[-82.37285,28.05493],[-82.373,28.05492],[-82.37299,28.05459],[-82.37234,28.05459],[-82.37211,28.05459],[-82.37172,28.05459],[-82.37114,28.05459],[-82.37115,28.05503],[-82.37095,28.05503],[-82.37058,28.05503],[-82.37058,28.05459],[-82.3702,28.05459],[-82.36982,28.0546],[-82.36982,28.05503],[-82.36967,28.05503],[-82.36946,28.05503],[-82.36927,28.05502],[-82.36908,28.05502],[-82.36883,28.05502],[-82.36883,28.05459],[-82.36869,28.05459],[-82.36869,28.0546],[-82.36869,28.05473],[-82.36869,28.05473],[-82.36869,28.05473],[-82.36869,28.055],[-82.36869,28.05521],[-82.36869,28.05565],[-82.36869,28.05623],[-82.36869,28.05678],[-82.3687,28.05679],[-82.3687,28.0568],[-82.3687,28.05681],[-82.3687,28.05683],[-82.36869,28.05689],[-82.36869,28.05696],[-82.3687,28.05706],[-82.36878,28.05727],[-82.36882,28.05735],[-82.36888,28.05742],[-82.36894,28.05749],[-82.36899,28.05754],[-82.36904,28.05758],[-82.36909,28.05761],[-82.36915,28.05765],[-82.36886,28.05797],[-82.36859,28.05769],[-82.36847,28.05776],[-82.36843,28.0577],[-82.3684,28.05759],[-82.36837,28.05754],[-82.36825,28.05734],[-82.36822,28.05729],[-82.36819,28.05725],[-82.36814,28.0572],[-82.36808,28.05715],[-82.36804,28.05712],[-82.36799,28.0571],[-82.36787,28.05704],[-82.36779,28.05701],[-82.36777,28.057],[-82.3677,28.057],[-82.3676,28.05697],[-82.36745,28.05692],[-82.36734,28.0569],[-82.36729,28.05689],[-82.36725,28.05686],[-82.3672,28.05681],[-82.36715,28.05677],[-82.3671,28.05674],[-82.36706,28.05671],[-82.367,28.05669],[-82.36693,28.05668],[-82.36682,28.05667],[-82.36672,28.05665],[-82.36662,28.05662],[-82.36652,28.05659],[-82.36642,28.05655],[-82.36634,28.05652],[-82.36625,28.05649],[-82.36621,28.05648],[-82.36616,28.05645],[-82.36609,28.05642],[-82.36606,28.05641],[-82.3665,28.05607],[-82.3665,28.05606],[-82.36665,28.05596],[-82.36607,28.05511],[-82.36608,28.0547],[-82.36591,28.0547],[-82.3659,28.05486],[-82.3657,28.05489],[-82.36506,28.05511],[-82.36487,28.05493],[-82.36469,28.05469],[-82.36419,28.05468],[-82.36439,28.05496],[-82.36458,28.05518],[-82.36479,28.05556],[-82.36482,28.05561],[-82.36486,28.05567],[-82.36501,28.0559],[-82.36505,28.05598],[-82.36513,28.05613],[-82.36515,28.05615],[-82.365,28.05634],[-82.36475,28.05701],[-82.36458,28.05719],[-82.3645,28.05735],[-82.3645,28.05751],[-82.36473,28.05774],[-82.36495,28.05795],[-82.36497,28.05806],[-82.3649,28.05814],[-82.36462,28.0583],[-82.36446,28.05856],[-82.36434,28.05866],[-82.36408,28.05874],[-82.36379,28.05892],[-82.3636,28.05918],[-82.36356,28.05926],[-82.36341,28.05952],[-82.36334,28.05957],[-82.36329,28.05968],[-82.36317,28.05969],[-82.36299,28.05979],[-82.36286,28.05985],[-82.36281,28.05987],[-82.36271,28.0599],[-82.36263,28.05991],[-82.36251,28.05992],[-82.36238,28.05994],[-82.36221,28.05994],[-82.36203,28.05993],[-82.36202,28.05993],[-82.36194,28.05992],[-82.3619,28.05991],[-82.36181,28.05988],[-82.36169,28.05982],[-82.36151,28.05971],[-82.36142,28.05966],[-82.36127,28.0596],[-82.3612,28.05956],[-82.36099,28.05944],[-82.36088,28.05937],[-82.36076,28.05929],[-82.36069,28.05923],[-82.36063,28.05916],[-82.36059,28.05909],[-82.36057,28.05902],[-82.36056,28.05895],[-82.36052,28.05863],[-82.36048,28.05857],[-82.36045,28.05853],[-82.3604,28.05849],[-82.36036,28.05846],[-82.3603,28.05843],[-82.36026,28.05842],[-82.36021,28.0584],[-82.36001,28.05837],[-82.36001,28.05827],[-82.35974,28.05825],[-82.35958,28.05822],[-82.35947,28.05821],[-82.35913,28.05818],[-82.35888,28.05815],[-82.35864,28.05811],[-82.35864,28.05809],[-82.35779,28.05808],[-82.35772,28.05813],[-82.35767,28.05818],[-82.35762,28.05824],[-82.35758,28.0583],[-82.35756,28.05834],[-82.35754,28.05839],[-82.3575,28.05868],[-82.35749,28.05877],[-82.35748,28.05883],[-82.35745,28.05888],[-82.35743,28.05891],[-82.3574,28.05894],[-82.35732,28.05899],[-82.35729,28.05901],[-82.35727,28.05901],[-82.35712,28.05905],[-82.35707,28.05906],[-82.35698,28.05906],[-82.35691,28.05905],[-82.35687,28.05905],[-82.3567,28.059],[-82.35668,28.059],[-82.35665,28.05898],[-82.35658,28.05893],[-82.35648,28.05882],[-82.35642,28.05882],[-82.35604,28.05853],[-82.35505,28.05836],[-82.35507,28.05806],[-82.35514,28.0571],[-82.35513,28.05675],[-82.35515,28.05667],[-82.35518,28.0566],[-82.35522,28.05652],[-82.35527,28.05645],[-82.35532,28.05639],[-82.35538,28.05632],[-82.35544,28.05627],[-82.35551,28.05621],[-82.35558,28.05617],[-82.35566,28.05613],[-82.35574,28.05609],[-82.35598,28.05596],[-82.35621,28.05583],[-82.35643,28.05569],[-82.3566,28.0556],[-82.3567,28.05555],[-82.35681,28.05549],[-82.35693,28.05544],[-82.35706,28.05539],[-82.3572,28.05533],[-82.35734,28.05528],[-82.35746,28.05523],[-82.35758,28.05519],[-82.35762,28.05518],[-82.35803,28.05507],[-82.35818,28.05503],[-82.35833,28.055],[-82.35848,28.05497],[-82.3587,28.05495],[-82.35882,28.05494],[-82.35894,28.05493],[-82.35905,28.05491],[-82.35917,28.05491],[-82.35928,28.0549],[-82.35939,28.0549],[-82.3595,28.05489],[-82.35961,28.05489],[-82.36001,28.05492],[-82.36064,28.055],[-82.36064,28.05348],[-82.36064,28.05319],[-82.36061,28.05075],[-82.36484,28.05078],[-82.36473,28.05041],[-82.36481,28.04987],[-82.36493,28.04942],[-82.3606,28.04937],[-82.35655,28.04934],[-82.35653,28.04708],[-82.36055,28.04711],[-82.36055,28.04704],[-82.36055,28.0462],[-82.36055,28.04529],[-82.35994,28.04528],[-82.35918,28.04528],[-82.35888,28.04528],[-82.35888,28.04517],[-82.35846,28.04517],[-82.35846,28.04524],[-82.35772,28.04524],[-82.35772,28.04469],[-82.35874,28.04415],[-82.35873,28.04364],[-82.35653,28.04365],[-82.35653,28.04345],[-82.35652,28.04345],[-82.35652,28.04306],[-82.35652,28.04292],[-82.35652,28.04258],[-82.35677,28.04258],[-82.35699,28.04258],[-82.35721,28.04258],[-82.35743,28.04259],[-82.35764,28.04259],[-82.35786,28.04259],[-82.35839,28.04259],[-82.35839,28.04248],[-82.35839,28.04227],[-82.3578,28.04227],[-82.35684,28.04226],[-82.35652,28.04226],[-82.35652,28.04193],[-82.35652,28.04188],[-82.35652,28.04185],[-82.35652,28.04165],[-82.35652,28.04154],[-82.35652,28.04137],[-82.3593,28.04139],[-82.35933,28.04125],[-82.35936,28.04111],[-82.35939,28.04097],[-82.35944,28.04084],[-82.3595,28.04064],[-82.35962,28.04027],[-82.35977,28.03983],[-82.35977,28.03982],[-82.35981,28.03968],[-82.35986,28.03955],[-82.3599,28.03941],[-82.35995,28.03927],[-82.35999,28.03913],[-82.36004,28.03899],[-82.36011,28.03877],[-82.36013,28.03787],[-82.36013,28.03773],[-82.36013,28.03758],[-82.36014,28.03743],[-82.36014,28.03729],[-82.36014,28.03715],[-82.36014,28.03702],[-82.36014,28.03688],[-82.36015,28.03674],[-82.36015,28.03655],[-82.36015,28.03629],[-82.36015,28.03624],[-82.35984,28.03624],[-82.35958,28.03624],[-82.35929,28.03624],[-82.35911,28.03624],[-82.35911,28.03639],[-82.35911,28.03658],[-82.35911,28.03664],[-82.35911,28.03678],[-82.3591,28.03691],[-82.3591,28.03692],[-82.3591,28.03706],[-82.3591,28.0371],[-82.3591,28.03719],[-82.3591,28.03728],[-82.3591,28.03733],[-82.3591,28.03747],[-82.3591,28.0376],[-82.3591,28.03765],[-82.3591,28.03774],[-82.3591,28.03784],[-82.3591,28.03788],[-82.3591,28.03802],[-82.3591,28.03816],[-82.3591,28.0382],[-82.3591,28.0383],[-82.3591,28.03839],[-82.3591,28.03843],[-82.3591,28.03862],[-82.3591,28.03875],[-82.3591,28.03903],[-82.3591,28.03904],[-82.3591,28.03917],[-82.3591,28.0393],[-82.35909,28.03944],[-82.35909,28.03982],[-82.35904,28.03982],[-82.35888,28.03981],[-82.35873,28.03981],[-82.35857,28.03981],[-82.35848,28.03981],[-82.35848,28.03904],[-82.35848,28.03901],[-82.35848,28.03893],[-82.35848,28.0386],[-82.35848,28.03839],[-82.35848,28.03818],[-82.35848,28.03802],[-82.35849,28.03797],[-82.35849,28.03776],[-82.35849,28.03758],[-82.35849,28.03755],[-82.35849,28.03734],[-82.35849,28.03717],[-82.35771,28.03717],[-82.35655,28.03716],[-82.35654,28.03716],[-82.35654,28.03715],[-82.35653,28.03705],[-82.35654,28.03694],[-82.35654,28.03667],[-82.35653,28.03666],[-82.35653,28.03622],[-82.35722,28.03622],[-82.35789,28.03623],[-82.35851,28.03623],[-82.35852,28.03579],[-82.35852,28.03534],[-82.35852,28.03495],[-82.35852,28.0348],[-82.35852,28.03443],[-82.35953,28.03444],[-82.36019,28.03445],[-82.36025,28.03445],[-82.3603,28.03392],[-82.36044,28.033],[-82.36052,28.03277],[-82.36099,28.03277],[-82.36099,28.0328],[-82.36185,28.03281],[-82.36266,28.03281],[-82.36364,28.03282],[-82.36409,28.03282],[-82.36469,28.03283],[-82.36507,28.03284],[-82.36544,28.03284],[-82.36572,28.03284],[-82.366,28.03285],[-82.36629,28.03285],[-82.36658,28.03285],[-82.36686,28.03285],[-82.3671,28.03285],[-82.36711,28.03285],[-82.36712,28.03286],[-82.3674,28.03286],[-82.36742,28.03286],[-82.36761,28.03286],[-82.3676,28.03258],[-82.3676,28.03255],[-82.3676,28.03194],[-82.36808,28.03195],[-82.36808,28.0318],[-82.3687,28.03181],[-82.3687,28.03214],[-82.36887,28.03214],[-82.36915,28.03214],[-82.36958,28.03214],[-82.36958,28.03259],[-82.36958,28.03287],[-82.37036,28.03287],[-82.37049,28.03287],[-82.37071,28.03287],[-82.37083,28.03287],[-82.37105,28.03287],[-82.37105,28.03258],[-82.37105,28.03118],[-82.37123,28.03118],[-82.37143,28.03118],[-82.37163,28.03118],[-82.37182,28.03118],[-82.37201,28.03118],[-82.3722,28.03118],[-82.3724,28.03118],[-82.37248,28.03118],[-82.37252,28.03117],[-82.37257,28.03118],[-82.37261,28.03118],[-82.37265,28.0312],[-82.37268,28.03121],[-82.37272,28.03123],[-82.37283,28.03132],[-82.37291,28.03137],[-82.37299,28.03143],[-82.37308,28.03148],[-82.37317,28.03152],[-82.37317,28.03179],[-82.37317,28.03206],[-82.37317,28.03259],[-82.37316,28.03259],[-82.37317,28.0326],[-82.37318,28.03291],[-82.37351,28.03291],[-82.37351,28.03289],[-82.37602,28.0329],[-82.37646,28.0329],[-82.3769,28.03289],[-82.37705,28.03289],[-82.37705,28.0326],[-82.37704,28.02543],[-82.37874,28.02542],[-82.37876,28.02542],[-82.38117,28.02539],[-82.38187,28.02539],[-82.38196,28.02539],[-82.38255,28.02544],[-82.38255,28.02542],[-82.38256,28.02541],[-82.38257,28.0254],[-82.38254,28.02533],[-82.38252,28.02527],[-82.38248,28.02521],[-82.38244,28.02515],[-82.3824,28.02509],[-82.38236,28.02504],[-82.38231,28.02498],[-82.38226,28.02494],[-82.38216,28.02484],[-82.38207,28.02475],[-82.38188,28.02455],[-82.3817,28.02436],[-82.38149,28.02416],[-82.38128,28.02398],[-82.38119,28.02389],[-82.38111,28.0238],[-82.38102,28.02368],[-82.381,28.02364],[-82.38097,28.0236],[-82.38083,28.02336],[-82.38075,28.02325],[-82.38064,28.02312],[-82.38055,28.02304],[-82.38047,28.02296],[-82.38038,28.02289],[-82.38029,28.02282],[-82.38002,28.02263],[-82.37972,28.02268],[-82.37919,28.02254],[-82.37905,28.02241],[-82.37902,28.02221],[-82.379,28.02201],[-82.37913,28.02198],[-82.37909,28.02174],[-82.37846,28.02175],[-82.37707,28.02177],[-82.37709,28.0227],[-82.37699,28.0227],[-82.37696,28.0227],[-82.37673,28.0227],[-82.37651,28.0227],[-82.37637,28.0227],[-82.3763,28.0227],[-82.37607,28.0227],[-82.37593,28.0227],[-82.37588,28.0227],[-82.37564,28.0227],[-82.37551,28.0227],[-82.37542,28.0227],[-82.37521,28.02271],[-82.37509,28.02271],[-82.37499,28.02271],[-82.37475,28.02271],[-82.37468,28.02271],[-82.37427,28.02271],[-82.37427,28.02271],[-82.37427,28.02304],[-82.37427,28.02313],[-82.37427,28.0233],[-82.37427,28.02334],[-82.37425,28.02334],[-82.37426,28.0235],[-82.37426,28.02354],[-82.37428,28.02354],[-82.37428,28.02375],[-82.37426,28.02388],[-82.37426,28.02411],[-82.37426,28.02416],[-82.37426,28.0245],[-82.37426,28.02454],[-82.37413,28.02454],[-82.37393,28.02454],[-82.37369,28.02454],[-82.37355,28.02454],[-82.37346,28.02454],[-82.37334,28.02454],[-82.37315,28.02454],[-82.37314,28.02454],[-82.3729,28.02454],[-82.37289,28.02493],[-82.37289,28.02507],[-82.3729,28.02528],[-82.37291,28.02543],[-82.37291,28.02564],[-82.37291,28.0258],[-82.37291,28.02583],[-82.37291,28.02602],[-82.37291,28.02604],[-82.37291,28.02621],[-82.37291,28.02641],[-82.37291,28.02661],[-82.37291,28.02679],[-82.37291,28.02699],[-82.37291,28.02717],[-82.37291,28.02723],[-82.37291,28.02737],[-82.37291,28.02756],[-82.37291,28.0276],[-82.37292,28.02774],[-82.37292,28.02794],[-82.37292,28.0281],[-82.37292,28.0282],[-82.37292,28.02827],[-82.37292,28.02839],[-82.37292,28.02843],[-82.37292,28.0286],[-82.37292,28.02865],[-82.37292,28.02876],[-82.37292,28.02893],[-82.37292,28.02907],[-82.37279,28.02907],[-82.37273,28.02907],[-82.37254,28.02907],[-82.37235,28.02907],[-82.3723,28.02907],[-82.37216,28.02907],[-82.37208,28.02907],[-82.37197,28.02907],[-82.37186,28.02907],[-82.37178,28.02907],[-82.37164,28.02907],[-82.3716,28.02907],[-82.37143,28.02907],[-82.37141,28.02907],[-82.37122,28.02907],[-82.37121,28.02907],[-82.37103,28.02907],[-82.37099,28.02907],[-82.37084,28.02907],[-82.37078,28.02907],[-82.37066,28.02907],[-82.37055,28.02907],[-82.37047,28.02907],[-82.37034,28.02907],[-82.37029,28.02907],[-82.37012,28.02907],[-82.3701,28.02907],[-82.36992,28.02906],[-82.3699,28.02906],[-82.36972,28.02906],[-82.36962,28.02906],[-82.36954,28.02906],[-82.36927,28.02906],[-82.3692,28.02906],[-82.36894,28.02906],[-82.36887,28.02906],[-82.36887,28.02917],[-82.36887,28.02954],[-82.36887,28.02972],[-82.36887,28.02988],[-82.36887,28.03005],[-82.36887,28.03021],[-82.36887,28.03038],[-82.36887,28.03054],[-82.36887,28.03067],[-82.36887,28.03091],[-82.3687,28.03091],[-82.36833,28.0309],[-82.36806,28.0309],[-82.3677,28.0309],[-82.3677,28.03056],[-82.36702,28.03056],[-82.36702,28.03089],[-82.36664,28.03088],[-82.36626,28.03088],[-82.36625,28.03203],[-82.36629,28.03206],[-82.36632,28.0321],[-82.36635,28.03215],[-82.36637,28.0322],[-82.36638,28.03225],[-82.36639,28.0323],[-82.36639,28.03235],[-82.36638,28.0324],[-82.36637,28.03245],[-82.36635,28.03249],[-82.36632,28.03254],[-82.36603,28.03253],[-82.36602,28.03252],[-82.36601,28.0325],[-82.36598,28.03248],[-82.36596,28.03245],[-82.36594,28.03241],[-82.36593,28.03238],[-82.36592,28.03234],[-82.36592,28.0323],[-82.36593,28.03226],[-82.36594,28.03223],[-82.36595,28.03205],[-82.36595,28.03204],[-82.36595,28.03202],[-82.36588,28.03202],[-82.36588,28.03088],[-82.36525,28.03087],[-82.36495,28.03087],[-82.36466,28.03087],[-82.36467,28.02935],[-82.36467,28.02905],[-82.36466,28.02833],[-82.36466,28.02817],[-82.36466,28.02804],[-82.36466,28.02792],[-82.36466,28.02778],[-82.36466,28.02769],[-82.36466,28.02752],[-82.36466,28.02736],[-82.36466,28.0272],[-82.36466,28.02704],[-82.36466,28.02687],[-82.36466,28.02675],[-82.36466,28.02662],[-82.36466,28.02641],[-82.36465,28.02628],[-82.36465,28.02616],[-82.36465,28.02603],[-82.36465,28.0259],[-82.36465,28.02577],[-82.36465,28.02565],[-82.36466,28.02537],[-82.36462,28.02519],[-82.36406,28.02546],[-82.36111,28.02681],[-82.35942,28.02759],[-82.35764,28.02841],[-82.35721,28.02861],[-82.35648,28.02895],[-82.35638,28.029],[-82.3559,28.02923],[-82.35577,28.0293],[-82.35565,28.02937],[-82.35552,28.02944],[-82.35401,28.03038],[-82.35274,28.03117],[-82.35146,28.03196],[-82.34956,28.03314],[-82.34955,28.0328],[-82.34954,28.03237],[-82.34949,28.03237],[-82.34947,28.03168],[-82.34941,28.03169],[-82.34932,28.029],[-82.35051,28.02901],[-82.35056,28.02894],[-82.3508,28.02864],[-82.35105,28.0284],[-82.3514,28.0279],[-82.35211,28.02699],[-82.35229,28.02677],[-82.35339,28.02545],[-82.35431,28.02433],[-82.35441,28.02422],[-82.35441,28.0244],[-82.35498,28.0244],[-82.35523,28.0244],[-82.35577,28.0244],[-82.35585,28.0244],[-82.35585,28.02503],[-82.35647,28.02503],[-82.35647,28.0244],[-82.35647,28.0238],[-82.35647,28.02329],[-82.35648,28.02307],[-82.35531,28.02307],[-82.35499,28.02306],[-82.35433,28.02306],[-82.35434,28.02181],[-82.35499,28.02181],[-82.35524,28.02184],[-82.35648,28.02184],[-82.35648,28.0214],[-82.35649,28.02113],[-82.35694,28.02113],[-82.35694,28.02109],[-82.35695,28.02106],[-82.35696,28.02103],[-82.35698,28.021],[-82.35701,28.02097],[-82.35703,28.02095],[-82.35707,28.02093],[-82.3571,28.02092],[-82.35714,28.02091],[-82.35718,28.02091],[-82.35722,28.02091],[-82.35725,28.02092],[-82.35729,28.02093],[-82.35732,28.02095],[-82.35735,28.02098],[-82.35736,28.02099],[-82.35737,28.021],[-82.35738,28.02101],[-82.35739,28.02101],[-82.35741,28.02102],[-82.35743,28.02102],[-82.35788,28.02102],[-82.35789,28.02014],[-82.35744,28.02013],[-82.35649,28.02012],[-82.35649,28.0199],[-82.35649,28.01921],[-82.35649,28.01912],[-82.35649,28.01888],[-82.35649,28.01856],[-82.3565,28.01812],[-82.3565,28.01737],[-82.35651,28.01614],[-82.35651,28.01572],[-82.35651,28.015],[-82.35873,28.01548],[-82.35957,28.01566],[-82.36069,28.0159],[-82.36419,28.01667],[-82.36418,28.01693],[-82.36418,28.01722],[-82.36418,28.01738],[-82.36417,28.01752],[-82.36417,28.01774],[-82.36417,28.01788],[-82.36417,28.01806],[-82.36416,28.01836],[-82.36416,28.01849],[-82.36416,28.01868],[-82.36415,28.01882],[-82.36415,28.01896],[-82.36415,28.01909],[-82.36415,28.01923],[-82.36415,28.01937],[-82.36414,28.01951],[-82.36414,28.01966],[-82.36414,28.0198],[-82.36414,28.01994],[-82.36414,28.02007],[-82.36413,28.02021],[-82.36413,28.02035],[-82.36413,28.02049],[-82.36413,28.02062],[-82.36413,28.02076],[-82.36412,28.0209],[-82.36412,28.02103],[-82.36412,28.02117],[-82.36412,28.02137],[-82.36412,28.0215],[-82.36411,28.02178],[-82.36429,28.02178],[-82.36445,28.02178],[-82.3646,28.02178],[-82.36476,28.02177],[-82.36479,28.02177],[-82.36478,28.02194],[-82.36478,28.02208],[-82.36478,28.02222],[-82.36478,28.02235],[-82.36478,28.02249],[-82.36477,28.02262],[-82.36477,28.02276],[-82.36477,28.0229],[-82.36477,28.02304],[-82.36477,28.02317],[-82.36477,28.02331],[-82.36477,28.0234],[-82.36477,28.02345],[-82.36476,28.02359],[-82.36476,28.02372],[-82.36476,28.02386],[-82.36475,28.024],[-82.36475,28.02413],[-82.36474,28.02424],[-82.36474,28.02429],[-82.36474,28.02446],[-82.36474,28.02467],[-82.36473,28.02488],[-82.36473,28.02508],[-82.36473,28.02514],[-82.36485,28.02528],[-82.36498,28.02522],[-82.36511,28.02517],[-82.36524,28.02511],[-82.36536,28.02505],[-82.36549,28.02499],[-82.36562,28.02493],[-82.36635,28.0246],[-82.36638,28.02459],[-82.36638,28.0246],[-82.3666,28.0245],[-82.36682,28.02439],[-82.36704,28.02429],[-82.36736,28.02415],[-82.36788,28.02391],[-82.36791,28.02398],[-82.36857,28.02367],[-82.36895,28.02346],[-82.36896,28.02345],[-82.36897,28.02343],[-82.36898,28.02342],[-82.36899,28.02341],[-82.36901,28.02341],[-82.36931,28.02327],[-82.36961,28.02314],[-82.3699,28.02299],[-82.37006,28.02293],[-82.37022,28.02285],[-82.37037,28.02277],[-82.37052,28.02269],[-82.37066,28.0226],[-82.37081,28.02251],[-82.37094,28.02241],[-82.37106,28.02229],[-82.37117,28.02219],[-82.37128,28.02209],[-82.37139,28.02198],[-82.37158,28.02179],[-82.37174,28.02179],[-82.37186,28.02167],[-82.37201,28.02151],[-82.37215,28.02134],[-82.3723,28.02118],[-82.37243,28.02101],[-82.37256,28.02084],[-82.37265,28.02072],[-82.37273,28.0206],[-82.37281,28.02049],[-82.37289,28.02037],[-82.37296,28.02025],[-82.37304,28.02013],[-82.37311,28.02],[-82.37319,28.01988],[-82.37322,28.01983],[-82.37326,28.01977],[-82.37343,28.01949],[-82.37354,28.01931],[-82.37366,28.01913],[-82.37386,28.0188],[-82.37394,28.01865],[-82.37398,28.01855],[-82.37401,28.01844],[-82.37429,28.01852],[-82.37431,28.01848],[-82.37552,28.01874],[-82.37585,28.01881],[-82.37591,28.01883],[-82.37603,28.01897],[-82.37614,28.01909],[-82.3763,28.01924],[-82.37647,28.01936],[-82.37667,28.01948],[-82.37689,28.01957],[-82.37708,28.01964],[-82.37728,28.01969],[-82.37749,28.01977],[-82.37767,28.01986],[-82.37786,28.01998],[-82.37803,28.02013],[-82.37819,28.0203],[-82.37833,28.02049],[-82.37843,28.02068],[-82.37851,28.02086],[-82.37852,28.02096],[-82.37852,28.02107],[-82.37911,28.02105],[-82.37908,28.02098],[-82.37898,28.0207],[-82.37898,28.02069],[-82.37895,28.02066],[-82.3789,28.02059],[-82.37886,28.02055],[-82.37878,28.02048],[-82.37874,28.02043],[-82.37871,28.02039],[-82.37865,28.02029],[-82.37861,28.02023],[-82.37853,28.02013],[-82.37852,28.02011],[-82.37851,28.02008],[-82.37851,28.02006],[-82.37851,28.02003],[-82.37852,28.02],[-82.37851,28.01999],[-82.37846,28.01993],[-82.3784,28.01987],[-82.37834,28.01982],[-82.37827,28.01977],[-82.37817,28.01969],[-82.37808,28.01964],[-82.37799,28.01959],[-82.37796,28.01957],[-82.37781,28.01952],[-82.37776,28.0195],[-82.37774,28.01947],[-82.37774,28.01946],[-82.37667,28.01862],[-82.37576,28.01733],[-82.37563,28.01637],[-82.37536,28.01604],[-82.37528,28.01574],[-82.37525,28.01535],[-82.37551,28.01499],[-82.37617,28.01387],[-82.37756,28.01386],[-82.37847,28.01319],[-82.37929,28.01293],[-82.37953,28.01296],[-82.37965,28.01296],[-82.37977,28.01297],[-82.3799,28.01298],[-82.37999,28.01299],[-82.38009,28.01301],[-82.38019,28.01303],[-82.38028,28.01305],[-82.38138,28.01339],[-82.38226,28.01344],[-82.38331,28.01337],[-82.38334,28.01337],[-82.38336,28.01337],[-82.3834,28.01336],[-82.38344,28.01335],[-82.3837,28.01328],[-82.38384,28.01327],[-82.38394,28.01334],[-82.38396,28.01334],[-82.384,28.01333],[-82.3847,28.01331],[-82.38535,28.01329],[-82.38536,28.01351],[-82.38536,28.01391],[-82.38549,28.01388],[-82.38572,28.01367],[-82.38607,28.01335],[-82.38642,28.01308],[-82.38672,28.01294],[-82.38717,28.0129],[-82.38803,28.01373],[-82.38826,28.01478],[-82.3875,28.01525],[-82.38694,28.01571],[-82.38699,28.01618],[-82.38659,28.01655],[-82.38617,28.01804],[-82.3861,28.01841],[-82.38599,28.01867],[-82.38622,28.01927],[-82.38639,28.01946],[-82.38661,28.01977],[-82.38688,28.01981],[-82.38719,28.02016],[-82.38755,28.0208],[-82.38787,28.02096],[-82.38779,28.02116],[-82.38786,28.02121],[-82.38811,28.02115],[-82.38878,28.02148],[-82.38906,28.02165],[-82.38943,28.02179],[-82.38977,28.0219],[-82.39016,28.02203],[-82.39046,28.02224],[-82.39084,28.0224],[-82.39115,28.02259],[-82.3913,28.023],[-82.39148,28.02338],[-82.3918,28.02364],[-82.39192,28.02401],[-82.39208,28.02438],[-82.39208,28.02469],[-82.39197,28.02472],[-82.39197,28.02511],[-82.39206,28.02537],[-82.39215,28.02557],[-82.39224,28.02562],[-82.39237,28.02561],[-82.39258,28.02546],[-82.39268,28.02554],[-82.39288,28.02558],[-82.39296,28.02553],[-82.39309,28.02549],[-82.39327,28.02498],[-82.3936,28.02499],[-82.3936,28.02572],[-82.39374,28.0258],[-82.39409,28.02578],[-82.39416,28.0258],[-82.39456,28.02574],[-82.39483,28.02563],[-82.39513,28.02555],[-82.39543,28.02538],[-82.39574,28.02528],[-82.39605,28.0251],[-82.39634,28.02507],[-82.39637,28.02509],[-82.39639,28.02509],[-82.39645,28.02506],[-82.3965,28.02505],[-82.39652,28.02505],[-82.39656,28.02501],[-82.39657,28.02501],[-82.39658,28.02501],[-82.39661,28.02504],[-82.39661,28.02504],[-82.39663,28.02504],[-82.39666,28.02504],[-82.3967,28.02502],[-82.39677,28.02501],[-82.39684,28.02501],[-82.39691,28.02498],[-82.39693,28.02498],[-82.39698,28.02498],[-82.39703,28.02497],[-82.39708,28.02495],[-82.39712,28.02493],[-82.39722,28.02482],[-82.39724,28.02482],[-82.39727,28.02481],[-82.39734,28.02482],[-82.39743,28.02479],[-82.39747,28.02479],[-82.39755,28.02478],[-82.39761,28.02477],[-82.3976,28.02504],[-82.39763,28.02523],[-82.39763,28.0261],[-82.39763,28.02635],[-82.39763,28.02655],[-82.39763,28.02677],[-82.39763,28.02699],[-82.39763,28.02721],[-82.39763,28.02742],[-82.39763,28.02763],[-82.39763,28.02785],[-82.39763,28.02806],[-82.39763,28.02816],[-82.39764,28.0284],[-82.39764,28.02859],[-82.39764,28.02886],[-82.39764,28.02895],[-82.39764,28.029],[-82.39761,28.029],[-82.39761,28.02922],[-82.3976,28.02934],[-82.3976,28.02944],[-82.3976,28.02948],[-82.3976,28.02965],[-82.3976,28.02976],[-82.3976,28.02986],[-82.3976,28.02989],[-82.3976,28.03008],[-82.3976,28.03028],[-82.3976,28.03038],[-82.3976,28.03049],[-82.3976,28.03058],[-82.39759,28.03071],[-82.39759,28.03085],[-82.39759,28.03092],[-82.39759,28.03111],[-82.39759,28.03113],[-82.39759,28.03131],[-82.39759,28.03134],[-82.39759,28.03152],[-82.39759,28.03155],[-82.39759,28.03172],[-82.39759,28.03176],[-82.39759,28.03179],[-82.39759,28.03192],[-82.39758,28.03246],[-82.39757,28.03276],[-82.39757,28.03328],[-82.39757,28.03353],[-82.39757,28.03372],[-82.39757,28.03382],[-82.39758,28.03392],[-82.39758,28.03402],[-82.39758,28.03409],[-82.39758,28.03422],[-82.39758,28.03427],[-82.39758,28.03442],[-82.39758,28.03443],[-82.39758,28.03461],[-82.39758,28.0347],[-82.39758,28.03479],[-82.39758,28.03497],[-82.39758,28.03509],[-82.39758,28.03539],[-82.39758,28.03539],[-82.39758,28.03557],[-82.39758,28.0356],[-82.39758,28.03575],[-82.39758,28.03581],[-82.39758,28.03595],[-82.39758,28.03598],[-82.39758,28.03615],[-82.39759,28.03629],[-82.39759,28.03804],[-82.39759,28.03978],[-82.39756,28.03988],[-82.39757,28.03992],[-82.39757,28.04006],[-82.39757,28.04023],[-82.39757,28.04028],[-82.39757,28.04034],[-82.39757,28.04039],[-82.39757,28.04045],[-82.39757,28.04051],[-82.39757,28.04057],[-82.39757,28.04062],[-82.39757,28.04068],[-82.39757,28.04074],[-82.39757,28.0408],[-82.39757,28.04088],[-82.39757,28.04097],[-82.39757,28.04103],[-82.39757,28.04108],[-82.39757,28.04114],[-82.39757,28.04121],[-82.39757,28.04126],[-82.39757,28.04132],[-82.39757,28.04137],[-82.39757,28.04144],[-82.39757,28.04149],[-82.39757,28.04166],[-82.39757,28.04169],[-82.39757,28.04177],[-82.39759,28.04193],[-82.39759,28.04201],[-82.39759,28.04209],[-82.39759,28.04217],[-82.3976,28.04223],[-82.3976,28.04232],[-82.3976,28.0424],[-82.3976,28.0425],[-82.3976,28.04258],[-82.3976,28.04266],[-82.3976,28.04275],[-82.3976,28.04284],[-82.3976,28.04292],[-82.3976,28.04301],[-82.3976,28.04307],[-82.3976,28.04336],[-82.39761,28.04342],[-82.39761,28.0436],[-82.39761,28.04388],[-82.39764,28.04388],[-82.39764,28.04416],[-82.39764,28.04429],[-82.39764,28.04448],[-82.39764,28.04456],[-82.39764,28.04465],[-82.39764,28.04473],[-82.39763,28.04484],[-82.39763,28.04498],[-82.39764,28.04525],[-82.39763,28.04553],[-82.39764,28.04566],[-82.39764,28.04593],[-82.39764,28.0462],[-82.39764,28.04634],[-82.39764,28.04655],[-82.39764,28.04676],[-82.39751,28.04676],[-82.39752,28.04703],[-82.39753,28.04703],[-82.39758,28.04703],[-82.39758,28.04917],[-82.39759,28.05074],[-82.39758,28.05506],[-82.39763,28.05506],[-82.39826,28.05506],[-82.39862,28.05506],[-82.39888,28.05506],[-82.3993,28.05506],[-82.39981,28.05506],[-82.39996,28.05506],[-82.40066,28.05505],[-82.40067,28.05549],[-82.40067,28.0555],[-82.40067,28.05566],[-82.40067,28.05602],[-82.40068,28.0563],[-82.40068,28.05634],[-82.40068,28.05657],[-82.40068,28.05684],[-82.40068,28.0571],[-82.40069,28.05737],[-82.40069,28.05765],[-82.40069,28.05792],[-82.40069,28.05817],[-82.40068,28.05832],[-82.40068,28.05865],[-82.40068,28.059],[-82.40068,28.05934],[-82.40068,28.05968],[-82.40068,28.06002],[-82.40068,28.06037],[-82.40068,28.0606],[-82.40068,28.06082],[-82.40068,28.06112],[-82.40069,28.06175],[-82.40069,28.0619],[-82.40078,28.0619],[-82.40078,28.0622],[-82.40078,28.06248],[-82.40079,28.06275],[-82.40079,28.06309],[-82.40079,28.06365],[-82.40172,28.06365],[-82.40173,28.0655],[-82.40173,28.06575],[-82.40051,28.06576],[-82.40051,28.06646],[-82.3993,28.06646],[-82.3993,28.06674],[-82.39802,28.06675],[-82.39799,28.06675],[-82.39769,28.06675],[-82.3977,28.06903],[-82.39756,28.06903],[-82.39656,28.06904],[-82.39565,28.06904],[-82.39549,28.06904],[-82.39455,28.06904],[-82.39396,28.06904],[-82.39344,28.06906],[-82.39344,28.06837],[-82.39343,28.06723],[-82.39344,28.0665],[-82.39139,28.06652],[-82.39139,28.06594],[-82.39139,28.0658],[-82.39139,28.06551],[-82.39272,28.06551],[-82.39344,28.0655],[-82.39344,28.06542],[-82.39344,28.06505],[-82.39248,28.06506],[-82.39247,28.06467],[-82.39344,28.06467],[-82.39344,28.06452],[-82.39246,28.06453],[-82.39246,28.06428],[-82.39246,28.06415],[-82.39246,28.06412],[-82.39246,28.06395],[-82.39245,28.06376],[-82.39344,28.06375],[-82.39344,28.06361],[-82.39344,28.06278],[-82.39343,28.06195],[-82.39343,28.06178],[-82.39343,28.06134],[-82.39276,28.06134],[-82.39245,28.06134],[-82.39245,28.06066],[-82.39343,28.06066],[-82.39343,28.05962],[-82.39343,28.05859],[-82.39281,28.05859],[-82.39245,28.05859],[-82.39245,28.05824],[-82.39245,28.0581],[-82.39245,28.0577],[-82.39245,28.05735],[-82.39245,28.05701],[-82.39245,28.05667],[-82.39245,28.05598],[-82.39245,28.05563],[-82.39154,28.05564],[-82.39138,28.05564],[-82.39047,28.05564],[-82.38949,28.05564],[-82.38941,28.05564],[-82.38933,28.05564],[-82.38934,28.05825],[-82.38941,28.05825],[-82.38941,28.05875],[-82.38941,28.05893],[-82.38941,28.05962],[-82.38972,28.05962],[-82.38999,28.05962],[-82.39032,28.05962],[-82.39032,28.05987],[-82.39032,28.0601],[-82.39032,28.06031],[-82.39032,28.06052],[-82.39032,28.06092],[-82.39032,28.06101],[-82.39031,28.06179],[-82.38944,28.0618],[-82.38937,28.06181],[-82.38937,28.06186],[-82.3894,28.06553],[-82.38894,28.06553],[-82.38797,28.06554],[-82.38736,28.06554],[-82.38701,28.06554],[-82.387,28.06574],[-82.387,28.06595],[-82.387,28.06616],[-82.387,28.06677],[-82.38699,28.06721],[-82.38699,28.06729],[-82.38649,28.06729],[-82.38626,28.06729],[-82.38604,28.06729],[-82.38575,28.06729],[-82.38546,28.06729],[-82.3853,28.06729],[-82.3853,28.06715],[-82.3853,28.06676],[-82.3853,28.06655],[-82.3853,28.06635],[-82.3853,28.06613],[-82.3853,28.06594],[-82.3853,28.06573],[-82.3853,28.06554],[-82.38452,28.06554],[-82.38439,28.06554],[-82.38425,28.06554],[-82.38412,28.06554],[-82.384,28.06554],[-82.38375,28.06554],[-82.38333,28.06554],[-82.38291,28.06554],[-82.38251,28.06554],[-82.38162,28.06554],[-82.38079,28.06554],[-82.37996,28.06554],[-82.37758,28.06554],[-82.37723,28.06559],[-82.37743,28.06602],[-82.37738,28.06648],[-82.37703,28.06707],[-82.37679,28.06741],[-82.37628,28.06766],[-82.37601,28.06799],[-82.37594,28.06852],[-82.37597,28.06879],[-82.37609,28.0689],[-82.37667,28.06895],[-82.37695,28.06912],[-82.37582,28.06913],[-82.37456,28.06913],[-82.36937,28.06914],[-82.36937,28.06915],[-82.36882,28.06915],[-82.36608,28.06916]]]}}]}